Bucket;FileName
fpkdepan-mcf;2025051322025142435643_fpkdepan-mcf_Applicant.jpeg
tempatusahadepan-mcf;2025051322025142435643_tempatusahadepan-mcf_Applicant.jpeg
rumahdepan-mcf;2025051322025142435643_rumahdepan-mcf_Applicant.jpeg
pasanganttdcmo-mcf;2025051322025142435643_pasanganttdcmo-mcf_Applicant.jpeg
nasabahttdcmo-mcf;2025051322025142435643_nasabahttdcmo-mcf_Applicant.jpeg
allobank-mcf;2025051322025142435643_allobank-mcf_Applicant.jpeg
rumahjalan-mcf;2025051322025142435643_rumahjalan-mcf_Applicant.jpeg
salaryslip-mcf;2025051322025142435643_salaryslip-mcf_Applicant.jpeg
nomorrumah-mcf;2025051322025142435643_nomorrumah-mcf_Applicant.jpeg
dalamrumah-mcf;2025051322025142435643_dalamrumah-mcf_Applicant.jpeg
pricelist-mcf;2025051322025142435643_pricelist-mcf_Applicant.jpeg
pbbrekening-mcf;2025051022025142427801_pbbrekening-mcf_Applicant.jpeg
kksuratnikah-mcf;2025051022025142427801_kksuratnikah-mcf_Applicant.jpeg
halamandepanbukutabungan-mcf;2025051022025142427801_halamandepanbukutabungan-mcf_Applicant.jpeg
fpkbelakang-mcf;2025051022025142427801_fpkbelakang-mcf_Applicant.jpeg
fpkdepan-mcf;2025051022025142427801_fpkdepan-mcf_Applicant.jpeg
tempatusahadepan-mcf;2025051022025142427801_tempatusahadepan-mcf_Applicant.jpeg
rumahdepan-mcf;2025051022025142427801_rumahdepan-mcf_Applicant.jpeg
pasanganttdcmo-mcf;2025051022025142427801_pasanganttdcmo-mcf_Applicant.jpeg
nasabahttdcmo-mcf;2025051022025142427801_nasabahttdcmo-mcf_Applicant.jpeg
allobank-mcf;2025051022025142427801_allobank-mcf_Applicant.jpeg
rumahjalan-mcf;2025051022025142427801_rumahjalan-mcf_Applicant.jpeg
salaryslip-mcf;2025051022025142427801_salaryslip-mcf_Applicant.jpeg
nomorrumah-mcf;2025051022025142427801_nomorrumah-mcf_Applicant.jpeg
dalamrumah-mcf;2025051022025142427801_dalamrumah-mcf_Applicant.jpeg
pricelist-mcf;2025051022025142427801_pricelist-mcf_Applicant.jpeg
pbbrekening-mcf;2025051422023010886999_pbbrekening-mcf_Applicant.jpeg
kksuratnikah-mcf;2025051422023010886999_kksuratnikah-mcf_Applicant.jpeg
halamandepanbukutabungan-mcf;2025051422023010886999_halamandepanbukutabungan-mcf_Applicant.jpeg
fpkbelakang-mcf;2025051422023010886999_fpkbelakang-mcf_Applicant.jpeg
fpkdepan-mcf;2025051422023010886999_fpkdepan-mcf_Applicant.jpeg
tempatusahadepan-mcf;2025051422023010886999_tempatusahadepan-mcf_Applicant.jpeg
rumahdepan-mcf;2025051422023010886999_rumahdepan-mcf_Applicant.jpeg
pasanganttdcmo-mcf;2025051422023010886999_pasanganttdcmo-mcf_Applicant.jpeg
nasabahttdcmo-mcf;2025051422023010886999_nasabahttdcmo-mcf_Applicant.jpeg
allobank-mcf;2025051422023010886999_allobank-mcf_Applicant.jpeg
rumahjalan-mcf;2025051422023010886999_rumahjalan-mcf_Applicant.jpeg
bpkbdepan-mcf;2025051422023010886999_bpkbdepan-mcf_Applicant.jpeg
bpkbbelakang-mcf;2025051422023010886999_bpkbbelakang-mcf_Applicant.jpeg
stnkpajak-mcf;2025051422023010886999_stnkpajak-mcf_Applicant.jpeg
unitdepankanan-mcf;2025051422023010886999_unitdepankanan-mcf_Applicant.jpeg
unitdepankiri-mcf;2025051422023010886999_unitdepankiri-mcf_Applicant.jpeg
salaryslip-mcf;2025051422023010886999_salaryslip-mcf_Applicant.jpeg
nomorrumah-mcf;2025051422023010886999_nomorrumah-mcf_Applicant.jpeg
dalamrumah-mcf;2025051422023010886999_dalamrumah-mcf_Applicant.jpeg
rangkanomesin-mcf;2025051422023010886999_rangkanomesin-mcf_Applicant.jpeg
pbbrekening-mcf;2025051422024395372709_pbbrekening-mcf_Applicant.jpeg
kksuratnikah-mcf;2025051422024395372709_kksuratnikah-mcf_Applicant.jpeg
halamandepanbukutabungan-mcf;2025051422024395372709_halamandepanbukutabungan-mcf_Applicant.jpeg
fpkbelakang-mcf;2025051422024395372709_fpkbelakang-mcf_Applicant.jpeg
fpkdepan-mcf;2025051422024395372709_fpkdepan-mcf_Applicant.jpeg
tempatusahadepan-mcf;2025051422024395372709_tempatusahadepan-mcf_Applicant.jpeg
rumahdepan-mcf;2025051422024395372709_rumahdepan-mcf_Applicant.jpeg
pasanganttdcmo-mcf;2025051422024395372709_pasanganttdcmo-mcf_Applicant.jpeg
nasabahttdcmo-mcf;2025051422024395372709_nasabahttdcmo-mcf_Applicant.jpeg
allobank-mcf;2025051422024395372709_allobank-mcf_Applicant.jpeg
rumahjalan-mcf;2025051422024395372709_rumahjalan-mcf_Applicant.jpeg
salaryslip-mcf;2025051422024395372709_salaryslip-mcf_Applicant.jpeg
nomorrumah-mcf;2025051422024395372709_nomorrumah-mcf_Applicant.jpeg
dalamrumah-mcf;2025051422024395372709_dalamrumah-mcf_Applicant.jpeg
pricelist-mcf;2025051422024395372709_pricelist-mcf_Applicant.jpeg
pbbrekening-mcf;2025051522024492021314_pbbrekening-mcf_Applicant.jpeg
kksuratnikah-mcf;2025051522024492021314_kksuratnikah-mcf_Applicant.jpeg
halamandepanbukutabungan-mcf;2025051522024492021314_halamandepanbukutabungan-mcf_Applicant.jpeg
fpkbelakang-mcf;2025051522024492021314_fpkbelakang-mcf_Applicant.jpeg
fpkdepan-mcf;2025051522024492021314_fpkdepan-mcf_Applicant.jpeg
tempatusahadepan-mcf;2025051522024492021314_tempatusahadepan-mcf_Applicant.jpeg
rumahdepan-mcf;2025051522024492021314_rumahdepan-mcf_Applicant.jpeg
pasanganttdcmo-mcf;2025051522024492021314_pasanganttdcmo-mcf_Applicant.jpeg
nasabahttdcmo-mcf;2025051522024492021314_nasabahttdcmo-mcf_Applicant.jpeg
allobank-mcf;2025051522024492021314_allobank-mcf_Applicant.jpeg
rumahjalan-mcf;2025051522024492021314_rumahjalan-mcf_Applicant.jpeg
salaryslip-mcf;2025051522024492021314_salaryslip-mcf_Applicant.jpeg
nomorrumah-mcf;2025051522024492021314_nomorrumah-mcf_Applicant.jpeg
dalamrumah-mcf;2025051522024492021314_dalamrumah-mcf_Applicant.jpeg
pricelist-mcf;2025051522024492021314_pricelist-mcf_Applicant.jpeg
allobank-mcf;2025051522023427891545_allobank-mcf_Applicant.jpeg
rumahjalan-mcf;2025051522023427891545_rumahjalan-mcf_Applicant.jpeg
salaryslip-mcf;2025051522023427891545_salaryslip-mcf_Applicant.jpeg
nomorrumah-mcf;2025051522023427891545_nomorrumah-mcf_Applicant.jpeg
dalamrumah-mcf;2025051522023427891545_dalamrumah-mcf_Applicant.jpeg
pricelist-mcf;2025051522023427891545_pricelist-mcf_Applicant.jpeg
pbbrekening-mcf;2025051522022267674833_pbbrekening-mcf_Applicant.jpeg
kksuratnikah-mcf;2025051522022267674833_kksuratnikah-mcf_Applicant.jpeg
halamandepanbukutabungan-mcf;2025051522022267674833_halamandepanbukutabungan-mcf_Applicant.jpeg
fpkbelakang-mcf;2025051522022267674833_fpkbelakang-mcf_Applicant.jpeg
fpkdepan-mcf;2025051522022267674833_fpkdepan-mcf_Applicant.jpeg
tempatusahadepan-mcf;2025051522022267674833_tempatusahadepan-mcf_Applicant.jpeg
rumahdepan-mcf;2025051522022267674833_rumahdepan-mcf_Applicant.jpeg
dalamrumah-mcf;2025051922023514640659_dalamrumah-mcf_Applicant.jpeg
pricelist-mcf;2025051922023514640659_pricelist-mcf_Applicant.jpeg
pbbrekening-mcf;2025052022021302575662_pbbrekening-mcf_Applicant.jpeg
kksuratnikah-mcf;2025052022021302575662_kksuratnikah-mcf_Applicant.jpeg
halamandepanbukutabungan-mcf;2025052022021302575662_halamandepanbukutabungan-mcf_Applicant.jpeg
fpkbelakang-mcf;2025052022021302575662_fpkbelakang-mcf_Applicant.jpeg
fpkdepan-mcf;2025052022021302575662_fpkdepan-mcf_Applicant.jpeg
tempatusahadepan-mcf;2025052022021302575662_tempatusahadepan-mcf_Applicant.jpeg
rumahdepan-mcf;2025052022021302575662_rumahdepan-mcf_Applicant.jpeg
pasanganttdcmo-mcf;2025052022021302575662_pasanganttdcmo-mcf_Applicant.jpeg
nasabahttdcmo-mcf;2025052022021302575662_nasabahttdcmo-mcf_Applicant.jpeg
allobank-mcf;2025052022021302575662_allobank-mcf_Applicant.jpeg
rumahjalan-mcf;2025052022021302575662_rumahjalan-mcf_Applicant.jpeg
salaryslip-mcf;2025052022021302575662_salaryslip-mcf_Applicant.jpeg
nomorrumah-mcf;2025052022021302575662_nomorrumah-mcf_Applicant.jpeg
dalamrumah-mcf;2025052022021302575662_dalamrumah-mcf_Applicant.jpeg
pricelist-mcf;2025052022021302575662_pricelist-mcf_Applicant.jpeg
pbbrekening-mcf;2025052022024411612539_pbbrekening-mcf_Applicant.jpeg
fpkbelakang-mcf;2025052022023365192975_fpkbelakang-mcf_Applicant.jpeg
fpkdepan-mcf;2025052022023365192975_fpkdepan-mcf_Applicant.jpeg
tempatusahadepan-mcf;2025052022023365192975_tempatusahadepan-mcf_Applicant.jpeg
rumahdepan-mcf;2025052022023365192975_rumahdepan-mcf_Applicant.jpeg
pasanganttdcmo-mcf;2025052022023365192975_pasanganttdcmo-mcf_Applicant.jpeg
nasabahttdcmo-mcf;2025052022023365192975_nasabahttdcmo-mcf_Applicant.jpeg
allobank-mcf;2025052022023365192975_allobank-mcf_Applicant.jpeg
rumahjalan-mcf;2025052022023365192975_rumahjalan-mcf_Applicant.jpeg
salaryslip-mcf;2025052022023365192975_salaryslip-mcf_Applicant.jpeg
nomorrumah-mcf;2025052022023365192975_nomorrumah-mcf_Applicant.jpeg
dalamrumah-mcf;2025052022023365192975_dalamrumah-mcf_Applicant.jpeg
pricelist-mcf;2025052022023365192975_pricelist-mcf_Applicant.jpeg
buktipenghasilanusaha-mcf;2025052022023365192975_buktipenghasilanusaha-mcf_Applicant.jpeg
perizinanusaha-mcf;2025052022023365192975_perizinanusaha-mcf_Applicant.jpeg
buktikepemilikanusaha-mcf;2025052022023365192975_buktikepemilikanusaha-mcf_Applicant.jpeg
kksuratnikah-mcf;2025052022024411612539_kksuratnikah-mcf_Applicant.jpeg
halamandepanbukutabungan-mcf;2025052022024411612539_halamandepanbukutabungan-mcf_Applicant.jpeg
fpkbelakang-mcf;2025052022024411612539_fpkbelakang-mcf_Applicant.jpeg
fpkdepan-mcf;2025052022024411612539_fpkdepan-mcf_Applicant.jpeg
tempatusahadepan-mcf;2025052022024411612539_tempatusahadepan-mcf_Applicant.jpeg
rumahdepan-mcf;2025052022024411612539_rumahdepan-mcf_Applicant.jpeg
pasanganttdcmo-mcf;2025052022024411612539_pasanganttdcmo-mcf_Applicant.jpeg
nasabahttdcmo-mcf;2025052022024411612539_nasabahttdcmo-mcf_Applicant.jpeg
allobank-mcf;2025052022024411612539_allobank-mcf_Applicant.jpeg
rumahjalan-mcf;2025052022024411612539_rumahjalan-mcf_Applicant.jpeg
salaryslip-mcf;2025052022024411612539_salaryslip-mcf_Applicant.jpeg
nomorrumah-mcf;2025052022024411612539_nomorrumah-mcf_Applicant.jpeg
dalamrumah-mcf;2025052022024411612539_dalamrumah-mcf_Applicant.jpeg
pricelist-mcf;2025052022024411612539_pricelist-mcf_Applicant.jpeg
pbbrekening-mcf;2025052022023365192975_pbbrekening-mcf_Applicant.jpeg
kksuratnikah-mcf;2025052022023365192975_kksuratnikah-mcf_Applicant.jpeg
halamandepanbukutabungan-mcf;2025052022023365192975_halamandepanbukutabungan-mcf_Applicant.jpeg
fpkbelakang-mcf;2025052022024270279888_fpkbelakang-mcf_Applicant.jpeg
fpkdepan-mcf;2025052022024270279888_fpkdepan-mcf_Applicant.jpeg
tempatusahadepan-mcf;2025052022024270279888_tempatusahadepan-mcf_Applicant.jpeg
rumahdepan-mcf;2025052022024270279888_rumahdepan-mcf_Applicant.jpeg
pasanganttdcmo-mcf;2025052022024270279888_pasanganttdcmo-mcf_Applicant.jpeg
nasabahttdcmo-mcf;2025052022024270279888_nasabahttdcmo-mcf_Applicant.jpeg
allobank-mcf;2025052022024270279888_allobank-mcf_Applicant.jpeg
rumahjalan-mcf;2025052022024270279888_rumahjalan-mcf_Applicant.jpeg
salaryslip-mcf;2025052022024270279888_salaryslip-mcf_Applicant.jpeg
nomorrumah-mcf;2025052022024270279888_nomorrumah-mcf_Applicant.jpeg
dalamrumah-mcf;2025052022024270279888_dalamrumah-mcf_Applicant.jpeg
pricelist-mcf;2025052022024270279888_pricelist-mcf_Applicant.jpeg
pbbrekening-mcf;2025052022021302528002_pbbrekening-mcf_Applicant.jpeg
kksuratnikah-mcf;2025052022021302528002_kksuratnikah-mcf_Applicant.jpeg
halamandepanbukutabungan-mcf;2025052022021302528002_halamandepanbukutabungan-mcf_Applicant.jpeg
fpkbelakang-mcf;2025052022021302528002_fpkbelakang-mcf_Applicant.jpeg
fpkdepan-mcf;2025052022021302528002_fpkdepan-mcf_Applicant.jpeg
tempatusahadepan-mcf;2025052022021302528002_tempatusahadepan-mcf_Applicant.jpeg
pbbrekening-mcf;2025052022024270279888_pbbrekening-mcf_Applicant.jpeg
kksuratnikah-mcf;2025052022024270279888_kksuratnikah-mcf_Applicant.jpeg
halamandepanbukutabungan-mcf;2025052022024270279888_halamandepanbukutabungan-mcf_Applicant.jpeg
rumahjalan-mcf;2025052022024391219462_rumahjalan-mcf_Applicant.jpeg
bpkbdepan-mcf;2025052022024391219462_bpkbdepan-mcf_Applicant.jpeg
bpkbbelakang-mcf;2025052022024391219462_bpkbbelakang-mcf_Applicant.jpeg
stnkpajak-mcf;2025052022024391219462_stnkpajak-mcf_Applicant.jpeg
unitdepankanan-mcf;2025052022024391219462_unitdepankanan-mcf_Applicant.jpeg
unitdepankiri-mcf;2025052022024391219462_unitdepankiri-mcf_Applicant.jpeg
salaryslip-mcf;2025052022024391219462_salaryslip-mcf_Applicant.jpeg
nomorrumah-mcf;2025052022024391219462_nomorrumah-mcf_Applicant.jpeg
dalamrumah-mcf;2025052022024391219462_dalamrumah-mcf_Applicant.jpeg
rangkanomesin-mcf;2025052022024391219462_rangkanomesin-mcf_Applicant.jpeg
rumahjalan-mcf;2025052022023518478520_rumahjalan-mcf_Applicant.jpeg
salaryslip-mcf;2025052022023518478520_salaryslip-mcf_Applicant.jpeg
nomorrumah-mcf;2025052022023518478520_nomorrumah-mcf_Applicant.jpeg
dalamrumah-mcf;2025052022023518478520_dalamrumah-mcf_Applicant.jpeg
pricelist-mcf;2025052022023518478520_pricelist-mcf_Applicant.jpeg
buktipenghasilanusaha-mcf;2025052022023518478520_buktipenghasilanusaha-mcf_Applicant.jpeg
perizinanusaha-mcf;2025052022023518478520_perizinanusaha-mcf_Applicant.jpeg
buktikepemilikanusaha-mcf;2025052022023518478520_buktikepemilikanusaha-mcf_Applicant.jpeg
pbbrekening-mcf;2025051622021302519475_pbbrekening-mcf_Applicant.jpeg
kksuratnikah-mcf;2025051622021302519475_kksuratnikah-mcf_Applicant.jpeg
halamandepanbukutabungan-mcf;2025051622021302519475_halamandepanbukutabungan-mcf_Applicant.jpeg
fpkbelakang-mcf;2025051622021302519475_fpkbelakang-mcf_Applicant.jpeg
fpkdepan-mcf;2025051622021302519475_fpkdepan-mcf_Applicant.jpeg
tempatusahadepan-mcf;2025051622021302519475_tempatusahadepan-mcf_Applicant.jpeg
rumahdepan-mcf;2025051622021302519475_rumahdepan-mcf_Applicant.jpeg
pasanganttdcmo-mcf;2025051622021302519475_pasanganttdcmo-mcf_Applicant.jpeg
nasabahttdcmo-mcf;2025051622021302519475_nasabahttdcmo-mcf_Applicant.jpeg
allobank-mcf;2025051622021302519475_allobank-mcf_Applicant.jpeg
rumahjalan-mcf;2025051622021302519475_rumahjalan-mcf_Applicant.jpeg
salaryslip-mcf;2025051622021302519475_salaryslip-mcf_Applicant.jpeg
nomorrumah-mcf;2025051622021302519475_nomorrumah-mcf_Applicant.jpeg
dalamrumah-mcf;2025051622021302519475_dalamrumah-mcf_Applicant.jpeg
pricelist-mcf;2025051622021302519475_pricelist-mcf_Applicant.jpeg
buktipenghasilanusaha-mcf;2025051622021302519475_buktipenghasilanusaha-mcf_Applicant.jpeg
perizinanusaha-mcf;2025051622021302519475_perizinanusaha-mcf_Applicant.jpeg
buktikepemilikanusaha-mcf;2025051622021302519475_buktikepemilikanusaha-mcf_Applicant.jpeg
pbbrekening-mcf;2025051622023120090162_pbbrekening-mcf_Applicant.jpeg
kksuratnikah-mcf;2025051622023120090162_kksuratnikah-mcf_Applicant.jpeg
halamandepanbukutabungan-mcf;2025051622023120090162_halamandepanbukutabungan-mcf_Applicant.jpeg
fpkbelakang-mcf;2025051622023120090162_fpkbelakang-mcf_Applicant.jpeg
fpkdepan-mcf;2025051622023120090162_fpkdepan-mcf_Applicant.jpeg
tempatusahadepan-mcf;2025051622023120090162_tempatusahadepan-mcf_Applicant.jpeg
rumahdepan-mcf;2025051622023120090162_rumahdepan-mcf_Applicant.jpeg
pasanganttdcmo-mcf;2025051622023120090162_pasanganttdcmo-mcf_Applicant.jpeg
nasabahttdcmo-mcf;2025051622023120090162_nasabahttdcmo-mcf_Applicant.jpeg
allobank-mcf;2025051622023120090162_allobank-mcf_Applicant.jpeg
rumahjalan-mcf;2025051622023120090162_rumahjalan-mcf_Applicant.jpeg
salaryslip-mcf;2025051622023120090162_salaryslip-mcf_Applicant.jpeg
nomorrumah-mcf;2025051622023120090162_nomorrumah-mcf_Applicant.jpeg
dalamrumah-mcf;2025051622023120090162_dalamrumah-mcf_Applicant.jpeg
pricelist-mcf;2025051622023120090162_pricelist-mcf_Applicant.jpeg
pbbrekening-mcf;2025051622024400770700_pbbrekening-mcf_Applicant.jpeg
kksuratnikah-mcf;2025051622024400770700_kksuratnikah-mcf_Applicant.jpeg
halamandepanbukutabungan-mcf;2025051622024400770700_halamandepanbukutabungan-mcf_Applicant.jpeg
fpkbelakang-mcf;2025051622024400770700_fpkbelakang-mcf_Applicant.jpeg
fpkdepan-mcf;2025051622024400770700_fpkdepan-mcf_Applicant.jpeg
tempatusahadepan-mcf;2025051622024400770700_tempatusahadepan-mcf_Applicant.jpeg
rumahdepan-mcf;2025051622024400770700_rumahdepan-mcf_Applicant.jpeg
halamandepanbukutabungan-mcf;2025051622025142433596_halamandepanbukutabungan-mcf_Applicant.jpeg
fpkbelakang-mcf;2025051622025142433596_fpkbelakang-mcf_Applicant.jpeg
fpkdepan-mcf;2025051622025142433596_fpkdepan-mcf_Applicant.jpeg
tempatusahadepan-mcf;2025051622025142433596_tempatusahadepan-mcf_Applicant.jpeg
rumahdepan-mcf;2025051622025142433596_rumahdepan-mcf_Applicant.jpeg
pasanganttdcmo-mcf;2025051622025142433596_pasanganttdcmo-mcf_Applicant.jpeg
nasabahttdcmo-mcf;2025051622025142433596_nasabahttdcmo-mcf_Applicant.jpeg
allobank-mcf;2025051622025142433596_allobank-mcf_Applicant.jpeg
rumahjalan-mcf;2025051622025142433596_rumahjalan-mcf_Applicant.jpeg
salaryslip-mcf;2025051622025142433596_salaryslip-mcf_Applicant.jpeg
nomorrumah-mcf;2025051622025142433596_nomorrumah-mcf_Applicant.jpeg
dalamrumah-mcf;2025051622025142433596_dalamrumah-mcf_Applicant.jpeg
pricelist-mcf;2025051622025142433596_pricelist-mcf_Applicant.jpeg
pbbrekening-mcf;2025051522024270251080_pbbrekening-mcf_Applicant.jpeg
kksuratnikah-mcf;2025051522024270251080_kksuratnikah-mcf_Applicant.jpeg
halamandepanbukutabungan-mcf;2025051522024270251080_halamandepanbukutabungan-mcf_Applicant.jpeg
fpkbelakang-mcf;2025051522024270251080_fpkbelakang-mcf_Applicant.jpeg
fpkdepan-mcf;2025051522024270251080_fpkdepan-mcf_Applicant.jpeg
tempatusahadepan-mcf;2025051522024270251080_tempatusahadepan-mcf_Applicant.jpeg
pasanganttdcmo-mcf;2025051622024400770700_pasanganttdcmo-mcf_Applicant.jpeg
nasabahttdcmo-mcf;2025051622024400770700_nasabahttdcmo-mcf_Applicant.jpeg
allobank-mcf;2025051622024400770700_allobank-mcf_Applicant.jpeg
rumahjalan-mcf;2025051622024400770700_rumahjalan-mcf_Applicant.jpeg
salaryslip-mcf;2025051622024400770700_salaryslip-mcf_Applicant.jpeg
nomorrumah-mcf;2025051622024400770700_nomorrumah-mcf_Applicant.jpeg
dalamrumah-mcf;2025051622024400770700_dalamrumah-mcf_Applicant.jpeg
pricelist-mcf;2025051622024400770700_pricelist-mcf_Applicant.jpeg
pbbrekening-mcf;2025051622025142433596_pbbrekening-mcf_Applicant.jpeg
kksuratnikah-mcf;2025051622025142433596_kksuratnikah-mcf_Applicant.jpeg
nomorrumah-mcf;2025051522022204717305_nomorrumah-mcf_Applicant.jpeg
dalamrumah-mcf;2025051522022204717305_dalamrumah-mcf_Applicant.jpeg
pricelist-mcf;2025051522022204717305_pricelist-mcf_Applicant.jpeg
buktipenghasilanusaha-mcf;2025051522022204717305_buktipenghasilanusaha-mcf_Applicant.jpeg
perizinanusaha-mcf;2025051522022204717305_perizinanusaha-mcf_Applicant.jpeg
buktikepemilikanusaha-mcf;2025051522022204717305_buktikepemilikanusaha-mcf_Applicant.jpeg
pbbrekening-mcf;2025051622022221625762_pbbrekening-mcf_Applicant.jpeg
kksuratnikah-mcf;2025051622022221625762_kksuratnikah-mcf_Applicant.jpeg
halamandepanbukutabungan-mcf;2025051622022221625762_halamandepanbukutabungan-mcf_Applicant.jpeg
fpkbelakang-mcf;2025051622022221625762_fpkbelakang-mcf_Applicant.jpeg
fpkdepan-mcf;2025051622022221625762_fpkdepan-mcf_Applicant.jpeg
tempatusahadepan-mcf;2025051622022221625762_tempatusahadepan-mcf_Applicant.jpeg
rumahdepan-mcf;2025051622022221625762_rumahdepan-mcf_Applicant.jpeg
pasanganttdcmo-mcf;2025051622022221625762_pasanganttdcmo-mcf_Applicant.jpeg
nasabahttdcmo-mcf;2025051622022221625762_nasabahttdcmo-mcf_Applicant.jpeg
allobank-mcf;2025051622022221625762_allobank-mcf_Applicant.jpeg
rumahjalan-mcf;2025051622022221625762_rumahjalan-mcf_Applicant.jpeg
salaryslip-mcf;2025051622022221625762_salaryslip-mcf_Applicant.jpeg
nomorrumah-mcf;2025051622022221625762_nomorrumah-mcf_Applicant.jpeg
dalamrumah-mcf;2025051622022221625762_dalamrumah-mcf_Applicant.jpeg
pricelist-mcf;2025051622022221625762_pricelist-mcf_Applicant.jpeg
rumahdepan-mcf;2025051522024270251080_rumahdepan-mcf_Applicant.jpeg
pasanganttdcmo-mcf;2025051522024270251080_pasanganttdcmo-mcf_Applicant.jpeg
nasabahttdcmo-mcf;2025051522024270251080_nasabahttdcmo-mcf_Applicant.jpeg
allobank-mcf;2025051522024270251080_allobank-mcf_Applicant.jpeg
rumahjalan-mcf;2025051522024270251080_rumahjalan-mcf_Applicant.jpeg
salaryslip-mcf;2025051522024270251080_salaryslip-mcf_Applicant.jpeg
nomorrumah-mcf;2025051522024270251080_nomorrumah-mcf_Applicant.jpeg
dalamrumah-mcf;2025051522024270251080_dalamrumah-mcf_Applicant.jpeg
pricelist-mcf;2025051522024270251080_pricelist-mcf_Applicant.jpeg
pbbrekening-mcf;2025051522022204717305_pbbrekening-mcf_Applicant.jpeg
kksuratnikah-mcf;2025051522022204717305_kksuratnikah-mcf_Applicant.jpeg
halamandepanbukutabungan-mcf;2025051522022204717305_halamandepanbukutabungan-mcf_Applicant.jpeg
fpkbelakang-mcf;2025051522022204717305_fpkbelakang-mcf_Applicant.jpeg
fpkdepan-mcf;2025051522022204717305_fpkdepan-mcf_Applicant.jpeg
tempatusahadepan-mcf;2025051522022204717305_tempatusahadepan-mcf_Applicant.jpeg
rumahdepan-mcf;2025051522022204717305_rumahdepan-mcf_Applicant.jpeg
pasanganttdcmo-mcf;2025051522022204717305_pasanganttdcmo-mcf_Applicant.jpeg
nasabahttdcmo-mcf;2025051522022204717305_nasabahttdcmo-mcf_Applicant.jpeg
allobank-mcf;2025051522022204717305_allobank-mcf_Applicant.jpeg
rumahjalan-mcf;2025051522022204717305_rumahjalan-mcf_Applicant.jpeg
salaryslip-mcf;2025051522022204717305_salaryslip-mcf_Applicant.jpeg
pbbrekening-mcf;2025051622021112649178_pbbrekening-mcf_Applicant.jpeg
kksuratnikah-mcf;2025051622021112649178_kksuratnikah-mcf_Applicant.jpeg
halamandepanbukutabungan-mcf;2025051622021112649178_halamandepanbukutabungan-mcf_Applicant.jpeg
fpkbelakang-mcf;2025051622021112649178_fpkbelakang-mcf_Applicant.jpeg
fpkdepan-mcf;2025051622021112649178_fpkdepan-mcf_Applicant.jpeg
tempatusahadepan-mcf;2025051622021112649178_tempatusahadepan-mcf_Applicant.jpeg
rumahdepan-mcf;2025051622021112649178_rumahdepan-mcf_Applicant.jpeg
pasanganttdcmo-mcf;2025051622021112649178_pasanganttdcmo-mcf_Applicant.jpeg
nasabahttdcmo-mcf;2025051622021112649178_nasabahttdcmo-mcf_Applicant.jpeg
allobank-mcf;2025051622021112649178_allobank-mcf_Applicant.jpeg
rumahjalan-mcf;2025051622021112649178_rumahjalan-mcf_Applicant.jpeg
salaryslip-mcf;2025051622021112649178_salaryslip-mcf_Applicant.jpeg
nomorrumah-mcf;2025051622021112649178_nomorrumah-mcf_Applicant.jpeg
dalamrumah-mcf;2025051622021112649178_dalamrumah-mcf_Applicant.jpeg
pricelist-mcf;2025051622021112649178_pricelist-mcf_Applicant.jpeg
pbbrekening-mcf;2025051522023010836376_pbbrekening-mcf_Applicant.jpeg
kksuratnikah-mcf;2025051522023010836376_kksuratnikah-mcf_Applicant.jpeg
halamandepanbukutabungan-mcf;2025051522023010836376_halamandepanbukutabungan-mcf_Applicant.jpeg
fpkbelakang-mcf;2025051522023010836376_fpkbelakang-mcf_Applicant.jpeg
fpkdepan-mcf;2025051522023010836376_fpkdepan-mcf_Applicant.jpeg
tempatusahadepan-mcf;2025051522023010836376_tempatusahadepan-mcf_Applicant.jpeg
rumahdepan-mcf;2025051522023010836376_rumahdepan-mcf_Applicant.jpeg
pasanganttdcmo-mcf;2025051522023010836376_pasanganttdcmo-mcf_Applicant.jpeg
nasabahttdcmo-mcf;2025051522023010836376_nasabahttdcmo-mcf_Applicant.jpeg
allobank-mcf;2025051522023010836376_allobank-mcf_Applicant.jpeg
rumahjalan-mcf;2025051522023010836376_rumahjalan-mcf_Applicant.jpeg
bpkbdepan-mcf;2025051522023010836376_bpkbdepan-mcf_Applicant.jpeg
bpkbbelakang-mcf;2025051522023010836376_bpkbbelakang-mcf_Applicant.jpeg
stnkpajak-mcf;2025051522023010836376_stnkpajak-mcf_Applicant.jpeg
unitdepankanan-mcf;2025051522023010836376_unitdepankanan-mcf_Applicant.jpeg
unitdepankiri-mcf;2025051522023010836376_unitdepankiri-mcf_Applicant.jpeg
salaryslip-mcf;2025051522023010836376_salaryslip-mcf_Applicant.jpeg
nomorrumah-mcf;2025051522023010836376_nomorrumah-mcf_Applicant.jpeg
dalamrumah-mcf;2025051522023010836376_dalamrumah-mcf_Applicant.jpeg
rangkanomesin-mcf;2025051522023010836376_rangkanomesin-mcf_Applicant.jpeg
salaryslip-mcf;2025051522023547350927_salaryslip-mcf_Applicant.jpeg
nomorrumah-mcf;2025051522023547350927_nomorrumah-mcf_Applicant.jpeg
dalamrumah-mcf;2025051522023547350927_dalamrumah-mcf_Applicant.jpeg
pricelist-mcf;2025051522023547350927_pricelist-mcf_Applicant.jpeg
buktipenghasilanusaha-mcf;2025051522023547350927_buktipenghasilanusaha-mcf_Applicant.jpeg
perizinanusaha-mcf;2025051522023547350927_perizinanusaha-mcf_Applicant.jpeg
buktikepemilikanusaha-mcf;2025051522023547350927_buktikepemilikanusaha-mcf_Applicant.jpeg
pbbrekening-mcf;2025051622021178773813_pbbrekening-mcf_Applicant.jpeg
kksuratnikah-mcf;2025051622021178773813_kksuratnikah-mcf_Applicant.jpeg
halamandepanbukutabungan-mcf;2025051622021178773813_halamandepanbukutabungan-mcf_Applicant.jpeg
fpkbelakang-mcf;2025051622021178773813_fpkbelakang-mcf_Applicant.jpeg
fpkdepan-mcf;2025051622021178773813_fpkdepan-mcf_Applicant.jpeg
tempatusahadepan-mcf;2025051622021178773813_tempatusahadepan-mcf_Applicant.jpeg
rumahdepan-mcf;2025051622021178773813_rumahdepan-mcf_Applicant.jpeg
pasanganttdcmo-mcf;2025051622021178773813_pasanganttdcmo-mcf_Applicant.jpeg
nasabahttdcmo-mcf;2025051622021178773813_nasabahttdcmo-mcf_Applicant.jpeg
allobank-mcf;2025051622021178773813_allobank-mcf_Applicant.jpeg
rumahjalan-mcf;2025051622021178773813_rumahjalan-mcf_Applicant.jpeg
bpkbdepan-mcf;2025051622021178773813_bpkbdepan-mcf_Applicant.jpeg
bpkbbelakang-mcf;2025051622021178773813_bpkbbelakang-mcf_Applicant.jpeg
stnkpajak-mcf;2025051622021178773813_stnkpajak-mcf_Applicant.jpeg
unitdepankanan-mcf;2025051622021178773813_unitdepankanan-mcf_Applicant.jpeg
unitdepankiri-mcf;2025051622021178773813_unitdepankiri-mcf_Applicant.jpeg
salaryslip-mcf;2025051622021178773813_salaryslip-mcf_Applicant.jpeg
nomorrumah-mcf;2025051622021178773813_nomorrumah-mcf_Applicant.jpeg
dalamrumah-mcf;2025051622021178773813_dalamrumah-mcf_Applicant.jpeg
rangkanomesin-mcf;2025051622021178773813_rangkanomesin-mcf_Applicant.jpeg
pbbrekening-mcf;2025051522025007938462_pbbrekening-mcf_Applicant.jpeg
kksuratnikah-mcf;2025051522025007938462_kksuratnikah-mcf_Applicant.jpeg
halamandepanbukutabungan-mcf;2025051522025007938462_halamandepanbukutabungan-mcf_Applicant.jpeg
fpkbelakang-mcf;2025051522025007938462_fpkbelakang-mcf_Applicant.jpeg
fpkdepan-mcf;2025051522025007938462_fpkdepan-mcf_Applicant.jpeg
tempatusahadepan-mcf;2025051522025007938462_tempatusahadepan-mcf_Applicant.jpeg
rumahdepan-mcf;2025051522025007938462_rumahdepan-mcf_Applicant.jpeg
pasanganttdcmo-mcf;2025051522025007938462_pasanganttdcmo-mcf_Applicant.jpeg
nasabahttdcmo-mcf;2025051522025007938462_nasabahttdcmo-mcf_Applicant.jpeg
allobank-mcf;2025051522025007938462_allobank-mcf_Applicant.jpeg
rumahjalan-mcf;2025051522025007938462_rumahjalan-mcf_Applicant.jpeg
salaryslip-mcf;2025051522025007938462_salaryslip-mcf_Applicant.jpeg
nomorrumah-mcf;2025051522025007938462_nomorrumah-mcf_Applicant.jpeg
dalamrumah-mcf;2025051522025007938462_dalamrumah-mcf_Applicant.jpeg
pricelist-mcf;2025051522025007938462_pricelist-mcf_Applicant.jpeg
pbbrekening-mcf;2025051622022408018835_pbbrekening-mcf_Applicant.jpeg
kksuratnikah-mcf;2025051622022408018835_kksuratnikah-mcf_Applicant.jpeg
halamandepanbukutabungan-mcf;2025051622022408018835_halamandepanbukutabungan-mcf_Applicant.jpeg
fpkbelakang-mcf;2025051622022408018835_fpkbelakang-mcf_Applicant.jpeg
fpkdepan-mcf;2025051622022408018835_fpkdepan-mcf_Applicant.jpeg
tempatusahadepan-mcf;2025051622022408018835_tempatusahadepan-mcf_Applicant.jpeg
rumahdepan-mcf;2025051622022408018835_rumahdepan-mcf_Applicant.jpeg
pasanganttdcmo-mcf;2025051622022408018835_pasanganttdcmo-mcf_Applicant.jpeg
nasabahttdcmo-mcf;2025051622022408018835_nasabahttdcmo-mcf_Applicant.jpeg
allobank-mcf;2025051622022408018835_allobank-mcf_Applicant.jpeg
rumahjalan-mcf;2025051622022408018835_rumahjalan-mcf_Applicant.jpeg
salaryslip-mcf;2025051622022408018835_salaryslip-mcf_Applicant.jpeg
nomorrumah-mcf;2025051622022408018835_nomorrumah-mcf_Applicant.jpeg
dalamrumah-mcf;2025051622022408018835_dalamrumah-mcf_Applicant.jpeg
pricelist-mcf;2025051622022408018835_pricelist-mcf_Applicant.jpeg
pbbrekening-mcf;2025051622024391214991_pbbrekening-mcf_Applicant.jpeg
kksuratnikah-mcf;2025051622024391214991_kksuratnikah-mcf_Applicant.jpeg
halamandepanbukutabungan-mcf;2025051622024391214991_halamandepanbukutabungan-mcf_Applicant.jpeg
fpkbelakang-mcf;2025051622024391214991_fpkbelakang-mcf_Applicant.jpeg
fpkdepan-mcf;2025051622024391214991_fpkdepan-mcf_Applicant.jpeg
tempatusahadepan-mcf;2025051622024391214991_tempatusahadepan-mcf_Applicant.jpeg
rumahdepan-mcf;2025051622024391214991_rumahdepan-mcf_Applicant.jpeg
pasanganttdcmo-mcf;2025051622024391214991_pasanganttdcmo-mcf_Applicant.jpeg
nasabahttdcmo-mcf;2025051622024391214991_nasabahttdcmo-mcf_Applicant.jpeg
allobank-mcf;2025051622024391214991_allobank-mcf_Applicant.jpeg
rumahjalan-mcf;2025051622024391214991_rumahjalan-mcf_Applicant.jpeg
bpkbdepan-mcf;2025051622024391214991_bpkbdepan-mcf_Applicant.jpeg
bpkbbelakang-mcf;2025051622024391214991_bpkbbelakang-mcf_Applicant.jpeg
stnkpajak-mcf;2025051622024391214991_stnkpajak-mcf_Applicant.jpeg
unitdepankanan-mcf;2025051622024391214991_unitdepankanan-mcf_Applicant.jpeg
unitdepankiri-mcf;2025051622024391214991_unitdepankiri-mcf_Applicant.jpeg
salaryslip-mcf;2025051622024391214991_salaryslip-mcf_Applicant.jpeg
nomorrumah-mcf;2025051622024391214991_nomorrumah-mcf_Applicant.jpeg
dalamrumah-mcf;2025051622024391214991_dalamrumah-mcf_Applicant.jpeg
rangkanomesin-mcf;2025051622024391214991_rangkanomesin-mcf_Applicant.jpeg
pbbrekening-mcf;2025051222025093019703_pbbrekening-mcf_Applicant.jpeg
kksuratnikah-mcf;2025051222025093019703_kksuratnikah-mcf_Applicant.jpeg
halamandepanbukutabungan-mcf;2025051222025093019703_halamandepanbukutabungan-mcf_Applicant.jpeg
fpkbelakang-mcf;2025051222025093019703_fpkbelakang-mcf_Applicant.jpeg
fpkdepan-mcf;2025051222025093019703_fpkdepan-mcf_Applicant.jpeg
tempatusahadepan-mcf;2025051222025093019703_tempatusahadepan-mcf_Applicant.jpeg
rumahdepan-mcf;2025051222025093019703_rumahdepan-mcf_Applicant.jpeg
pasanganttdcmo-mcf;2025051222025093019703_pasanganttdcmo-mcf_Applicant.jpeg
nasabahttdcmo-mcf;2025051222025093019703_nasabahttdcmo-mcf_Applicant.jpeg
allobank-mcf;2025051222025093019703_allobank-mcf_Applicant.jpeg
rumahjalan-mcf;2025051222025093019703_rumahjalan-mcf_Applicant.jpeg
salaryslip-mcf;2025051222025093019703_salaryslip-mcf_Applicant.jpeg
nomorrumah-mcf;2025051222025093019703_nomorrumah-mcf_Applicant.jpeg
dalamrumah-mcf;2025051222025093019703_dalamrumah-mcf_Applicant.jpeg
pricelist-mcf;2025051222025093019703_pricelist-mcf_Applicant.jpeg
pbbrekening-mcf;2025051622023540645311_pbbrekening-mcf_Applicant.jpeg
kksuratnikah-mcf;2025051622023540645311_kksuratnikah-mcf_Applicant.jpeg
halamandepanbukutabungan-mcf;2025051622023540645311_halamandepanbukutabungan-mcf_Applicant.jpeg
fpkbelakang-mcf;2025051622023540645311_fpkbelakang-mcf_Applicant.jpeg
fpkdepan-mcf;2025051622023540645311_fpkdepan-mcf_Applicant.jpeg
tempatusahadepan-mcf;2025051622023540645311_tempatusahadepan-mcf_Applicant.jpeg
rumahdepan-mcf;2025051622023540645311_rumahdepan-mcf_Applicant.jpeg
pasanganttdcmo-mcf;2025051622023540645311_pasanganttdcmo-mcf_Applicant.jpeg
nasabahttdcmo-mcf;2025051622023540645311_nasabahttdcmo-mcf_Applicant.jpeg
allobank-mcf;2025051622023540645311_allobank-mcf_Applicant.jpeg
rumahjalan-mcf;2025051622023540645311_rumahjalan-mcf_Applicant.jpeg
bpkbdepan-mcf;2025051622023540645311_bpkbdepan-mcf_Applicant.jpeg
bpkbbelakang-mcf;2025051622023540645311_bpkbbelakang-mcf_Applicant.jpeg
pbbrekening-mcf;2025051322021302533679_pbbrekening-mcf_Applicant.jpeg
kksuratnikah-mcf;2025051322021302533679_kksuratnikah-mcf_Applicant.jpeg
halamandepanbukutabungan-mcf;2025051322021302533679_halamandepanbukutabungan-mcf_Applicant.jpeg
fpkbelakang-mcf;2025051322021302533679_fpkbelakang-mcf_Applicant.jpeg
fpkdepan-mcf;2025051322021302533679_fpkdepan-mcf_Applicant.jpeg
tempatusahadepan-mcf;2025051322021302533679_tempatusahadepan-mcf_Applicant.jpeg
rumahdepan-mcf;2025051322021302533679_rumahdepan-mcf_Applicant.jpeg
pasanganttdcmo-mcf;2025051322021302533679_pasanganttdcmo-mcf_Applicant.jpeg
nasabahttdcmo-mcf;2025051322021302533679_nasabahttdcmo-mcf_Applicant.jpeg
allobank-mcf;2025051322021302533679_allobank-mcf_Applicant.jpeg
rumahjalan-mcf;2025051322021302533679_rumahjalan-mcf_Applicant.jpeg
salaryslip-mcf;2025051322021302533679_salaryslip-mcf_Applicant.jpeg
nomorrumah-mcf;2025051322021302533679_nomorrumah-mcf_Applicant.jpeg
dalamrumah-mcf;2025051322021302533679_dalamrumah-mcf_Applicant.jpeg
pricelist-mcf;2025051322021302533679_pricelist-mcf_Applicant.jpeg
pbbrekening-mcf;2025051622024480094912_pbbrekening-mcf_Applicant.jpeg
kksuratnikah-mcf;2025051622024480094912_kksuratnikah-mcf_Applicant.jpeg
halamandepanbukutabungan-mcf;2025051622024480094912_halamandepanbukutabungan-mcf_Applicant.jpeg
fpkbelakang-mcf;2025051622024480094912_fpkbelakang-mcf_Applicant.jpeg
fpkdepan-mcf;2025051622024480094912_fpkdepan-mcf_Applicant.jpeg
tempatusahadepan-mcf;2025051622024480094912_tempatusahadepan-mcf_Applicant.jpeg
pbbrekening-mcf;2025051522025156568739_pbbrekening-mcf_Applicant.jpeg
kksuratnikah-mcf;2025051522025156568739_kksuratnikah-mcf_Applicant.jpeg
halamandepanbukutabungan-mcf;2025051522025156568739_halamandepanbukutabungan-mcf_Applicant.jpeg
fpkbelakang-mcf;2025051522025156568739_fpkbelakang-mcf_Applicant.jpeg
fpkdepan-mcf;2025051522025156568739_fpkdepan-mcf_Applicant.jpeg
tempatusahadepan-mcf;2025051522025156568739_tempatusahadepan-mcf_Applicant.jpeg
rumahdepan-mcf;2025051522025156568739_rumahdepan-mcf_Applicant.jpeg
pasanganttdcmo-mcf;2025051522025156568739_pasanganttdcmo-mcf_Applicant.jpeg
nasabahttdcmo-mcf;2025051522025156568739_nasabahttdcmo-mcf_Applicant.jpeg
allobank-mcf;2025051522025156568739_allobank-mcf_Applicant.jpeg
rumahjalan-mcf;2025051522025156568739_rumahjalan-mcf_Applicant.jpeg
bpkbdepan-mcf;2025051522025156568739_bpkbdepan-mcf_Applicant.jpeg
bpkbbelakang-mcf;2025051522025156568739_bpkbbelakang-mcf_Applicant.jpeg
stnkpajak-mcf;2025051522025156568739_stnkpajak-mcf_Applicant.jpeg
unitdepankanan-mcf;2025051522025156568739_unitdepankanan-mcf_Applicant.jpeg
unitdepankiri-mcf;2025051522025156568739_unitdepankiri-mcf_Applicant.jpeg
salaryslip-mcf;2025051522025156568739_salaryslip-mcf_Applicant.jpeg
nomorrumah-mcf;2025051522025156568739_nomorrumah-mcf_Applicant.jpeg
dalamrumah-mcf;2025051522025156568739_dalamrumah-mcf_Applicant.jpeg
rangkanomesin-mcf;2025051522025156568739_rangkanomesin-mcf_Applicant.jpeg
pbbrekening-mcf;2025051622024492096953_pbbrekening-mcf_Applicant.jpeg
kksuratnikah-mcf;2025051622024492096953_kksuratnikah-mcf_Applicant.jpeg
halamandepanbukutabungan-mcf;2025051622024492096953_halamandepanbukutabungan-mcf_Applicant.jpeg
fpkbelakang-mcf;2025051622024492096953_fpkbelakang-mcf_Applicant.jpeg
fpkdepan-mcf;2025051622024492096953_fpkdepan-mcf_Applicant.jpeg
tempatusahadepan-mcf;2025051622024492096953_tempatusahadepan-mcf_Applicant.jpeg
rumahdepan-mcf;2025051622024492096953_rumahdepan-mcf_Applicant.jpeg
pasanganttdcmo-mcf;2025051622024492096953_pasanganttdcmo-mcf_Applicant.jpeg
nasabahttdcmo-mcf;2025051622024492096953_nasabahttdcmo-mcf_Applicant.jpeg
allobank-mcf;2025051622024492096953_allobank-mcf_Applicant.jpeg
rumahjalan-mcf;2025051622024492096953_rumahjalan-mcf_Applicant.jpeg
salaryslip-mcf;2025051622024492096953_salaryslip-mcf_Applicant.jpeg
nomorrumah-mcf;2025051622024492096953_nomorrumah-mcf_Applicant.jpeg
dalamrumah-mcf;2025051622024492096953_dalamrumah-mcf_Applicant.jpeg
pricelist-mcf;2025051622024492096953_pricelist-mcf_Applicant.jpeg
pbbrekening-mcf;2025051622024229092035_pbbrekening-mcf_Applicant.jpeg
kksuratnikah-mcf;2025051622024229092035_kksuratnikah-mcf_Applicant.jpeg
halamandepanbukutabungan-mcf;2025051622024229092035_halamandepanbukutabungan-mcf_Applicant.jpeg
fpkbelakang-mcf;2025051622024229092035_fpkbelakang-mcf_Applicant.jpeg
stnkpajak-mcf;2025051622023540645311_stnkpajak-mcf_Applicant.jpeg
unitdepankanan-mcf;2025051622023540645311_unitdepankanan-mcf_Applicant.jpeg
unitdepankiri-mcf;2025051622023540645311_unitdepankiri-mcf_Applicant.jpeg
salaryslip-mcf;2025051622023540645311_salaryslip-mcf_Applicant.jpeg
nomorrumah-mcf;2025051622023540645311_nomorrumah-mcf_Applicant.jpeg
dalamrumah-mcf;2025051622023540645311_dalamrumah-mcf_Applicant.jpeg
buktipenghasilanusaha-mcf;2025051622023540645311_buktipenghasilanusaha-mcf_Applicant.jpeg
perizinanusaha-mcf;2025051622023540645311_perizinanusaha-mcf_Applicant.jpeg
buktikepemilikanusaha-mcf;2025051622023540645311_buktikepemilikanusaha-mcf_Applicant.jpeg
rangkanomesin-mcf;2025051622023540645311_rangkanomesin-mcf_Applicant.jpeg
fpkdepan-mcf;2025051622024229092035_fpkdepan-mcf_Applicant.jpeg
tempatusahadepan-mcf;2025051622024229092035_tempatusahadepan-mcf_Applicant.jpeg
rumahdepan-mcf;2025051622024229092035_rumahdepan-mcf_Applicant.jpeg
pasanganttdcmo-mcf;2025051622024229092035_pasanganttdcmo-mcf_Applicant.jpeg
nasabahttdcmo-mcf;2025051622024229092035_nasabahttdcmo-mcf_Applicant.jpeg
allobank-mcf;2025051622024229092035_allobank-mcf_Applicant.jpeg
rumahjalan-mcf;2025051622024229092035_rumahjalan-mcf_Applicant.jpeg
salaryslip-mcf;2025051622024229092035_salaryslip-mcf_Applicant.jpeg
nomorrumah-mcf;2025051622024229092035_nomorrumah-mcf_Applicant.jpeg
dalamrumah-mcf;2025051622024229092035_dalamrumah-mcf_Applicant.jpeg
pricelist-mcf;2025051622024229092035_pricelist-mcf_Applicant.jpeg
buktipenghasilanusaha-mcf;2025051622024229092035_buktipenghasilanusaha-mcf_Applicant.jpeg
perizinanusaha-mcf;2025051622024229092035_perizinanusaha-mcf_Applicant.jpeg
buktikepemilikanusaha-mcf;2025051622024229092035_buktikepemilikanusaha-mcf_Applicant.jpeg
pbbrekening-mcf;2025051622024241535410_pbbrekening-mcf_Applicant.jpeg
kksuratnikah-mcf;2025051622024241535410_kksuratnikah-mcf_Applicant.jpeg
halamandepanbukutabungan-mcf;2025051622024241535410_halamandepanbukutabungan-mcf_Applicant.jpeg
fpkbelakang-mcf;2025051622024241535410_fpkbelakang-mcf_Applicant.jpeg
fpkdepan-mcf;2025051622024241535410_fpkdepan-mcf_Applicant.jpeg
tempatusahadepan-mcf;2025051622024241535410_tempatusahadepan-mcf_Applicant.jpeg
rumahdepan-mcf;2025051622024241535410_rumahdepan-mcf_Applicant.jpeg
pasanganttdcmo-mcf;2025051622024241535410_pasanganttdcmo-mcf_Applicant.jpeg
nasabahttdcmo-mcf;2025051622024241535410_nasabahttdcmo-mcf_Applicant.jpeg
allobank-mcf;2025051622024241535410_allobank-mcf_Applicant.jpeg
rumahjalan-mcf;2025051622024241535410_rumahjalan-mcf_Applicant.jpeg
salaryslip-mcf;2025051622024241535410_salaryslip-mcf_Applicant.jpeg
nomorrumah-mcf;2025051622024241535410_nomorrumah-mcf_Applicant.jpeg
dalamrumah-mcf;2025051622024241535410_dalamrumah-mcf_Applicant.jpeg
pricelist-mcf;2025051622024241535410_pricelist-mcf_Applicant.jpeg
pbbrekening-mcf;2025051622022252530747_pbbrekening-mcf_Applicant.jpeg
kksuratnikah-mcf;2025051622022252530747_kksuratnikah-mcf_Applicant.jpeg
halamandepanbukutabungan-mcf;2025051622022252530747_halamandepanbukutabungan-mcf_Applicant.jpeg
fpkbelakang-mcf;2025051622022252530747_fpkbelakang-mcf_Applicant.jpeg
fpkdepan-mcf;2025051622022252530747_fpkdepan-mcf_Applicant.jpeg
tempatusahadepan-mcf;2025051622022252530747_tempatusahadepan-mcf_Applicant.jpeg
rumahdepan-mcf;2025051622022252530747_rumahdepan-mcf_Applicant.jpeg
pasanganttdcmo-mcf;2025051622022252530747_pasanganttdcmo-mcf_Applicant.jpeg
nasabahttdcmo-mcf;2025051622022252530747_nasabahttdcmo-mcf_Applicant.jpeg
allobank-mcf;2025051622022252530747_allobank-mcf_Applicant.jpeg
rumahjalan-mcf;2025051622022252530747_rumahjalan-mcf_Applicant.jpeg
salaryslip-mcf;2025051622022252530747_salaryslip-mcf_Applicant.jpeg
nomorrumah-mcf;2025051622022252530747_nomorrumah-mcf_Applicant.jpeg
dalamrumah-mcf;2025051622022252530747_dalamrumah-mcf_Applicant.jpeg
pricelist-mcf;2025051622022252530747_pricelist-mcf_Applicant.jpeg
buktipenghasilanusaha-mcf;2025051622022252530747_buktipenghasilanusaha-mcf_Applicant.jpeg
perizinanusaha-mcf;2025051622022252530747_perizinanusaha-mcf_Applicant.jpeg
pbbrekening-mcf;2025051622022698014753_pbbrekening-mcf_Applicant.jpeg
kksuratnikah-mcf;2025051622022698014753_kksuratnikah-mcf_Applicant.jpeg
halamandepanbukutabungan-mcf;2025051622022698014753_halamandepanbukutabungan-mcf_Applicant.jpeg
fpkbelakang-mcf;2025051622022698014753_fpkbelakang-mcf_Applicant.jpeg
fpkdepan-mcf;2025051622022698014753_fpkdepan-mcf_Applicant.jpeg
tempatusahadepan-mcf;2025051622022698014753_tempatusahadepan-mcf_Applicant.jpeg
rumahdepan-mcf;2025051622022698014753_rumahdepan-mcf_Applicant.jpeg
pasanganttdcmo-mcf;2025051622022698014753_pasanganttdcmo-mcf_Applicant.jpeg
nasabahttdcmo-mcf;2025051622022698014753_nasabahttdcmo-mcf_Applicant.jpeg
allobank-mcf;2025051622022698014753_allobank-mcf_Applicant.jpeg
rumahjalan-mcf;2025051622022698014753_rumahjalan-mcf_Applicant.jpeg
salaryslip-mcf;2025051622022698014753_salaryslip-mcf_Applicant.jpeg
nomorrumah-mcf;2025051622022698014753_nomorrumah-mcf_Applicant.jpeg
dalamrumah-mcf;2025051622022698014753_dalamrumah-mcf_Applicant.jpeg
pricelist-mcf;2025051622022698014753_pricelist-mcf_Applicant.jpeg
buktikepemilikanusaha-mcf;2025051622022252530747_buktikepemilikanusaha-mcf_Applicant.jpeg
pbbrekening-mcf;2025051622022543782512_pbbrekening-mcf_Applicant.jpeg
kksuratnikah-mcf;2025051622022543782512_kksuratnikah-mcf_Applicant.jpeg
halamandepanbukutabungan-mcf;2025051622022543782512_halamandepanbukutabungan-mcf_Applicant.jpeg
fpkbelakang-mcf;2025051622022543782512_fpkbelakang-mcf_Applicant.jpeg
fpkdepan-mcf;2025051622022543782512_fpkdepan-mcf_Applicant.jpeg
tempatusahadepan-mcf;2025051622022543782512_tempatusahadepan-mcf_Applicant.jpeg
rumahdepan-mcf;2025051622022543782512_rumahdepan-mcf_Applicant.jpeg
pasanganttdcmo-mcf;2025051622022543782512_pasanganttdcmo-mcf_Applicant.jpeg
nasabahttdcmo-mcf;2025051622022543782512_nasabahttdcmo-mcf_Applicant.jpeg
allobank-mcf;2025051622022543782512_allobank-mcf_Applicant.jpeg
rumahjalan-mcf;2025051622022543782512_rumahjalan-mcf_Applicant.jpeg
salaryslip-mcf;2025051622022543782512_salaryslip-mcf_Applicant.jpeg
nomorrumah-mcf;2025051622022543782512_nomorrumah-mcf_Applicant.jpeg
dalamrumah-mcf;2025051622022543782512_dalamrumah-mcf_Applicant.jpeg
pricelist-mcf;2025051622022543782512_pricelist-mcf_Applicant.jpeg
pbbrekening-mcf;20250516925093292279_pbbrekening-mcf_Applicant.jpeg
kksuratnikah-mcf;20250516925093292279_kksuratnikah-mcf_Applicant.jpeg
halamandepanbukutabungan-mcf;20250516925093292279_halamandepanbukutabungan-mcf_Applicant.jpeg
fpkbelakang-mcf;20250516925093292279_fpkbelakang-mcf_Applicant.jpeg
fpkdepan-mcf;20250516925093292279_fpkdepan-mcf_Applicant.jpeg
tempatusahadepan-mcf;20250516925093292279_tempatusahadepan-mcf_Applicant.jpeg
rumahdepan-mcf;20250516925093292279_rumahdepan-mcf_Applicant.jpeg
pasanganttdcmo-mcf;20250516925093292279_pasanganttdcmo-mcf_Applicant.jpeg
nasabahttdcmo-mcf;20250516925093292279_nasabahttdcmo-mcf_Applicant.jpeg
allobank-mcf;20250516925093292279_allobank-mcf_Applicant.jpeg
rumahjalan-mcf;20250516925093292279_rumahjalan-mcf_Applicant.jpeg
salaryslip-mcf;20250516925093292279_salaryslip-mcf_Applicant.jpeg
nomorrumah-mcf;20250516925093292279_nomorrumah-mcf_Applicant.jpeg
dalamrumah-mcf;20250516925093292279_dalamrumah-mcf_Applicant.jpeg
pricelist-mcf;20250516925093292279_pricelist-mcf_Applicant.jpeg
pbbrekening-mcf;2025051622023186368737_pbbrekening-mcf_Applicant.jpeg
kksuratnikah-mcf;2025051622023186368737_kksuratnikah-mcf_Applicant.jpeg
halamandepanbukutabungan-mcf;2025051622023186368737_halamandepanbukutabungan-mcf_Applicant.jpeg
fpkbelakang-mcf;2025051622023186368737_fpkbelakang-mcf_Applicant.jpeg
fpkdepan-mcf;2025051622023186368737_fpkdepan-mcf_Applicant.jpeg
tempatusahadepan-mcf;2025051622023186368737_tempatusahadepan-mcf_Applicant.jpeg
rumahdepan-mcf;2025051622023186368737_rumahdepan-mcf_Applicant.jpeg
pasanganttdcmo-mcf;2025051622023186368737_pasanganttdcmo-mcf_Applicant.jpeg
nasabahttdcmo-mcf;2025051622023186368737_nasabahttdcmo-mcf_Applicant.jpeg
allobank-mcf;2025051622023186368737_allobank-mcf_Applicant.jpeg
rumahjalan-mcf;2025051622023186368737_rumahjalan-mcf_Applicant.jpeg
salaryslip-mcf;2025051622023186368737_salaryslip-mcf_Applicant.jpeg
nomorrumah-mcf;2025051622023186368737_nomorrumah-mcf_Applicant.jpeg
dalamrumah-mcf;2025051622023186368737_dalamrumah-mcf_Applicant.jpeg
pricelist-mcf;2025051622023186368737_pricelist-mcf_Applicant.jpeg
pbbrekening-mcf;2025051622022543780158_pbbrekening-mcf_Applicant.jpeg
kksuratnikah-mcf;2025051622022543780158_kksuratnikah-mcf_Applicant.jpeg
halamandepanbukutabungan-mcf;2025051622022543780158_halamandepanbukutabungan-mcf_Applicant.jpeg
fpkbelakang-mcf;2025051622022543780158_fpkbelakang-mcf_Applicant.jpeg
fpkdepan-mcf;2025051622022543780158_fpkdepan-mcf_Applicant.jpeg
tempatusahadepan-mcf;2025051622022543780158_tempatusahadepan-mcf_Applicant.jpeg
rumahdepan-mcf;2025051622022543780158_rumahdepan-mcf_Applicant.jpeg
pasanganttdcmo-mcf;2025051622022543780158_pasanganttdcmo-mcf_Applicant.jpeg
nasabahttdcmo-mcf;2025051622022543780158_nasabahttdcmo-mcf_Applicant.jpeg
allobank-mcf;2025051622022543780158_allobank-mcf_Applicant.jpeg
rumahjalan-mcf;2025051622022543780158_rumahjalan-mcf_Applicant.jpeg
salaryslip-mcf;2025051622022543780158_salaryslip-mcf_Applicant.jpeg
nomorrumah-mcf;2025051622022543780158_nomorrumah-mcf_Applicant.jpeg
pbbrekening-mcf;2025051522023547350927_pbbrekening-mcf_Applicant.jpeg
kksuratnikah-mcf;2025051522023547350927_kksuratnikah-mcf_Applicant.jpeg
halamandepanbukutabungan-mcf;2025051522023547350927_halamandepanbukutabungan-mcf_Applicant.jpeg
fpkbelakang-mcf;2025051522023547350927_fpkbelakang-mcf_Applicant.jpeg
fpkdepan-mcf;2025051522023547350927_fpkdepan-mcf_Applicant.jpeg
tempatusahadepan-mcf;2025051522023547350927_tempatusahadepan-mcf_Applicant.jpeg
rumahdepan-mcf;2025051522023547350927_rumahdepan-mcf_Applicant.jpeg
pasanganttdcmo-mcf;2025051522023547350927_pasanganttdcmo-mcf_Applicant.jpeg
nasabahttdcmo-mcf;2025051522023547350927_nasabahttdcmo-mcf_Applicant.jpeg
allobank-mcf;2025051522023547350927_allobank-mcf_Applicant.jpeg
rumahjalan-mcf;2025051522023547350927_rumahjalan-mcf_Applicant.jpeg
pbbrekening-mcf;2025051322024080097248_pbbrekening-mcf_Applicant.jpeg
kksuratnikah-mcf;2025051322024080097248_kksuratnikah-mcf_Applicant.jpeg
halamandepanbukutabungan-mcf;2025051322024080097248_halamandepanbukutabungan-mcf_Applicant.jpeg
fpkbelakang-mcf;2025051322024080097248_fpkbelakang-mcf_Applicant.jpeg
fpkdepan-mcf;2025051322024080097248_fpkdepan-mcf_Applicant.jpeg
tempatusahadepan-mcf;2025051322024080097248_tempatusahadepan-mcf_Applicant.jpeg
rumahdepan-mcf;2025051322024080097248_rumahdepan-mcf_Applicant.jpeg
pasanganttdcmo-mcf;2025051322024080097248_pasanganttdcmo-mcf_Applicant.jpeg
nasabahttdcmo-mcf;2025051322024080097248_nasabahttdcmo-mcf_Applicant.jpeg
allobank-mcf;2025051322024080097248_allobank-mcf_Applicant.jpeg
rumahjalan-mcf;2025051322024080097248_rumahjalan-mcf_Applicant.jpeg
salaryslip-mcf;2025051322024080097248_salaryslip-mcf_Applicant.jpeg
nomorrumah-mcf;2025051322024080097248_nomorrumah-mcf_Applicant.jpeg
dalamrumah-mcf;2025051322024080097248_dalamrumah-mcf_Applicant.jpeg
pricelist-mcf;2025051322024080097248_pricelist-mcf_Applicant.jpeg
buktipenghasilanusaha-mcf;2025051322024080097248_buktipenghasilanusaha-mcf_Applicant.jpeg
perizinanusaha-mcf;2025051322024080097248_perizinanusaha-mcf_Applicant.jpeg
buktikepemilikanusaha-mcf;2025051322024080097248_buktikepemilikanusaha-mcf_Applicant.jpeg
rumahdepan-mcf;2025051622024466746738_rumahdepan-mcf_Applicant.jpeg
pasanganttdcmo-mcf;2025051622024466746738_pasanganttdcmo-mcf_Applicant.jpeg
nasabahttdcmo-mcf;2025051622024466746738_nasabahttdcmo-mcf_Applicant.jpeg
allobank-mcf;2025051622024466746738_allobank-mcf_Applicant.jpeg
rumahjalan-mcf;2025051622024466746738_rumahjalan-mcf_Applicant.jpeg
salaryslip-mcf;2025051622024466746738_salaryslip-mcf_Applicant.jpeg
nomorrumah-mcf;2025051622024466746738_nomorrumah-mcf_Applicant.jpeg
dalamrumah-mcf;2025051622024466746738_dalamrumah-mcf_Applicant.jpeg
pricelist-mcf;2025051622024466746738_pricelist-mcf_Applicant.jpeg
halamandepanbukutabungan-mcf;2025051622022372084344_halamandepanbukutabungan-mcf_Applicant.jpeg
fpkbelakang-mcf;2025051622022372084344_fpkbelakang-mcf_Applicant.jpeg
fpkdepan-mcf;2025051622022372084344_fpkdepan-mcf_Applicant.jpeg
tempatusahadepan-mcf;2025051622022372084344_tempatusahadepan-mcf_Applicant.jpeg
rumahdepan-mcf;2025051622022372084344_rumahdepan-mcf_Applicant.jpeg
pasanganttdcmo-mcf;2025051622022372084344_pasanganttdcmo-mcf_Applicant.jpeg
nasabahttdcmo-mcf;2025051622022372084344_nasabahttdcmo-mcf_Applicant.jpeg
allobank-mcf;2025051622022372084344_allobank-mcf_Applicant.jpeg
rumahjalan-mcf;2025051622022372084344_rumahjalan-mcf_Applicant.jpeg
salaryslip-mcf;2025051622022372084344_salaryslip-mcf_Applicant.jpeg
nomorrumah-mcf;2025051622022372084344_nomorrumah-mcf_Applicant.jpeg
dalamrumah-mcf;2025051622022372084344_dalamrumah-mcf_Applicant.jpeg
pricelist-mcf;2025051622022372084344_pricelist-mcf_Applicant.jpeg
buktipenghasilanusaha-mcf;2025051622022372084344_buktipenghasilanusaha-mcf_Applicant.jpeg
perizinanusaha-mcf;2025051622022372084344_perizinanusaha-mcf_Applicant.jpeg
buktikepemilikanusaha-mcf;2025051622022372084344_buktikepemilikanusaha-mcf_Applicant.jpeg
pbbrekening-mcf;2025051522024395390254_pbbrekening-mcf_Applicant.jpeg
kksuratnikah-mcf;2025051522024395390254_kksuratnikah-mcf_Applicant.jpeg
halamandepanbukutabungan-mcf;2025051522024395390254_halamandepanbukutabungan-mcf_Applicant.jpeg
fpkbelakang-mcf;2025051522024395390254_fpkbelakang-mcf_Applicant.jpeg
fpkdepan-mcf;2025051522024395390254_fpkdepan-mcf_Applicant.jpeg
tempatusahadepan-mcf;2025051522024395390254_tempatusahadepan-mcf_Applicant.jpeg
rumahdepan-mcf;2025051522024395390254_rumahdepan-mcf_Applicant.jpeg
pasanganttdcmo-mcf;2025051522024395390254_pasanganttdcmo-mcf_Applicant.jpeg
pbbrekening-mcf;2025051622022372084344_pbbrekening-mcf_Applicant.jpeg
kksuratnikah-mcf;2025051622022372084344_kksuratnikah-mcf_Applicant.jpeg
nasabahttdcmo-mcf;2025051522024395390254_nasabahttdcmo-mcf_Applicant.jpeg
allobank-mcf;2025051522024395390254_allobank-mcf_Applicant.jpeg
rumahjalan-mcf;2025051522024395390254_rumahjalan-mcf_Applicant.jpeg
salaryslip-mcf;2025051522024395390254_salaryslip-mcf_Applicant.jpeg
nomorrumah-mcf;2025051522024395390254_nomorrumah-mcf_Applicant.jpeg
dalamrumah-mcf;2025051522024395390254_dalamrumah-mcf_Applicant.jpeg
pricelist-mcf;2025051522024395390254_pricelist-mcf_Applicant.jpeg
pbbrekening-mcf;2025051022015188440193_pbbrekening-mcf_Applicant.jpeg
kksuratnikah-mcf;2025051022015188440193_kksuratnikah-mcf_Applicant.jpeg
halamandepanbukutabungan-mcf;2025051022015188440193_halamandepanbukutabungan-mcf_Applicant.jpeg
fpkbelakang-mcf;2025051022015188440193_fpkbelakang-mcf_Applicant.jpeg
fpkdepan-mcf;2025051022015188440193_fpkdepan-mcf_Applicant.jpeg
tempatusahadepan-mcf;2025051022015188440193_tempatusahadepan-mcf_Applicant.jpeg
rumahdepan-mcf;2025051022015188440193_rumahdepan-mcf_Applicant.jpeg
pasanganttdcmo-mcf;2025051022015188440193_pasanganttdcmo-mcf_Applicant.jpeg
nasabahttdcmo-mcf;2025051022015188440193_nasabahttdcmo-mcf_Applicant.jpeg
allobank-mcf;2025051022015188440193_allobank-mcf_Applicant.jpeg
rumahjalan-mcf;2025051022015188440193_rumahjalan-mcf_Applicant.jpeg
salaryslip-mcf;2025051022015188440193_salaryslip-mcf_Applicant.jpeg
nomorrumah-mcf;2025051022015188440193_nomorrumah-mcf_Applicant.jpeg
dalamrumah-mcf;2025051022015188440193_dalamrumah-mcf_Applicant.jpeg
halamandepanbukutabungan-mcf;2025051622024250446234_halamandepanbukutabungan-mcf_Applicant.jpeg
fpkbelakang-mcf;2025051622024250446234_fpkbelakang-mcf_Applicant.jpeg
fpkdepan-mcf;2025051622024250446234_fpkdepan-mcf_Applicant.jpeg
tempatusahadepan-mcf;2025051622024250446234_tempatusahadepan-mcf_Applicant.jpeg
rumahdepan-mcf;2025051622024250446234_rumahdepan-mcf_Applicant.jpeg
pasanganttdcmo-mcf;2025051622024250446234_pasanganttdcmo-mcf_Applicant.jpeg
nasabahttdcmo-mcf;2025051622024250446234_nasabahttdcmo-mcf_Applicant.jpeg
allobank-mcf;2025051622024250446234_allobank-mcf_Applicant.jpeg
rumahjalan-mcf;2025051622024250446234_rumahjalan-mcf_Applicant.jpeg
bpkbdepan-mcf;2025051622024250446234_bpkbdepan-mcf_Applicant.jpeg
bpkbbelakang-mcf;2025051622024250446234_bpkbbelakang-mcf_Applicant.jpeg
stnkpajak-mcf;2025051622024250446234_stnkpajak-mcf_Applicant.jpeg
unitdepankanan-mcf;2025051622024250446234_unitdepankanan-mcf_Applicant.jpeg
unitdepankiri-mcf;2025051622024250446234_unitdepankiri-mcf_Applicant.jpeg
salaryslip-mcf;2025051622024250446234_salaryslip-mcf_Applicant.jpeg
nomorrumah-mcf;2025051622024250446234_nomorrumah-mcf_Applicant.jpeg
dalamrumah-mcf;2025051622024250446234_dalamrumah-mcf_Applicant.jpeg
buktipenghasilanusaha-mcf;2025051622024250446234_buktipenghasilanusaha-mcf_Applicant.jpeg
perizinanusaha-mcf;2025051622024250446234_perizinanusaha-mcf_Applicant.jpeg
buktikepemilikanusaha-mcf;2025051622024250446234_buktikepemilikanusaha-mcf_Applicant.jpeg
rangkanomesin-mcf;2025051622024250446234_rangkanomesin-mcf_Applicant.jpeg
pricelist-mcf;2025051022015188440193_pricelist-mcf_Applicant.jpeg
pbbrekening-mcf;2025051622024250446234_pbbrekening-mcf_Applicant.jpeg
kksuratnikah-mcf;2025051622024250446234_kksuratnikah-mcf_Applicant.jpeg
pbbrekening-mcf;2025051722024410438848_pbbrekening-mcf_Applicant.jpeg
kksuratnikah-mcf;2025051722024410438848_kksuratnikah-mcf_Applicant.jpeg
halamandepanbukutabungan-mcf;2025051722024410438848_halamandepanbukutabungan-mcf_Applicant.jpeg
fpkbelakang-mcf;2025051722024410438848_fpkbelakang-mcf_Applicant.jpeg
fpkdepan-mcf;2025051722024410438848_fpkdepan-mcf_Applicant.jpeg
tempatusahadepan-mcf;2025051722024410438848_tempatusahadepan-mcf_Applicant.jpeg
rumahdepan-mcf;2025051722024410438848_rumahdepan-mcf_Applicant.jpeg
pasanganttdcmo-mcf;2025051722024410438848_pasanganttdcmo-mcf_Applicant.jpeg
nasabahttdcmo-mcf;2025051722024410438848_nasabahttdcmo-mcf_Applicant.jpeg
allobank-mcf;2025051722024410438848_allobank-mcf_Applicant.jpeg
rumahjalan-mcf;2025051722024410438848_rumahjalan-mcf_Applicant.jpeg
bpkbdepan-mcf;2025051722024410438848_bpkbdepan-mcf_Applicant.jpeg
bpkbbelakang-mcf;2025051722024410438848_bpkbbelakang-mcf_Applicant.jpeg
stnkpajak-mcf;2025051722024410438848_stnkpajak-mcf_Applicant.jpeg
unitdepankanan-mcf;2025051722024410438848_unitdepankanan-mcf_Applicant.jpeg
unitdepankiri-mcf;2025051722024410438848_unitdepankiri-mcf_Applicant.jpeg
salaryslip-mcf;2025051722024410438848_salaryslip-mcf_Applicant.jpeg
nomorrumah-mcf;2025051722024410438848_nomorrumah-mcf_Applicant.jpeg
dalamrumah-mcf;2025051722024410438848_dalamrumah-mcf_Applicant.jpeg
rangkanomesin-mcf;2025051722024410438848_rangkanomesin-mcf_Applicant.jpeg
pbbrekening-mcf;2025051722025160183976_pbbrekening-mcf_Applicant.jpeg
kksuratnikah-mcf;2025051722025160183976_kksuratnikah-mcf_Applicant.jpeg
halamandepanbukutabungan-mcf;2025051722025160183976_halamandepanbukutabungan-mcf_Applicant.jpeg
fpkbelakang-mcf;2025051722025160183976_fpkbelakang-mcf_Applicant.jpeg
fpkdepan-mcf;2025051722025160183976_fpkdepan-mcf_Applicant.jpeg
tempatusahadepan-mcf;2025051722025160183976_tempatusahadepan-mcf_Applicant.jpeg
pbbrekening-mcf;2025051522024395330575_pbbrekening-mcf_Applicant.jpeg
kksuratnikah-mcf;2025051522024395330575_kksuratnikah-mcf_Applicant.jpeg
halamandepanbukutabungan-mcf;2025051522024395330575_halamandepanbukutabungan-mcf_Applicant.jpeg
fpkbelakang-mcf;2025051522024395330575_fpkbelakang-mcf_Applicant.jpeg
fpkdepan-mcf;2025051522024395330575_fpkdepan-mcf_Applicant.jpeg
tempatusahadepan-mcf;2025051522024395330575_tempatusahadepan-mcf_Applicant.jpeg
rumahdepan-mcf;2025051522024395330575_rumahdepan-mcf_Applicant.jpeg
pasanganttdcmo-mcf;2025051522024395330575_pasanganttdcmo-mcf_Applicant.jpeg
nasabahttdcmo-mcf;2025051522024395330575_nasabahttdcmo-mcf_Applicant.jpeg
allobank-mcf;2025051522024395330575_allobank-mcf_Applicant.jpeg
rumahjalan-mcf;2025051522024395330575_rumahjalan-mcf_Applicant.jpeg
salaryslip-mcf;2025051522024395330575_salaryslip-mcf_Applicant.jpeg
nomorrumah-mcf;2025051522024395330575_nomorrumah-mcf_Applicant.jpeg
dalamrumah-mcf;2025051522024395330575_dalamrumah-mcf_Applicant.jpeg
pricelist-mcf;2025051522024395330575_pricelist-mcf_Applicant.jpeg
rumahjalan-mcf;2025051622024250469522_rumahjalan-mcf_Applicant.jpeg
bpkbdepan-mcf;2025051622024250469522_bpkbdepan-mcf_Applicant.jpeg
bpkbbelakang-mcf;2025051622024250469522_bpkbbelakang-mcf_Applicant.jpeg
stnkpajak-mcf;2025051622024250469522_stnkpajak-mcf_Applicant.jpeg
unitdepankanan-mcf;2025051622024250469522_unitdepankanan-mcf_Applicant.jpeg
unitdepankiri-mcf;2025051622024250469522_unitdepankiri-mcf_Applicant.jpeg
salaryslip-mcf;2025051622024250469522_salaryslip-mcf_Applicant.jpeg
nomorrumah-mcf;2025051622024250469522_nomorrumah-mcf_Applicant.jpeg
dalamrumah-mcf;2025051622024250469522_dalamrumah-mcf_Applicant.jpeg
rangkanomesin-mcf;2025051622024250469522_rangkanomesin-mcf_Applicant.jpeg
pbbrekening-mcf;2025051622015188439413_pbbrekening-mcf_Applicant.jpeg
kksuratnikah-mcf;2025051622015188439413_kksuratnikah-mcf_Applicant.jpeg
halamandepanbukutabungan-mcf;2025051622015188439413_halamandepanbukutabungan-mcf_Applicant.jpeg
fpkbelakang-mcf;2025051622015188439413_fpkbelakang-mcf_Applicant.jpeg
fpkdepan-mcf;2025051622015188439413_fpkdepan-mcf_Applicant.jpeg
tempatusahadepan-mcf;2025051622015188439413_tempatusahadepan-mcf_Applicant.jpeg
rumahdepan-mcf;2025051622015188439413_rumahdepan-mcf_Applicant.jpeg
pasanganttdcmo-mcf;2025051622015188439413_pasanganttdcmo-mcf_Applicant.jpeg
nasabahttdcmo-mcf;2025051622015188439413_nasabahttdcmo-mcf_Applicant.jpeg
pbbrekening-mcf;2025051622024250469522_pbbrekening-mcf_Applicant.jpeg
kksuratnikah-mcf;2025051622024250469522_kksuratnikah-mcf_Applicant.jpeg
halamandepanbukutabungan-mcf;2025051622024250469522_halamandepanbukutabungan-mcf_Applicant.jpeg
fpkbelakang-mcf;2025051622024250469522_fpkbelakang-mcf_Applicant.jpeg
fpkdepan-mcf;2025051622024250469522_fpkdepan-mcf_Applicant.jpeg
tempatusahadepan-mcf;2025051622024250469522_tempatusahadepan-mcf_Applicant.jpeg
rumahdepan-mcf;2025051622024250469522_rumahdepan-mcf_Applicant.jpeg
pasanganttdcmo-mcf;2025051622024250469522_pasanganttdcmo-mcf_Applicant.jpeg
nasabahttdcmo-mcf;2025051622024250469522_nasabahttdcmo-mcf_Applicant.jpeg
allobank-mcf;2025051622024250469522_allobank-mcf_Applicant.jpeg
allobank-mcf;2025051622015188439413_allobank-mcf_Applicant.jpeg
rumahjalan-mcf;2025051622015188439413_rumahjalan-mcf_Applicant.jpeg
salaryslip-mcf;2025051622015188439413_salaryslip-mcf_Applicant.jpeg
nomorrumah-mcf;2025051622015188439413_nomorrumah-mcf_Applicant.jpeg
dalamrumah-mcf;2025051622015188439413_dalamrumah-mcf_Applicant.jpeg
pricelist-mcf;2025051622015188439413_pricelist-mcf_Applicant.jpeg
dalamrumah-mcf;2025051622024250420082_dalamrumah-mcf_Applicant.jpeg
rangkanomesin-mcf;2025051622024250420082_rangkanomesin-mcf_Applicant.jpeg
pbbrekening-mcf;2025051322025140169325_pbbrekening-mcf_Applicant.jpeg
kksuratnikah-mcf;2025051322025140169325_kksuratnikah-mcf_Applicant.jpeg
halamandepanbukutabungan-mcf;2025051322025140169325_halamandepanbukutabungan-mcf_Applicant.jpeg
fpkbelakang-mcf;2025051322025140169325_fpkbelakang-mcf_Applicant.jpeg
fpkdepan-mcf;2025051322025140169325_fpkdepan-mcf_Applicant.jpeg
tempatusahadepan-mcf;2025051322025140169325_tempatusahadepan-mcf_Applicant.jpeg
rumahdepan-mcf;2025051322025140169325_rumahdepan-mcf_Applicant.jpeg
pasanganttdcmo-mcf;2025051322025140169325_pasanganttdcmo-mcf_Applicant.jpeg
nasabahttdcmo-mcf;2025051322025140169325_nasabahttdcmo-mcf_Applicant.jpeg
allobank-mcf;2025051322025140169325_allobank-mcf_Applicant.jpeg
rumahjalan-mcf;2025051322025140169325_rumahjalan-mcf_Applicant.jpeg
salaryslip-mcf;2025051322025140169325_salaryslip-mcf_Applicant.jpeg
nomorrumah-mcf;2025051322025140169325_nomorrumah-mcf_Applicant.jpeg
dalamrumah-mcf;2025051322025140169325_dalamrumah-mcf_Applicant.jpeg
pricelist-mcf;2025051322025140169325_pricelist-mcf_Applicant.jpeg
dalamrumah-mcf;2025051622022543780158_dalamrumah-mcf_Applicant.jpeg
pricelist-mcf;2025051622022543780158_pricelist-mcf_Applicant.jpeg
pbbrekening-mcf;2025051622024250420082_pbbrekening-mcf_Applicant.jpeg
kksuratnikah-mcf;2025051622024250420082_kksuratnikah-mcf_Applicant.jpeg
halamandepanbukutabungan-mcf;2025051622024250420082_halamandepanbukutabungan-mcf_Applicant.jpeg
fpkbelakang-mcf;2025051622024250420082_fpkbelakang-mcf_Applicant.jpeg
fpkdepan-mcf;2025051622024250420082_fpkdepan-mcf_Applicant.jpeg
tempatusahadepan-mcf;2025051622024250420082_tempatusahadepan-mcf_Applicant.jpeg
rumahdepan-mcf;2025051622024250420082_rumahdepan-mcf_Applicant.jpeg
pasanganttdcmo-mcf;2025051622024250420082_pasanganttdcmo-mcf_Applicant.jpeg
nasabahttdcmo-mcf;2025051622024250420082_nasabahttdcmo-mcf_Applicant.jpeg
allobank-mcf;2025051622024250420082_allobank-mcf_Applicant.jpeg
rumahjalan-mcf;2025051622024250420082_rumahjalan-mcf_Applicant.jpeg
bpkbdepan-mcf;2025051622024250420082_bpkbdepan-mcf_Applicant.jpeg
bpkbbelakang-mcf;2025051622024250420082_bpkbbelakang-mcf_Applicant.jpeg
stnkpajak-mcf;2025051622024250420082_stnkpajak-mcf_Applicant.jpeg
unitdepankanan-mcf;2025051622024250420082_unitdepankanan-mcf_Applicant.jpeg
unitdepankiri-mcf;2025051622024250420082_unitdepankiri-mcf_Applicant.jpeg
salaryslip-mcf;2025051622024250420082_salaryslip-mcf_Applicant.jpeg
nomorrumah-mcf;2025051622024250420082_nomorrumah-mcf_Applicant.jpeg
pasanganttdcmo-mcf;2025051622022171920015_pasanganttdcmo-mcf_Applicant.jpeg
nasabahttdcmo-mcf;2025051622022171920015_nasabahttdcmo-mcf_Applicant.jpeg
allobank-mcf;2025051622022171920015_allobank-mcf_Applicant.jpeg
rumahjalan-mcf;2025051622022171920015_rumahjalan-mcf_Applicant.jpeg
salaryslip-mcf;2025051622022171920015_salaryslip-mcf_Applicant.jpeg
nomorrumah-mcf;2025051622022171920015_nomorrumah-mcf_Applicant.jpeg
dalamrumah-mcf;2025051622022171920015_dalamrumah-mcf_Applicant.jpeg
pricelist-mcf;2025051622022171920015_pricelist-mcf_Applicant.jpeg
pbbrekening-mcf;2025051622024212067371_pbbrekening-mcf_Applicant.jpeg
kksuratnikah-mcf;2025051622024212067371_kksuratnikah-mcf_Applicant.jpeg
pbbrekening-mcf;2025051622022171920015_pbbrekening-mcf_Applicant.jpeg
kksuratnikah-mcf;2025051622022171920015_kksuratnikah-mcf_Applicant.jpeg
halamandepanbukutabungan-mcf;2025051622022171920015_halamandepanbukutabungan-mcf_Applicant.jpeg
fpkbelakang-mcf;2025051622022171920015_fpkbelakang-mcf_Applicant.jpeg
fpkdepan-mcf;2025051622022171920015_fpkdepan-mcf_Applicant.jpeg
tempatusahadepan-mcf;2025051622022171920015_tempatusahadepan-mcf_Applicant.jpeg
rumahdepan-mcf;2025051622022171920015_rumahdepan-mcf_Applicant.jpeg
halamandepanbukutabungan-mcf;2025051622024212067371_halamandepanbukutabungan-mcf_Applicant.jpeg
fpkbelakang-mcf;2025051622024212067371_fpkbelakang-mcf_Applicant.jpeg
fpkdepan-mcf;2025051622024212067371_fpkdepan-mcf_Applicant.jpeg
tempatusahadepan-mcf;2025051622024212067371_tempatusahadepan-mcf_Applicant.jpeg
rumahdepan-mcf;2025051622024212067371_rumahdepan-mcf_Applicant.jpeg
pasanganttdcmo-mcf;2025051622024212067371_pasanganttdcmo-mcf_Applicant.jpeg
nasabahttdcmo-mcf;2025051622024212067371_nasabahttdcmo-mcf_Applicant.jpeg
allobank-mcf;2025051622024212067371_allobank-mcf_Applicant.jpeg
rumahjalan-mcf;2025051622024212067371_rumahjalan-mcf_Applicant.jpeg
salaryslip-mcf;2025051622024212067371_salaryslip-mcf_Applicant.jpeg
nomorrumah-mcf;2025051622024212067371_nomorrumah-mcf_Applicant.jpeg
dalamrumah-mcf;2025051622024212067371_dalamrumah-mcf_Applicant.jpeg
pricelist-mcf;2025051622024212067371_pricelist-mcf_Applicant.jpeg
pbbrekening-mcf;2025051622025148991110_pbbrekening-mcf_Applicant.jpeg
kksuratnikah-mcf;2025051622025148991110_kksuratnikah-mcf_Applicant.jpeg
halamandepanbukutabungan-mcf;2025051622025148991110_halamandepanbukutabungan-mcf_Applicant.jpeg
fpkbelakang-mcf;2025051622025148991110_fpkbelakang-mcf_Applicant.jpeg
fpkdepan-mcf;2025051622025148991110_fpkdepan-mcf_Applicant.jpeg
tempatusahadepan-mcf;2025051622025148991110_tempatusahadepan-mcf_Applicant.jpeg
rumahdepan-mcf;2025051622025148991110_rumahdepan-mcf_Applicant.jpeg
pasanganttdcmo-mcf;2025051622025148991110_pasanganttdcmo-mcf_Applicant.jpeg
nasabahttdcmo-mcf;2025051622025148991110_nasabahttdcmo-mcf_Applicant.jpeg
allobank-mcf;2025051622025148991110_allobank-mcf_Applicant.jpeg
rumahjalan-mcf;2025051622025148991110_rumahjalan-mcf_Applicant.jpeg
bpkbdepan-mcf;2025051622025148991110_bpkbdepan-mcf_Applicant.jpeg
bpkbbelakang-mcf;2025051622025148991110_bpkbbelakang-mcf_Applicant.jpeg
stnkpajak-mcf;2025051622025148991110_stnkpajak-mcf_Applicant.jpeg
unitdepankanan-mcf;2025051622025148991110_unitdepankanan-mcf_Applicant.jpeg
unitdepankiri-mcf;2025051622025148991110_unitdepankiri-mcf_Applicant.jpeg
salaryslip-mcf;2025051622025148991110_salaryslip-mcf_Applicant.jpeg
nomorrumah-mcf;2025051622025148991110_nomorrumah-mcf_Applicant.jpeg
dalamrumah-mcf;2025051622025148991110_dalamrumah-mcf_Applicant.jpeg
rangkanomesin-mcf;2025051622025148991110_rangkanomesin-mcf_Applicant.jpeg
pbbrekening-mcf;2025051622022612719828_pbbrekening-mcf_Applicant.jpeg
kksuratnikah-mcf;2025051622022612719828_kksuratnikah-mcf_Applicant.jpeg
halamandepanbukutabungan-mcf;2025051622022612719828_halamandepanbukutabungan-mcf_Applicant.jpeg
fpkbelakang-mcf;2025051622022612719828_fpkbelakang-mcf_Applicant.jpeg
fpkdepan-mcf;2025051622022612719828_fpkdepan-mcf_Applicant.jpeg
tempatusahadepan-mcf;2025051622022612719828_tempatusahadepan-mcf_Applicant.jpeg
rumahdepan-mcf;2025051622022612719828_rumahdepan-mcf_Applicant.jpeg
pasanganttdcmo-mcf;2025051622022612719828_pasanganttdcmo-mcf_Applicant.jpeg
nasabahttdcmo-mcf;2025051622022612719828_nasabahttdcmo-mcf_Applicant.jpeg
allobank-mcf;2025051622022612719828_allobank-mcf_Applicant.jpeg
rumahjalan-mcf;2025051622024229040675_rumahjalan-mcf_Applicant.jpeg
salaryslip-mcf;2025051622024229040675_salaryslip-mcf_Applicant.jpeg
nomorrumah-mcf;2025051622024229040675_nomorrumah-mcf_Applicant.jpeg
dalamrumah-mcf;2025051622024229040675_dalamrumah-mcf_Applicant.jpeg
pricelist-mcf;2025051622024229040675_pricelist-mcf_Applicant.jpeg
buktipenghasilanusaha-mcf;2025051622024229040675_buktipenghasilanusaha-mcf_Applicant.jpeg
perizinanusaha-mcf;2025051622024229040675_perizinanusaha-mcf_Applicant.jpeg
buktikepemilikanusaha-mcf;2025051622024229040675_buktikepemilikanusaha-mcf_Applicant.jpeg
rumahjalan-mcf;2025051622022612719828_rumahjalan-mcf_Applicant.jpeg
bpkbdepan-mcf;2025051622022612719828_bpkbdepan-mcf_Applicant.jpeg
bpkbbelakang-mcf;2025051622022612719828_bpkbbelakang-mcf_Applicant.jpeg
stnkpajak-mcf;2025051622022612719828_stnkpajak-mcf_Applicant.jpeg
unitdepankanan-mcf;2025051622022612719828_unitdepankanan-mcf_Applicant.jpeg
unitdepankiri-mcf;2025051622022612719828_unitdepankiri-mcf_Applicant.jpeg
salaryslip-mcf;2025051622022612719828_salaryslip-mcf_Applicant.jpeg
nomorrumah-mcf;2025051622022612719828_nomorrumah-mcf_Applicant.jpeg
dalamrumah-mcf;2025051622022612719828_dalamrumah-mcf_Applicant.jpeg
buktipenghasilanusaha-mcf;2025051622022612719828_buktipenghasilanusaha-mcf_Applicant.jpeg
perizinanusaha-mcf;2025051622022612719828_perizinanusaha-mcf_Applicant.jpeg
buktikepemilikanusaha-mcf;2025051622022612719828_buktikepemilikanusaha-mcf_Applicant.jpeg
rangkanomesin-mcf;2025051622022612719828_rangkanomesin-mcf_Applicant.jpeg
pbbrekening-mcf;2025051622024229040675_pbbrekening-mcf_Applicant.jpeg
kksuratnikah-mcf;2025051622024229040675_kksuratnikah-mcf_Applicant.jpeg
halamandepanbukutabungan-mcf;2025051622024229040675_halamandepanbukutabungan-mcf_Applicant.jpeg
fpkbelakang-mcf;2025051622024229040675_fpkbelakang-mcf_Applicant.jpeg
fpkdepan-mcf;2025051622024229040675_fpkdepan-mcf_Applicant.jpeg
tempatusahadepan-mcf;2025051622024229040675_tempatusahadepan-mcf_Applicant.jpeg
rumahdepan-mcf;2025051622024229040675_rumahdepan-mcf_Applicant.jpeg
pasanganttdcmo-mcf;2025051622024229040675_pasanganttdcmo-mcf_Applicant.jpeg
nasabahttdcmo-mcf;2025051622024229040675_nasabahttdcmo-mcf_Applicant.jpeg
allobank-mcf;2025051622024229040675_allobank-mcf_Applicant.jpeg
pbbrekening-mcf;2025051622024015931060_pbbrekening-mcf_Applicant.jpeg
kksuratnikah-mcf;2025051622024015931060_kksuratnikah-mcf_Applicant.jpeg
halamandepanbukutabungan-mcf;2025051622024015931060_halamandepanbukutabungan-mcf_Applicant.jpeg
fpkbelakang-mcf;2025051622024015931060_fpkbelakang-mcf_Applicant.jpeg
fpkdepan-mcf;2025051622024015931060_fpkdepan-mcf_Applicant.jpeg
tempatusahadepan-mcf;2025051622024015931060_tempatusahadepan-mcf_Applicant.jpeg
rumahdepan-mcf;2025051622024015931060_rumahdepan-mcf_Applicant.jpeg
pasanganttdcmo-mcf;2025051622024015931060_pasanganttdcmo-mcf_Applicant.jpeg
nasabahttdcmo-mcf;2025051622024015931060_nasabahttdcmo-mcf_Applicant.jpeg
allobank-mcf;2025051622024015931060_allobank-mcf_Applicant.jpeg
rumahjalan-mcf;2025051622024015931060_rumahjalan-mcf_Applicant.jpeg
bpkbdepan-mcf;2025051622024015931060_bpkbdepan-mcf_Applicant.jpeg
bpkbbelakang-mcf;2025051622024015931060_bpkbbelakang-mcf_Applicant.jpeg
stnkpajak-mcf;2025051622024015931060_stnkpajak-mcf_Applicant.jpeg
unitdepankanan-mcf;2025051622024015931060_unitdepankanan-mcf_Applicant.jpeg
unitdepankiri-mcf;2025051622024015931060_unitdepankiri-mcf_Applicant.jpeg
salaryslip-mcf;2025051622024015931060_salaryslip-mcf_Applicant.jpeg
nomorrumah-mcf;2025051622024015931060_nomorrumah-mcf_Applicant.jpeg
dalamrumah-mcf;2025051622024015931060_dalamrumah-mcf_Applicant.jpeg
rangkanomesin-mcf;2025051622024015931060_rangkanomesin-mcf_Applicant.jpeg
nomorrumah-mcf;2025051622024250467993_nomorrumah-mcf_Applicant.jpeg
dalamrumah-mcf;2025051622024250467993_dalamrumah-mcf_Applicant.jpeg
buktipenghasilanusaha-mcf;2025051622024250467993_buktipenghasilanusaha-mcf_Applicant.jpeg
perizinanusaha-mcf;2025051622024250467993_perizinanusaha-mcf_Applicant.jpeg
buktikepemilikanusaha-mcf;2025051622024250467993_buktikepemilikanusaha-mcf_Applicant.jpeg
rangkanomesin-mcf;2025051622024250467993_rangkanomesin-mcf_Applicant.jpeg
pbbrekening-mcf;2025051622025100018561_pbbrekening-mcf_Applicant.jpeg
kksuratnikah-mcf;2025051622025100018561_kksuratnikah-mcf_Applicant.jpeg
halamandepanbukutabungan-mcf;2025051622025100018561_halamandepanbukutabungan-mcf_Applicant.jpeg
fpkbelakang-mcf;2025051622025100018561_fpkbelakang-mcf_Applicant.jpeg
fpkdepan-mcf;2025051622025100018561_fpkdepan-mcf_Applicant.jpeg
tempatusahadepan-mcf;2025051622025100018561_tempatusahadepan-mcf_Applicant.jpeg
rumahdepan-mcf;2025051622025100018561_rumahdepan-mcf_Applicant.jpeg
pasanganttdcmo-mcf;2025051622025100018561_pasanganttdcmo-mcf_Applicant.jpeg
nasabahttdcmo-mcf;2025051622025100018561_nasabahttdcmo-mcf_Applicant.jpeg
allobank-mcf;2025051622025100018561_allobank-mcf_Applicant.jpeg
rumahjalan-mcf;2025051622025100018561_rumahjalan-mcf_Applicant.jpeg
bpkbdepan-mcf;2025051622025100018561_bpkbdepan-mcf_Applicant.jpeg
bpkbbelakang-mcf;2025051622025100018561_bpkbbelakang-mcf_Applicant.jpeg
stnkpajak-mcf;2025051622025100018561_stnkpajak-mcf_Applicant.jpeg
unitdepankanan-mcf;2025051622025100018561_unitdepankanan-mcf_Applicant.jpeg
unitdepankiri-mcf;2025051622025100018561_unitdepankiri-mcf_Applicant.jpeg
salaryslip-mcf;2025051622025100018561_salaryslip-mcf_Applicant.jpeg
nomorrumah-mcf;2025051622025100018561_nomorrumah-mcf_Applicant.jpeg
dalamrumah-mcf;2025051622025100018561_dalamrumah-mcf_Applicant.jpeg
buktipenghasilanusaha-mcf;2025051622025100018561_buktipenghasilanusaha-mcf_Applicant.jpeg
perizinanusaha-mcf;2025051622025100018561_perizinanusaha-mcf_Applicant.jpeg
buktikepemilikanusaha-mcf;2025051622025100018561_buktikepemilikanusaha-mcf_Applicant.jpeg
rangkanomesin-mcf;2025051622025100018561_rangkanomesin-mcf_Applicant.jpeg
pbbrekening-mcf;2025051622024250467993_pbbrekening-mcf_Applicant.jpeg
kksuratnikah-mcf;2025051622024250467993_kksuratnikah-mcf_Applicant.jpeg
halamandepanbukutabungan-mcf;2025051622024250467993_halamandepanbukutabungan-mcf_Applicant.jpeg
fpkbelakang-mcf;2025051622024250467993_fpkbelakang-mcf_Applicant.jpeg
fpkdepan-mcf;2025051622024250467993_fpkdepan-mcf_Applicant.jpeg
tempatusahadepan-mcf;2025051622024250467993_tempatusahadepan-mcf_Applicant.jpeg
rumahdepan-mcf;2025051622024250467993_rumahdepan-mcf_Applicant.jpeg
pasanganttdcmo-mcf;2025051622024250467993_pasanganttdcmo-mcf_Applicant.jpeg
nasabahttdcmo-mcf;2025051622024250467993_nasabahttdcmo-mcf_Applicant.jpeg
allobank-mcf;2025051622024250467993_allobank-mcf_Applicant.jpeg
rumahjalan-mcf;2025051622024250467993_rumahjalan-mcf_Applicant.jpeg
bpkbdepan-mcf;2025051622024250467993_bpkbdepan-mcf_Applicant.jpeg
bpkbbelakang-mcf;2025051622024250467993_bpkbbelakang-mcf_Applicant.jpeg
stnkpajak-mcf;2025051622024250467993_stnkpajak-mcf_Applicant.jpeg
unitdepankanan-mcf;2025051622024250467993_unitdepankanan-mcf_Applicant.jpeg
unitdepankiri-mcf;2025051622024250467993_unitdepankiri-mcf_Applicant.jpeg
salaryslip-mcf;2025051622024250467993_salaryslip-mcf_Applicant.jpeg
pbbrekening-mcf;2025051522024429370613_pbbrekening-mcf_Applicant.jpeg
kksuratnikah-mcf;2025051522024429370613_kksuratnikah-mcf_Applicant.jpeg
halamandepanbukutabungan-mcf;2025051522024429370613_halamandepanbukutabungan-mcf_Applicant.jpeg
fpkbelakang-mcf;2025051522024429370613_fpkbelakang-mcf_Applicant.jpeg
fpkdepan-mcf;2025051522024429370613_fpkdepan-mcf_Applicant.jpeg
tempatusahadepan-mcf;2025051522024429370613_tempatusahadepan-mcf_Applicant.jpeg
rumahdepan-mcf;2025051522024429370613_rumahdepan-mcf_Applicant.jpeg
pasanganttdcmo-mcf;2025051522024429370613_pasanganttdcmo-mcf_Applicant.jpeg
nasabahttdcmo-mcf;2025051522024429370613_nasabahttdcmo-mcf_Applicant.jpeg
allobank-mcf;2025051522024429370613_allobank-mcf_Applicant.jpeg
rumahjalan-mcf;2025051522024429370613_rumahjalan-mcf_Applicant.jpeg
salaryslip-mcf;2025051522024429370613_salaryslip-mcf_Applicant.jpeg
nomorrumah-mcf;2025051522024429370613_nomorrumah-mcf_Applicant.jpeg
dalamrumah-mcf;2025051522024429370613_dalamrumah-mcf_Applicant.jpeg
pricelist-mcf;2025051522024429370613_pricelist-mcf_Applicant.jpeg
pbbrekening-mcf;20250516925093291700_pbbrekening-mcf_Applicant.jpeg
kksuratnikah-mcf;20250516925093291700_kksuratnikah-mcf_Applicant.jpeg
halamandepanbukutabungan-mcf;20250516925093291700_halamandepanbukutabungan-mcf_Applicant.jpeg
fpkbelakang-mcf;20250516925093291700_fpkbelakang-mcf_Applicant.jpeg
fpkdepan-mcf;20250516925093291700_fpkdepan-mcf_Applicant.jpeg
tempatusahadepan-mcf;20250516925093291700_tempatusahadepan-mcf_Applicant.jpeg
rumahdepan-mcf;20250516925093291700_rumahdepan-mcf_Applicant.jpeg
pasanganttdcmo-mcf;20250516925093291700_pasanganttdcmo-mcf_Applicant.jpeg
nasabahttdcmo-mcf;20250516925093291700_nasabahttdcmo-mcf_Applicant.jpeg
allobank-mcf;20250516925093291700_allobank-mcf_Applicant.jpeg
rumahjalan-mcf;20250516925093291700_rumahjalan-mcf_Applicant.jpeg
salaryslip-mcf;20250516925093291700_salaryslip-mcf_Applicant.jpeg
rumahdepan-mcf;2025051622023186342105_rumahdepan-mcf_Applicant.jpeg
pasanganttdcmo-mcf;2025051622023186342105_pasanganttdcmo-mcf_Applicant.jpeg
nasabahttdcmo-mcf;2025051622023186342105_nasabahttdcmo-mcf_Applicant.jpeg
allobank-mcf;2025051622023186342105_allobank-mcf_Applicant.jpeg
rumahjalan-mcf;2025051622023186342105_rumahjalan-mcf_Applicant.jpeg
salaryslip-mcf;2025051622023186342105_salaryslip-mcf_Applicant.jpeg
nomorrumah-mcf;2025051622023186342105_nomorrumah-mcf_Applicant.jpeg
dalamrumah-mcf;2025051622023186342105_dalamrumah-mcf_Applicant.jpeg
pricelist-mcf;2025051622023186342105_pricelist-mcf_Applicant.jpeg
buktipenghasilanusaha-mcf;2025051622023186342105_buktipenghasilanusaha-mcf_Applicant.jpeg
perizinanusaha-mcf;2025051622023186342105_perizinanusaha-mcf_Applicant.jpeg
buktikepemilikanusaha-mcf;2025051622023186342105_buktikepemilikanusaha-mcf_Applicant.jpeg
pbbrekening-mcf;2025051522023544311618_pbbrekening-mcf_Applicant.jpeg
kksuratnikah-mcf;2025051522023544311618_kksuratnikah-mcf_Applicant.jpeg
halamandepanbukutabungan-mcf;2025051522023544311618_halamandepanbukutabungan-mcf_Applicant.jpeg
fpkbelakang-mcf;2025051522023544311618_fpkbelakang-mcf_Applicant.jpeg
fpkdepan-mcf;2025051522023544311618_fpkdepan-mcf_Applicant.jpeg
tempatusahadepan-mcf;2025051522023544311618_tempatusahadepan-mcf_Applicant.jpeg
rumahdepan-mcf;2025051522023544311618_rumahdepan-mcf_Applicant.jpeg
pasanganttdcmo-mcf;2025051522023544311618_pasanganttdcmo-mcf_Applicant.jpeg
nasabahttdcmo-mcf;2025051522023544311618_nasabahttdcmo-mcf_Applicant.jpeg
allobank-mcf;2025051522023544311618_allobank-mcf_Applicant.jpeg
rumahjalan-mcf;2025051522023544311618_rumahjalan-mcf_Applicant.jpeg
bpkbdepan-mcf;2025051522023544311618_bpkbdepan-mcf_Applicant.jpeg
bpkbbelakang-mcf;2025051522023544311618_bpkbbelakang-mcf_Applicant.jpeg
stnkpajak-mcf;2025051522023544311618_stnkpajak-mcf_Applicant.jpeg
unitdepankanan-mcf;2025051522023544311618_unitdepankanan-mcf_Applicant.jpeg
unitdepankiri-mcf;2025051522023544311618_unitdepankiri-mcf_Applicant.jpeg
salaryslip-mcf;2025051522023544311618_salaryslip-mcf_Applicant.jpeg
nomorrumah-mcf;2025051522023544311618_nomorrumah-mcf_Applicant.jpeg
dalamrumah-mcf;2025051522023544311618_dalamrumah-mcf_Applicant.jpeg
rangkanomesin-mcf;2025051522023544311618_rangkanomesin-mcf_Applicant.jpeg
unitdepankanan-mcf;20250518925006636769_unitdepankanan-mcf_Applicant.jpeg
unitdepankiri-mcf;20250518925006636769_unitdepankiri-mcf_Applicant.jpeg
salaryslip-mcf;20250518925006636769_salaryslip-mcf_Applicant.jpeg
nomorrumah-mcf;20250518925006636769_nomorrumah-mcf_Applicant.jpeg
dalamrumah-mcf;20250518925006636769_dalamrumah-mcf_Applicant.jpeg
rangkanomesin-mcf;20250518925006636769_rangkanomesin-mcf_Applicant.jpeg
pbbrekening-mcf;2025051922015343999743_pbbrekening-mcf_Applicant.jpeg
kksuratnikah-mcf;2025051922015343999743_kksuratnikah-mcf_Applicant.jpeg
halamandepanbukutabungan-mcf;2025051922015343999743_halamandepanbukutabungan-mcf_Applicant.jpeg
fpkbelakang-mcf;2025051922015343999743_fpkbelakang-mcf_Applicant.jpeg
fpkdepan-mcf;2025051922015343999743_fpkdepan-mcf_Applicant.jpeg
tempatusahadepan-mcf;2025051922015343999743_tempatusahadepan-mcf_Applicant.jpeg
rumahdepan-mcf;2025051922015343999743_rumahdepan-mcf_Applicant.jpeg
pasanganttdcmo-mcf;2025051922015343999743_pasanganttdcmo-mcf_Applicant.jpeg
nasabahttdcmo-mcf;2025051922015343999743_nasabahttdcmo-mcf_Applicant.jpeg
allobank-mcf;2025051922015343999743_allobank-mcf_Applicant.jpeg
rumahjalan-mcf;2025051922015343999743_rumahjalan-mcf_Applicant.jpeg
salaryslip-mcf;2025051922015343999743_salaryslip-mcf_Applicant.jpeg
nomorrumah-mcf;2025051922015343999743_nomorrumah-mcf_Applicant.jpeg
buktipenghasilanusaha-mcf;2025051622023528964646_buktipenghasilanusaha-mcf_Applicant.jpeg
perizinanusaha-mcf;2025051622023528964646_perizinanusaha-mcf_Applicant.jpeg
buktikepemilikanusaha-mcf;2025051622023528964646_buktikepemilikanusaha-mcf_Applicant.jpeg
pbbrekening-mcf;2025051622024395344357_pbbrekening-mcf_Applicant.jpeg
kksuratnikah-mcf;2025051622024395344357_kksuratnikah-mcf_Applicant.jpeg
halamandepanbukutabungan-mcf;2025051622024395344357_halamandepanbukutabungan-mcf_Applicant.jpeg
fpkbelakang-mcf;2025051622024395344357_fpkbelakang-mcf_Applicant.jpeg
fpkdepan-mcf;2025051622024395344357_fpkdepan-mcf_Applicant.jpeg
tempatusahadepan-mcf;2025051622024395344357_tempatusahadepan-mcf_Applicant.jpeg
rumahdepan-mcf;2025051622024395344357_rumahdepan-mcf_Applicant.jpeg
pasanganttdcmo-mcf;2025051622024395344357_pasanganttdcmo-mcf_Applicant.jpeg
nasabahttdcmo-mcf;2025051622024395344357_nasabahttdcmo-mcf_Applicant.jpeg
allobank-mcf;2025051622024395344357_allobank-mcf_Applicant.jpeg
rumahjalan-mcf;2025051622024395344357_rumahjalan-mcf_Applicant.jpeg
salaryslip-mcf;2025051622024395344357_salaryslip-mcf_Applicant.jpeg
nomorrumah-mcf;2025051622024395344357_nomorrumah-mcf_Applicant.jpeg
dalamrumah-mcf;2025051622024395344357_dalamrumah-mcf_Applicant.jpeg
pricelist-mcf;2025051622024395344357_pricelist-mcf_Applicant.jpeg
buktipenghasilanusaha-mcf;2025051622024395344357_buktipenghasilanusaha-mcf_Applicant.jpeg
perizinanusaha-mcf;2025051622024395344357_perizinanusaha-mcf_Applicant.jpeg
buktikepemilikanusaha-mcf;2025051622024395344357_buktikepemilikanusaha-mcf_Applicant.jpeg
pbbrekening-mcf;2025051622025007917195_pbbrekening-mcf_Applicant.jpeg
kksuratnikah-mcf;2025051622025007917195_kksuratnikah-mcf_Applicant.jpeg
halamandepanbukutabungan-mcf;2025051622025007917195_halamandepanbukutabungan-mcf_Applicant.jpeg
fpkbelakang-mcf;2025051622025007917195_fpkbelakang-mcf_Applicant.jpeg
fpkdepan-mcf;2025051622025007917195_fpkdepan-mcf_Applicant.jpeg
tempatusahadepan-mcf;2025051622025007917195_tempatusahadepan-mcf_Applicant.jpeg
rumahdepan-mcf;2025051622025007917195_rumahdepan-mcf_Applicant.jpeg
pasanganttdcmo-mcf;2025051622025007917195_pasanganttdcmo-mcf_Applicant.jpeg
nasabahttdcmo-mcf;2025051622025007917195_nasabahttdcmo-mcf_Applicant.jpeg
allobank-mcf;2025051622025007917195_allobank-mcf_Applicant.jpeg
rumahjalan-mcf;2025051622025007917195_rumahjalan-mcf_Applicant.jpeg
salaryslip-mcf;2025051622025007917195_salaryslip-mcf_Applicant.jpeg
nomorrumah-mcf;2025051622025007917195_nomorrumah-mcf_Applicant.jpeg
dalamrumah-mcf;2025051622025007917195_dalamrumah-mcf_Applicant.jpeg
pricelist-mcf;2025051622025007917195_pricelist-mcf_Applicant.jpeg
buktipenghasilanusaha-mcf;2025051622025007917195_buktipenghasilanusaha-mcf_Applicant.jpeg
perizinanusaha-mcf;2025051622025007917195_perizinanusaha-mcf_Applicant.jpeg
pbbrekening-mcf;2025051622023528964646_pbbrekening-mcf_Applicant.jpeg
kksuratnikah-mcf;2025051622023528964646_kksuratnikah-mcf_Applicant.jpeg
halamandepanbukutabungan-mcf;2025051622023528964646_halamandepanbukutabungan-mcf_Applicant.jpeg
fpkbelakang-mcf;2025051622023528964646_fpkbelakang-mcf_Applicant.jpeg
fpkdepan-mcf;2025051622023528964646_fpkdepan-mcf_Applicant.jpeg
tempatusahadepan-mcf;2025051622023528964646_tempatusahadepan-mcf_Applicant.jpeg
nomorrumah-mcf;2025051622023528964646_nomorrumah-mcf_Applicant.jpeg
pasanganttdcmo-mcf;2025051622023528964646_pasanganttdcmo-mcf_Applicant.jpeg
nasabahttdcmo-mcf;2025051622023528964646_nasabahttdcmo-mcf_Applicant.jpeg
allobank-mcf;2025051622023528964646_allobank-mcf_Applicant.jpeg
rumahjalan-mcf;2025051622023528964646_rumahjalan-mcf_Applicant.jpeg
salaryslip-mcf;2025051622023528964646_salaryslip-mcf_Applicant.jpeg
nomorrumah-mcf;2025051622023528964646_nomorrumah-mcf_Applicant.jpeg
dalamrumah-mcf;2025051622023528964646_dalamrumah-mcf_Applicant.jpeg
pricelist-mcf;2025051622023528964646_pricelist-mcf_Applicant.jpeg
buktikepemilikanusaha-mcf;2025051622025007917195_buktikepemilikanusaha-mcf_Applicant.jpeg
pbbrekening-mcf;2025051622025126257120_pbbrekening-mcf_Applicant.jpeg
kksuratnikah-mcf;2025051622025126257120_kksuratnikah-mcf_Applicant.jpeg
halamandepanbukutabungan-mcf;2025051622025126257120_halamandepanbukutabungan-mcf_Applicant.jpeg
fpkbelakang-mcf;2025051622025126257120_fpkbelakang-mcf_Applicant.jpeg
fpkdepan-mcf;2025051622025126257120_fpkdepan-mcf_Applicant.jpeg
tempatusahadepan-mcf;2025051622025126257120_tempatusahadepan-mcf_Applicant.jpeg
tempatusahadepan-mcf;20250516925154426618_tempatusahadepan-mcf_Applicant.jpeg
rumahdepan-mcf;20250516925154426618_rumahdepan-mcf_Applicant.jpeg
pasanganttdcmo-mcf;20250516925154426618_pasanganttdcmo-mcf_Applicant.jpeg
nasabahttdcmo-mcf;20250516925154426618_nasabahttdcmo-mcf_Applicant.jpeg
allobank-mcf;20250516925154426618_allobank-mcf_Applicant.jpeg
rumahjalan-mcf;20250516925154426618_rumahjalan-mcf_Applicant.jpeg
salaryslip-mcf;20250516925154426618_salaryslip-mcf_Applicant.jpeg
nomorrumah-mcf;20250516925154426618_nomorrumah-mcf_Applicant.jpeg
dalamrumah-mcf;20250516925154426618_dalamrumah-mcf_Applicant.jpeg
pricelist-mcf;20250516925154426618_pricelist-mcf_Applicant.jpeg
pbbrekening-mcf;2025051622023528985367_pbbrekening-mcf_Applicant.jpeg
kksuratnikah-mcf;2025051622023528985367_kksuratnikah-mcf_Applicant.jpeg
halamandepanbukutabungan-mcf;2025051622023528985367_halamandepanbukutabungan-mcf_Applicant.jpeg
fpkbelakang-mcf;2025051622023528985367_fpkbelakang-mcf_Applicant.jpeg
fpkdepan-mcf;2025051622023528985367_fpkdepan-mcf_Applicant.jpeg
tempatusahadepan-mcf;2025051622023528985367_tempatusahadepan-mcf_Applicant.jpeg
rumahdepan-mcf;2025051622023528985367_rumahdepan-mcf_Applicant.jpeg
pasanganttdcmo-mcf;2025051622023528985367_pasanganttdcmo-mcf_Applicant.jpeg
nasabahttdcmo-mcf;2025051622023528985367_nasabahttdcmo-mcf_Applicant.jpeg
allobank-mcf;2025051622023528985367_allobank-mcf_Applicant.jpeg
rumahjalan-mcf;2025051622023528985367_rumahjalan-mcf_Applicant.jpeg
salaryslip-mcf;2025051622023528985367_salaryslip-mcf_Applicant.jpeg
nomorrumah-mcf;2025051622023528985367_nomorrumah-mcf_Applicant.jpeg
dalamrumah-mcf;2025051622023528985367_dalamrumah-mcf_Applicant.jpeg
pricelist-mcf;2025051622023528985367_pricelist-mcf_Applicant.jpeg
buktipenghasilanusaha-mcf;2025051622023528985367_buktipenghasilanusaha-mcf_Applicant.jpeg
perizinanusaha-mcf;2025051622023528985367_perizinanusaha-mcf_Applicant.jpeg
buktikepemilikanusaha-mcf;2025051622023528985367_buktikepemilikanusaha-mcf_Applicant.jpeg
rumahdepan-mcf;2025051622025126257120_rumahdepan-mcf_Applicant.jpeg
pasanganttdcmo-mcf;2025051622025126257120_pasanganttdcmo-mcf_Applicant.jpeg
nasabahttdcmo-mcf;2025051622025126257120_nasabahttdcmo-mcf_Applicant.jpeg
allobank-mcf;2025051622025126257120_allobank-mcf_Applicant.jpeg
rumahjalan-mcf;2025051622025126257120_rumahjalan-mcf_Applicant.jpeg
bpkbdepan-mcf;2025051622025126257120_bpkbdepan-mcf_Applicant.jpeg
bpkbbelakang-mcf;2025051622025126257120_bpkbbelakang-mcf_Applicant.jpeg
stnkpajak-mcf;2025051622025126257120_stnkpajak-mcf_Applicant.jpeg
unitdepankanan-mcf;2025051622025126257120_unitdepankanan-mcf_Applicant.jpeg
unitdepankiri-mcf;2025051622025126257120_unitdepankiri-mcf_Applicant.jpeg
salaryslip-mcf;2025051622025126257120_salaryslip-mcf_Applicant.jpeg
nomorrumah-mcf;2025051622025126257120_nomorrumah-mcf_Applicant.jpeg
dalamrumah-mcf;2025051622025126257120_dalamrumah-mcf_Applicant.jpeg
buktipenghasilanusaha-mcf;2025051622025126257120_buktipenghasilanusaha-mcf_Applicant.jpeg
perizinanusaha-mcf;2025051622025126257120_perizinanusaha-mcf_Applicant.jpeg
buktikepemilikanusaha-mcf;2025051622025126257120_buktikepemilikanusaha-mcf_Applicant.jpeg
rangkanomesin-mcf;2025051622025126257120_rangkanomesin-mcf_Applicant.jpeg
pbbrekening-mcf;20250516925154426618_pbbrekening-mcf_Applicant.jpeg
kksuratnikah-mcf;20250516925154426618_kksuratnikah-mcf_Applicant.jpeg
halamandepanbukutabungan-mcf;20250516925154426618_halamandepanbukutabungan-mcf_Applicant.jpeg
fpkbelakang-mcf;20250516925154426618_fpkbelakang-mcf_Applicant.jpeg
fpkdepan-mcf;20250516925154426618_fpkdepan-mcf_Applicant.jpeg
pbbrekening-mcf;2025051622024202635472_pbbrekening-mcf_Applicant.jpeg
kksuratnikah-mcf;2025051622024202635472_kksuratnikah-mcf_Applicant.jpeg
halamandepanbukutabungan-mcf;2025051622024202635472_halamandepanbukutabungan-mcf_Applicant.jpeg
fpkbelakang-mcf;2025051622024202635472_fpkbelakang-mcf_Applicant.jpeg
fpkdepan-mcf;2025051622024202635472_fpkdepan-mcf_Applicant.jpeg
tempatusahadepan-mcf;2025051622024202635472_tempatusahadepan-mcf_Applicant.jpeg
rumahdepan-mcf;2025051622024202635472_rumahdepan-mcf_Applicant.jpeg
pasanganttdcmo-mcf;2025051622024202635472_pasanganttdcmo-mcf_Applicant.jpeg
nasabahttdcmo-mcf;2025051622024202635472_nasabahttdcmo-mcf_Applicant.jpeg
allobank-mcf;2025051622024202635472_allobank-mcf_Applicant.jpeg
rumahjalan-mcf;2025051622024202635472_rumahjalan-mcf_Applicant.jpeg
salaryslip-mcf;2025051622024202635472_salaryslip-mcf_Applicant.jpeg
nomorrumah-mcf;2025051622024202635472_nomorrumah-mcf_Applicant.jpeg
dalamrumah-mcf;2025051622024202635472_dalamrumah-mcf_Applicant.jpeg
pricelist-mcf;2025051622024202635472_pricelist-mcf_Applicant.jpeg
stnkpajak-mcf;2025051722023010847581_stnkpajak-mcf_Applicant.jpeg
unitdepankanan-mcf;2025051722023010847581_unitdepankanan-mcf_Applicant.jpeg
unitdepankiri-mcf;2025051722023010847581_unitdepankiri-mcf_Applicant.jpeg
salaryslip-mcf;2025051722023010847581_salaryslip-mcf_Applicant.jpeg
nomorrumah-mcf;2025051722023010847581_nomorrumah-mcf_Applicant.jpeg
dalamrumah-mcf;2025051722023010847581_dalamrumah-mcf_Applicant.jpeg
rangkanomesin-mcf;2025051722023010847581_rangkanomesin-mcf_Applicant.jpeg
pbbrekening-mcf;2025051722024242765049_pbbrekening-mcf_Applicant.jpeg
kksuratnikah-mcf;2025051722024242765049_kksuratnikah-mcf_Applicant.jpeg
halamandepanbukutabungan-mcf;2025051722024242765049_halamandepanbukutabungan-mcf_Applicant.jpeg
fpkbelakang-mcf;2025051722024242765049_fpkbelakang-mcf_Applicant.jpeg
fpkdepan-mcf;2025051722024242765049_fpkdepan-mcf_Applicant.jpeg
tempatusahadepan-mcf;2025051722024242765049_tempatusahadepan-mcf_Applicant.jpeg
rumahdepan-mcf;2025051722024242765049_rumahdepan-mcf_Applicant.jpeg
pasanganttdcmo-mcf;2025051722024242765049_pasanganttdcmo-mcf_Applicant.jpeg
nasabahttdcmo-mcf;2025051722024242765049_nasabahttdcmo-mcf_Applicant.jpeg
allobank-mcf;2025051722024242765049_allobank-mcf_Applicant.jpeg
rumahjalan-mcf;2025051722024242765049_rumahjalan-mcf_Applicant.jpeg
salaryslip-mcf;2025051722024242765049_salaryslip-mcf_Applicant.jpeg
nomorrumah-mcf;2025051722024242765049_nomorrumah-mcf_Applicant.jpeg
dalamrumah-mcf;2025051722024242765049_dalamrumah-mcf_Applicant.jpeg
kksuratnikah-mcf;2025051722024242756477_kksuratnikah-mcf_Applicant.jpeg
halamandepanbukutabungan-mcf;2025051722024242756477_halamandepanbukutabungan-mcf_Applicant.jpeg
fpkbelakang-mcf;2025051722024242756477_fpkbelakang-mcf_Applicant.jpeg
fpkdepan-mcf;2025051722024242756477_fpkdepan-mcf_Applicant.jpeg
tempatusahadepan-mcf;2025051722024242756477_tempatusahadepan-mcf_Applicant.jpeg
rumahdepan-mcf;2025051722024242756477_rumahdepan-mcf_Applicant.jpeg
pasanganttdcmo-mcf;2025051722024242756477_pasanganttdcmo-mcf_Applicant.jpeg
nasabahttdcmo-mcf;2025051722024242756477_nasabahttdcmo-mcf_Applicant.jpeg
allobank-mcf;2025051722024242756477_allobank-mcf_Applicant.jpeg
rumahjalan-mcf;2025051722024242756477_rumahjalan-mcf_Applicant.jpeg
salaryslip-mcf;2025051722024242756477_salaryslip-mcf_Applicant.jpeg
nomorrumah-mcf;2025051722024242756477_nomorrumah-mcf_Applicant.jpeg
dalamrumah-mcf;2025051722024242756477_dalamrumah-mcf_Applicant.jpeg
pricelist-mcf;2025051722024242756477_pricelist-mcf_Applicant.jpeg
pbbrekening-mcf;2025051322024447749332_pbbrekening-mcf_Applicant.jpeg
kksuratnikah-mcf;2025051322024447749332_kksuratnikah-mcf_Applicant.jpeg
halamandepanbukutabungan-mcf;2025051322024447749332_halamandepanbukutabungan-mcf_Applicant.jpeg
fpkbelakang-mcf;2025051322024447749332_fpkbelakang-mcf_Applicant.jpeg
fpkdepan-mcf;2025051322024447749332_fpkdepan-mcf_Applicant.jpeg
tempatusahadepan-mcf;2025051322024447749332_tempatusahadepan-mcf_Applicant.jpeg
rumahdepan-mcf;2025051322024447749332_rumahdepan-mcf_Applicant.jpeg
pasanganttdcmo-mcf;2025051322024447749332_pasanganttdcmo-mcf_Applicant.jpeg
nasabahttdcmo-mcf;2025051322024447749332_nasabahttdcmo-mcf_Applicant.jpeg
allobank-mcf;2025051322024447749332_allobank-mcf_Applicant.jpeg
rumahjalan-mcf;2025051322024447749332_rumahjalan-mcf_Applicant.jpeg
bpkbdepan-mcf;2025051322024447749332_bpkbdepan-mcf_Applicant.jpeg
bpkbbelakang-mcf;2025051322024447749332_bpkbbelakang-mcf_Applicant.jpeg
stnkpajak-mcf;2025051322024447749332_stnkpajak-mcf_Applicant.jpeg
unitdepankanan-mcf;2025051322024447749332_unitdepankanan-mcf_Applicant.jpeg
unitdepankiri-mcf;2025051322024447749332_unitdepankiri-mcf_Applicant.jpeg
salaryslip-mcf;2025051322024447749332_salaryslip-mcf_Applicant.jpeg
nomorrumah-mcf;2025051322024447749332_nomorrumah-mcf_Applicant.jpeg
dalamrumah-mcf;2025051322024447749332_dalamrumah-mcf_Applicant.jpeg
rangkanomesin-mcf;2025051322024447749332_rangkanomesin-mcf_Applicant.jpeg
pbbrekening-mcf;2025051722022252531357_pbbrekening-mcf_Applicant.jpeg
kksuratnikah-mcf;2025051722022252531357_kksuratnikah-mcf_Applicant.jpeg
halamandepanbukutabungan-mcf;2025051722022252531357_halamandepanbukutabungan-mcf_Applicant.jpeg
fpkbelakang-mcf;2025051722022252531357_fpkbelakang-mcf_Applicant.jpeg
fpkdepan-mcf;2025051722022252531357_fpkdepan-mcf_Applicant.jpeg
tempatusahadepan-mcf;2025051722022252531357_tempatusahadepan-mcf_Applicant.jpeg
pricelist-mcf;2025051722024242765049_pricelist-mcf_Applicant.jpeg
pbbrekening-mcf;2025051722017275723037_pbbrekening-mcf_Applicant.jpeg
kksuratnikah-mcf;2025051722017275723037_kksuratnikah-mcf_Applicant.jpeg
halamandepanbukutabungan-mcf;2025051722017275723037_halamandepanbukutabungan-mcf_Applicant.jpeg
fpkbelakang-mcf;2025051722017275723037_fpkbelakang-mcf_Applicant.jpeg
fpkdepan-mcf;2025051722017275723037_fpkdepan-mcf_Applicant.jpeg
tempatusahadepan-mcf;2025051722017275723037_tempatusahadepan-mcf_Applicant.jpeg
rumahdepan-mcf;2025051722017275723037_rumahdepan-mcf_Applicant.jpeg
pasanganttdcmo-mcf;2025051722017275723037_pasanganttdcmo-mcf_Applicant.jpeg
nasabahttdcmo-mcf;2025051722017275723037_nasabahttdcmo-mcf_Applicant.jpeg
allobank-mcf;2025051722017275723037_allobank-mcf_Applicant.jpeg
rumahjalan-mcf;2025051722017275723037_rumahjalan-mcf_Applicant.jpeg
salaryslip-mcf;2025051722017275723037_salaryslip-mcf_Applicant.jpeg
nomorrumah-mcf;2025051722017275723037_nomorrumah-mcf_Applicant.jpeg
dalamrumah-mcf;2025051722017275723037_dalamrumah-mcf_Applicant.jpeg
pricelist-mcf;2025051722017275723037_pricelist-mcf_Applicant.jpeg
buktipenghasilanusaha-mcf;2025051722017275723037_buktipenghasilanusaha-mcf_Applicant.jpeg
perizinanusaha-mcf;2025051722017275723037_perizinanusaha-mcf_Applicant.jpeg
buktikepemilikanusaha-mcf;2025051722017275723037_buktikepemilikanusaha-mcf_Applicant.jpeg
pbbrekening-mcf;2025051722024242756477_pbbrekening-mcf_Applicant.jpeg
nomorrumah-mcf;20250516925093291700_nomorrumah-mcf_Applicant.jpeg
dalamrumah-mcf;20250516925093291700_dalamrumah-mcf_Applicant.jpeg
pricelist-mcf;20250516925093291700_pricelist-mcf_Applicant.jpeg
pbbrekening-mcf;2025051622024538878800_pbbrekening-mcf_Applicant.jpeg
kksuratnikah-mcf;2025051622024538878800_kksuratnikah-mcf_Applicant.jpeg
halamandepanbukutabungan-mcf;2025051622024538878800_halamandepanbukutabungan-mcf_Applicant.jpeg
fpkbelakang-mcf;2025051622024538878800_fpkbelakang-mcf_Applicant.jpeg
fpkdepan-mcf;2025051622024538878800_fpkdepan-mcf_Applicant.jpeg
tempatusahadepan-mcf;2025051622024538878800_tempatusahadepan-mcf_Applicant.jpeg
rumahdepan-mcf;2025051622024538878800_rumahdepan-mcf_Applicant.jpeg
pasanganttdcmo-mcf;2025051622024538878800_pasanganttdcmo-mcf_Applicant.jpeg
nasabahttdcmo-mcf;2025051622024538878800_nasabahttdcmo-mcf_Applicant.jpeg
allobank-mcf;2025051622024538878800_allobank-mcf_Applicant.jpeg
rumahjalan-mcf;2025051622024538878800_rumahjalan-mcf_Applicant.jpeg
salaryslip-mcf;2025051622024538878800_salaryslip-mcf_Applicant.jpeg
nomorrumah-mcf;2025051622024538878800_nomorrumah-mcf_Applicant.jpeg
dalamrumah-mcf;2025051622024538878800_dalamrumah-mcf_Applicant.jpeg
pricelist-mcf;2025051622024538878800_pricelist-mcf_Applicant.jpeg
pbbrekening-mcf;2025051622023186342105_pbbrekening-mcf_Applicant.jpeg
kksuratnikah-mcf;2025051622023186342105_kksuratnikah-mcf_Applicant.jpeg
halamandepanbukutabungan-mcf;2025051622023186342105_halamandepanbukutabungan-mcf_Applicant.jpeg
fpkbelakang-mcf;2025051622023186342105_fpkbelakang-mcf_Applicant.jpeg
fpkdepan-mcf;2025051622023186342105_fpkdepan-mcf_Applicant.jpeg
tempatusahadepan-mcf;2025051622023186342105_tempatusahadepan-mcf_Applicant.jpeg
rumahdepan-mcf;2025051722022252531357_rumahdepan-mcf_Applicant.jpeg
pasanganttdcmo-mcf;2025051722022252531357_pasanganttdcmo-mcf_Applicant.jpeg
nasabahttdcmo-mcf;2025051722022252531357_nasabahttdcmo-mcf_Applicant.jpeg
allobank-mcf;2025051722022252531357_allobank-mcf_Applicant.jpeg
rumahjalan-mcf;2025051722022252531357_rumahjalan-mcf_Applicant.jpeg
salaryslip-mcf;2025051722022252531357_salaryslip-mcf_Applicant.jpeg
nomorrumah-mcf;2025051722022252531357_nomorrumah-mcf_Applicant.jpeg
dalamrumah-mcf;2025051722022252531357_dalamrumah-mcf_Applicant.jpeg
pricelist-mcf;2025051722022252531357_pricelist-mcf_Applicant.jpeg
buktipenghasilanusaha-mcf;2025051722022252531357_buktipenghasilanusaha-mcf_Applicant.jpeg
perizinanusaha-mcf;2025051722022252531357_perizinanusaha-mcf_Applicant.jpeg
buktikepemilikanusaha-mcf;2025051722022252531357_buktikepemilikanusaha-mcf_Applicant.jpeg
pbbrekening-mcf;2025051622024270255377_pbbrekening-mcf_Applicant.jpeg
kksuratnikah-mcf;2025051622024270255377_kksuratnikah-mcf_Applicant.jpeg
halamandepanbukutabungan-mcf;2025051622024270255377_halamandepanbukutabungan-mcf_Applicant.jpeg
fpkbelakang-mcf;2025051622024270255377_fpkbelakang-mcf_Applicant.jpeg
fpkdepan-mcf;2025051622024270255377_fpkdepan-mcf_Applicant.jpeg
tempatusahadepan-mcf;2025051622024270255377_tempatusahadepan-mcf_Applicant.jpeg
rumahdepan-mcf;2025051622024270255377_rumahdepan-mcf_Applicant.jpeg
pasanganttdcmo-mcf;2025051622024270255377_pasanganttdcmo-mcf_Applicant.jpeg
nasabahttdcmo-mcf;2025051622024270255377_nasabahttdcmo-mcf_Applicant.jpeg
allobank-mcf;2025051622024270255377_allobank-mcf_Applicant.jpeg
rumahjalan-mcf;2025051622024270255377_rumahjalan-mcf_Applicant.jpeg
salaryslip-mcf;2025051622024270255377_salaryslip-mcf_Applicant.jpeg
nomorrumah-mcf;2025051622024270255377_nomorrumah-mcf_Applicant.jpeg
dalamrumah-mcf;2025051622024270255377_dalamrumah-mcf_Applicant.jpeg
pricelist-mcf;2025051622024270255377_pricelist-mcf_Applicant.jpeg
buktipenghasilanusaha-mcf;2025051622024270255377_buktipenghasilanusaha-mcf_Applicant.jpeg
perizinanusaha-mcf;2025051622024270255377_perizinanusaha-mcf_Applicant.jpeg
buktikepemilikanusaha-mcf;2025051622024270255377_buktikepemilikanusaha-mcf_Applicant.jpeg
dalamrumah-mcf;2025052022022425782899_dalamrumah-mcf_Applicant.jpeg
rangkanomesin-mcf;2025052022022425782899_rangkanomesin-mcf_Applicant.jpeg
pbbrekening-mcf;2025051922023375165859_pbbrekening-mcf_Applicant.jpeg
kksuratnikah-mcf;2025051922023375165859_kksuratnikah-mcf_Applicant.jpeg
halamandepanbukutabungan-mcf;2025051922023375165859_halamandepanbukutabungan-mcf_Applicant.jpeg
fpkbelakang-mcf;2025051922023375165859_fpkbelakang-mcf_Applicant.jpeg
fpkdepan-mcf;2025051922023375165859_fpkdepan-mcf_Applicant.jpeg
tempatusahadepan-mcf;2025051922023375165859_tempatusahadepan-mcf_Applicant.jpeg
rumahdepan-mcf;2025051922023375165859_rumahdepan-mcf_Applicant.jpeg
pasanganttdcmo-mcf;2025051922023375165859_pasanganttdcmo-mcf_Applicant.jpeg
nasabahttdcmo-mcf;2025051922023375165859_nasabahttdcmo-mcf_Applicant.jpeg
allobank-mcf;2025051922023375165859_allobank-mcf_Applicant.jpeg
rumahjalan-mcf;2025051922023375165859_rumahjalan-mcf_Applicant.jpeg
salaryslip-mcf;2025051922023375165859_salaryslip-mcf_Applicant.jpeg
nomorrumah-mcf;2025051922023375165859_nomorrumah-mcf_Applicant.jpeg
dalamrumah-mcf;2025051922023375165859_dalamrumah-mcf_Applicant.jpeg
pricelist-mcf;2025051922023375165859_pricelist-mcf_Applicant.jpeg
tempatusahadepan-mcf;2025051722021302562276_tempatusahadepan-mcf_Applicant.jpeg
rumahdepan-mcf;2025051722021302562276_rumahdepan-mcf_Applicant.jpeg
pasanganttdcmo-mcf;2025051722021302562276_pasanganttdcmo-mcf_Applicant.jpeg
nasabahttdcmo-mcf;2025051722021302562276_nasabahttdcmo-mcf_Applicant.jpeg
allobank-mcf;2025051722021302562276_allobank-mcf_Applicant.jpeg
rumahjalan-mcf;2025051722021302562276_rumahjalan-mcf_Applicant.jpeg
salaryslip-mcf;2025051722021302562276_salaryslip-mcf_Applicant.jpeg
nomorrumah-mcf;2025051722021302562276_nomorrumah-mcf_Applicant.jpeg
dalamrumah-mcf;2025051722021302562276_dalamrumah-mcf_Applicant.jpeg
pricelist-mcf;2025051722021302562276_pricelist-mcf_Applicant.jpeg
pbbrekening-mcf;2025051622024395357871_pbbrekening-mcf_Applicant.jpeg
kksuratnikah-mcf;2025051622024395357871_kksuratnikah-mcf_Applicant.jpeg
halamandepanbukutabungan-mcf;2025051622024395357871_halamandepanbukutabungan-mcf_Applicant.jpeg
fpkbelakang-mcf;2025051622024395357871_fpkbelakang-mcf_Applicant.jpeg
fpkdepan-mcf;2025051622024395357871_fpkdepan-mcf_Applicant.jpeg
tempatusahadepan-mcf;2025051622024395357871_tempatusahadepan-mcf_Applicant.jpeg
pbbrekening-mcf;2025051722021302562276_pbbrekening-mcf_Applicant.jpeg
kksuratnikah-mcf;2025051722021302562276_kksuratnikah-mcf_Applicant.jpeg
halamandepanbukutabungan-mcf;2025051722021302562276_halamandepanbukutabungan-mcf_Applicant.jpeg
fpkbelakang-mcf;2025051722021302562276_fpkbelakang-mcf_Applicant.jpeg
fpkdepan-mcf;2025051722021302562276_fpkdepan-mcf_Applicant.jpeg
unitdepankiri-mcf;2025051722022612788035_unitdepankiri-mcf_Applicant.jpeg
salaryslip-mcf;2025051722022612788035_salaryslip-mcf_Applicant.jpeg
nomorrumah-mcf;2025051722022612788035_nomorrumah-mcf_Applicant.jpeg
dalamrumah-mcf;2025051722022612788035_dalamrumah-mcf_Applicant.jpeg
rangkanomesin-mcf;2025051722022612788035_rangkanomesin-mcf_Applicant.jpeg
pbbrekening-mcf;2025051622023528958255_pbbrekening-mcf_Applicant.jpeg
kksuratnikah-mcf;2025051622023528958255_kksuratnikah-mcf_Applicant.jpeg
halamandepanbukutabungan-mcf;2025051622023528958255_halamandepanbukutabungan-mcf_Applicant.jpeg
fpkbelakang-mcf;2025051622023528958255_fpkbelakang-mcf_Applicant.jpeg
fpkdepan-mcf;2025051622023528958255_fpkdepan-mcf_Applicant.jpeg
tempatusahadepan-mcf;2025051622023528958255_tempatusahadepan-mcf_Applicant.jpeg
rumahdepan-mcf;2025051622023528958255_rumahdepan-mcf_Applicant.jpeg
pasanganttdcmo-mcf;2025051622023528958255_pasanganttdcmo-mcf_Applicant.jpeg
nasabahttdcmo-mcf;2025051622023528958255_nasabahttdcmo-mcf_Applicant.jpeg
allobank-mcf;2025051622023528958255_allobank-mcf_Applicant.jpeg
rumahjalan-mcf;2025051622023528958255_rumahjalan-mcf_Applicant.jpeg
salaryslip-mcf;2025051622023528958255_salaryslip-mcf_Applicant.jpeg
nomorrumah-mcf;2025051622023528958255_nomorrumah-mcf_Applicant.jpeg
dalamrumah-mcf;2025051622023528958255_dalamrumah-mcf_Applicant.jpeg
pricelist-mcf;2025051622023528958255_pricelist-mcf_Applicant.jpeg
rumahdepan-mcf;2025051622024395357871_rumahdepan-mcf_Applicant.jpeg
pasanganttdcmo-mcf;2025051622024395357871_pasanganttdcmo-mcf_Applicant.jpeg
nasabahttdcmo-mcf;2025051622024395357871_nasabahttdcmo-mcf_Applicant.jpeg
allobank-mcf;2025051622024395357871_allobank-mcf_Applicant.jpeg
rumahjalan-mcf;2025051622024395357871_rumahjalan-mcf_Applicant.jpeg
salaryslip-mcf;2025051622024395357871_salaryslip-mcf_Applicant.jpeg
nomorrumah-mcf;2025051622024395357871_nomorrumah-mcf_Applicant.jpeg
dalamrumah-mcf;2025051622024395357871_dalamrumah-mcf_Applicant.jpeg
pricelist-mcf;2025051622024395357871_pricelist-mcf_Applicant.jpeg
pbbrekening-mcf;2025051722022612788035_pbbrekening-mcf_Applicant.jpeg
kksuratnikah-mcf;2025051722022612788035_kksuratnikah-mcf_Applicant.jpeg
halamandepanbukutabungan-mcf;2025051722022612788035_halamandepanbukutabungan-mcf_Applicant.jpeg
fpkbelakang-mcf;2025051722022612788035_fpkbelakang-mcf_Applicant.jpeg
fpkdepan-mcf;2025051722022612788035_fpkdepan-mcf_Applicant.jpeg
tempatusahadepan-mcf;2025051722022612788035_tempatusahadepan-mcf_Applicant.jpeg
rumahdepan-mcf;2025051722022612788035_rumahdepan-mcf_Applicant.jpeg
pasanganttdcmo-mcf;2025051722022612788035_pasanganttdcmo-mcf_Applicant.jpeg
nasabahttdcmo-mcf;2025051722022612788035_nasabahttdcmo-mcf_Applicant.jpeg
allobank-mcf;2025051722022612788035_allobank-mcf_Applicant.jpeg
rumahjalan-mcf;2025051722022612788035_rumahjalan-mcf_Applicant.jpeg
bpkbdepan-mcf;2025051722022612788035_bpkbdepan-mcf_Applicant.jpeg
bpkbbelakang-mcf;2025051722022612788035_bpkbbelakang-mcf_Applicant.jpeg
stnkpajak-mcf;2025051722022612788035_stnkpajak-mcf_Applicant.jpeg
unitdepankanan-mcf;2025051722022612788035_unitdepankanan-mcf_Applicant.jpeg
buktipenghasilanusaha-mcf;2025051622024202635472_buktipenghasilanusaha-mcf_Applicant.jpeg
perizinanusaha-mcf;2025051622024202635472_perizinanusaha-mcf_Applicant.jpeg
buktikepemilikanusaha-mcf;2025051622024202635472_buktikepemilikanusaha-mcf_Applicant.jpeg
pbbrekening-mcf;2025051722023010847581_pbbrekening-mcf_Applicant.jpeg
kksuratnikah-mcf;2025051722023010847581_kksuratnikah-mcf_Applicant.jpeg
halamandepanbukutabungan-mcf;2025051722023010847581_halamandepanbukutabungan-mcf_Applicant.jpeg
fpkbelakang-mcf;2025051722023010847581_fpkbelakang-mcf_Applicant.jpeg
fpkdepan-mcf;2025051722023010847581_fpkdepan-mcf_Applicant.jpeg
tempatusahadepan-mcf;2025051722023010847581_tempatusahadepan-mcf_Applicant.jpeg
rumahdepan-mcf;2025051722023010847581_rumahdepan-mcf_Applicant.jpeg
pasanganttdcmo-mcf;2025051722023010847581_pasanganttdcmo-mcf_Applicant.jpeg
nasabahttdcmo-mcf;2025051722023010847581_nasabahttdcmo-mcf_Applicant.jpeg
allobank-mcf;2025051722023010847581_allobank-mcf_Applicant.jpeg
rumahjalan-mcf;2025051722023010847581_rumahjalan-mcf_Applicant.jpeg
bpkbdepan-mcf;2025051722023010847581_bpkbdepan-mcf_Applicant.jpeg
bpkbbelakang-mcf;2025051722023010847581_bpkbbelakang-mcf_Applicant.jpeg
pbbrekening-mcf;2025051722021178758293_pbbrekening-mcf_Applicant.jpeg
kksuratnikah-mcf;2025051722021178758293_kksuratnikah-mcf_Applicant.jpeg
halamandepanbukutabungan-mcf;2025051722021178758293_halamandepanbukutabungan-mcf_Applicant.jpeg
fpkbelakang-mcf;2025051722021178758293_fpkbelakang-mcf_Applicant.jpeg
fpkdepan-mcf;2025051722021178758293_fpkdepan-mcf_Applicant.jpeg
tempatusahadepan-mcf;2025051722021178758293_tempatusahadepan-mcf_Applicant.jpeg
allobank-mcf;2025051722024391252011_allobank-mcf_Applicant.jpeg
rumahjalan-mcf;2025051722024391252011_rumahjalan-mcf_Applicant.jpeg
bpkbdepan-mcf;2025051722024391252011_bpkbdepan-mcf_Applicant.jpeg
bpkbbelakang-mcf;2025051722024391252011_bpkbbelakang-mcf_Applicant.jpeg
stnkpajak-mcf;2025051722024391252011_stnkpajak-mcf_Applicant.jpeg
unitdepankanan-mcf;2025051722024391252011_unitdepankanan-mcf_Applicant.jpeg
unitdepankiri-mcf;2025051722024391252011_unitdepankiri-mcf_Applicant.jpeg
salaryslip-mcf;2025051722024391252011_salaryslip-mcf_Applicant.jpeg
nomorrumah-mcf;2025051722024391252011_nomorrumah-mcf_Applicant.jpeg
dalamrumah-mcf;2025051722024391252011_dalamrumah-mcf_Applicant.jpeg
rangkanomesin-mcf;2025051722024391252011_rangkanomesin-mcf_Applicant.jpeg
rumahdepan-mcf;2025051722021178758293_rumahdepan-mcf_Applicant.jpeg
pasanganttdcmo-mcf;2025051722021178758293_pasanganttdcmo-mcf_Applicant.jpeg
nasabahttdcmo-mcf;2025051722021178758293_nasabahttdcmo-mcf_Applicant.jpeg
allobank-mcf;2025051722021178758293_allobank-mcf_Applicant.jpeg
rumahjalan-mcf;2025051722021178758293_rumahjalan-mcf_Applicant.jpeg
bpkbdepan-mcf;2025051722021178758293_bpkbdepan-mcf_Applicant.jpeg
bpkbbelakang-mcf;2025051722021178758293_bpkbbelakang-mcf_Applicant.jpeg
stnkpajak-mcf;2025051722021178758293_stnkpajak-mcf_Applicant.jpeg
unitdepankanan-mcf;2025051722021178758293_unitdepankanan-mcf_Applicant.jpeg
unitdepankiri-mcf;2025051722021178758293_unitdepankiri-mcf_Applicant.jpeg
salaryslip-mcf;2025051722021178758293_salaryslip-mcf_Applicant.jpeg
nomorrumah-mcf;2025051722021178758293_nomorrumah-mcf_Applicant.jpeg
dalamrumah-mcf;2025051722021178758293_dalamrumah-mcf_Applicant.jpeg
rangkanomesin-mcf;2025051722021178758293_rangkanomesin-mcf_Applicant.jpeg
pbbrekening-mcf;2025051722024391252011_pbbrekening-mcf_Applicant.jpeg
kksuratnikah-mcf;2025051722024391252011_kksuratnikah-mcf_Applicant.jpeg
halamandepanbukutabungan-mcf;2025051722024391252011_halamandepanbukutabungan-mcf_Applicant.jpeg
fpkbelakang-mcf;2025051722024391252011_fpkbelakang-mcf_Applicant.jpeg
fpkdepan-mcf;2025051722024391252011_fpkdepan-mcf_Applicant.jpeg
tempatusahadepan-mcf;2025051722024391252011_tempatusahadepan-mcf_Applicant.jpeg
rumahdepan-mcf;2025051722024391252011_rumahdepan-mcf_Applicant.jpeg
pasanganttdcmo-mcf;2025051722024391252011_pasanganttdcmo-mcf_Applicant.jpeg
nasabahttdcmo-mcf;2025051722024391252011_nasabahttdcmo-mcf_Applicant.jpeg
salaryslip-mcf;2025051722025160115115_salaryslip-mcf_Applicant.jpeg
nomorrumah-mcf;2025051722025160115115_nomorrumah-mcf_Applicant.jpeg
dalamrumah-mcf;2025051722025160115115_dalamrumah-mcf_Applicant.jpeg
rangkanomesin-mcf;2025051722025160115115_rangkanomesin-mcf_Applicant.jpeg
pbbrekening-mcf;2025051522025093056275_pbbrekening-mcf_Applicant.jpeg
kksuratnikah-mcf;2025051522025093056275_kksuratnikah-mcf_Applicant.jpeg
halamandepanbukutabungan-mcf;2025051522025093056275_halamandepanbukutabungan-mcf_Applicant.jpeg
fpkbelakang-mcf;2025051522025093056275_fpkbelakang-mcf_Applicant.jpeg
fpkdepan-mcf;2025051522025093056275_fpkdepan-mcf_Applicant.jpeg
tempatusahadepan-mcf;2025051522025093056275_tempatusahadepan-mcf_Applicant.jpeg
rumahdepan-mcf;2025051522025093056275_rumahdepan-mcf_Applicant.jpeg
pasanganttdcmo-mcf;2025051522025093056275_pasanganttdcmo-mcf_Applicant.jpeg
nasabahttdcmo-mcf;2025051522025093056275_nasabahttdcmo-mcf_Applicant.jpeg
allobank-mcf;2025051522025093056275_allobank-mcf_Applicant.jpeg
rumahjalan-mcf;2025051522025093056275_rumahjalan-mcf_Applicant.jpeg
salaryslip-mcf;2025051522025093056275_salaryslip-mcf_Applicant.jpeg
nomorrumah-mcf;2025051522025093056275_nomorrumah-mcf_Applicant.jpeg
dalamrumah-mcf;2025051522025093056275_dalamrumah-mcf_Applicant.jpeg
pricelist-mcf;2025051522025093056275_pricelist-mcf_Applicant.jpeg
buktipenghasilanusaha-mcf;2025051522025093056275_buktipenghasilanusaha-mcf_Applicant.jpeg
perizinanusaha-mcf;2025051522025093056275_perizinanusaha-mcf_Applicant.jpeg
buktikepemilikanusaha-mcf;2025051522025093056275_buktikepemilikanusaha-mcf_Applicant.jpeg
pbbrekening-mcf;2025051722024250434896_pbbrekening-mcf_Applicant.jpeg
kksuratnikah-mcf;2025051722024250434896_kksuratnikah-mcf_Applicant.jpeg
pbbrekening-mcf;2025051722025160115115_pbbrekening-mcf_Applicant.jpeg
kksuratnikah-mcf;2025051722025160115115_kksuratnikah-mcf_Applicant.jpeg
halamandepanbukutabungan-mcf;2025051722025160115115_halamandepanbukutabungan-mcf_Applicant.jpeg
fpkbelakang-mcf;2025051722025160115115_fpkbelakang-mcf_Applicant.jpeg
fpkdepan-mcf;2025051722025160115115_fpkdepan-mcf_Applicant.jpeg
tempatusahadepan-mcf;2025051722025160115115_tempatusahadepan-mcf_Applicant.jpeg
rumahdepan-mcf;2025051722025160115115_rumahdepan-mcf_Applicant.jpeg
pasanganttdcmo-mcf;2025051722025160115115_pasanganttdcmo-mcf_Applicant.jpeg
nasabahttdcmo-mcf;2025051722025160115115_nasabahttdcmo-mcf_Applicant.jpeg
allobank-mcf;2025051722025160115115_allobank-mcf_Applicant.jpeg
rumahjalan-mcf;2025051722025160115115_rumahjalan-mcf_Applicant.jpeg
bpkbdepan-mcf;2025051722025160115115_bpkbdepan-mcf_Applicant.jpeg
bpkbbelakang-mcf;2025051722025160115115_bpkbbelakang-mcf_Applicant.jpeg
stnkpajak-mcf;2025051722025160115115_stnkpajak-mcf_Applicant.jpeg
unitdepankanan-mcf;2025051722025160115115_unitdepankanan-mcf_Applicant.jpeg
unitdepankiri-mcf;2025051722025160115115_unitdepankiri-mcf_Applicant.jpeg
halamandepanbukutabungan-mcf;2025051722024250434896_halamandepanbukutabungan-mcf_Applicant.jpeg
fpkbelakang-mcf;2025051722024250434896_fpkbelakang-mcf_Applicant.jpeg
fpkdepan-mcf;2025051722024250434896_fpkdepan-mcf_Applicant.jpeg
tempatusahadepan-mcf;2025051722024250434896_tempatusahadepan-mcf_Applicant.jpeg
rumahdepan-mcf;2025051722024250434896_rumahdepan-mcf_Applicant.jpeg
pasanganttdcmo-mcf;2025051722024250434896_pasanganttdcmo-mcf_Applicant.jpeg
nasabahttdcmo-mcf;2025051722024250434896_nasabahttdcmo-mcf_Applicant.jpeg
allobank-mcf;2025051722024250434896_allobank-mcf_Applicant.jpeg
rumahjalan-mcf;2025051722024250434896_rumahjalan-mcf_Applicant.jpeg
bpkbdepan-mcf;2025051722024250434896_bpkbdepan-mcf_Applicant.jpeg
bpkbbelakang-mcf;2025051722024250434896_bpkbbelakang-mcf_Applicant.jpeg
stnkpajak-mcf;2025051722024250434896_stnkpajak-mcf_Applicant.jpeg
unitdepankanan-mcf;2025051722024250434896_unitdepankanan-mcf_Applicant.jpeg
unitdepankiri-mcf;2025051722024250434896_unitdepankiri-mcf_Applicant.jpeg
salaryslip-mcf;2025051722024250434896_salaryslip-mcf_Applicant.jpeg
nomorrumah-mcf;2025051722024250434896_nomorrumah-mcf_Applicant.jpeg
dalamrumah-mcf;2025051722024250434896_dalamrumah-mcf_Applicant.jpeg
rangkanomesin-mcf;2025051722024250434896_rangkanomesin-mcf_Applicant.jpeg
pbbrekening-mcf;2025051522022372066771_pbbrekening-mcf_Applicant.jpeg
rumahdepan-mcf;2025051722022543748577_rumahdepan-mcf_Applicant.jpeg
pasanganttdcmo-mcf;2025051722022543748577_pasanganttdcmo-mcf_Applicant.jpeg
nasabahttdcmo-mcf;2025051722022543748577_nasabahttdcmo-mcf_Applicant.jpeg
allobank-mcf;2025051722022543748577_allobank-mcf_Applicant.jpeg
rumahjalan-mcf;2025051722022543748577_rumahjalan-mcf_Applicant.jpeg
salaryslip-mcf;2025051722022543748577_salaryslip-mcf_Applicant.jpeg
nomorrumah-mcf;2025051722022543748577_nomorrumah-mcf_Applicant.jpeg
dalamrumah-mcf;2025051722022543748577_dalamrumah-mcf_Applicant.jpeg
pricelist-mcf;2025051722022543748577_pricelist-mcf_Applicant.jpeg
pbbrekening-mcf;2025051722023365179906_pbbrekening-mcf_Applicant.jpeg
kksuratnikah-mcf;2025051722023365179906_kksuratnikah-mcf_Applicant.jpeg
halamandepanbukutabungan-mcf;2025051722023365179906_halamandepanbukutabungan-mcf_Applicant.jpeg
fpkbelakang-mcf;2025051722023365179906_fpkbelakang-mcf_Applicant.jpeg
fpkdepan-mcf;2025051722023365179906_fpkdepan-mcf_Applicant.jpeg
tempatusahadepan-mcf;2025051722023365179906_tempatusahadepan-mcf_Applicant.jpeg
rumahdepan-mcf;2025051722023365179906_rumahdepan-mcf_Applicant.jpeg
pasanganttdcmo-mcf;2025051722023365179906_pasanganttdcmo-mcf_Applicant.jpeg
nasabahttdcmo-mcf;2025051722023365179906_nasabahttdcmo-mcf_Applicant.jpeg
allobank-mcf;2025051722023365179906_allobank-mcf_Applicant.jpeg
rumahjalan-mcf;2025051722023365179906_rumahjalan-mcf_Applicant.jpeg
kksuratnikah-mcf;2025051522022372066771_kksuratnikah-mcf_Applicant.jpeg
halamandepanbukutabungan-mcf;2025051522022372066771_halamandepanbukutabungan-mcf_Applicant.jpeg
fpkbelakang-mcf;2025051522022372066771_fpkbelakang-mcf_Applicant.jpeg
fpkdepan-mcf;2025051522022372066771_fpkdepan-mcf_Applicant.jpeg
tempatusahadepan-mcf;2025051522022372066771_tempatusahadepan-mcf_Applicant.jpeg
rumahdepan-mcf;2025051522022372066771_rumahdepan-mcf_Applicant.jpeg
pasanganttdcmo-mcf;2025051522022372066771_pasanganttdcmo-mcf_Applicant.jpeg
nasabahttdcmo-mcf;2025051522022372066771_nasabahttdcmo-mcf_Applicant.jpeg
allobank-mcf;2025051522022372066771_allobank-mcf_Applicant.jpeg
rumahjalan-mcf;2025051522022372066771_rumahjalan-mcf_Applicant.jpeg
salaryslip-mcf;2025051522022372066771_salaryslip-mcf_Applicant.jpeg
nomorrumah-mcf;2025051522022372066771_nomorrumah-mcf_Applicant.jpeg
dalamrumah-mcf;2025051522022372066771_dalamrumah-mcf_Applicant.jpeg
pricelist-mcf;2025051522022372066771_pricelist-mcf_Applicant.jpeg
buktipenghasilanusaha-mcf;2025051522022372066771_buktipenghasilanusaha-mcf_Applicant.jpeg
perizinanusaha-mcf;2025051522022372066771_perizinanusaha-mcf_Applicant.jpeg
buktikepemilikanusaha-mcf;2025051522022372066771_buktikepemilikanusaha-mcf_Applicant.jpeg
pbbrekening-mcf;2025051722022543748577_pbbrekening-mcf_Applicant.jpeg
kksuratnikah-mcf;2025051722022543748577_kksuratnikah-mcf_Applicant.jpeg
halamandepanbukutabungan-mcf;2025051722022543748577_halamandepanbukutabungan-mcf_Applicant.jpeg
fpkbelakang-mcf;2025051722022543748577_fpkbelakang-mcf_Applicant.jpeg
fpkdepan-mcf;2025051722022543748577_fpkdepan-mcf_Applicant.jpeg
tempatusahadepan-mcf;2025051722022543748577_tempatusahadepan-mcf_Applicant.jpeg
salaryslip-mcf;2025051722023365179906_salaryslip-mcf_Applicant.jpeg
nomorrumah-mcf;2025051722023365179906_nomorrumah-mcf_Applicant.jpeg
dalamrumah-mcf;2025051722023365179906_dalamrumah-mcf_Applicant.jpeg
pricelist-mcf;2025051722023365179906_pricelist-mcf_Applicant.jpeg
pbbrekening-mcf;2025051722024545763611_pbbrekening-mcf_Applicant.png
kksuratnikah-mcf;2025051722024545763611_kksuratnikah-mcf_Applicant.jpeg
halamandepanbukutabungan-mcf;2025051722024545763611_halamandepanbukutabungan-mcf_Applicant.jpeg
fpkbelakang-mcf;2025051722024545763611_fpkbelakang-mcf_Applicant.jpeg
fpkdepan-mcf;2025051722024545763611_fpkdepan-mcf_Applicant.jpeg
tempatusahadepan-mcf;2025051722024545763611_tempatusahadepan-mcf_Applicant.jpeg
rumahdepan-mcf;2025051722024545763611_rumahdepan-mcf_Applicant.jpeg
pasanganttdcmo-mcf;2025051722024545763611_pasanganttdcmo-mcf_Applicant.jpeg
nasabahttdcmo-mcf;2025051722024545763611_nasabahttdcmo-mcf_Applicant.jpeg
allobank-mcf;2025051722024545763611_allobank-mcf_Applicant.jpeg
rumahjalan-mcf;2025051722024545763611_rumahjalan-mcf_Applicant.jpeg
salaryslip-mcf;2025051722024545763611_salaryslip-mcf_Applicant.jpeg
nomorrumah-mcf;2025051722024545763611_nomorrumah-mcf_Applicant.jpeg
dalamrumah-mcf;2025051722024545763611_dalamrumah-mcf_Applicant.jpeg
pricelist-mcf;2025051722024545763611_pricelist-mcf_Applicant.png
pbbrekening-mcf;2025051622024004536507_pbbrekening-mcf_Applicant.jpeg
kksuratnikah-mcf;2025051622024004536507_kksuratnikah-mcf_Applicant.jpeg
halamandepanbukutabungan-mcf;2025051622024004536507_halamandepanbukutabungan-mcf_Applicant.jpeg
fpkbelakang-mcf;2025051622024004536507_fpkbelakang-mcf_Applicant.jpeg
fpkdepan-mcf;2025051622024004536507_fpkdepan-mcf_Applicant.jpeg
tempatusahadepan-mcf;2025051622024004536507_tempatusahadepan-mcf_Applicant.jpeg
rumahdepan-mcf;2025051622024004536507_rumahdepan-mcf_Applicant.jpeg
pasanganttdcmo-mcf;2025051622024004536507_pasanganttdcmo-mcf_Applicant.jpeg
nasabahttdcmo-mcf;2025051622024004536507_nasabahttdcmo-mcf_Applicant.jpeg
allobank-mcf;2025051622024004536507_allobank-mcf_Applicant.jpeg
rumahjalan-mcf;2025051622024004536507_rumahjalan-mcf_Applicant.jpeg
salaryslip-mcf;2025051622024004536507_salaryslip-mcf_Applicant.jpeg
nomorrumah-mcf;2025051622024004536507_nomorrumah-mcf_Applicant.jpeg
dalamrumah-mcf;2025051622024004536507_dalamrumah-mcf_Applicant.jpeg
pricelist-mcf;2025051622024004536507_pricelist-mcf_Applicant.jpeg
pbbrekening-mcf;2025051722023575673813_pbbrekening-mcf_Applicant.jpeg
kksuratnikah-mcf;2025051722023575673813_kksuratnikah-mcf_Applicant.jpeg
halamandepanbukutabungan-mcf;2025051722023575673813_halamandepanbukutabungan-mcf_Applicant.jpeg
fpkbelakang-mcf;2025051722023575673813_fpkbelakang-mcf_Applicant.jpeg
fpkdepan-mcf;2025051722023575673813_fpkdepan-mcf_Applicant.jpeg
tempatusahadepan-mcf;2025051722023575673813_tempatusahadepan-mcf_Applicant.jpeg
rumahdepan-mcf;2025051722023575673813_rumahdepan-mcf_Applicant.jpeg
pasanganttdcmo-mcf;2025051722023575673813_pasanganttdcmo-mcf_Applicant.jpeg
nasabahttdcmo-mcf;2025051722023575673813_nasabahttdcmo-mcf_Applicant.jpeg
allobank-mcf;2025051722023575673813_allobank-mcf_Applicant.jpeg
rumahjalan-mcf;2025051722023575673813_rumahjalan-mcf_Applicant.jpeg
salaryslip-mcf;2025051722023575673813_salaryslip-mcf_Applicant.jpeg
pbbrekening-mcf;2025051522024004522107_pbbrekening-mcf_Applicant.jpeg
kksuratnikah-mcf;2025051522024004522107_kksuratnikah-mcf_Applicant.jpeg
halamandepanbukutabungan-mcf;2025051522024004522107_halamandepanbukutabungan-mcf_Applicant.jpeg
fpkbelakang-mcf;2025051522024004522107_fpkbelakang-mcf_Applicant.jpeg
fpkdepan-mcf;2025051522024004522107_fpkdepan-mcf_Applicant.jpeg
tempatusahadepan-mcf;2025051522024004522107_tempatusahadepan-mcf_Applicant.jpeg
rumahdepan-mcf;2025051522024004522107_rumahdepan-mcf_Applicant.jpeg
pasanganttdcmo-mcf;2025051522024004522107_pasanganttdcmo-mcf_Applicant.jpeg
nasabahttdcmo-mcf;2025051522024004522107_nasabahttdcmo-mcf_Applicant.jpeg
allobank-mcf;2025051522024004522107_allobank-mcf_Applicant.jpeg
rumahjalan-mcf;2025051522024004522107_rumahjalan-mcf_Applicant.jpeg
salaryslip-mcf;2025051522024004522107_salaryslip-mcf_Applicant.jpeg
nomorrumah-mcf;2025051522024004522107_nomorrumah-mcf_Applicant.jpeg
dalamrumah-mcf;2025051522024004522107_dalamrumah-mcf_Applicant.jpeg
pricelist-mcf;2025051522024004522107_pricelist-mcf_Applicant.jpeg
buktipenghasilanusaha-mcf;2025051522024004522107_buktipenghasilanusaha-mcf_Applicant.jpeg
perizinanusaha-mcf;2025051522024004522107_perizinanusaha-mcf_Applicant.jpeg
buktikepemilikanusaha-mcf;2025051522024004522107_buktikepemilikanusaha-mcf_Applicant.jpeg
pbbrekening-mcf;2025051622022173329390_pbbrekening-mcf_Applicant.jpeg
kksuratnikah-mcf;2025051622022173329390_kksuratnikah-mcf_Applicant.jpeg
halamandepanbukutabungan-mcf;2025051622022173329390_halamandepanbukutabungan-mcf_Applicant.jpeg
fpkbelakang-mcf;2025051622022173329390_fpkbelakang-mcf_Applicant.jpeg
fpkdepan-mcf;2025051622022173329390_fpkdepan-mcf_Applicant.jpeg
tempatusahadepan-mcf;2025051622022173329390_tempatusahadepan-mcf_Applicant.jpeg
rumahdepan-mcf;2025051622022173329390_rumahdepan-mcf_Applicant.jpeg
pasanganttdcmo-mcf;2025051622022173329390_pasanganttdcmo-mcf_Applicant.jpeg
nasabahttdcmo-mcf;2025051622022173329390_nasabahttdcmo-mcf_Applicant.jpeg
allobank-mcf;2025051622022173329390_allobank-mcf_Applicant.jpeg
rumahjalan-mcf;2025051622022173329390_rumahjalan-mcf_Applicant.jpeg
salaryslip-mcf;2025051622022173329390_salaryslip-mcf_Applicant.jpeg
nomorrumah-mcf;2025051622022173329390_nomorrumah-mcf_Applicant.jpeg
dalamrumah-mcf;2025051622022173329390_dalamrumah-mcf_Applicant.jpeg
pricelist-mcf;2025051622022173329390_pricelist-mcf_Applicant.jpeg
pbbrekening-mcf;2025051422025117049586_pbbrekening-mcf_Applicant.jpeg
pbbrekening-mcf;2025051722025062649184_pbbrekening-mcf_Applicant.jpeg
kksuratnikah-mcf;2025051722025062649184_kksuratnikah-mcf_Applicant.jpeg
halamandepanbukutabungan-mcf;2025051722025062649184_halamandepanbukutabungan-mcf_Applicant.jpeg
fpkbelakang-mcf;2025051722025062649184_fpkbelakang-mcf_Applicant.jpeg
fpkdepan-mcf;2025051722025062649184_fpkdepan-mcf_Applicant.jpeg
tempatusahadepan-mcf;2025051722025062649184_tempatusahadepan-mcf_Applicant.jpeg
rumahdepan-mcf;2025051722025062649184_rumahdepan-mcf_Applicant.jpeg
pasanganttdcmo-mcf;2025051722025062649184_pasanganttdcmo-mcf_Applicant.jpeg
nasabahttdcmo-mcf;2025051722025062649184_nasabahttdcmo-mcf_Applicant.jpeg
allobank-mcf;2025051722025062649184_allobank-mcf_Applicant.jpeg
rumahjalan-mcf;2025051722025062649184_rumahjalan-mcf_Applicant.jpeg
salaryslip-mcf;2025051722025062649184_salaryslip-mcf_Applicant.jpeg
nomorrumah-mcf;2025051722025062649184_nomorrumah-mcf_Applicant.jpeg
dalamrumah-mcf;2025051722025062649184_dalamrumah-mcf_Applicant.jpeg
pricelist-mcf;2025051722025062649184_pricelist-mcf_Applicant.jpeg
nomorrumah-mcf;2025051722023575673813_nomorrumah-mcf_Applicant.jpeg
dalamrumah-mcf;2025051722023575673813_dalamrumah-mcf_Applicant.jpeg
pricelist-mcf;2025051722023575673813_pricelist-mcf_Applicant.jpeg
kksuratnikah-mcf;2025051422025117049586_kksuratnikah-mcf_Applicant.jpeg
halamandepanbukutabungan-mcf;2025051422025117049586_halamandepanbukutabungan-mcf_Applicant.jpeg
fpkbelakang-mcf;2025051422025117049586_fpkbelakang-mcf_Applicant.jpeg
fpkdepan-mcf;2025051422025117049586_fpkdepan-mcf_Applicant.jpeg
tempatusahadepan-mcf;2025051422025117049586_tempatusahadepan-mcf_Applicant.jpeg
rumahdepan-mcf;2025051422025117049586_rumahdepan-mcf_Applicant.jpeg
pasanganttdcmo-mcf;2025051422025117049586_pasanganttdcmo-mcf_Applicant.jpeg
nasabahttdcmo-mcf;2025051422025117049586_nasabahttdcmo-mcf_Applicant.jpeg
allobank-mcf;2025051422025117049586_allobank-mcf_Applicant.jpeg
rumahjalan-mcf;2025051422025117049586_rumahjalan-mcf_Applicant.jpeg
salaryslip-mcf;2025051422025117049586_salaryslip-mcf_Applicant.jpeg
nomorrumah-mcf;2025051422025117049586_nomorrumah-mcf_Applicant.jpeg
dalamrumah-mcf;2025051422025117049586_dalamrumah-mcf_Applicant.jpeg
pricelist-mcf;2025051422025117049586_pricelist-mcf_Applicant.jpeg
pbbrekening-mcf;2025051722015188431581_pbbrekening-mcf_Applicant.jpeg
kksuratnikah-mcf;2025051722015188431581_kksuratnikah-mcf_Applicant.jpeg
halamandepanbukutabungan-mcf;2025051722015188431581_halamandepanbukutabungan-mcf_Applicant.jpeg
fpkbelakang-mcf;2025051722015188431581_fpkbelakang-mcf_Applicant.jpeg
fpkdepan-mcf;2025051722015188431581_fpkdepan-mcf_Applicant.jpeg
tempatusahadepan-mcf;2025051722015188431581_tempatusahadepan-mcf_Applicant.jpeg
rumahdepan-mcf;2025051722015188431581_rumahdepan-mcf_Applicant.jpeg
pasanganttdcmo-mcf;2025051722022661865525_pasanganttdcmo-mcf_Applicant.jpeg
nasabahttdcmo-mcf;2025051722022661865525_nasabahttdcmo-mcf_Applicant.jpeg
allobank-mcf;2025051722022661865525_allobank-mcf_Applicant.jpeg
rumahjalan-mcf;2025051722022661865525_rumahjalan-mcf_Applicant.jpeg
salaryslip-mcf;2025051722022661865525_salaryslip-mcf_Applicant.jpeg
nomorrumah-mcf;2025051722022661865525_nomorrumah-mcf_Applicant.jpeg
dalamrumah-mcf;2025051722022661865525_dalamrumah-mcf_Applicant.jpeg
pricelist-mcf;2025051722022661865525_pricelist-mcf_Applicant.jpeg
buktipenghasilanusaha-mcf;2025051722022661865525_buktipenghasilanusaha-mcf_Applicant.jpeg
perizinanusaha-mcf;2025051722022661865525_perizinanusaha-mcf_Applicant.jpeg
buktikepemilikanusaha-mcf;2025051722022661865525_buktikepemilikanusaha-mcf_Applicant.jpeg
salaryslip-mcf;2025051622024167563428_salaryslip-mcf_Applicant.jpeg
nomorrumah-mcf;2025051622024167563428_nomorrumah-mcf_Applicant.jpeg
dalamrumah-mcf;2025051622024167563428_dalamrumah-mcf_Applicant.jpeg
pricelist-mcf;2025051622024167563428_pricelist-mcf_Applicant.jpeg
buktipenghasilanusaha-mcf;2025051622024167563428_buktipenghasilanusaha-mcf_Applicant.jpeg
perizinanusaha-mcf;2025051622024167563428_perizinanusaha-mcf_Applicant.jpeg
buktikepemilikanusaha-mcf;2025051622024167563428_buktikepemilikanusaha-mcf_Applicant.jpeg
pbbrekening-mcf;2025051722022543777612_pbbrekening-mcf_Applicant.jpeg
kksuratnikah-mcf;2025051722022543777612_kksuratnikah-mcf_Applicant.jpeg
halamandepanbukutabungan-mcf;2025051722022543777612_halamandepanbukutabungan-mcf_Applicant.jpeg
fpkbelakang-mcf;2025051722022543777612_fpkbelakang-mcf_Applicant.jpeg
fpkdepan-mcf;2025051722022543777612_fpkdepan-mcf_Applicant.jpeg
tempatusahadepan-mcf;2025051722022543777612_tempatusahadepan-mcf_Applicant.jpeg
rumahdepan-mcf;2025051722022543777612_rumahdepan-mcf_Applicant.jpeg
pasanganttdcmo-mcf;2025051722022543777612_pasanganttdcmo-mcf_Applicant.jpeg
nasabahttdcmo-mcf;2025051722022543777612_nasabahttdcmo-mcf_Applicant.jpeg
allobank-mcf;2025051722022543777612_allobank-mcf_Applicant.jpeg
rumahjalan-mcf;2025051722022543777612_rumahjalan-mcf_Applicant.jpeg
salaryslip-mcf;2025051722022543777612_salaryslip-mcf_Applicant.jpeg
nomorrumah-mcf;2025051722022543777612_nomorrumah-mcf_Applicant.jpeg
dalamrumah-mcf;2025051722022543777612_dalamrumah-mcf_Applicant.jpeg
pricelist-mcf;2025051722022543777612_pricelist-mcf_Applicant.jpeg
pbbrekening-mcf;2025051722025103826217_pbbrekening-mcf_Applicant.jpeg
kksuratnikah-mcf;2025051722025103826217_kksuratnikah-mcf_Applicant.jpeg
halamandepanbukutabungan-mcf;2025051722025103826217_halamandepanbukutabungan-mcf_Applicant.jpeg
fpkbelakang-mcf;2025051722025103826217_fpkbelakang-mcf_Applicant.jpeg
fpkdepan-mcf;2025051722025103826217_fpkdepan-mcf_Applicant.jpeg
tempatusahadepan-mcf;2025051722025103826217_tempatusahadepan-mcf_Applicant.jpeg
rumahdepan-mcf;2025051722025103826217_rumahdepan-mcf_Applicant.jpeg
pasanganttdcmo-mcf;2025051722025103826217_pasanganttdcmo-mcf_Applicant.jpeg
nasabahttdcmo-mcf;2025051722025103826217_nasabahttdcmo-mcf_Applicant.jpeg
allobank-mcf;2025051722025103826217_allobank-mcf_Applicant.jpeg
rumahjalan-mcf;2025051722025103826217_rumahjalan-mcf_Applicant.jpeg
salaryslip-mcf;2025051722025103826217_salaryslip-mcf_Applicant.jpeg
nomorrumah-mcf;2025051722025103826217_nomorrumah-mcf_Applicant.jpeg
dalamrumah-mcf;2025051722025103826217_dalamrumah-mcf_Applicant.jpeg
pricelist-mcf;2025051722025103826217_pricelist-mcf_Applicant.jpeg
pbbrekening-mcf;2025051622024167563428_pbbrekening-mcf_Applicant.jpeg
kksuratnikah-mcf;2025051622024167563428_kksuratnikah-mcf_Applicant.jpeg
halamandepanbukutabungan-mcf;2025051622024167563428_halamandepanbukutabungan-mcf_Applicant.jpeg
fpkbelakang-mcf;2025051622024167563428_fpkbelakang-mcf_Applicant.jpeg
fpkdepan-mcf;2025051622024167563428_fpkdepan-mcf_Applicant.jpeg
tempatusahadepan-mcf;2025051622024167563428_tempatusahadepan-mcf_Applicant.jpeg
rumahdepan-mcf;2025051622024167563428_rumahdepan-mcf_Applicant.jpeg
pasanganttdcmo-mcf;2025051622024167563428_pasanganttdcmo-mcf_Applicant.jpeg
nasabahttdcmo-mcf;2025051622024167563428_nasabahttdcmo-mcf_Applicant.jpeg
allobank-mcf;2025051622024167563428_allobank-mcf_Applicant.jpeg
rumahjalan-mcf;2025051622024167563428_rumahjalan-mcf_Applicant.jpeg
rumahdepan-mcf;2025051722025160183976_rumahdepan-mcf_Applicant.jpeg
pasanganttdcmo-mcf;2025051722025160183976_pasanganttdcmo-mcf_Applicant.jpeg
nasabahttdcmo-mcf;2025051722025160183976_nasabahttdcmo-mcf_Applicant.jpeg
allobank-mcf;2025051722025160183976_allobank-mcf_Applicant.jpeg
rumahjalan-mcf;2025051722025160183976_rumahjalan-mcf_Applicant.jpeg
bpkbdepan-mcf;2025051722025160183976_bpkbdepan-mcf_Applicant.jpeg
bpkbbelakang-mcf;2025051722025160183976_bpkbbelakang-mcf_Applicant.jpeg
stnkpajak-mcf;2025051722025160183976_stnkpajak-mcf_Applicant.jpeg
unitdepankanan-mcf;2025051722025160183976_unitdepankanan-mcf_Applicant.jpeg
unitdepankiri-mcf;2025051722025160183976_unitdepankiri-mcf_Applicant.jpeg
salaryslip-mcf;2025051722025160183976_salaryslip-mcf_Applicant.jpeg
nomorrumah-mcf;2025051722025160183976_nomorrumah-mcf_Applicant.jpeg
dalamrumah-mcf;2025051722025160183976_dalamrumah-mcf_Applicant.jpeg
rangkanomesin-mcf;2025051722025160183976_rangkanomesin-mcf_Applicant.jpeg
halamandepanbukutabungan-mcf;2025051722024004514856_halamandepanbukutabungan-mcf_Applicant.jpeg
fpkbelakang-mcf;2025051722024004514856_fpkbelakang-mcf_Applicant.jpeg
fpkdepan-mcf;2025051722024004514856_fpkdepan-mcf_Applicant.jpeg
tempatusahadepan-mcf;2025051722024004514856_tempatusahadepan-mcf_Applicant.jpeg
rumahdepan-mcf;2025051722024004514856_rumahdepan-mcf_Applicant.jpeg
pasanganttdcmo-mcf;2025051722024004514856_pasanganttdcmo-mcf_Applicant.jpeg
nasabahttdcmo-mcf;2025051722024004514856_nasabahttdcmo-mcf_Applicant.jpeg
allobank-mcf;2025051722024004514856_allobank-mcf_Applicant.jpeg
rumahjalan-mcf;2025051722024004514856_rumahjalan-mcf_Applicant.jpeg
salaryslip-mcf;2025051722024004514856_salaryslip-mcf_Applicant.jpeg
nomorrumah-mcf;2025051722024004514856_nomorrumah-mcf_Applicant.jpeg
dalamrumah-mcf;2025051722024004514856_dalamrumah-mcf_Applicant.jpeg
pricelist-mcf;2025051722024004514856_pricelist-mcf_Applicant.jpeg
pbbrekening-mcf;2025051722025148972835_pbbrekening-mcf_Applicant.jpeg
kksuratnikah-mcf;2025051722025148972835_kksuratnikah-mcf_Applicant.jpeg
halamandepanbukutabungan-mcf;2025051722025148972835_halamandepanbukutabungan-mcf_Applicant.jpeg
fpkbelakang-mcf;2025051722025148972835_fpkbelakang-mcf_Applicant.jpeg
fpkdepan-mcf;2025051722025148972835_fpkdepan-mcf_Applicant.jpeg
tempatusahadepan-mcf;2025051722025148972835_tempatusahadepan-mcf_Applicant.jpeg
rumahdepan-mcf;2025051722025148972835_rumahdepan-mcf_Applicant.jpeg
pasanganttdcmo-mcf;2025051722025148972835_pasanganttdcmo-mcf_Applicant.jpeg
nasabahttdcmo-mcf;2025051722025148972835_nasabahttdcmo-mcf_Applicant.jpeg
allobank-mcf;2025051722025148972835_allobank-mcf_Applicant.jpeg
rumahjalan-mcf;2025051722025148972835_rumahjalan-mcf_Applicant.jpeg
bpkbdepan-mcf;2025051722025148972835_bpkbdepan-mcf_Applicant.jpeg
bpkbbelakang-mcf;2025051722025148972835_bpkbbelakang-mcf_Applicant.jpeg
stnkpajak-mcf;2025051722025148972835_stnkpajak-mcf_Applicant.jpeg
unitdepankanan-mcf;2025051722025148972835_unitdepankanan-mcf_Applicant.jpeg
unitdepankiri-mcf;2025051722025148972835_unitdepankiri-mcf_Applicant.jpeg
salaryslip-mcf;2025051722025148972835_salaryslip-mcf_Applicant.jpeg
nomorrumah-mcf;2025051722025148972835_nomorrumah-mcf_Applicant.jpeg
dalamrumah-mcf;2025051722025148972835_dalamrumah-mcf_Applicant.jpeg
rangkanomesin-mcf;2025051722025148972835_rangkanomesin-mcf_Applicant.jpeg
pbbrekening-mcf;2025051722024004514856_pbbrekening-mcf_Applicant.jpeg
kksuratnikah-mcf;2025051722024004514856_kksuratnikah-mcf_Applicant.jpeg
pbbrekening-mcf;20250517925093231448_pbbrekening-mcf_Applicant.jpeg
kksuratnikah-mcf;20250517925093231448_kksuratnikah-mcf_Applicant.jpeg
halamandepanbukutabungan-mcf;20250517925093231448_halamandepanbukutabungan-mcf_Applicant.jpeg
fpkbelakang-mcf;20250517925093231448_fpkbelakang-mcf_Applicant.jpeg
fpkdepan-mcf;20250517925093231448_fpkdepan-mcf_Applicant.jpeg
tempatusahadepan-mcf;20250517925093231448_tempatusahadepan-mcf_Applicant.jpeg
rumahdepan-mcf;20250517925093231448_rumahdepan-mcf_Applicant.jpeg
pasanganttdcmo-mcf;20250517925093231448_pasanganttdcmo-mcf_Applicant.jpeg
nasabahttdcmo-mcf;20250517925093231448_nasabahttdcmo-mcf_Applicant.jpeg
allobank-mcf;20250517925093231448_allobank-mcf_Applicant.jpeg
rumahjalan-mcf;20250517925093231448_rumahjalan-mcf_Applicant.jpeg
salaryslip-mcf;20250517925093231448_salaryslip-mcf_Applicant.jpeg
nomorrumah-mcf;20250517925093231448_nomorrumah-mcf_Applicant.jpeg
dalamrumah-mcf;20250517925093231448_dalamrumah-mcf_Applicant.jpeg
pricelist-mcf;20250517925093231448_pricelist-mcf_Applicant.jpeg
nasabahttdcmo-mcf;2025051722022267682578_nasabahttdcmo-mcf_Applicant.jpeg
allobank-mcf;2025051722022267682578_allobank-mcf_Applicant.jpeg
rumahjalan-mcf;2025051722022267682578_rumahjalan-mcf_Applicant.jpeg
salaryslip-mcf;2025051722022267682578_salaryslip-mcf_Applicant.jpeg
nomorrumah-mcf;2025051722022267682578_nomorrumah-mcf_Applicant.jpeg
dalamrumah-mcf;2025051722022267682578_dalamrumah-mcf_Applicant.jpeg
pricelist-mcf;2025051722022267682578_pricelist-mcf_Applicant.jpeg
buktipenghasilanusaha-mcf;2025051722022267682578_buktipenghasilanusaha-mcf_Applicant.jpeg
perizinanusaha-mcf;2025051722022267682578_perizinanusaha-mcf_Applicant.jpeg
buktikepemilikanusaha-mcf;2025051722022267682578_buktikepemilikanusaha-mcf_Applicant.jpeg
pricelist-mcf;2025051722024080090366_pricelist-mcf_Applicant.jpeg
pbbrekening-mcf;2025051722024074781537_pbbrekening-mcf_Applicant.jpeg
kksuratnikah-mcf;2025051722024074781537_kksuratnikah-mcf_Applicant.jpeg
halamandepanbukutabungan-mcf;2025051722024074781537_halamandepanbukutabungan-mcf_Applicant.jpeg
fpkbelakang-mcf;2025051722024074781537_fpkbelakang-mcf_Applicant.jpeg
fpkdepan-mcf;2025051722024074781537_fpkdepan-mcf_Applicant.jpeg
tempatusahadepan-mcf;2025051722024074781537_tempatusahadepan-mcf_Applicant.jpeg
rumahdepan-mcf;2025051722024074781537_rumahdepan-mcf_Applicant.jpeg
pasanganttdcmo-mcf;2025051722024074781537_pasanganttdcmo-mcf_Applicant.jpeg
nasabahttdcmo-mcf;2025051722024074781537_nasabahttdcmo-mcf_Applicant.jpeg
allobank-mcf;2025051722024074781537_allobank-mcf_Applicant.jpeg
rumahjalan-mcf;2025051722024074781537_rumahjalan-mcf_Applicant.jpeg
bpkbdepan-mcf;2025051722024074781537_bpkbdepan-mcf_Applicant.jpeg
bpkbbelakang-mcf;2025051722024074781537_bpkbbelakang-mcf_Applicant.jpeg
stnkpajak-mcf;2025051722024074781537_stnkpajak-mcf_Applicant.jpeg
unitdepankanan-mcf;2025051722024074781537_unitdepankanan-mcf_Applicant.jpeg
unitdepankiri-mcf;2025051722024074781537_unitdepankiri-mcf_Applicant.jpeg
salaryslip-mcf;2025051722024074781537_salaryslip-mcf_Applicant.jpeg
nomorrumah-mcf;2025051722024074781537_nomorrumah-mcf_Applicant.jpeg
dalamrumah-mcf;2025051722024074781537_dalamrumah-mcf_Applicant.jpeg
pbbrekening-mcf;2025051722024080090366_pbbrekening-mcf_Applicant.jpeg
kksuratnikah-mcf;2025051722024080090366_kksuratnikah-mcf_Applicant.jpeg
halamandepanbukutabungan-mcf;2025051722024080090366_halamandepanbukutabungan-mcf_Applicant.jpeg
fpkbelakang-mcf;2025051722024080090366_fpkbelakang-mcf_Applicant.jpeg
fpkdepan-mcf;2025051722024080090366_fpkdepan-mcf_Applicant.jpeg
tempatusahadepan-mcf;2025051722024080090366_tempatusahadepan-mcf_Applicant.jpeg
rumahdepan-mcf;2025051722024080090366_rumahdepan-mcf_Applicant.jpeg
pasanganttdcmo-mcf;2025051722024080090366_pasanganttdcmo-mcf_Applicant.jpeg
nasabahttdcmo-mcf;2025051722024080090366_nasabahttdcmo-mcf_Applicant.jpeg
allobank-mcf;2025051722024080090366_allobank-mcf_Applicant.jpeg
rumahjalan-mcf;2025051722024080090366_rumahjalan-mcf_Applicant.jpeg
salaryslip-mcf;2025051722024080090366_salaryslip-mcf_Applicant.jpeg
nomorrumah-mcf;2025051722024080090366_nomorrumah-mcf_Applicant.jpeg
dalamrumah-mcf;2025051722024080090366_dalamrumah-mcf_Applicant.jpeg
pbbrekening-mcf;2025051722023495028230_pbbrekening-mcf_Applicant.jpeg
kksuratnikah-mcf;2025051722023495028230_kksuratnikah-mcf_Applicant.jpeg
halamandepanbukutabungan-mcf;2025051722023495028230_halamandepanbukutabungan-mcf_Applicant.jpeg
fpkbelakang-mcf;2025051722023495028230_fpkbelakang-mcf_Applicant.jpeg
fpkdepan-mcf;2025051722023495028230_fpkdepan-mcf_Applicant.jpeg
tempatusahadepan-mcf;2025051722023495028230_tempatusahadepan-mcf_Applicant.jpeg
rumahdepan-mcf;2025051722023495028230_rumahdepan-mcf_Applicant.jpeg
pasanganttdcmo-mcf;2025051722023495028230_pasanganttdcmo-mcf_Applicant.jpeg
nasabahttdcmo-mcf;2025051722023495028230_nasabahttdcmo-mcf_Applicant.jpeg
allobank-mcf;2025051722023495028230_allobank-mcf_Applicant.jpeg
rumahjalan-mcf;2025051722023495028230_rumahjalan-mcf_Applicant.jpeg
salaryslip-mcf;2025051722023495028230_salaryslip-mcf_Applicant.jpeg
nomorrumah-mcf;2025051722023495028230_nomorrumah-mcf_Applicant.jpeg
dalamrumah-mcf;2025051722023495028230_dalamrumah-mcf_Applicant.jpeg
pricelist-mcf;2025051722023495028230_pricelist-mcf_Applicant.jpeg
pbbrekening-mcf;2025051722022275662995_pbbrekening-mcf_Applicant.jpeg
kksuratnikah-mcf;2025051722022275662995_kksuratnikah-mcf_Applicant.jpeg
halamandepanbukutabungan-mcf;2025051722022275662995_halamandepanbukutabungan-mcf_Applicant.jpeg
fpkbelakang-mcf;2025051722022275662995_fpkbelakang-mcf_Applicant.jpeg
fpkdepan-mcf;2025051722022275662995_fpkdepan-mcf_Applicant.jpeg
tempatusahadepan-mcf;2025051722022275662995_tempatusahadepan-mcf_Applicant.jpeg
rumahdepan-mcf;2025051722022275662995_rumahdepan-mcf_Applicant.jpeg
pasanganttdcmo-mcf;2025051722022275662995_pasanganttdcmo-mcf_Applicant.jpeg
nasabahttdcmo-mcf;2025051722022275662995_nasabahttdcmo-mcf_Applicant.jpeg
allobank-mcf;2025051722022275662995_allobank-mcf_Applicant.jpeg
rumahjalan-mcf;2025051722022275662995_rumahjalan-mcf_Applicant.jpeg
salaryslip-mcf;2025051722022275662995_salaryslip-mcf_Applicant.jpeg
nomorrumah-mcf;2025051722022275662995_nomorrumah-mcf_Applicant.jpeg
dalamrumah-mcf;2025051722022275662995_dalamrumah-mcf_Applicant.jpeg
pricelist-mcf;2025051722022275662995_pricelist-mcf_Applicant.jpeg
pbbrekening-mcf;2025051722025103811020_pbbrekening-mcf_Applicant.jpeg
kksuratnikah-mcf;2025051722025103811020_kksuratnikah-mcf_Applicant.jpeg
halamandepanbukutabungan-mcf;2025051722025103811020_halamandepanbukutabungan-mcf_Applicant.jpeg
fpkbelakang-mcf;2025051722025103811020_fpkbelakang-mcf_Applicant.jpeg
fpkdepan-mcf;2025051722025103811020_fpkdepan-mcf_Applicant.jpeg
tempatusahadepan-mcf;2025051722025103811020_tempatusahadepan-mcf_Applicant.jpeg
rumahdepan-mcf;2025051722025103811020_rumahdepan-mcf_Applicant.jpeg
pasanganttdcmo-mcf;2025051722025103811020_pasanganttdcmo-mcf_Applicant.jpeg
nasabahttdcmo-mcf;2025051722025103811020_nasabahttdcmo-mcf_Applicant.jpeg
allobank-mcf;2025051722025103811020_allobank-mcf_Applicant.jpeg
rumahjalan-mcf;2025051722025103811020_rumahjalan-mcf_Applicant.jpeg
salaryslip-mcf;2025051722025103811020_salaryslip-mcf_Applicant.jpeg
nomorrumah-mcf;2025051722025103811020_nomorrumah-mcf_Applicant.jpeg
dalamrumah-mcf;2025051722025103811020_dalamrumah-mcf_Applicant.jpeg
pricelist-mcf;2025051722025103811020_pricelist-mcf_Applicant.jpeg
pbbrekening-mcf;2025051722022204724844_pbbrekening-mcf_Applicant.jpeg
kksuratnikah-mcf;2025051722022204724844_kksuratnikah-mcf_Applicant.jpeg
halamandepanbukutabungan-mcf;2025051722022204724844_halamandepanbukutabungan-mcf_Applicant.jpeg
fpkbelakang-mcf;2025051722022204724844_fpkbelakang-mcf_Applicant.jpeg
fpkdepan-mcf;2025051722022204724844_fpkdepan-mcf_Applicant.jpeg
tempatusahadepan-mcf;2025051722022204724844_tempatusahadepan-mcf_Applicant.jpeg
rumahdepan-mcf;2025051722022204724844_rumahdepan-mcf_Applicant.jpeg
pasanganttdcmo-mcf;2025051722022204724844_pasanganttdcmo-mcf_Applicant.jpeg
nasabahttdcmo-mcf;2025051722022204724844_nasabahttdcmo-mcf_Applicant.jpeg
allobank-mcf;2025051722022204724844_allobank-mcf_Applicant.jpeg
rumahjalan-mcf;2025051722022204724844_rumahjalan-mcf_Applicant.jpeg
salaryslip-mcf;2025051722022204724844_salaryslip-mcf_Applicant.jpeg
nomorrumah-mcf;2025051722022204724844_nomorrumah-mcf_Applicant.jpeg
dalamrumah-mcf;2025051722022204724844_dalamrumah-mcf_Applicant.jpeg
pricelist-mcf;2025051722022204724844_pricelist-mcf_Applicant.jpeg
pbbrekening-mcf;2025051722024481750152_pbbrekening-mcf_Applicant.jpeg
kksuratnikah-mcf;2025051722024481750152_kksuratnikah-mcf_Applicant.jpeg
halamandepanbukutabungan-mcf;2025051722024481750152_halamandepanbukutabungan-mcf_Applicant.jpeg
fpkbelakang-mcf;2025051722024481750152_fpkbelakang-mcf_Applicant.jpeg
fpkdepan-mcf;2025051722024481750152_fpkdepan-mcf_Applicant.jpeg
tempatusahadepan-mcf;2025051722024481750152_tempatusahadepan-mcf_Applicant.jpeg
rumahdepan-mcf;2025051722024481750152_rumahdepan-mcf_Applicant.jpeg
pasanganttdcmo-mcf;2025051722024481750152_pasanganttdcmo-mcf_Applicant.jpeg
nasabahttdcmo-mcf;2025051722024481750152_nasabahttdcmo-mcf_Applicant.jpeg
allobank-mcf;2025051722024481750152_allobank-mcf_Applicant.jpeg
rumahjalan-mcf;2025051722024481750152_rumahjalan-mcf_Applicant.jpeg
salaryslip-mcf;2025051722024481750152_salaryslip-mcf_Applicant.jpeg
nomorrumah-mcf;2025051722024481750152_nomorrumah-mcf_Applicant.jpeg
dalamrumah-mcf;2025051722024481750152_dalamrumah-mcf_Applicant.jpeg
pricelist-mcf;2025051722024481750152_pricelist-mcf_Applicant.jpeg
buktipenghasilanusaha-mcf;2025051722024481750152_buktipenghasilanusaha-mcf_Applicant.jpeg
perizinanusaha-mcf;2025051722024481750152_perizinanusaha-mcf_Applicant.jpeg
buktikepemilikanusaha-mcf;2025051722024481750152_buktikepemilikanusaha-mcf_Applicant.jpeg
rangkanomesin-mcf;2025051722024074781537_rangkanomesin-mcf_Applicant.jpeg
pbbrekening-mcf;2025051722022372014177_pbbrekening-mcf_Applicant.jpeg
kksuratnikah-mcf;2025051722022372014177_kksuratnikah-mcf_Applicant.jpeg
halamandepanbukutabungan-mcf;2025051722022372014177_halamandepanbukutabungan-mcf_Applicant.jpeg
fpkbelakang-mcf;2025051722022372014177_fpkbelakang-mcf_Applicant.jpeg
fpkdepan-mcf;2025051722022372014177_fpkdepan-mcf_Applicant.jpeg
tempatusahadepan-mcf;2025051722022372014177_tempatusahadepan-mcf_Applicant.jpeg
rumahdepan-mcf;2025051722022372014177_rumahdepan-mcf_Applicant.jpeg
pasanganttdcmo-mcf;2025051722022372014177_pasanganttdcmo-mcf_Applicant.jpeg
nasabahttdcmo-mcf;2025051722022372014177_nasabahttdcmo-mcf_Applicant.jpeg
allobank-mcf;2025051722022372014177_allobank-mcf_Applicant.jpeg
rumahjalan-mcf;2025051722022372014177_rumahjalan-mcf_Applicant.jpeg
salaryslip-mcf;2025051722022372014177_salaryslip-mcf_Applicant.jpeg
nomorrumah-mcf;2025051722022372014177_nomorrumah-mcf_Applicant.jpeg
dalamrumah-mcf;2025051722022372014177_dalamrumah-mcf_Applicant.jpeg
pricelist-mcf;2025051722022372014177_pricelist-mcf_Applicant.jpeg
buktipenghasilanusaha-mcf;2025051722022372014177_buktipenghasilanusaha-mcf_Applicant.jpeg
perizinanusaha-mcf;2025051722022372014177_perizinanusaha-mcf_Applicant.jpeg
buktikepemilikanusaha-mcf;2025051722022372014177_buktikepemilikanusaha-mcf_Applicant.jpeg
pbbrekening-mcf;2025051622023492152585_pbbrekening-mcf_Applicant.jpeg
kksuratnikah-mcf;2025051622023492152585_kksuratnikah-mcf_Applicant.jpeg
halamandepanbukutabungan-mcf;2025051622023492152585_halamandepanbukutabungan-mcf_Applicant.jpeg
fpkbelakang-mcf;2025051622023492152585_fpkbelakang-mcf_Applicant.jpeg
fpkdepan-mcf;2025051622023492152585_fpkdepan-mcf_Applicant.jpeg
tempatusahadepan-mcf;2025051622023492152585_tempatusahadepan-mcf_Applicant.jpeg
rumahdepan-mcf;2025051622023492152585_rumahdepan-mcf_Applicant.jpeg
pasanganttdcmo-mcf;2025051622023492152585_pasanganttdcmo-mcf_Applicant.jpeg
nasabahttdcmo-mcf;2025051622023492152585_nasabahttdcmo-mcf_Applicant.jpeg
allobank-mcf;2025051622023492152585_allobank-mcf_Applicant.jpeg
rumahjalan-mcf;2025051622023492152585_rumahjalan-mcf_Applicant.jpeg
salaryslip-mcf;2025051622023492152585_salaryslip-mcf_Applicant.jpeg
nomorrumah-mcf;2025051622023492152585_nomorrumah-mcf_Applicant.jpeg
dalamrumah-mcf;2025051622023492152585_dalamrumah-mcf_Applicant.jpeg
pricelist-mcf;2025051622023492152585_pricelist-mcf_Applicant.jpeg
pbbrekening-mcf;2025051622024566235959_pbbrekening-mcf_Applicant.jpeg
kksuratnikah-mcf;2025051622024566235959_kksuratnikah-mcf_Applicant.jpeg
halamandepanbukutabungan-mcf;2025051622024566235959_halamandepanbukutabungan-mcf_Applicant.jpeg
fpkbelakang-mcf;2025051622024566235959_fpkbelakang-mcf_Applicant.jpeg
fpkdepan-mcf;2025051622024566235959_fpkdepan-mcf_Applicant.jpeg
tempatusahadepan-mcf;2025051622024566235959_tempatusahadepan-mcf_Applicant.jpeg
rumahdepan-mcf;2025051622024566235959_rumahdepan-mcf_Applicant.jpeg
pasanganttdcmo-mcf;2025051622024566235959_pasanganttdcmo-mcf_Applicant.jpeg
nasabahttdcmo-mcf;2025051622024566235959_nasabahttdcmo-mcf_Applicant.jpeg
allobank-mcf;2025051622024566235959_allobank-mcf_Applicant.jpeg
rumahjalan-mcf;2025051622024566235959_rumahjalan-mcf_Applicant.jpeg
salaryslip-mcf;2025051622024566235959_salaryslip-mcf_Applicant.jpeg
nomorrumah-mcf;2025051622024566235959_nomorrumah-mcf_Applicant.jpeg
dalamrumah-mcf;2025051622024566235959_dalamrumah-mcf_Applicant.jpeg
pricelist-mcf;2025051622024566235959_pricelist-mcf_Applicant.jpeg
fpkbelakang-mcf;2025051722025103896755_fpkbelakang-mcf_Applicant.jpeg
fpkdepan-mcf;2025051722025103896755_fpkdepan-mcf_Applicant.jpeg
tempatusahadepan-mcf;2025051722025103896755_tempatusahadepan-mcf_Applicant.jpeg
rumahdepan-mcf;2025051722025103896755_rumahdepan-mcf_Applicant.jpeg
pasanganttdcmo-mcf;2025051722025103896755_pasanganttdcmo-mcf_Applicant.jpeg
nasabahttdcmo-mcf;2025051722025103896755_nasabahttdcmo-mcf_Applicant.jpeg
allobank-mcf;2025051722025103896755_allobank-mcf_Applicant.jpeg
rumahjalan-mcf;2025051722025103896755_rumahjalan-mcf_Applicant.jpeg
salaryslip-mcf;2025051722025103896755_salaryslip-mcf_Applicant.jpeg
nomorrumah-mcf;2025051722025103896755_nomorrumah-mcf_Applicant.jpeg
dalamrumah-mcf;2025051722025103896755_dalamrumah-mcf_Applicant.jpeg
pricelist-mcf;2025051722025103896755_pricelist-mcf_Applicant.jpeg
pbbrekening-mcf;2025051722024481765790_pbbrekening-mcf_Applicant.jpeg
kksuratnikah-mcf;2025051722024481765790_kksuratnikah-mcf_Applicant.jpeg
halamandepanbukutabungan-mcf;2025051722024481765790_halamandepanbukutabungan-mcf_Applicant.jpeg
fpkbelakang-mcf;2025051722024481765790_fpkbelakang-mcf_Applicant.jpeg
fpkdepan-mcf;2025051722024481765790_fpkdepan-mcf_Applicant.jpeg
tempatusahadepan-mcf;2025051722024481765790_tempatusahadepan-mcf_Applicant.jpeg
rumahdepan-mcf;2025051722024481765790_rumahdepan-mcf_Applicant.jpeg
pasanganttdcmo-mcf;2025051722024481765790_pasanganttdcmo-mcf_Applicant.jpeg
nasabahttdcmo-mcf;2025051722024481765790_nasabahttdcmo-mcf_Applicant.jpeg
pbbrekening-mcf;2025051722025103896755_pbbrekening-mcf_Applicant.jpeg
kksuratnikah-mcf;2025051722025103896755_kksuratnikah-mcf_Applicant.jpeg
halamandepanbukutabungan-mcf;2025051722025103896755_halamandepanbukutabungan-mcf_Applicant.jpeg
rumahjalan-mcf;2025051722024481765790_rumahjalan-mcf_Applicant.jpeg
salaryslip-mcf;2025051722024481765790_salaryslip-mcf_Applicant.jpeg
nomorrumah-mcf;2025051722024481765790_nomorrumah-mcf_Applicant.jpeg
dalamrumah-mcf;2025051722024481765790_dalamrumah-mcf_Applicant.jpeg
pricelist-mcf;2025051722024481765790_pricelist-mcf_Applicant.jpeg
pbbrekening-mcf;2025051722025022058568_pbbrekening-mcf_Applicant.jpeg
kksuratnikah-mcf;2025051722025022058568_kksuratnikah-mcf_Applicant.jpeg
halamandepanbukutabungan-mcf;2025051722025022058568_halamandepanbukutabungan-mcf_Applicant.jpeg
fpkbelakang-mcf;2025051722025022058568_fpkbelakang-mcf_Applicant.jpeg
fpkdepan-mcf;2025051722025022058568_fpkdepan-mcf_Applicant.jpeg
tempatusahadepan-mcf;2025051722025022058568_tempatusahadepan-mcf_Applicant.jpeg
rumahdepan-mcf;2025051722025022058568_rumahdepan-mcf_Applicant.jpeg
pasanganttdcmo-mcf;2025051722025022058568_pasanganttdcmo-mcf_Applicant.jpeg
nasabahttdcmo-mcf;2025051722025022058568_nasabahttdcmo-mcf_Applicant.jpeg
allobank-mcf;2025051722025022058568_allobank-mcf_Applicant.jpeg
rumahjalan-mcf;2025051722025022058568_rumahjalan-mcf_Applicant.jpeg
salaryslip-mcf;2025051722025022058568_salaryslip-mcf_Applicant.jpeg
nomorrumah-mcf;2025051722025022058568_nomorrumah-mcf_Applicant.jpeg
dalamrumah-mcf;2025051722025022058568_dalamrumah-mcf_Applicant.jpeg
pricelist-mcf;2025051722025022058568_pricelist-mcf_Applicant.jpeg
pbbrekening-mcf;2025051722024267689620_pbbrekening-mcf_Applicant.jpeg
kksuratnikah-mcf;2025051722024267689620_kksuratnikah-mcf_Applicant.jpeg
halamandepanbukutabungan-mcf;2025051722024267689620_halamandepanbukutabungan-mcf_Applicant.jpeg
fpkbelakang-mcf;2025051722024267689620_fpkbelakang-mcf_Applicant.jpeg
fpkdepan-mcf;2025051722024267689620_fpkdepan-mcf_Applicant.jpeg
tempatusahadepan-mcf;2025051722024267689620_tempatusahadepan-mcf_Applicant.jpeg
rumahdepan-mcf;2025051722024267689620_rumahdepan-mcf_Applicant.jpeg
pasanganttdcmo-mcf;2025051722024267689620_pasanganttdcmo-mcf_Applicant.jpeg
nasabahttdcmo-mcf;2025051722024267689620_nasabahttdcmo-mcf_Applicant.jpeg
allobank-mcf;2025051722024267689620_allobank-mcf_Applicant.jpeg
rumahjalan-mcf;2025051722024267689620_rumahjalan-mcf_Applicant.jpeg
salaryslip-mcf;2025051722024267689620_salaryslip-mcf_Applicant.jpeg
nomorrumah-mcf;2025051722024267689620_nomorrumah-mcf_Applicant.jpeg
dalamrumah-mcf;2025051722024267689620_dalamrumah-mcf_Applicant.jpeg
pricelist-mcf;2025051722024267689620_pricelist-mcf_Applicant.jpeg
pbbrekening-mcf;2025051722023495087768_pbbrekening-mcf_Applicant.jpeg
kksuratnikah-mcf;2025051722023495087768_kksuratnikah-mcf_Applicant.jpeg
halamandepanbukutabungan-mcf;2025051722023495087768_halamandepanbukutabungan-mcf_Applicant.jpeg
fpkbelakang-mcf;2025051722023495087768_fpkbelakang-mcf_Applicant.jpeg
fpkdepan-mcf;2025051722023495087768_fpkdepan-mcf_Applicant.jpeg
tempatusahadepan-mcf;2025051722023495087768_tempatusahadepan-mcf_Applicant.jpeg
rumahdepan-mcf;2025051722023495087768_rumahdepan-mcf_Applicant.jpeg
pasanganttdcmo-mcf;2025051722023495087768_pasanganttdcmo-mcf_Applicant.jpeg
nasabahttdcmo-mcf;2025051722023495087768_nasabahttdcmo-mcf_Applicant.jpeg
allobank-mcf;2025051722023495087768_allobank-mcf_Applicant.jpeg
rumahjalan-mcf;2025051722023495087768_rumahjalan-mcf_Applicant.jpeg
salaryslip-mcf;2025051722023495087768_salaryslip-mcf_Applicant.jpeg
nomorrumah-mcf;2025051722023495087768_nomorrumah-mcf_Applicant.jpeg
dalamrumah-mcf;2025051722023495087768_dalamrumah-mcf_Applicant.jpeg
pricelist-mcf;2025051722023495087768_pricelist-mcf_Applicant.jpeg
pbbrekening-mcf;2025051622022233782492_pbbrekening-mcf_Applicant.jpeg
kksuratnikah-mcf;2025051622022233782492_kksuratnikah-mcf_Applicant.jpeg
halamandepanbukutabungan-mcf;2025051622022233782492_halamandepanbukutabungan-mcf_Applicant.jpeg
fpkbelakang-mcf;2025051622022233782492_fpkbelakang-mcf_Applicant.jpeg
fpkdepan-mcf;2025051622022233782492_fpkdepan-mcf_Applicant.jpeg
tempatusahadepan-mcf;2025051622022233782492_tempatusahadepan-mcf_Applicant.jpeg
rumahdepan-mcf;2025051622022233782492_rumahdepan-mcf_Applicant.jpeg
pasanganttdcmo-mcf;2025051622022233782492_pasanganttdcmo-mcf_Applicant.jpeg
nasabahttdcmo-mcf;2025051622022233782492_nasabahttdcmo-mcf_Applicant.jpeg
allobank-mcf;2025051622022233782492_allobank-mcf_Applicant.jpeg
rumahjalan-mcf;2025051622022233782492_rumahjalan-mcf_Applicant.jpeg
bpkbdepan-mcf;2025051622022233782492_bpkbdepan-mcf_Applicant.jpeg
bpkbbelakang-mcf;2025051622022233782492_bpkbbelakang-mcf_Applicant.jpeg
stnkpajak-mcf;2025051622022233782492_stnkpajak-mcf_Applicant.jpeg
unitdepankanan-mcf;2025051622022233782492_unitdepankanan-mcf_Applicant.jpeg
unitdepankiri-mcf;2025051622022233782492_unitdepankiri-mcf_Applicant.jpeg
salaryslip-mcf;2025051622022233782492_salaryslip-mcf_Applicant.jpeg
nomorrumah-mcf;2025051622022233782492_nomorrumah-mcf_Applicant.jpeg
dalamrumah-mcf;2025051622022233782492_dalamrumah-mcf_Applicant.jpeg
rangkanomesin-mcf;2025051622022233782492_rangkanomesin-mcf_Applicant.jpeg
pbbrekening-mcf;2025051722025076045389_pbbrekening-mcf_Applicant.jpeg
kksuratnikah-mcf;2025051722025076045389_kksuratnikah-mcf_Applicant.jpeg
halamandepanbukutabungan-mcf;2025051722025076045389_halamandepanbukutabungan-mcf_Applicant.jpeg
fpkbelakang-mcf;2025051722025076045389_fpkbelakang-mcf_Applicant.jpeg
fpkdepan-mcf;2025051722025076045389_fpkdepan-mcf_Applicant.jpeg
tempatusahadepan-mcf;2025051722025076045389_tempatusahadepan-mcf_Applicant.jpeg
rumahdepan-mcf;2025051722025076045389_rumahdepan-mcf_Applicant.jpeg
pasanganttdcmo-mcf;2025051722025076045389_pasanganttdcmo-mcf_Applicant.jpeg
nasabahttdcmo-mcf;2025051722025076045389_nasabahttdcmo-mcf_Applicant.jpeg
allobank-mcf;2025051722025076045389_allobank-mcf_Applicant.jpeg
rumahjalan-mcf;2025051722025076045389_rumahjalan-mcf_Applicant.jpeg
salaryslip-mcf;2025051722025076045389_salaryslip-mcf_Applicant.jpeg
nomorrumah-mcf;2025051722025076045389_nomorrumah-mcf_Applicant.jpeg
dalamrumah-mcf;2025051722025076045389_dalamrumah-mcf_Applicant.jpeg
pricelist-mcf;2025051722025076045389_pricelist-mcf_Applicant.jpeg
pbbrekening-mcf;2025051722024376390454_pbbrekening-mcf_Applicant.jpeg
kksuratnikah-mcf;2025051722024376390454_kksuratnikah-mcf_Applicant.jpeg
halamandepanbukutabungan-mcf;2025051722024376390454_halamandepanbukutabungan-mcf_Applicant.jpeg
fpkbelakang-mcf;2025051722024376390454_fpkbelakang-mcf_Applicant.jpeg
fpkdepan-mcf;2025051722024376390454_fpkdepan-mcf_Applicant.jpeg
tempatusahadepan-mcf;2025051722024376390454_tempatusahadepan-mcf_Applicant.jpeg
rumahdepan-mcf;2025051722024376390454_rumahdepan-mcf_Applicant.jpeg
pasanganttdcmo-mcf;2025051722024376390454_pasanganttdcmo-mcf_Applicant.jpeg
nasabahttdcmo-mcf;2025051722024376390454_nasabahttdcmo-mcf_Applicant.jpeg
allobank-mcf;2025051722024376390454_allobank-mcf_Applicant.jpeg
rumahjalan-mcf;2025051722024376390454_rumahjalan-mcf_Applicant.jpeg
salaryslip-mcf;2025051722024376390454_salaryslip-mcf_Applicant.jpeg
nomorrumah-mcf;2025051722024376390454_nomorrumah-mcf_Applicant.jpeg
dalamrumah-mcf;2025051722024376390454_dalamrumah-mcf_Applicant.jpeg
pricelist-mcf;2025051722024376390454_pricelist-mcf_Applicant.jpeg
pbbrekening-mcf;2025051722023120060608_pbbrekening-mcf_Applicant.jpeg
kksuratnikah-mcf;2025051722023120060608_kksuratnikah-mcf_Applicant.jpeg
halamandepanbukutabungan-mcf;2025051722023120060608_halamandepanbukutabungan-mcf_Applicant.jpeg
fpkbelakang-mcf;2025051722023120060608_fpkbelakang-mcf_Applicant.jpeg
fpkdepan-mcf;2025051722023120060608_fpkdepan-mcf_Applicant.jpeg
tempatusahadepan-mcf;2025051722023120060608_tempatusahadepan-mcf_Applicant.jpeg
rumahdepan-mcf;2025051722023120060608_rumahdepan-mcf_Applicant.jpeg
pasanganttdcmo-mcf;2025051722023120060608_pasanganttdcmo-mcf_Applicant.jpeg
nasabahttdcmo-mcf;2025051722023120060608_nasabahttdcmo-mcf_Applicant.jpeg
allobank-mcf;2025051722023120060608_allobank-mcf_Applicant.jpeg
rumahjalan-mcf;2025051722023120060608_rumahjalan-mcf_Applicant.jpeg
salaryslip-mcf;2025051722023120060608_salaryslip-mcf_Applicant.jpeg
nomorrumah-mcf;2025051722023120060608_nomorrumah-mcf_Applicant.jpeg
dalamrumah-mcf;2025051722023120060608_dalamrumah-mcf_Applicant.jpeg
pricelist-mcf;2025051722023120060608_pricelist-mcf_Applicant.jpeg
pbbrekening-mcf;2025051722022267682578_pbbrekening-mcf_Applicant.jpeg
kksuratnikah-mcf;2025051722022267682578_kksuratnikah-mcf_Applicant.jpeg
halamandepanbukutabungan-mcf;2025051722022267682578_halamandepanbukutabungan-mcf_Applicant.jpeg
fpkbelakang-mcf;2025051722022267682578_fpkbelakang-mcf_Applicant.jpeg
fpkdepan-mcf;2025051722022267682578_fpkdepan-mcf_Applicant.jpeg
tempatusahadepan-mcf;2025051722022267682578_tempatusahadepan-mcf_Applicant.jpeg
rumahdepan-mcf;2025051722022267682578_rumahdepan-mcf_Applicant.jpeg
pasanganttdcmo-mcf;2025051722022267682578_pasanganttdcmo-mcf_Applicant.jpeg
pbbrekening-mcf;2025052022023518478520_pbbrekening-mcf_Applicant.jpeg
kksuratnikah-mcf;2025052022023518478520_kksuratnikah-mcf_Applicant.jpeg
halamandepanbukutabungan-mcf;2025052022023518478520_halamandepanbukutabungan-mcf_Applicant.jpeg
fpkbelakang-mcf;2025052022023518478520_fpkbelakang-mcf_Applicant.jpeg
fpkdepan-mcf;2025052022023518478520_fpkdepan-mcf_Applicant.jpeg
tempatusahadepan-mcf;2025052022023518478520_tempatusahadepan-mcf_Applicant.jpeg
rumahdepan-mcf;2025052022023518478520_rumahdepan-mcf_Applicant.jpeg
pasanganttdcmo-mcf;2025052022023518478520_pasanganttdcmo-mcf_Applicant.jpeg
nasabahttdcmo-mcf;2025052022023518478520_nasabahttdcmo-mcf_Applicant.jpeg
allobank-mcf;2025052022023518478520_allobank-mcf_Applicant.jpeg
kksuratnikah-mcf;2025052022021178714188_kksuratnikah-mcf_Applicant.jpeg
halamandepanbukutabungan-mcf;2025052022021178714188_halamandepanbukutabungan-mcf_Applicant.jpeg
fpkbelakang-mcf;2025052022021178714188_fpkbelakang-mcf_Applicant.jpeg
fpkdepan-mcf;2025052022021178714188_fpkdepan-mcf_Applicant.jpeg
tempatusahadepan-mcf;2025052022021178714188_tempatusahadepan-mcf_Applicant.jpeg
rumahdepan-mcf;2025052022021178714188_rumahdepan-mcf_Applicant.jpeg
pasanganttdcmo-mcf;2025052022021178714188_pasanganttdcmo-mcf_Applicant.jpeg
nasabahttdcmo-mcf;2025052022021178714188_nasabahttdcmo-mcf_Applicant.jpeg
allobank-mcf;2025052022021178714188_allobank-mcf_Applicant.jpeg
rumahjalan-mcf;2025052022021178714188_rumahjalan-mcf_Applicant.jpeg
bpkbdepan-mcf;2025052022021178714188_bpkbdepan-mcf_Applicant.jpeg
bpkbbelakang-mcf;2025052022021178714188_bpkbbelakang-mcf_Applicant.jpeg
stnkpajak-mcf;2025052022021178714188_stnkpajak-mcf_Applicant.jpeg
unitdepankanan-mcf;2025052022021178714188_unitdepankanan-mcf_Applicant.jpeg
unitdepankiri-mcf;2025052022021178714188_unitdepankiri-mcf_Applicant.jpeg
salaryslip-mcf;2025052022021178714188_salaryslip-mcf_Applicant.jpeg
nomorrumah-mcf;2025052022021178714188_nomorrumah-mcf_Applicant.jpeg
dalamrumah-mcf;2025052022021178714188_dalamrumah-mcf_Applicant.jpeg
rangkanomesin-mcf;2025052022021178714188_rangkanomesin-mcf_Applicant.jpeg
nasabahttdcmo-mcf;2025052322025010657367_nasabahttdcmo-mcf_Applicant.jpeg
allobank-mcf;2025052322025010657367_allobank-mcf_Applicant.jpeg
rumahjalan-mcf;2025052322025010657367_rumahjalan-mcf_Applicant.jpeg
salaryslip-mcf;2025052322025010657367_salaryslip-mcf_Applicant.jpeg
nomorrumah-mcf;2025052322025010657367_nomorrumah-mcf_Applicant.jpeg
dalamrumah-mcf;2025052322025010657367_dalamrumah-mcf_Applicant.jpeg
pricelist-mcf;2025052322025010657367_pricelist-mcf_Applicant.jpeg
pbbrekening-mcf;2025052322021143159840_pbbrekening-mcf_Applicant.jpeg
kksuratnikah-mcf;2025052322021143159840_kksuratnikah-mcf_Applicant.jpeg
halamandepanbukutabungan-mcf;2025052322021143159840_halamandepanbukutabungan-mcf_Applicant.jpeg
fpkbelakang-mcf;2025052322021143159840_fpkbelakang-mcf_Applicant.jpeg
fpkdepan-mcf;2025052322021143159840_fpkdepan-mcf_Applicant.jpeg
tempatusahadepan-mcf;2025052322021143159840_tempatusahadepan-mcf_Applicant.jpeg
rumahdepan-mcf;2025052322021143159840_rumahdepan-mcf_Applicant.jpeg
pasanganttdcmo-mcf;2025052322021143159840_pasanganttdcmo-mcf_Applicant.jpeg
rumahjalan-mcf;2025051622024242721312_rumahjalan-mcf_Applicant.jpeg
salaryslip-mcf;2025051622024242721312_salaryslip-mcf_Applicant.jpeg
nomorrumah-mcf;2025051622024242721312_nomorrumah-mcf_Applicant.jpeg
dalamrumah-mcf;2025051622024242721312_dalamrumah-mcf_Applicant.jpeg
pricelist-mcf;2025051622024242721312_pricelist-mcf_Applicant.jpeg
pbbrekening-mcf;2025051922021383414925_pbbrekening-mcf_Applicant.jpeg
kksuratnikah-mcf;2025051922021383414925_kksuratnikah-mcf_Applicant.jpeg
halamandepanbukutabungan-mcf;2025051922021383414925_halamandepanbukutabungan-mcf_Applicant.jpeg
fpkbelakang-mcf;2025051922021383414925_fpkbelakang-mcf_Applicant.jpeg
fpkdepan-mcf;2025051922021383414925_fpkdepan-mcf_Applicant.jpeg
tempatusahadepan-mcf;2025051922021383414925_tempatusahadepan-mcf_Applicant.jpeg
rumahdepan-mcf;2025051922021383414925_rumahdepan-mcf_Applicant.jpeg
pasanganttdcmo-mcf;2025051922021383414925_pasanganttdcmo-mcf_Applicant.jpeg
nasabahttdcmo-mcf;2025051922021383414925_nasabahttdcmo-mcf_Applicant.jpeg
allobank-mcf;2025051922021383414925_allobank-mcf_Applicant.jpeg
rumahjalan-mcf;2025051922021383414925_rumahjalan-mcf_Applicant.jpeg
salaryslip-mcf;2025051922021383414925_salaryslip-mcf_Applicant.jpeg
nomorrumah-mcf;2025051922021383414925_nomorrumah-mcf_Applicant.jpeg
dalamrumah-mcf;2025051922021383414925_dalamrumah-mcf_Applicant.jpeg
pricelist-mcf;2025051922021383414925_pricelist-mcf_Applicant.jpeg
pbbrekening-mcf;2025051922022252534533_pbbrekening-mcf_Applicant.jpeg
kksuratnikah-mcf;2025051922022252534533_kksuratnikah-mcf_Applicant.jpeg
halamandepanbukutabungan-mcf;2025051922022252534533_halamandepanbukutabungan-mcf_Applicant.jpeg
nasabahttdcmo-mcf;2025052022024270255039_nasabahttdcmo-mcf_Applicant.jpeg
allobank-mcf;2025052022024270255039_allobank-mcf_Applicant.jpeg
rumahjalan-mcf;2025052022024270255039_rumahjalan-mcf_Applicant.jpeg
salaryslip-mcf;2025052022024270255039_salaryslip-mcf_Applicant.jpeg
nomorrumah-mcf;2025052022024270255039_nomorrumah-mcf_Applicant.jpeg
dalamrumah-mcf;2025052022024270255039_dalamrumah-mcf_Applicant.jpeg
pricelist-mcf;2025052022024270255039_pricelist-mcf_Applicant.jpeg
pbbrekening-mcf;2025052022023365173704_pbbrekening-mcf_Applicant.jpeg
kksuratnikah-mcf;2025052022023365173704_kksuratnikah-mcf_Applicant.jpeg
halamandepanbukutabungan-mcf;2025052022023365173704_halamandepanbukutabungan-mcf_Applicant.jpeg
fpkbelakang-mcf;2025052022023365173704_fpkbelakang-mcf_Applicant.jpeg
fpkdepan-mcf;2025052022023365173704_fpkdepan-mcf_Applicant.jpeg
tempatusahadepan-mcf;2025052022023365173704_tempatusahadepan-mcf_Applicant.jpeg
rumahdepan-mcf;2025052022023365173704_rumahdepan-mcf_Applicant.jpeg
pasanganttdcmo-mcf;2025052022023365173704_pasanganttdcmo-mcf_Applicant.jpeg
nasabahttdcmo-mcf;2025052022023365173704_nasabahttdcmo-mcf_Applicant.jpeg
allobank-mcf;2025052022023365173704_allobank-mcf_Applicant.jpeg
rumahjalan-mcf;2025052022023365173704_rumahjalan-mcf_Applicant.jpeg
pbbrekening-mcf;2025052022024270255039_pbbrekening-mcf_Applicant.jpeg
kksuratnikah-mcf;2025052022024270255039_kksuratnikah-mcf_Applicant.jpeg
halamandepanbukutabungan-mcf;2025052022024270255039_halamandepanbukutabungan-mcf_Applicant.jpeg
fpkbelakang-mcf;2025052022024270255039_fpkbelakang-mcf_Applicant.jpeg
fpkdepan-mcf;2025052022024270255039_fpkdepan-mcf_Applicant.jpeg
tempatusahadepan-mcf;2025052022024270255039_tempatusahadepan-mcf_Applicant.jpeg
rumahdepan-mcf;2025052022024270255039_rumahdepan-mcf_Applicant.jpeg
pasanganttdcmo-mcf;2025052022024270255039_pasanganttdcmo-mcf_Applicant.jpeg
nomorrumah-mcf;2025052022025103829614_nomorrumah-mcf_Applicant.jpeg
dalamrumah-mcf;2025052022025103829614_dalamrumah-mcf_Applicant.jpeg
pricelist-mcf;2025052022025103829614_pricelist-mcf_Applicant.jpeg
buktipenghasilanusaha-mcf;2025052022025103829614_buktipenghasilanusaha-mcf_Applicant.jpeg
perizinanusaha-mcf;2025052022025103829614_perizinanusaha-mcf_Applicant.jpeg
buktikepemilikanusaha-mcf;2025052022025103829614_buktikepemilikanusaha-mcf_Applicant.jpeg
pbbrekening-mcf;2025051622023045193462_pbbrekening-mcf_Applicant.jpeg
kksuratnikah-mcf;2025051622023045193462_kksuratnikah-mcf_Applicant.jpeg
halamandepanbukutabungan-mcf;2025051622023045193462_halamandepanbukutabungan-mcf_Applicant.jpeg
fpkbelakang-mcf;2025051622023045193462_fpkbelakang-mcf_Applicant.jpeg
fpkdepan-mcf;2025051622023045193462_fpkdepan-mcf_Applicant.jpeg
tempatusahadepan-mcf;2025051622023045193462_tempatusahadepan-mcf_Applicant.jpeg
rumahdepan-mcf;2025051622023045193462_rumahdepan-mcf_Applicant.jpeg
pasanganttdcmo-mcf;2025051622023045193462_pasanganttdcmo-mcf_Applicant.jpeg
nasabahttdcmo-mcf;2025051622023045193462_nasabahttdcmo-mcf_Applicant.jpeg
allobank-mcf;2025051622023045193462_allobank-mcf_Applicant.jpeg
rumahjalan-mcf;2025051622023045193462_rumahjalan-mcf_Applicant.jpeg
salaryslip-mcf;2025051622023045193462_salaryslip-mcf_Applicant.jpeg
nomorrumah-mcf;2025051622023045193462_nomorrumah-mcf_Applicant.jpeg
dalamrumah-mcf;2025051622023045193462_dalamrumah-mcf_Applicant.jpeg
pricelist-mcf;2025051622023045193462_pricelist-mcf_Applicant.jpeg
buktipenghasilanusaha-mcf;2025051622023045193462_buktipenghasilanusaha-mcf_Applicant.jpeg
perizinanusaha-mcf;2025051622023045193462_perizinanusaha-mcf_Applicant.jpeg
buktikepemilikanusaha-mcf;2025051622023045193462_buktikepemilikanusaha-mcf_Applicant.jpeg
pbbrekening-mcf;2025052122025631666335_pbbrekening-mcf_Applicant.jpeg
kksuratnikah-mcf;2025052122025631666335_kksuratnikah-mcf_Applicant.jpeg
halamandepanbukutabungan-mcf;2025052122025631666335_halamandepanbukutabungan-mcf_Applicant.jpeg
fpkbelakang-mcf;2025052122025631666335_fpkbelakang-mcf_Applicant.jpeg
fpkdepan-mcf;2025052122025631666335_fpkdepan-mcf_Applicant.jpeg
tempatusahadepan-mcf;2025052122025631666335_tempatusahadepan-mcf_Applicant.jpeg
rumahdepan-mcf;2025052122025631666335_rumahdepan-mcf_Applicant.jpeg
pasanganttdcmo-mcf;2025052122025631666335_pasanganttdcmo-mcf_Applicant.jpeg
nasabahttdcmo-mcf;2025052122025631666335_nasabahttdcmo-mcf_Applicant.jpeg
allobank-mcf;2025052122025631666335_allobank-mcf_Applicant.jpeg
rumahjalan-mcf;2025052122025631666335_rumahjalan-mcf_Applicant.jpeg
salaryslip-mcf;2025052122025631666335_salaryslip-mcf_Applicant.jpeg
nomorrumah-mcf;2025052122025631666335_nomorrumah-mcf_Applicant.jpeg
salaryslip-mcf;2025052022023365173704_salaryslip-mcf_Applicant.jpeg
nomorrumah-mcf;2025052022023365173704_nomorrumah-mcf_Applicant.jpeg
dalamrumah-mcf;2025052022023365173704_dalamrumah-mcf_Applicant.jpeg
pricelist-mcf;2025052022023365173704_pricelist-mcf_Applicant.jpeg
pbbrekening-mcf;2025052022025103829614_pbbrekening-mcf_Applicant.jpeg
kksuratnikah-mcf;2025052022025103829614_kksuratnikah-mcf_Applicant.jpeg
halamandepanbukutabungan-mcf;2025052022025103829614_halamandepanbukutabungan-mcf_Applicant.jpeg
fpkbelakang-mcf;2025052022025103829614_fpkbelakang-mcf_Applicant.jpeg
fpkdepan-mcf;2025052022025103829614_fpkdepan-mcf_Applicant.jpeg
tempatusahadepan-mcf;2025052022025103829614_tempatusahadepan-mcf_Applicant.jpeg
rumahdepan-mcf;2025052022025103829614_rumahdepan-mcf_Applicant.jpeg
pasanganttdcmo-mcf;2025052022025103829614_pasanganttdcmo-mcf_Applicant.jpeg
nasabahttdcmo-mcf;2025052022025103829614_nasabahttdcmo-mcf_Applicant.jpeg
allobank-mcf;2025052022025103829614_allobank-mcf_Applicant.jpeg
rumahjalan-mcf;2025052022025103829614_rumahjalan-mcf_Applicant.jpeg
salaryslip-mcf;2025052022025103829614_salaryslip-mcf_Applicant.jpeg
pbbrekening-mcf;2025051722023018178198_pbbrekening-mcf_Applicant.jpeg
kksuratnikah-mcf;2025051722023018178198_kksuratnikah-mcf_Applicant.jpeg
halamandepanbukutabungan-mcf;2025051722023018178198_halamandepanbukutabungan-mcf_Applicant.jpeg
pbbrekening-mcf;2025052022024212090020_pbbrekening-mcf_Applicant.jpeg
kksuratnikah-mcf;2025052022024212090020_kksuratnikah-mcf_Applicant.jpeg
halamandepanbukutabungan-mcf;2025052022024212090020_halamandepanbukutabungan-mcf_Applicant.jpeg
fpkbelakang-mcf;2025052022024212090020_fpkbelakang-mcf_Applicant.jpeg
fpkdepan-mcf;2025052022024212090020_fpkdepan-mcf_Applicant.jpeg
tempatusahadepan-mcf;2025052022024212090020_tempatusahadepan-mcf_Applicant.jpeg
rumahdepan-mcf;2025052022024212090020_rumahdepan-mcf_Applicant.jpeg
pasanganttdcmo-mcf;2025052022024212090020_pasanganttdcmo-mcf_Applicant.jpeg
nasabahttdcmo-mcf;2025052022024212090020_nasabahttdcmo-mcf_Applicant.jpeg
allobank-mcf;2025052022024212090020_allobank-mcf_Applicant.jpeg
rumahjalan-mcf;2025052022024212090020_rumahjalan-mcf_Applicant.jpeg
salaryslip-mcf;2025052022024212090020_salaryslip-mcf_Applicant.jpeg
nomorrumah-mcf;2025052022024212090020_nomorrumah-mcf_Applicant.jpeg
dalamrumah-mcf;2025052022024212090020_dalamrumah-mcf_Applicant.jpeg
pricelist-mcf;2025052022024212090020_pricelist-mcf_Applicant.jpeg
fpkbelakang-mcf;2025051722023018178198_fpkbelakang-mcf_Applicant.jpeg
fpkdepan-mcf;2025051722023018178198_fpkdepan-mcf_Applicant.jpeg
tempatusahadepan-mcf;2025051722023018178198_tempatusahadepan-mcf_Applicant.jpeg
rumahdepan-mcf;2025051722023018178198_rumahdepan-mcf_Applicant.jpeg
pasanganttdcmo-mcf;2025051722023018178198_pasanganttdcmo-mcf_Applicant.jpeg
nasabahttdcmo-mcf;2025051722023018178198_nasabahttdcmo-mcf_Applicant.jpeg
allobank-mcf;2025051722023018178198_allobank-mcf_Applicant.jpeg
rumahjalan-mcf;2025051722023018178198_rumahjalan-mcf_Applicant.jpeg
salaryslip-mcf;2025051722023018178198_salaryslip-mcf_Applicant.jpeg
nomorrumah-mcf;2025051722023018178198_nomorrumah-mcf_Applicant.jpeg
dalamrumah-mcf;2025051722023018178198_dalamrumah-mcf_Applicant.jpeg
pricelist-mcf;2025051722023018178198_pricelist-mcf_Applicant.jpeg
pbbrekening-mcf;2025051922021076471199_pbbrekening-mcf_Applicant.jpeg
kksuratnikah-mcf;2025051922021076471199_kksuratnikah-mcf_Applicant.jpeg
halamandepanbukutabungan-mcf;2025051922021076471199_halamandepanbukutabungan-mcf_Applicant.jpeg
fpkbelakang-mcf;2025051922021076471199_fpkbelakang-mcf_Applicant.jpeg
pbbrekening-mcf;2025052022021125369002_pbbrekening-mcf_Applicant.jpeg
kksuratnikah-mcf;2025052022021125369002_kksuratnikah-mcf_Applicant.jpeg
halamandepanbukutabungan-mcf;2025052022021125369002_halamandepanbukutabungan-mcf_Applicant.jpeg
fpkbelakang-mcf;2025052022021125369002_fpkbelakang-mcf_Applicant.jpeg
fpkdepan-mcf;2025052022021125369002_fpkdepan-mcf_Applicant.jpeg
tempatusahadepan-mcf;2025052022021125369002_tempatusahadepan-mcf_Applicant.jpeg
perizinanusaha-mcf;2025052022022252524132_perizinanusaha-mcf_Applicant.jpeg
buktikepemilikanusaha-mcf;2025052022022252524132_buktikepemilikanusaha-mcf_Applicant.jpeg
pbbrekening-mcf;2025052022024447726094_pbbrekening-mcf_Applicant.jpeg
kksuratnikah-mcf;2025052022024447726094_kksuratnikah-mcf_Applicant.jpeg
halamandepanbukutabungan-mcf;2025052022024447726094_halamandepanbukutabungan-mcf_Applicant.jpeg
fpkbelakang-mcf;2025052022024447726094_fpkbelakang-mcf_Applicant.jpeg
fpkdepan-mcf;2025052022024447726094_fpkdepan-mcf_Applicant.jpeg
tempatusahadepan-mcf;2025052022024447726094_tempatusahadepan-mcf_Applicant.jpeg
rumahdepan-mcf;2025052022024447726094_rumahdepan-mcf_Applicant.jpeg
pasanganttdcmo-mcf;2025052022024447726094_pasanganttdcmo-mcf_Applicant.jpeg
fpkdepan-mcf;2025051922021076471199_fpkdepan-mcf_Applicant.jpeg
tempatusahadepan-mcf;2025051922021076471199_tempatusahadepan-mcf_Applicant.jpeg
rumahdepan-mcf;2025051922021076471199_rumahdepan-mcf_Applicant.jpeg
pasanganttdcmo-mcf;2025051922021076471199_pasanganttdcmo-mcf_Applicant.jpeg
nasabahttdcmo-mcf;2025051922021076471199_nasabahttdcmo-mcf_Applicant.jpeg
rumahjalan-mcf;2025051922021076471199_rumahjalan-mcf_Applicant.jpeg
salaryslip-mcf;2025051922021076471199_salaryslip-mcf_Applicant.jpeg
nomorrumah-mcf;2025051922021076471199_nomorrumah-mcf_Applicant.jpeg
dalamrumah-mcf;2025051922021076471199_dalamrumah-mcf_Applicant.jpeg
pricelist-mcf;2025051922021076471199_pricelist-mcf_Applicant.jpeg
pricelist-mcf;2025052022021341160114_pricelist-mcf_Applicant.jpeg
pbbrekening-mcf;2025052022020652736924_pbbrekening-mcf_Applicant.jpeg
kksuratnikah-mcf;2025052022020652736924_kksuratnikah-mcf_Applicant.jpeg
halamandepanbukutabungan-mcf;2025052022020652736924_halamandepanbukutabungan-mcf_Applicant.jpeg
fpkbelakang-mcf;2025052022020652736924_fpkbelakang-mcf_Applicant.jpeg
fpkdepan-mcf;2025052022020652736924_fpkdepan-mcf_Applicant.jpeg
tempatusahadepan-mcf;2025052022020652736924_tempatusahadepan-mcf_Applicant.jpeg
rumahdepan-mcf;2025052022020652736924_rumahdepan-mcf_Applicant.jpeg
pasanganttdcmo-mcf;2025052022020652736924_pasanganttdcmo-mcf_Applicant.jpeg
nasabahttdcmo-mcf;2025052022020652736924_nasabahttdcmo-mcf_Applicant.jpeg
allobank-mcf;2025052022020652736924_allobank-mcf_Applicant.jpeg
rumahjalan-mcf;2025052022020652736924_rumahjalan-mcf_Applicant.jpeg
salaryslip-mcf;2025052022020652736924_salaryslip-mcf_Applicant.jpeg
nomorrumah-mcf;2025052022020652736924_nomorrumah-mcf_Applicant.jpeg
dalamrumah-mcf;2025052022020652736924_dalamrumah-mcf_Applicant.jpeg
rumahdepan-mcf;2025052022021125369002_rumahdepan-mcf_Applicant.jpeg
pasanganttdcmo-mcf;2025052022021125369002_pasanganttdcmo-mcf_Applicant.jpeg
nasabahttdcmo-mcf;2025052022021125369002_nasabahttdcmo-mcf_Applicant.jpeg
allobank-mcf;2025052022021125369002_allobank-mcf_Applicant.jpeg
rumahjalan-mcf;2025052022021125369002_rumahjalan-mcf_Applicant.jpeg
salaryslip-mcf;2025052022021125369002_salaryslip-mcf_Applicant.jpeg
nomorrumah-mcf;2025052022021125369002_nomorrumah-mcf_Applicant.jpeg
dalamrumah-mcf;2025052022021125369002_dalamrumah-mcf_Applicant.jpeg
pricelist-mcf;2025052022021125369002_pricelist-mcf_Applicant.jpeg
buktipenghasilanusaha-mcf;2025052022021125369002_buktipenghasilanusaha-mcf_Applicant.jpeg
perizinanusaha-mcf;2025052022021125369002_perizinanusaha-mcf_Applicant.jpeg
buktikepemilikanusaha-mcf;2025052022021125369002_buktikepemilikanusaha-mcf_Applicant.jpeg
pbbrekening-mcf;2025052022021341160114_pbbrekening-mcf_Applicant.jpeg
kksuratnikah-mcf;2025052022021341160114_kksuratnikah-mcf_Applicant.jpeg
halamandepanbukutabungan-mcf;2025052022021341160114_halamandepanbukutabungan-mcf_Applicant.jpeg
fpkbelakang-mcf;2025052022021341160114_fpkbelakang-mcf_Applicant.jpeg
fpkdepan-mcf;2025052022021341160114_fpkdepan-mcf_Applicant.jpeg
tempatusahadepan-mcf;2025052022021341160114_tempatusahadepan-mcf_Applicant.jpeg
rumahdepan-mcf;2025052022021341160114_rumahdepan-mcf_Applicant.jpeg
pasanganttdcmo-mcf;2025052022021341160114_pasanganttdcmo-mcf_Applicant.jpeg
nasabahttdcmo-mcf;2025052022021341160114_nasabahttdcmo-mcf_Applicant.jpeg
allobank-mcf;2025052022021341160114_allobank-mcf_Applicant.jpeg
rumahjalan-mcf;2025052022021341160114_rumahjalan-mcf_Applicant.jpeg
salaryslip-mcf;2025052022021341160114_salaryslip-mcf_Applicant.jpeg
nomorrumah-mcf;2025052022021341160114_nomorrumah-mcf_Applicant.jpeg
dalamrumah-mcf;2025052022021341160114_dalamrumah-mcf_Applicant.jpeg
perizinanusaha-mcf;2025051922024212078893_perizinanusaha-mcf_Applicant.jpeg
buktikepemilikanusaha-mcf;2025051922024212078893_buktikepemilikanusaha-mcf_Applicant.jpeg
pbbrekening-mcf;2025052022023095848868_pbbrekening-mcf_Applicant.jpeg
kksuratnikah-mcf;2025052022023095848868_kksuratnikah-mcf_Applicant.jpeg
halamandepanbukutabungan-mcf;2025052022023095848868_halamandepanbukutabungan-mcf_Applicant.jpeg
fpkbelakang-mcf;2025052022023095848868_fpkbelakang-mcf_Applicant.jpeg
fpkdepan-mcf;2025052022023095848868_fpkdepan-mcf_Applicant.jpeg
tempatusahadepan-mcf;2025052022023095848868_tempatusahadepan-mcf_Applicant.jpeg
rumahdepan-mcf;2025052022023095848868_rumahdepan-mcf_Applicant.jpeg
pasanganttdcmo-mcf;2025052022023095848868_pasanganttdcmo-mcf_Applicant.jpeg
nasabahttdcmo-mcf;2025052022023095848868_nasabahttdcmo-mcf_Applicant.jpeg
allobank-mcf;2025052022023095848868_allobank-mcf_Applicant.jpeg
rumahjalan-mcf;2025052022023095848868_rumahjalan-mcf_Applicant.jpeg
bpkbdepan-mcf;2025052022023095848868_bpkbdepan-mcf_Applicant.jpeg
bpkbbelakang-mcf;2025052022023095848868_bpkbbelakang-mcf_Applicant.jpeg
stnkpajak-mcf;2025052022023095848868_stnkpajak-mcf_Applicant.jpeg
unitdepankanan-mcf;2025052022023095848868_unitdepankanan-mcf_Applicant.jpeg
unitdepankiri-mcf;2025052022023095848868_unitdepankiri-mcf_Applicant.jpeg
salaryslip-mcf;2025052022023095848868_salaryslip-mcf_Applicant.jpeg
nomorrumah-mcf;2025052022023095848868_nomorrumah-mcf_Applicant.jpeg
dalamrumah-mcf;2025052022023095848868_dalamrumah-mcf_Applicant.jpeg
rangkanomesin-mcf;2025052022023095848868_rangkanomesin-mcf_Applicant.jpeg
fpkbelakang-mcf;2025052322024121912282_fpkbelakang-mcf_Applicant.jpeg
fpkdepan-mcf;2025052322024121912282_fpkdepan-mcf_Applicant.jpeg
tempatusahadepan-mcf;2025052322024121912282_tempatusahadepan-mcf_Applicant.jpeg
rumahdepan-mcf;2025052322024121912282_rumahdepan-mcf_Applicant.jpeg
pasanganttdcmo-mcf;2025052322024121912282_pasanganttdcmo-mcf_Applicant.jpeg
nasabahttdcmo-mcf;2025052322024121912282_nasabahttdcmo-mcf_Applicant.jpeg
allobank-mcf;2025052322024121912282_allobank-mcf_Applicant.jpeg
rumahjalan-mcf;2025052322024121912282_rumahjalan-mcf_Applicant.jpeg
salaryslip-mcf;2025052322024121912282_salaryslip-mcf_Applicant.jpeg
nomorrumah-mcf;2025052322024121912282_nomorrumah-mcf_Applicant.jpeg
dalamrumah-mcf;2025052322024121912282_dalamrumah-mcf_Applicant.jpeg
pricelist-mcf;2025052322024121912282_pricelist-mcf_Applicant.jpeg
buktipenghasilanusaha-mcf;2025052322024121912282_buktipenghasilanusaha-mcf_Applicant.jpeg
perizinanusaha-mcf;2025052322024121912282_perizinanusaha-mcf_Applicant.jpeg
buktikepemilikanusaha-mcf;2025052322024121912282_buktikepemilikanusaha-mcf_Applicant.jpeg
pbbrekening-mcf;2025051522024251128864_pbbrekening-mcf_Applicant.jpeg
kksuratnikah-mcf;2025051522024251128864_kksuratnikah-mcf_Applicant.jpeg
halamandepanbukutabungan-mcf;2025051522024251128864_halamandepanbukutabungan-mcf_Applicant.jpeg
fpkbelakang-mcf;2025051522024251128864_fpkbelakang-mcf_Applicant.jpeg
fpkdepan-mcf;2025051522024251128864_fpkdepan-mcf_Applicant.jpeg
tempatusahadepan-mcf;2025051522024251128864_tempatusahadepan-mcf_Applicant.jpeg
rumahdepan-mcf;2025051522024251128864_rumahdepan-mcf_Applicant.jpeg
pasanganttdcmo-mcf;2025051522024251128864_pasanganttdcmo-mcf_Applicant.jpeg
nasabahttdcmo-mcf;2025051522024251128864_nasabahttdcmo-mcf_Applicant.jpeg
allobank-mcf;2025051522024251128864_allobank-mcf_Applicant.jpeg
rumahjalan-mcf;2025051522024251128864_rumahjalan-mcf_Applicant.jpeg
salaryslip-mcf;2025051522024251128864_salaryslip-mcf_Applicant.jpeg
nomorrumah-mcf;2025051522024251128864_nomorrumah-mcf_Applicant.jpeg
dalamrumah-mcf;2025051522024251128864_dalamrumah-mcf_Applicant.jpeg
pricelist-mcf;2025051522024251128864_pricelist-mcf_Applicant.jpeg
buktipenghasilanusaha-mcf;2025051522024251128864_buktipenghasilanusaha-mcf_Applicant.jpeg
perizinanusaha-mcf;2025051522024251128864_perizinanusaha-mcf_Applicant.jpeg
buktikepemilikanusaha-mcf;2025051522024251128864_buktikepemilikanusaha-mcf_Applicant.jpeg
pbbrekening-mcf;2025052022022252586510_pbbrekening-mcf_Applicant.jpeg
kksuratnikah-mcf;2025052022022252586510_kksuratnikah-mcf_Applicant.jpeg
halamandepanbukutabungan-mcf;2025052022022252586510_halamandepanbukutabungan-mcf_Applicant.jpeg
fpkbelakang-mcf;2025052022022252586510_fpkbelakang-mcf_Applicant.jpeg
fpkdepan-mcf;2025052022022252586510_fpkdepan-mcf_Applicant.jpeg
tempatusahadepan-mcf;2025052022022252586510_tempatusahadepan-mcf_Applicant.jpeg
rumahdepan-mcf;2025052022022252586510_rumahdepan-mcf_Applicant.jpeg
pasanganttdcmo-mcf;2025052022022252586510_pasanganttdcmo-mcf_Applicant.jpeg
nasabahttdcmo-mcf;2025052022022252586510_nasabahttdcmo-mcf_Applicant.jpeg
allobank-mcf;2025052022022252586510_allobank-mcf_Applicant.jpeg
rumahjalan-mcf;2025052022022252586510_rumahjalan-mcf_Applicant.jpeg
salaryslip-mcf;2025052022022252586510_salaryslip-mcf_Applicant.jpeg
nomorrumah-mcf;2025052022022252586510_nomorrumah-mcf_Applicant.jpeg
dalamrumah-mcf;2025052022022252586510_dalamrumah-mcf_Applicant.jpeg
pricelist-mcf;2025052022022252586510_pricelist-mcf_Applicant.jpeg
pbbrekening-mcf;2025051622024466752952_pbbrekening-mcf_Applicant.jpeg
kksuratnikah-mcf;2025051622024466752952_kksuratnikah-mcf_Applicant.jpeg
halamandepanbukutabungan-mcf;2025051622024466752952_halamandepanbukutabungan-mcf_Applicant.jpeg
fpkbelakang-mcf;2025051622024466752952_fpkbelakang-mcf_Applicant.jpeg
fpkdepan-mcf;2025051622024466752952_fpkdepan-mcf_Applicant.jpeg
tempatusahadepan-mcf;2025051622024466752952_tempatusahadepan-mcf_Applicant.jpeg
rumahdepan-mcf;2025051622024466752952_rumahdepan-mcf_Applicant.jpeg
pasanganttdcmo-mcf;2025051622024466752952_pasanganttdcmo-mcf_Applicant.jpeg
nasabahttdcmo-mcf;2025051622024466752952_nasabahttdcmo-mcf_Applicant.jpeg
allobank-mcf;2025051622024466752952_allobank-mcf_Applicant.jpeg
rumahjalan-mcf;2025051622024466752952_rumahjalan-mcf_Applicant.jpeg
salaryslip-mcf;2025051622024466752952_salaryslip-mcf_Applicant.jpeg
nomorrumah-mcf;2025051622024466752952_nomorrumah-mcf_Applicant.jpeg
dalamrumah-mcf;2025051622024466752952_dalamrumah-mcf_Applicant.jpeg
pricelist-mcf;2025051622024466752952_pricelist-mcf_Applicant.jpeg
allobank-mcf;2025052022025010657815_allobank-mcf_Applicant.jpeg
rumahjalan-mcf;2025052022025010657815_rumahjalan-mcf_Applicant.jpeg
salaryslip-mcf;2025052022025010657815_salaryslip-mcf_Applicant.jpeg
nomorrumah-mcf;2025052022025010657815_nomorrumah-mcf_Applicant.jpeg
dalamrumah-mcf;2025052022025010657815_dalamrumah-mcf_Applicant.jpeg
pricelist-mcf;2025052022025010657815_pricelist-mcf_Applicant.jpeg
pbbrekening-mcf;2025051922021258168844_pbbrekening-mcf_Applicant.jpeg
kksuratnikah-mcf;2025051922021258168844_kksuratnikah-mcf_Applicant.jpeg
halamandepanbukutabungan-mcf;2025051922021258168844_halamandepanbukutabungan-mcf_Applicant.jpeg
fpkbelakang-mcf;2025051922021258168844_fpkbelakang-mcf_Applicant.jpeg
fpkdepan-mcf;2025051922021258168844_fpkdepan-mcf_Applicant.jpeg
tempatusahadepan-mcf;2025051922021258168844_tempatusahadepan-mcf_Applicant.jpeg
rumahdepan-mcf;2025051922021258168844_rumahdepan-mcf_Applicant.jpeg
pasanganttdcmo-mcf;2025051922021258168844_pasanganttdcmo-mcf_Applicant.jpeg
nasabahttdcmo-mcf;2025051922021258168844_nasabahttdcmo-mcf_Applicant.jpeg
allobank-mcf;2025051922021258168844_allobank-mcf_Applicant.jpeg
allobank-mcf;2025052022023575616368_allobank-mcf_Applicant.jpeg
rumahjalan-mcf;2025052022023575616368_rumahjalan-mcf_Applicant.jpeg
salaryslip-mcf;2025052022023575616368_salaryslip-mcf_Applicant.jpeg
nomorrumah-mcf;2025052022023575616368_nomorrumah-mcf_Applicant.jpeg
dalamrumah-mcf;2025052022023575616368_dalamrumah-mcf_Applicant.jpeg
pricelist-mcf;2025052022023575616368_pricelist-mcf_Applicant.jpeg
pbbrekening-mcf;2025051922025063958672_pbbrekening-mcf_Applicant.jpeg
kksuratnikah-mcf;2025051922025063958672_kksuratnikah-mcf_Applicant.jpeg
halamandepanbukutabungan-mcf;2025051922025063958672_halamandepanbukutabungan-mcf_Applicant.jpeg
fpkbelakang-mcf;2025051922025063958672_fpkbelakang-mcf_Applicant.jpeg
fpkdepan-mcf;2025051922025063958672_fpkdepan-mcf_Applicant.jpeg
tempatusahadepan-mcf;2025051922025063958672_tempatusahadepan-mcf_Applicant.jpeg
rumahdepan-mcf;2025051922025063958672_rumahdepan-mcf_Applicant.jpeg
pasanganttdcmo-mcf;2025051922025063958672_pasanganttdcmo-mcf_Applicant.jpeg
nasabahttdcmo-mcf;2025051922025063958672_nasabahttdcmo-mcf_Applicant.jpeg
rumahjalan-mcf;2025051922021258168844_rumahjalan-mcf_Applicant.jpeg
salaryslip-mcf;2025051922021258168844_salaryslip-mcf_Applicant.jpeg
nomorrumah-mcf;2025051922021258168844_nomorrumah-mcf_Applicant.jpeg
dalamrumah-mcf;2025051922021258168844_dalamrumah-mcf_Applicant.jpeg
pricelist-mcf;2025051922021258168844_pricelist-mcf_Applicant.jpeg
buktipenghasilanusaha-mcf;2025051922021258168844_buktipenghasilanusaha-mcf_Applicant.jpeg
perizinanusaha-mcf;2025051922021258168844_perizinanusaha-mcf_Applicant.jpeg
buktikepemilikanusaha-mcf;2025051922021258168844_buktikepemilikanusaha-mcf_Applicant.jpeg
pbbrekening-mcf;2025052022023575616368_pbbrekening-mcf_Applicant.jpeg
kksuratnikah-mcf;2025052022023575616368_kksuratnikah-mcf_Applicant.jpeg
halamandepanbukutabungan-mcf;2025052022023575616368_halamandepanbukutabungan-mcf_Applicant.jpeg
fpkbelakang-mcf;2025052022023575616368_fpkbelakang-mcf_Applicant.jpeg
fpkdepan-mcf;2025052022023575616368_fpkdepan-mcf_Applicant.jpeg
tempatusahadepan-mcf;2025052022023575616368_tempatusahadepan-mcf_Applicant.jpeg
rumahdepan-mcf;2025052022023575616368_rumahdepan-mcf_Applicant.jpeg
pasanganttdcmo-mcf;2025052022023575616368_pasanganttdcmo-mcf_Applicant.jpeg
nasabahttdcmo-mcf;2025052022023575616368_nasabahttdcmo-mcf_Applicant.jpeg
rumahjalan-mcf;2025052022022698026836_rumahjalan-mcf_Applicant.jpeg
salaryslip-mcf;2025052022022698026836_salaryslip-mcf_Applicant.jpeg
nomorrumah-mcf;2025052022022698026836_nomorrumah-mcf_Applicant.jpeg
dalamrumah-mcf;2025052022022698026836_dalamrumah-mcf_Applicant.jpeg
pricelist-mcf;2025052022022698026836_pricelist-mcf_Applicant.jpeg
pbbrekening-mcf;2025052022024226082482_pbbrekening-mcf_Applicant.png
kksuratnikah-mcf;2025052022024226082482_kksuratnikah-mcf_Applicant.jpeg
halamandepanbukutabungan-mcf;2025052022024226082482_halamandepanbukutabungan-mcf_Applicant.jpeg
fpkbelakang-mcf;2025052022024226082482_fpkbelakang-mcf_Applicant.jpeg
fpkdepan-mcf;2025052022024226082482_fpkdepan-mcf_Applicant.jpeg
tempatusahadepan-mcf;2025052022024226082482_tempatusahadepan-mcf_Applicant.jpeg
rumahdepan-mcf;2025052022024226082482_rumahdepan-mcf_Applicant.jpeg
pasanganttdcmo-mcf;2025052022024226082482_pasanganttdcmo-mcf_Applicant.jpeg
allobank-mcf;2025051922025063958672_allobank-mcf_Applicant.jpeg
rumahjalan-mcf;2025051922025063958672_rumahjalan-mcf_Applicant.jpeg
salaryslip-mcf;2025051922025063958672_salaryslip-mcf_Applicant.jpeg
nomorrumah-mcf;2025051922025063958672_nomorrumah-mcf_Applicant.jpeg
dalamrumah-mcf;2025051922025063958672_dalamrumah-mcf_Applicant.jpeg
pricelist-mcf;2025051922025063958672_pricelist-mcf_Applicant.jpeg
pbbrekening-mcf;2025052022022698026836_pbbrekening-mcf_Applicant.jpeg
kksuratnikah-mcf;2025052022022698026836_kksuratnikah-mcf_Applicant.jpeg
halamandepanbukutabungan-mcf;2025052022022698026836_halamandepanbukutabungan-mcf_Applicant.jpeg
fpkbelakang-mcf;2025052022022698026836_fpkbelakang-mcf_Applicant.jpeg
fpkdepan-mcf;2025052022022698026836_fpkdepan-mcf_Applicant.jpeg
tempatusahadepan-mcf;2025052022022698026836_tempatusahadepan-mcf_Applicant.jpeg
rumahdepan-mcf;2025052022022698026836_rumahdepan-mcf_Applicant.jpeg
pasanganttdcmo-mcf;2025052022022698026836_pasanganttdcmo-mcf_Applicant.jpeg
nasabahttdcmo-mcf;2025052022022698026836_nasabahttdcmo-mcf_Applicant.jpeg
allobank-mcf;2025052022022698026836_allobank-mcf_Applicant.jpeg
tempatusahadepan-mcf;2025052022022612740655_tempatusahadepan-mcf_Applicant.jpeg
rumahdepan-mcf;2025052022022612740655_rumahdepan-mcf_Applicant.jpeg
pasanganttdcmo-mcf;2025052022022612740655_pasanganttdcmo-mcf_Applicant.jpeg
nasabahttdcmo-mcf;2025052022022612740655_nasabahttdcmo-mcf_Applicant.jpeg
allobank-mcf;2025052022022612740655_allobank-mcf_Applicant.jpeg
rumahjalan-mcf;2025052022022612740655_rumahjalan-mcf_Applicant.jpeg
bpkbdepan-mcf;2025052022022612740655_bpkbdepan-mcf_Applicant.jpeg
bpkbbelakang-mcf;2025052022022612740655_bpkbbelakang-mcf_Applicant.jpeg
stnkpajak-mcf;2025052022022612740655_stnkpajak-mcf_Applicant.jpeg
unitdepankanan-mcf;2025052022022612740655_unitdepankanan-mcf_Applicant.jpeg
unitdepankiri-mcf;2025052022022612740655_unitdepankiri-mcf_Applicant.jpeg
salaryslip-mcf;2025052022022612740655_salaryslip-mcf_Applicant.jpeg
nomorrumah-mcf;2025052022022612740655_nomorrumah-mcf_Applicant.jpeg
dalamrumah-mcf;2025052022023341352865_dalamrumah-mcf_Applicant.jpeg
pricelist-mcf;2025052022023341352865_pricelist-mcf_Applicant.jpeg
pbbrekening-mcf;2025052022024566273977_pbbrekening-mcf_Applicant.jpeg
kksuratnikah-mcf;2025052022024566273977_kksuratnikah-mcf_Applicant.jpeg
halamandepanbukutabungan-mcf;2025052022024566273977_halamandepanbukutabungan-mcf_Applicant.jpeg
fpkbelakang-mcf;2025052022024566273977_fpkbelakang-mcf_Applicant.jpeg
fpkdepan-mcf;2025052022024566273977_fpkdepan-mcf_Applicant.jpeg
tempatusahadepan-mcf;2025052022024566273977_tempatusahadepan-mcf_Applicant.jpeg
rumahdepan-mcf;2025052022024566273977_rumahdepan-mcf_Applicant.jpeg
pasanganttdcmo-mcf;2025052022024566273977_pasanganttdcmo-mcf_Applicant.jpeg
nasabahttdcmo-mcf;2025052022024566273977_nasabahttdcmo-mcf_Applicant.jpeg
allobank-mcf;2025052022024566273977_allobank-mcf_Applicant.jpeg
rumahjalan-mcf;2025052022024566273977_rumahjalan-mcf_Applicant.jpeg
salaryslip-mcf;2025052022024566273977_salaryslip-mcf_Applicant.jpeg
nasabahttdcmo-mcf;2025052022024226082482_nasabahttdcmo-mcf_Applicant.jpeg
allobank-mcf;2025052022024226082482_allobank-mcf_Applicant.jpeg
rumahjalan-mcf;2025052022024226082482_rumahjalan-mcf_Applicant.jpeg
bpkbdepan-mcf;2025052022024226082482_bpkbdepan-mcf_Applicant.jpeg
bpkbbelakang-mcf;2025052022024226082482_bpkbbelakang-mcf_Applicant.jpeg
stnkpajak-mcf;2025052022024226082482_stnkpajak-mcf_Applicant.jpeg
unitdepankanan-mcf;2025052022024226082482_unitdepankanan-mcf_Applicant.jpeg
unitdepankiri-mcf;2025052022024226082482_unitdepankiri-mcf_Applicant.jpeg
salaryslip-mcf;2025052022024226082482_salaryslip-mcf_Applicant.jpeg
nomorrumah-mcf;2025052022024226082482_nomorrumah-mcf_Applicant.jpeg
dalamrumah-mcf;2025052022024226082482_dalamrumah-mcf_Applicant.jpeg
rangkanomesin-mcf;2025052022024226082482_rangkanomesin-mcf_Applicant.jpeg
pbbrekening-mcf;2025052022022612740655_pbbrekening-mcf_Applicant.jpeg
kksuratnikah-mcf;2025052022022612740655_kksuratnikah-mcf_Applicant.jpeg
halamandepanbukutabungan-mcf;2025052022022612740655_halamandepanbukutabungan-mcf_Applicant.jpeg
fpkbelakang-mcf;2025052022022612740655_fpkbelakang-mcf_Applicant.jpeg
fpkdepan-mcf;2025052022022612740655_fpkdepan-mcf_Applicant.jpeg
dalamrumah-mcf;2025052022022612740655_dalamrumah-mcf_Applicant.jpeg
rangkanomesin-mcf;2025052022022612740655_rangkanomesin-mcf_Applicant.jpeg
pbbrekening-mcf;2025052022023341352865_pbbrekening-mcf_Applicant.jpeg
kksuratnikah-mcf;2025052022023341352865_kksuratnikah-mcf_Applicant.jpeg
halamandepanbukutabungan-mcf;2025052022023341352865_halamandepanbukutabungan-mcf_Applicant.jpeg
fpkbelakang-mcf;2025052022023341352865_fpkbelakang-mcf_Applicant.jpeg
fpkdepan-mcf;2025052022023341352865_fpkdepan-mcf_Applicant.jpeg
tempatusahadepan-mcf;2025052022023341352865_tempatusahadepan-mcf_Applicant.jpeg
rumahdepan-mcf;2025052022023341352865_rumahdepan-mcf_Applicant.jpeg
pasanganttdcmo-mcf;2025052022023341352865_pasanganttdcmo-mcf_Applicant.jpeg
nasabahttdcmo-mcf;2025052022023341352865_nasabahttdcmo-mcf_Applicant.jpeg
allobank-mcf;2025052022023341352865_allobank-mcf_Applicant.jpeg
rumahjalan-mcf;2025052022023341352865_rumahjalan-mcf_Applicant.jpeg
salaryslip-mcf;2025052022023341352865_salaryslip-mcf_Applicant.jpeg
nomorrumah-mcf;2025052022023341352865_nomorrumah-mcf_Applicant.jpeg
pbbrekening-mcf;2025052022025010657815_pbbrekening-mcf_Applicant.jpeg
kksuratnikah-mcf;2025052022025010657815_kksuratnikah-mcf_Applicant.jpeg
halamandepanbukutabungan-mcf;2025052022025010657815_halamandepanbukutabungan-mcf_Applicant.jpeg
fpkbelakang-mcf;2025052022025010657815_fpkbelakang-mcf_Applicant.jpeg
fpkdepan-mcf;2025052022025010657815_fpkdepan-mcf_Applicant.jpeg
tempatusahadepan-mcf;2025052022025010657815_tempatusahadepan-mcf_Applicant.jpeg
rumahdepan-mcf;2025052022025010657815_rumahdepan-mcf_Applicant.jpeg
pasanganttdcmo-mcf;2025052022025010657815_pasanganttdcmo-mcf_Applicant.jpeg
nasabahttdcmo-mcf;2025052022025010657815_nasabahttdcmo-mcf_Applicant.jpeg
dalamrumah-mcf;2025052022022698012306_dalamrumah-mcf_Applicant.jpeg
pricelist-mcf;2025052022022698012306_pricelist-mcf_Applicant.jpeg
pbbrekening-mcf;2025052022024212080101_pbbrekening-mcf_Applicant.jpeg
kksuratnikah-mcf;2025052022024212080101_kksuratnikah-mcf_Applicant.jpeg
halamandepanbukutabungan-mcf;2025052022024212080101_halamandepanbukutabungan-mcf_Applicant.jpeg
fpkbelakang-mcf;2025052022024212080101_fpkbelakang-mcf_Applicant.jpeg
fpkdepan-mcf;2025052022024212080101_fpkdepan-mcf_Applicant.jpeg
tempatusahadepan-mcf;2025052022024212080101_tempatusahadepan-mcf_Applicant.jpeg
rumahdepan-mcf;2025052022024212080101_rumahdepan-mcf_Applicant.jpeg
pasanganttdcmo-mcf;2025052022024212080101_pasanganttdcmo-mcf_Applicant.jpeg
nasabahttdcmo-mcf;2025052022024212080101_nasabahttdcmo-mcf_Applicant.jpeg
allobank-mcf;2025052022024212080101_allobank-mcf_Applicant.jpeg
rumahjalan-mcf;2025052022024212080101_rumahjalan-mcf_Applicant.jpeg
salaryslip-mcf;2025052022024212080101_salaryslip-mcf_Applicant.jpeg
nomorrumah-mcf;2025052022024212080101_nomorrumah-mcf_Applicant.jpeg
dalamrumah-mcf;2025052022024212080101_dalamrumah-mcf_Applicant.jpeg
pricelist-mcf;2025052022024212080101_pricelist-mcf_Applicant.jpeg
nomorrumah-mcf;2025052022024566273977_nomorrumah-mcf_Applicant.jpeg
dalamrumah-mcf;2025052022024566273977_dalamrumah-mcf_Applicant.jpeg
pricelist-mcf;2025052022024566273977_pricelist-mcf_Applicant.jpeg
pbbrekening-mcf;2025052022022698012306_pbbrekening-mcf_Applicant.jpeg
kksuratnikah-mcf;2025052022022698012306_kksuratnikah-mcf_Applicant.jpeg
halamandepanbukutabungan-mcf;2025052022022698012306_halamandepanbukutabungan-mcf_Applicant.jpeg
fpkbelakang-mcf;2025052022022698012306_fpkbelakang-mcf_Applicant.jpeg
fpkdepan-mcf;2025052022022698012306_fpkdepan-mcf_Applicant.jpeg
tempatusahadepan-mcf;2025052022022698012306_tempatusahadepan-mcf_Applicant.jpeg
rumahdepan-mcf;2025052022022698012306_rumahdepan-mcf_Applicant.jpeg
pasanganttdcmo-mcf;2025052022022698012306_pasanganttdcmo-mcf_Applicant.jpeg
nasabahttdcmo-mcf;2025052022022698012306_nasabahttdcmo-mcf_Applicant.jpeg
allobank-mcf;2025052022022698012306_allobank-mcf_Applicant.jpeg
rumahjalan-mcf;2025052022022698012306_rumahjalan-mcf_Applicant.jpeg
salaryslip-mcf;2025052022022698012306_salaryslip-mcf_Applicant.jpeg
nomorrumah-mcf;2025052022022698012306_nomorrumah-mcf_Applicant.jpeg
buktipenghasilanusaha-mcf;2025052422024224922270_buktipenghasilanusaha-mcf_Applicant.jpeg
perizinanusaha-mcf;2025052422024224922270_perizinanusaha-mcf_Applicant.jpeg
buktikepemilikanusaha-mcf;2025052422024224922270_buktikepemilikanusaha-mcf_Applicant.jpeg
rangkanomesin-mcf;2025052422024224922270_rangkanomesin-mcf_Applicant.jpeg
pbbrekening-mcf;2025052422025103817290_pbbrekening-mcf_Applicant.jpeg
kksuratnikah-mcf;2025052422025103817290_kksuratnikah-mcf_Applicant.jpeg
halamandepanbukutabungan-mcf;2025052422025103817290_halamandepanbukutabungan-mcf_Applicant.jpeg
fpkbelakang-mcf;2025052422025103817290_fpkbelakang-mcf_Applicant.jpeg
fpkdepan-mcf;2025052422025103817290_fpkdepan-mcf_Applicant.jpeg
tempatusahadepan-mcf;2025052422025103817290_tempatusahadepan-mcf_Applicant.jpeg
rumahdepan-mcf;2025052422025103817290_rumahdepan-mcf_Applicant.jpeg
pasanganttdcmo-mcf;2025052422025103817290_pasanganttdcmo-mcf_Applicant.jpeg
nomorrumah-mcf;2025051822021281845674_nomorrumah-mcf_Applicant.jpeg
dalamrumah-mcf;2025051822021281845674_dalamrumah-mcf_Applicant.jpeg
pricelist-mcf;2025051822021281845674_pricelist-mcf_Applicant.jpeg
pbbrekening-mcf;2025052022021178714188_pbbrekening-mcf_Applicant.jpeg
pasanganttdcmo-mcf;2025052622021281898884_pasanganttdcmo-mcf_Applicant.jpeg
nasabahttdcmo-mcf;2025052622021281898884_nasabahttdcmo-mcf_Applicant.jpeg
allobank-mcf;2025052622021281898884_allobank-mcf_Applicant.jpeg
rumahjalan-mcf;2025052622021281898884_rumahjalan-mcf_Applicant.jpeg
salaryslip-mcf;2025052622021281898884_salaryslip-mcf_Applicant.jpeg
nomorrumah-mcf;2025052622021281898884_nomorrumah-mcf_Applicant.jpeg
dalamrumah-mcf;2025052622021281898884_dalamrumah-mcf_Applicant.jpeg
pricelist-mcf;2025052622021281898884_pricelist-mcf_Applicant.jpeg
pbbrekening-mcf;2025052522022275695899_pbbrekening-mcf_Applicant.jpeg
kksuratnikah-mcf;2025052522022275695899_kksuratnikah-mcf_Applicant.jpeg
halamandepanbukutabungan-mcf;2025052522022275695899_halamandepanbukutabungan-mcf_Applicant.jpeg
fpkbelakang-mcf;2025052522022275695899_fpkbelakang-mcf_Applicant.jpeg
pbbrekening-mcf;2025051822021281845674_pbbrekening-mcf_Applicant.jpeg
kksuratnikah-mcf;2025051822021281845674_kksuratnikah-mcf_Applicant.jpeg
halamandepanbukutabungan-mcf;2025051822021281845674_halamandepanbukutabungan-mcf_Applicant.jpeg
fpkbelakang-mcf;2025051822021281845674_fpkbelakang-mcf_Applicant.jpeg
fpkdepan-mcf;2025051822021281845674_fpkdepan-mcf_Applicant.jpeg
tempatusahadepan-mcf;2025051822021281845674_tempatusahadepan-mcf_Applicant.jpeg
rumahdepan-mcf;2025051822021281845674_rumahdepan-mcf_Applicant.jpeg
pasanganttdcmo-mcf;2025051822021281845674_pasanganttdcmo-mcf_Applicant.jpeg
nasabahttdcmo-mcf;2025051822021281845674_nasabahttdcmo-mcf_Applicant.jpeg
allobank-mcf;2025051822021281845674_allobank-mcf_Applicant.jpeg
rumahjalan-mcf;2025051822021281845674_rumahjalan-mcf_Applicant.jpeg
salaryslip-mcf;2025051822021281845674_salaryslip-mcf_Applicant.jpeg
nomorrumah-mcf;2025051922025042089027_nomorrumah-mcf_Applicant.jpeg
dalamrumah-mcf;2025051922025042089027_dalamrumah-mcf_Applicant.jpeg
buktipenghasilanusaha-mcf;2025051922025042089027_buktipenghasilanusaha-mcf_Applicant.jpeg
perizinanusaha-mcf;2025051922025042089027_perizinanusaha-mcf_Applicant.jpeg
buktikepemilikanusaha-mcf;2025051922025042089027_buktikepemilikanusaha-mcf_Applicant.jpeg
rangkanomesin-mcf;2025051922025042089027_rangkanomesin-mcf_Applicant.jpeg
pbbrekening-mcf;2025051922023544336722_pbbrekening-mcf_Applicant.jpeg
kksuratnikah-mcf;2025051922023544336722_kksuratnikah-mcf_Applicant.jpeg
halamandepanbukutabungan-mcf;2025051922023544336722_halamandepanbukutabungan-mcf_Applicant.jpeg
fpkbelakang-mcf;2025051922023544336722_fpkbelakang-mcf_Applicant.jpeg
fpkdepan-mcf;2025051922023544336722_fpkdepan-mcf_Applicant.jpeg
tempatusahadepan-mcf;2025051922023544336722_tempatusahadepan-mcf_Applicant.jpeg
rumahdepan-mcf;2025051922023544336722_rumahdepan-mcf_Applicant.jpeg
pasanganttdcmo-mcf;2025051922023544336722_pasanganttdcmo-mcf_Applicant.jpeg
nasabahttdcmo-mcf;2025051922023544336722_nasabahttdcmo-mcf_Applicant.jpeg
allobank-mcf;2025051922023544336722_allobank-mcf_Applicant.jpeg
rumahjalan-mcf;2025051922023544336722_rumahjalan-mcf_Applicant.jpeg
bpkbdepan-mcf;2025051922023544336722_bpkbdepan-mcf_Applicant.jpeg
bpkbbelakang-mcf;2025051922023544336722_bpkbbelakang-mcf_Applicant.jpeg
stnkpajak-mcf;2025051922023544336722_stnkpajak-mcf_Applicant.jpeg
unitdepankanan-mcf;2025051922023544336722_unitdepankanan-mcf_Applicant.jpeg
unitdepankiri-mcf;2025051922023544336722_unitdepankiri-mcf_Applicant.jpeg
salaryslip-mcf;2025051922023544336722_salaryslip-mcf_Applicant.jpeg
nomorrumah-mcf;2025051922023544336722_nomorrumah-mcf_Applicant.jpeg
dalamrumah-mcf;2025051922023544336722_dalamrumah-mcf_Applicant.jpeg
rangkanomesin-mcf;2025051922023544336722_rangkanomesin-mcf_Applicant.jpeg
pbbrekening-mcf;2025052022024567697326_pbbrekening-mcf_Applicant.jpeg
kksuratnikah-mcf;2025052022024567697326_kksuratnikah-mcf_Applicant.jpeg
allobank-mcf;2025052022021383468451_allobank-mcf_Applicant.jpeg
rumahjalan-mcf;2025052022021383468451_rumahjalan-mcf_Applicant.jpeg
salaryslip-mcf;2025052022021383468451_salaryslip-mcf_Applicant.jpeg
nomorrumah-mcf;2025052022021383468451_nomorrumah-mcf_Applicant.jpeg
dalamrumah-mcf;2025052022021383468451_dalamrumah-mcf_Applicant.jpeg
pricelist-mcf;2025052022021383468451_pricelist-mcf_Applicant.jpeg
pbbrekening-mcf;2025051922024251029154_pbbrekening-mcf_Applicant.jpeg
kksuratnikah-mcf;2025051922024251029154_kksuratnikah-mcf_Applicant.jpeg
halamandepanbukutabungan-mcf;2025051922024251029154_halamandepanbukutabungan-mcf_Applicant.webp
fpkbelakang-mcf;2025051922024251029154_fpkbelakang-mcf_Applicant.jpeg
fpkdepan-mcf;2025051922024251029154_fpkdepan-mcf_Applicant.jpeg
tempatusahadepan-mcf;2025051922024251029154_tempatusahadepan-mcf_Applicant.jpeg
rumahdepan-mcf;2025051922024251029154_rumahdepan-mcf_Applicant.jpeg
pasanganttdcmo-mcf;2025051922024251029154_pasanganttdcmo-mcf_Applicant.jpeg
nasabahttdcmo-mcf;2025051922024251029154_nasabahttdcmo-mcf_Applicant.jpeg
allobank-mcf;2025051922024251029154_allobank-mcf_Applicant.jpeg
rumahjalan-mcf;2025051922024251029154_rumahjalan-mcf_Applicant.jpeg
salaryslip-mcf;2025051922024251029154_salaryslip-mcf_Applicant.jpeg
nomorrumah-mcf;2025051922024251029154_nomorrumah-mcf_Applicant.jpeg
dalamrumah-mcf;2025051922024251029154_dalamrumah-mcf_Applicant.jpeg
pricelist-mcf;2025051922024251029154_pricelist-mcf_Applicant.jpeg
buktipenghasilanusaha-mcf;2025051922024251029154_buktipenghasilanusaha-mcf_Applicant.jpeg
perizinanusaha-mcf;2025051922024251029154_perizinanusaha-mcf_Applicant.jpeg
buktikepemilikanusaha-mcf;2025051922024251029154_buktikepemilikanusaha-mcf_Applicant.jpeg
pbbrekening-mcf;2025052022021383468451_pbbrekening-mcf_Applicant.jpeg
kksuratnikah-mcf;2025052022021383468451_kksuratnikah-mcf_Applicant.jpeg
halamandepanbukutabungan-mcf;2025052022021383468451_halamandepanbukutabungan-mcf_Applicant.jpeg
fpkbelakang-mcf;2025052022021383468451_fpkbelakang-mcf_Applicant.jpeg
fpkdepan-mcf;2025052022021383468451_fpkdepan-mcf_Applicant.jpeg
tempatusahadepan-mcf;2025052022021383468451_tempatusahadepan-mcf_Applicant.jpeg
rumahdepan-mcf;2025052022021383468451_rumahdepan-mcf_Applicant.jpeg
pasanganttdcmo-mcf;2025052022021383468451_pasanganttdcmo-mcf_Applicant.jpeg
nasabahttdcmo-mcf;2025052022021383468451_nasabahttdcmo-mcf_Applicant.jpeg
fpkbelakang-mcf;2025052622025059766484_fpkbelakang-mcf_Applicant.jpeg
fpkdepan-mcf;2025052622025059766484_fpkdepan-mcf_Applicant.jpeg
tempatusahadepan-mcf;2025052622025059766484_tempatusahadepan-mcf_Applicant.jpeg
rumahdepan-mcf;2025052622025059766484_rumahdepan-mcf_Applicant.jpeg
pasanganttdcmo-mcf;2025052622025059766484_pasanganttdcmo-mcf_Applicant.jpeg
nasabahttdcmo-mcf;2025052622025059766484_nasabahttdcmo-mcf_Applicant.jpeg
allobank-mcf;2025052622025059766484_allobank-mcf_Applicant.jpeg
rumahjalan-mcf;2025052622025059766484_rumahjalan-mcf_Applicant.jpeg
salaryslip-mcf;2025052622025059766484_salaryslip-mcf_Applicant.jpeg
nomorrumah-mcf;2025052622025059766484_nomorrumah-mcf_Applicant.jpeg
dalamrumah-mcf;2025052622025059766484_dalamrumah-mcf_Applicant.jpeg
pricelist-mcf;2025052622025059766484_pricelist-mcf_Applicant.jpeg
unitdepankiri-mcf;2025052022025012681682_unitdepankiri-mcf_Applicant.jpeg
salaryslip-mcf;2025052022025012681682_salaryslip-mcf_Applicant.jpeg
nomorrumah-mcf;2025052022025012681682_nomorrumah-mcf_Applicant.jpeg
dalamrumah-mcf;2025052022025012681682_dalamrumah-mcf_Applicant.jpeg
rangkanomesin-mcf;2025052022025012681682_rangkanomesin-mcf_Applicant.jpeg
pbbrekening-mcf;2025052022022612789285_pbbrekening-mcf_Applicant.jpeg
kksuratnikah-mcf;2025052022022612789285_kksuratnikah-mcf_Applicant.jpeg
halamandepanbukutabungan-mcf;2025052022022612789285_halamandepanbukutabungan-mcf_Applicant.jpeg
fpkbelakang-mcf;2025052022022612789285_fpkbelakang-mcf_Applicant.jpeg
fpkdepan-mcf;2025052022022612789285_fpkdepan-mcf_Applicant.jpeg
tempatusahadepan-mcf;2025052022022612789285_tempatusahadepan-mcf_Applicant.jpeg
rumahdepan-mcf;2025052022022612789285_rumahdepan-mcf_Applicant.jpeg
pasanganttdcmo-mcf;2025052022022612789285_pasanganttdcmo-mcf_Applicant.jpeg
nasabahttdcmo-mcf;2025052022022612789285_nasabahttdcmo-mcf_Applicant.jpeg
allobank-mcf;2025052022022612789285_allobank-mcf_Applicant.jpeg
rumahjalan-mcf;2025052022022612789285_rumahjalan-mcf_Applicant.jpeg
bpkbdepan-mcf;2025052022022612789285_bpkbdepan-mcf_Applicant.jpeg
bpkbbelakang-mcf;2025052022022612789285_bpkbbelakang-mcf_Applicant.jpeg
stnkpajak-mcf;2025052022022612789285_stnkpajak-mcf_Applicant.jpeg
unitdepankanan-mcf;2025052022022612789285_unitdepankanan-mcf_Applicant.jpeg
unitdepankiri-mcf;2025052022022612789285_unitdepankiri-mcf_Applicant.jpeg
salaryslip-mcf;2025052022022612789285_salaryslip-mcf_Applicant.jpeg
nomorrumah-mcf;2025052022022612789285_nomorrumah-mcf_Applicant.jpeg
dalamrumah-mcf;2025052022022612789285_dalamrumah-mcf_Applicant.jpeg
rangkanomesin-mcf;2025052022022612789285_rangkanomesin-mcf_Applicant.jpeg
pbbrekening-mcf;2025051922023120072718_pbbrekening-mcf_Applicant.jpeg
kksuratnikah-mcf;2025051922023120072718_kksuratnikah-mcf_Applicant.jpeg
halamandepanbukutabungan-mcf;2025051922023120072718_halamandepanbukutabungan-mcf_Applicant.jpeg
fpkbelakang-mcf;2025051922023120072718_fpkbelakang-mcf_Applicant.jpeg
fpkdepan-mcf;2025051922023120072718_fpkdepan-mcf_Applicant.jpeg
tempatusahadepan-mcf;2025051922023120072718_tempatusahadepan-mcf_Applicant.jpeg
rumahdepan-mcf;2025051922023120072718_rumahdepan-mcf_Applicant.jpeg
pasanganttdcmo-mcf;2025051922023120072718_pasanganttdcmo-mcf_Applicant.jpeg
nasabahttdcmo-mcf;2025051922023120072718_nasabahttdcmo-mcf_Applicant.jpeg
allobank-mcf;2025051922023120072718_allobank-mcf_Applicant.jpeg
rumahjalan-mcf;2025051922023120072718_rumahjalan-mcf_Applicant.jpeg
salaryslip-mcf;2025051922023120072718_salaryslip-mcf_Applicant.jpeg
nomorrumah-mcf;2025051922023120072718_nomorrumah-mcf_Applicant.jpeg
dalamrumah-mcf;2025051922023120072718_dalamrumah-mcf_Applicant.jpeg
pricelist-mcf;2025051922023120072718_pricelist-mcf_Applicant.jpeg
pbbrekening-mcf;2025051922024121912011_pbbrekening-mcf_Applicant.jpeg
kksuratnikah-mcf;2025051922024121912011_kksuratnikah-mcf_Applicant.jpeg
halamandepanbukutabungan-mcf;2025051922024121912011_halamandepanbukutabungan-mcf_Applicant.jpeg
fpkbelakang-mcf;2025051922024121912011_fpkbelakang-mcf_Applicant.jpeg
fpkdepan-mcf;2025051922024121912011_fpkdepan-mcf_Applicant.jpeg
tempatusahadepan-mcf;2025051922024121912011_tempatusahadepan-mcf_Applicant.jpeg
rumahdepan-mcf;2025051922024121912011_rumahdepan-mcf_Applicant.jpeg
pasanganttdcmo-mcf;2025051922024121912011_pasanganttdcmo-mcf_Applicant.jpeg
nasabahttdcmo-mcf;2025051922024121912011_nasabahttdcmo-mcf_Applicant.jpeg
allobank-mcf;2025051922024121912011_allobank-mcf_Applicant.jpeg
rumahjalan-mcf;2025051922024121912011_rumahjalan-mcf_Applicant.jpeg
salaryslip-mcf;2025051922024121912011_salaryslip-mcf_Applicant.jpeg
nomorrumah-mcf;2025051922024121912011_nomorrumah-mcf_Applicant.jpeg
dalamrumah-mcf;2025051922024121912011_dalamrumah-mcf_Applicant.jpeg
pricelist-mcf;2025051922024121912011_pricelist-mcf_Applicant.jpeg
fpkbelakang-mcf;2025052022024267614264_fpkbelakang-mcf_Applicant.jpeg
fpkdepan-mcf;2025052022024267614264_fpkdepan-mcf_Applicant.jpeg
tempatusahadepan-mcf;2025052022024267614264_tempatusahadepan-mcf_Applicant.jpeg
rumahdepan-mcf;2025052022024267614264_rumahdepan-mcf_Applicant.jpeg
pasanganttdcmo-mcf;2025052022024267614264_pasanganttdcmo-mcf_Applicant.jpeg
nasabahttdcmo-mcf;2025052022024267614264_nasabahttdcmo-mcf_Applicant.jpeg
allobank-mcf;2025052022024267614264_allobank-mcf_Applicant.jpeg
rumahjalan-mcf;2025052022024267614264_rumahjalan-mcf_Applicant.jpeg
salaryslip-mcf;2025052022024267614264_salaryslip-mcf_Applicant.jpeg
nomorrumah-mcf;2025052022024267614264_nomorrumah-mcf_Applicant.jpeg
dalamrumah-mcf;2025052022024267614264_dalamrumah-mcf_Applicant.jpeg
pricelist-mcf;2025052022024267614264_pricelist-mcf_Applicant.jpeg
pbbrekening-mcf;2025052022024121920368_pbbrekening-mcf_Applicant.jpeg
kksuratnikah-mcf;2025052022024121920368_kksuratnikah-mcf_Applicant.jpeg
buktipenghasilanusaha-mcf;2025051922024121912011_buktipenghasilanusaha-mcf_Applicant.jpeg
perizinanusaha-mcf;2025051922024121912011_perizinanusaha-mcf_Applicant.jpeg
buktikepemilikanusaha-mcf;2025051922024121912011_buktikepemilikanusaha-mcf_Applicant.jpeg
pbbrekening-mcf;2025052022022267652858_pbbrekening-mcf_Applicant.jpeg
kksuratnikah-mcf;2025052022022267652858_kksuratnikah-mcf_Applicant.jpeg
halamandepanbukutabungan-mcf;2025052022022267652858_halamandepanbukutabungan-mcf_Applicant.jpeg
fpkbelakang-mcf;2025052022022267652858_fpkbelakang-mcf_Applicant.jpeg
fpkdepan-mcf;2025052022022267652858_fpkdepan-mcf_Applicant.jpeg
tempatusahadepan-mcf;2025052022022267652858_tempatusahadepan-mcf_Applicant.jpeg
rumahdepan-mcf;2025052022022267652858_rumahdepan-mcf_Applicant.jpeg
pasanganttdcmo-mcf;2025052022022267652858_pasanganttdcmo-mcf_Applicant.jpeg
nasabahttdcmo-mcf;2025052022022267652858_nasabahttdcmo-mcf_Applicant.jpeg
allobank-mcf;2025052022022267652858_allobank-mcf_Applicant.jpeg
rumahjalan-mcf;2025052022022267652858_rumahjalan-mcf_Applicant.jpeg
salaryslip-mcf;2025052022022267652858_salaryslip-mcf_Applicant.jpeg
nomorrumah-mcf;2025052022022267652858_nomorrumah-mcf_Applicant.jpeg
dalamrumah-mcf;2025052022022267652858_dalamrumah-mcf_Applicant.jpeg
pricelist-mcf;2025052022022267652858_pricelist-mcf_Applicant.jpeg
pbbrekening-mcf;2025052022024212018869_pbbrekening-mcf_Applicant.jpeg
kksuratnikah-mcf;2025052022024212018869_kksuratnikah-mcf_Applicant.jpeg
halamandepanbukutabungan-mcf;2025052022024212018869_halamandepanbukutabungan-mcf_Applicant.jpeg
fpkbelakang-mcf;2025052022024212018869_fpkbelakang-mcf_Applicant.jpeg
fpkdepan-mcf;2025052022024212018869_fpkdepan-mcf_Applicant.jpeg
tempatusahadepan-mcf;2025052022024212018869_tempatusahadepan-mcf_Applicant.jpeg
rumahdepan-mcf;2025052022024212018869_rumahdepan-mcf_Applicant.jpeg
pasanganttdcmo-mcf;2025052022024212018869_pasanganttdcmo-mcf_Applicant.jpeg
nasabahttdcmo-mcf;2025052022024212018869_nasabahttdcmo-mcf_Applicant.jpeg
allobank-mcf;2025052022024212018869_allobank-mcf_Applicant.jpeg
rumahjalan-mcf;2025052022024212018869_rumahjalan-mcf_Applicant.jpeg
salaryslip-mcf;2025052022024212018869_salaryslip-mcf_Applicant.jpeg
nomorrumah-mcf;2025052022024212018869_nomorrumah-mcf_Applicant.jpeg
dalamrumah-mcf;2025052022024212018869_dalamrumah-mcf_Applicant.jpeg
pricelist-mcf;2025052022024212018869_pricelist-mcf_Applicant.jpeg
pbbrekening-mcf;2025052022022055519721_pbbrekening-mcf_Applicant.jpeg
kksuratnikah-mcf;2025052022022055519721_kksuratnikah-mcf_Applicant.jpeg
halamandepanbukutabungan-mcf;2025052022022055519721_halamandepanbukutabungan-mcf_Applicant.jpeg
fpkbelakang-mcf;2025052022022055519721_fpkbelakang-mcf_Applicant.jpeg
fpkdepan-mcf;2025052022022055519721_fpkdepan-mcf_Applicant.jpeg
tempatusahadepan-mcf;2025052022022055519721_tempatusahadepan-mcf_Applicant.jpeg
rumahdepan-mcf;2025052022022055519721_rumahdepan-mcf_Applicant.jpeg
pasanganttdcmo-mcf;2025052022022055519721_pasanganttdcmo-mcf_Applicant.jpeg
nasabahttdcmo-mcf;2025052022022055519721_nasabahttdcmo-mcf_Applicant.jpeg
allobank-mcf;2025052022022055519721_allobank-mcf_Applicant.jpeg
rumahjalan-mcf;2025052022022055519721_rumahjalan-mcf_Applicant.jpeg
bpkbdepan-mcf;2025052022022055519721_bpkbdepan-mcf_Applicant.jpeg
bpkbbelakang-mcf;2025052022022055519721_bpkbbelakang-mcf_Applicant.jpeg
rumahdepan-mcf;2025052022024289835846_rumahdepan-mcf_Applicant.jpeg
pasanganttdcmo-mcf;2025052022024289835846_pasanganttdcmo-mcf_Applicant.jpeg
nasabahttdcmo-mcf;2025052022024289835846_nasabahttdcmo-mcf_Applicant.jpeg
allobank-mcf;2025052022024289835846_allobank-mcf_Applicant.jpeg
rumahjalan-mcf;2025052022024289835846_rumahjalan-mcf_Applicant.jpeg
salaryslip-mcf;2025052022024289835846_salaryslip-mcf_Applicant.jpeg
nomorrumah-mcf;2025052022024289835846_nomorrumah-mcf_Applicant.jpeg
dalamrumah-mcf;2025052022024289835846_dalamrumah-mcf_Applicant.jpeg
pricelist-mcf;2025052022024289835846_pricelist-mcf_Applicant.jpeg
stnkpajak-mcf;2025052022022055519721_stnkpajak-mcf_Applicant.jpeg
unitdepankanan-mcf;2025052022022055519721_unitdepankanan-mcf_Applicant.jpeg
unitdepankiri-mcf;2025052022022055519721_unitdepankiri-mcf_Applicant.jpeg
salaryslip-mcf;2025052022022055519721_salaryslip-mcf_Applicant.jpeg
nomorrumah-mcf;2025052022022055519721_nomorrumah-mcf_Applicant.jpeg
dalamrumah-mcf;2025052022022055519721_dalamrumah-mcf_Applicant.jpeg
buktipenghasilanusaha-mcf;2025052022022055519721_buktipenghasilanusaha-mcf_Applicant.jpeg
perizinanusaha-mcf;2025052022022055519721_perizinanusaha-mcf_Applicant.jpeg
buktikepemilikanusaha-mcf;2025052022022055519721_buktikepemilikanusaha-mcf_Applicant.jpeg
rangkanomesin-mcf;2025052022022055519721_rangkanomesin-mcf_Applicant.jpeg
pbbrekening-mcf;2025052022024289835846_pbbrekening-mcf_Applicant.jpeg
kksuratnikah-mcf;2025052022024289835846_kksuratnikah-mcf_Applicant.jpeg
halamandepanbukutabungan-mcf;2025052022024289835846_halamandepanbukutabungan-mcf_Applicant.jpeg
fpkbelakang-mcf;2025052022024289835846_fpkbelakang-mcf_Applicant.jpeg
fpkdepan-mcf;2025052022024289835846_fpkdepan-mcf_Applicant.jpeg
tempatusahadepan-mcf;2025052022024289835846_tempatusahadepan-mcf_Applicant.jpeg
pbbrekening-mcf;2025052022022425756411_pbbrekening-mcf_Applicant.jpeg
kksuratnikah-mcf;2025052022022425756411_kksuratnikah-mcf_Applicant.jpeg
halamandepanbukutabungan-mcf;2025052022022425756411_halamandepanbukutabungan-mcf_Applicant.jpeg
dalamrumah-mcf;2025052022022425756411_dalamrumah-mcf_Applicant.jpeg
rangkanomesin-mcf;2025052022022425756411_rangkanomesin-mcf_Applicant.jpeg
pbbrekening-mcf;2025052022025063462135_pbbrekening-mcf_Applicant.jpeg
kksuratnikah-mcf;2025052022025063462135_kksuratnikah-mcf_Applicant.jpeg
halamandepanbukutabungan-mcf;2025052022025063462135_halamandepanbukutabungan-mcf_Applicant.jpeg
fpkbelakang-mcf;2025052022025063462135_fpkbelakang-mcf_Applicant.jpeg
fpkdepan-mcf;2025052022025063462135_fpkdepan-mcf_Applicant.jpeg
tempatusahadepan-mcf;2025052022025063462135_tempatusahadepan-mcf_Applicant.jpeg
rumahdepan-mcf;2025052022025063462135_rumahdepan-mcf_Applicant.jpeg
pasanganttdcmo-mcf;2025052022025063462135_pasanganttdcmo-mcf_Applicant.jpeg
nasabahttdcmo-mcf;2025052022025063462135_nasabahttdcmo-mcf_Applicant.jpeg
allobank-mcf;2025052022025063462135_allobank-mcf_Applicant.jpeg
rumahjalan-mcf;2025052022025063462135_rumahjalan-mcf_Applicant.jpeg
salaryslip-mcf;2025052022025063462135_salaryslip-mcf_Applicant.jpeg
nomorrumah-mcf;2025052022025063462135_nomorrumah-mcf_Applicant.jpeg
dalamrumah-mcf;2025052022025063462135_dalamrumah-mcf_Applicant.jpeg
pricelist-mcf;2025052022025063462135_pricelist-mcf_Applicant.jpeg
pbbrekening-mcf;2025052022025160156563_pbbrekening-mcf_Applicant.jpeg
kksuratnikah-mcf;2025052022025160156563_kksuratnikah-mcf_Applicant.jpeg
halamandepanbukutabungan-mcf;2025052022025160156563_halamandepanbukutabungan-mcf_Applicant.jpeg
fpkbelakang-mcf;2025052022025160156563_fpkbelakang-mcf_Applicant.jpeg
fpkdepan-mcf;2025052022025160156563_fpkdepan-mcf_Applicant.jpeg
buktipenghasilanusaha-mcf;2025052022025160156563_buktipenghasilanusaha-mcf_Applicant.jpeg
perizinanusaha-mcf;2025052022025160156563_perizinanusaha-mcf_Applicant.jpeg
buktikepemilikanusaha-mcf;2025052022025160156563_buktikepemilikanusaha-mcf_Applicant.jpeg
rangkanomesin-mcf;2025052022025160156563_rangkanomesin-mcf_Applicant.jpeg
pbbrekening-mcf;2025051722024267653058_pbbrekening-mcf_Applicant.jpeg
kksuratnikah-mcf;2025051722024267653058_kksuratnikah-mcf_Applicant.jpeg
halamandepanbukutabungan-mcf;2025051722024267653058_halamandepanbukutabungan-mcf_Applicant.jpeg
fpkbelakang-mcf;2025051722024267653058_fpkbelakang-mcf_Applicant.jpeg
fpkdepan-mcf;2025051722024267653058_fpkdepan-mcf_Applicant.jpeg
tempatusahadepan-mcf;2025051722024267653058_tempatusahadepan-mcf_Applicant.jpeg
rumahdepan-mcf;2025051722024267653058_rumahdepan-mcf_Applicant.jpeg
pasanganttdcmo-mcf;2025051722024267653058_pasanganttdcmo-mcf_Applicant.jpeg
nasabahttdcmo-mcf;2025051722024267653058_nasabahttdcmo-mcf_Applicant.jpeg
allobank-mcf;2025051722024267653058_allobank-mcf_Applicant.jpeg
rumahjalan-mcf;2025051722024267653058_rumahjalan-mcf_Applicant.jpeg
salaryslip-mcf;2025051722024267653058_salaryslip-mcf_Applicant.jpeg
nomorrumah-mcf;2025051722024267653058_nomorrumah-mcf_Applicant.jpeg
dalamrumah-mcf;2025051722024267653058_dalamrumah-mcf_Applicant.jpeg
pricelist-mcf;2025051722024267653058_pricelist-mcf_Applicant.jpeg
buktipenghasilanusaha-mcf;2025051722024267653058_buktipenghasilanusaha-mcf_Applicant.jpeg
perizinanusaha-mcf;2025051722024267653058_perizinanusaha-mcf_Applicant.jpeg
buktikepemilikanusaha-mcf;2025051722024267653058_buktikepemilikanusaha-mcf_Applicant.jpeg
tempatusahadepan-mcf;2025052022025160156563_tempatusahadepan-mcf_Applicant.jpeg
rumahdepan-mcf;2025052022025160156563_rumahdepan-mcf_Applicant.jpeg
pasanganttdcmo-mcf;2025052022025160156563_pasanganttdcmo-mcf_Applicant.jpeg
nasabahttdcmo-mcf;2025052022025160156563_nasabahttdcmo-mcf_Applicant.jpeg
allobank-mcf;2025052022025160156563_allobank-mcf_Applicant.jpeg
rumahjalan-mcf;2025052022025160156563_rumahjalan-mcf_Applicant.jpeg
bpkbdepan-mcf;2025052022025160156563_bpkbdepan-mcf_Applicant.jpeg
bpkbbelakang-mcf;2025052022025160156563_bpkbbelakang-mcf_Applicant.jpeg
stnkpajak-mcf;2025052022025160156563_stnkpajak-mcf_Applicant.jpeg
unitdepankanan-mcf;2025052022025160156563_unitdepankanan-mcf_Applicant.jpeg
unitdepankiri-mcf;2025052022025160156563_unitdepankiri-mcf_Applicant.jpeg
salaryslip-mcf;2025052022025160156563_salaryslip-mcf_Applicant.jpeg
nomorrumah-mcf;2025052022025160156563_nomorrumah-mcf_Applicant.jpeg
dalamrumah-mcf;2025052022025160156563_dalamrumah-mcf_Applicant.jpeg
pbbrekening-mcf;2025051822024267653497_pbbrekening-mcf_Applicant.jpeg
kksuratnikah-mcf;2025051822024267653497_kksuratnikah-mcf_Applicant.jpeg
halamandepanbukutabungan-mcf;2025051822024267653497_halamandepanbukutabungan-mcf_Applicant.jpeg
fpkbelakang-mcf;2025051822024267653497_fpkbelakang-mcf_Applicant.jpeg
fpkdepan-mcf;2025051822024267653497_fpkdepan-mcf_Applicant.jpeg
tempatusahadepan-mcf;2025051822024267653497_tempatusahadepan-mcf_Applicant.jpeg
rumahdepan-mcf;2025051822024267653497_rumahdepan-mcf_Applicant.jpeg
pasanganttdcmo-mcf;2025051822024267653497_pasanganttdcmo-mcf_Applicant.jpeg
nasabahttdcmo-mcf;2025051822024267653497_nasabahttdcmo-mcf_Applicant.jpeg
allobank-mcf;2025051822024267653497_allobank-mcf_Applicant.jpeg
rumahjalan-mcf;2025051822024267653497_rumahjalan-mcf_Applicant.jpeg
salaryslip-mcf;2025051822024267653497_salaryslip-mcf_Applicant.jpeg
nomorrumah-mcf;2025051822024267653497_nomorrumah-mcf_Applicant.jpeg
dalamrumah-mcf;2025051822024267653497_dalamrumah-mcf_Applicant.jpeg
pricelist-mcf;2025051822024267653497_pricelist-mcf_Applicant.jpeg
pbbrekening-mcf;2025051922024490835254_pbbrekening-mcf_Applicant.jpeg
fpkbelakang-mcf;2025051722025007525913_fpkbelakang-mcf_Applicant.jpeg
fpkdepan-mcf;2025051722025007525913_fpkdepan-mcf_Applicant.jpeg
tempatusahadepan-mcf;2025051722025007525913_tempatusahadepan-mcf_Applicant.jpeg
rumahdepan-mcf;2025051722025007525913_rumahdepan-mcf_Applicant.jpeg
pasanganttdcmo-mcf;2025051722025007525913_pasanganttdcmo-mcf_Applicant.jpeg
nasabahttdcmo-mcf;2025051722025007525913_nasabahttdcmo-mcf_Applicant.jpeg
allobank-mcf;2025051722025007525913_allobank-mcf_Applicant.jpeg
rumahjalan-mcf;2025051722025007525913_rumahjalan-mcf_Applicant.jpeg
salaryslip-mcf;2025051722025007525913_salaryslip-mcf_Applicant.jpeg
nomorrumah-mcf;2025051722025007525913_nomorrumah-mcf_Applicant.jpeg
dalamrumah-mcf;2025051722025007525913_dalamrumah-mcf_Applicant.jpeg
pricelist-mcf;2025051722025007525913_pricelist-mcf_Applicant.jpeg
buktipenghasilanusaha-mcf;2025051722025007525913_buktipenghasilanusaha-mcf_Applicant.jpeg
perizinanusaha-mcf;2025051722025007525913_perizinanusaha-mcf_Applicant.jpeg
buktikepemilikanusaha-mcf;2025051722025007525913_buktikepemilikanusaha-mcf_Applicant.jpeg
pbbrekening-mcf;2025052022025631623159_pbbrekening-mcf_Applicant.jpeg
kksuratnikah-mcf;2025052022025631623159_kksuratnikah-mcf_Applicant.jpeg
halamandepanbukutabungan-mcf;2025052022025631623159_halamandepanbukutabungan-mcf_Applicant.jpeg
fpkbelakang-mcf;2025052022025631623159_fpkbelakang-mcf_Applicant.jpeg
fpkdepan-mcf;2025052022025631623159_fpkdepan-mcf_Applicant.jpeg
tempatusahadepan-mcf;2025052022025631623159_tempatusahadepan-mcf_Applicant.jpeg
rumahdepan-mcf;2025052022025631623159_rumahdepan-mcf_Applicant.jpeg
pasanganttdcmo-mcf;2025052022025631623159_pasanganttdcmo-mcf_Applicant.jpeg
nasabahttdcmo-mcf;2025052022025631623159_nasabahttdcmo-mcf_Applicant.jpeg
allobank-mcf;2025052022025631623159_allobank-mcf_Applicant.jpeg
rumahjalan-mcf;2025052022025631623159_rumahjalan-mcf_Applicant.jpeg
salaryslip-mcf;2025052022025631623159_salaryslip-mcf_Applicant.jpeg
nomorrumah-mcf;2025052022025631623159_nomorrumah-mcf_Applicant.jpeg
dalamrumah-mcf;2025052022025631623159_dalamrumah-mcf_Applicant.jpeg
pricelist-mcf;2025052022025631623159_pricelist-mcf_Applicant.jpeg
pbbrekening-mcf;2025051922025042089027_pbbrekening-mcf_Applicant.jpeg
kksuratnikah-mcf;2025051922025042089027_kksuratnikah-mcf_Applicant.jpeg
halamandepanbukutabungan-mcf;2025051922025042089027_halamandepanbukutabungan-mcf_Applicant.jpeg
fpkbelakang-mcf;2025051922025042089027_fpkbelakang-mcf_Applicant.jpeg
fpkdepan-mcf;2025051922025042089027_fpkdepan-mcf_Applicant.jpeg
tempatusahadepan-mcf;2025051922025042089027_tempatusahadepan-mcf_Applicant.jpeg
rumahdepan-mcf;2025051922025042089027_rumahdepan-mcf_Applicant.jpeg
pasanganttdcmo-mcf;2025051922025042089027_pasanganttdcmo-mcf_Applicant.jpeg
nasabahttdcmo-mcf;2025051922025042089027_nasabahttdcmo-mcf_Applicant.jpeg
allobank-mcf;2025051922025042089027_allobank-mcf_Applicant.jpeg
rumahjalan-mcf;2025051922025042089027_rumahjalan-mcf_Applicant.jpeg
bpkbdepan-mcf;2025051922025042089027_bpkbdepan-mcf_Applicant.jpeg
bpkbbelakang-mcf;2025051922025042089027_bpkbbelakang-mcf_Applicant.jpeg
stnkpajak-mcf;2025051922025042089027_stnkpajak-mcf_Applicant.jpeg
unitdepankanan-mcf;2025051922025042089027_unitdepankanan-mcf_Applicant.jpeg
unitdepankiri-mcf;2025051922025042089027_unitdepankiri-mcf_Applicant.jpeg
salaryslip-mcf;2025051922025042089027_salaryslip-mcf_Applicant.jpeg
pbbrekening-mcf;2025052022024482012279_pbbrekening-mcf_Applicant.jpeg
kksuratnikah-mcf;2025052022024482012279_kksuratnikah-mcf_Applicant.jpeg
halamandepanbukutabungan-mcf;2025052022024482012279_halamandepanbukutabungan-mcf_Applicant.jpeg
fpkbelakang-mcf;2025052022024482012279_fpkbelakang-mcf_Applicant.jpeg
fpkdepan-mcf;2025052022024482012279_fpkdepan-mcf_Applicant.jpeg
tempatusahadepan-mcf;2025052022024482012279_tempatusahadepan-mcf_Applicant.jpeg
rumahdepan-mcf;2025052022024482012279_rumahdepan-mcf_Applicant.jpeg
pasanganttdcmo-mcf;2025052022024482012279_pasanganttdcmo-mcf_Applicant.jpeg
nasabahttdcmo-mcf;2025052022024482012279_nasabahttdcmo-mcf_Applicant.jpeg
allobank-mcf;2025052022024482012279_allobank-mcf_Applicant.jpeg
rumahjalan-mcf;2025052022024482012279_rumahjalan-mcf_Applicant.jpeg
salaryslip-mcf;2025052022024482012279_salaryslip-mcf_Applicant.jpeg
nomorrumah-mcf;2025052022024482012279_nomorrumah-mcf_Applicant.jpeg
dalamrumah-mcf;2025052022024482012279_dalamrumah-mcf_Applicant.jpeg
pricelist-mcf;2025052022024482012279_pricelist-mcf_Applicant.jpeg
buktipenghasilanusaha-mcf;2025052022024482012279_buktipenghasilanusaha-mcf_Applicant.jpeg
perizinanusaha-mcf;2025052022024482012279_perizinanusaha-mcf_Applicant.jpeg
buktikepemilikanusaha-mcf;2025052022024482012279_buktikepemilikanusaha-mcf_Applicant.jpeg
pbbrekening-mcf;2025051622021112622803_pbbrekening-mcf_Applicant.jpeg
kksuratnikah-mcf;2025051622021112622803_kksuratnikah-mcf_Applicant.jpeg
halamandepanbukutabungan-mcf;2025051622021112622803_halamandepanbukutabungan-mcf_Applicant.jpeg
fpkbelakang-mcf;2025051622021112622803_fpkbelakang-mcf_Applicant.jpeg
fpkdepan-mcf;2025051622021112622803_fpkdepan-mcf_Applicant.jpeg
tempatusahadepan-mcf;2025051622021112622803_tempatusahadepan-mcf_Applicant.jpeg
rumahdepan-mcf;2025051622021112622803_rumahdepan-mcf_Applicant.jpeg
pasanganttdcmo-mcf;2025051622021112622803_pasanganttdcmo-mcf_Applicant.jpeg
nasabahttdcmo-mcf;2025051622021112622803_nasabahttdcmo-mcf_Applicant.jpeg
allobank-mcf;2025051622021112622803_allobank-mcf_Applicant.jpeg
rumahjalan-mcf;2025051622021112622803_rumahjalan-mcf_Applicant.jpeg
salaryslip-mcf;2025051622021112622803_salaryslip-mcf_Applicant.jpeg
nomorrumah-mcf;2025051622021112622803_nomorrumah-mcf_Applicant.jpeg
dalamrumah-mcf;2025051622021112622803_dalamrumah-mcf_Applicant.jpeg
pricelist-mcf;2025051622021112622803_pricelist-mcf_Applicant.jpeg
fpkbelakang-mcf;2025052022023492165703_fpkbelakang-mcf_Applicant.jpeg
fpkdepan-mcf;2025052022023492165703_fpkdepan-mcf_Applicant.jpeg
tempatusahadepan-mcf;2025052022023492165703_tempatusahadepan-mcf_Applicant.jpeg
rumahdepan-mcf;2025052022023492165703_rumahdepan-mcf_Applicant.jpeg
pasanganttdcmo-mcf;2025052022023492165703_pasanganttdcmo-mcf_Applicant.jpeg
nasabahttdcmo-mcf;2025052022023492165703_nasabahttdcmo-mcf_Applicant.jpeg
allobank-mcf;2025052022023492165703_allobank-mcf_Applicant.jpeg
rumahjalan-mcf;2025052022023492165703_rumahjalan-mcf_Applicant.jpeg
salaryslip-mcf;2025052022023492165703_salaryslip-mcf_Applicant.jpeg
nomorrumah-mcf;2025052022023492165703_nomorrumah-mcf_Applicant.jpeg
dalamrumah-mcf;2025052022023492165703_dalamrumah-mcf_Applicant.jpeg
pricelist-mcf;2025052022023492165703_pricelist-mcf_Applicant.jpeg
pbbrekening-mcf;2025051622023186399509_pbbrekening-mcf_Applicant.jpeg
kksuratnikah-mcf;2025051622023186399509_kksuratnikah-mcf_Applicant.jpeg
halamandepanbukutabungan-mcf;2025051622023186399509_halamandepanbukutabungan-mcf_Applicant.jpeg
fpkbelakang-mcf;2025051622023186399509_fpkbelakang-mcf_Applicant.jpeg
fpkdepan-mcf;2025051622023186399509_fpkdepan-mcf_Applicant.jpeg
tempatusahadepan-mcf;2025051622023186399509_tempatusahadepan-mcf_Applicant.jpeg
rumahdepan-mcf;2025051622023186399509_rumahdepan-mcf_Applicant.jpeg
pasanganttdcmo-mcf;2025051622023186399509_pasanganttdcmo-mcf_Applicant.jpeg
nasabahttdcmo-mcf;2025051622023186399509_nasabahttdcmo-mcf_Applicant.jpeg
allobank-mcf;2025051622023186399509_allobank-mcf_Applicant.jpeg
rumahjalan-mcf;2025051622023186399509_rumahjalan-mcf_Applicant.jpeg
salaryslip-mcf;2025051622023186399509_salaryslip-mcf_Applicant.jpeg
nomorrumah-mcf;2025051622023186399509_nomorrumah-mcf_Applicant.jpeg
dalamrumah-mcf;2025051622023186399509_dalamrumah-mcf_Applicant.jpeg
pricelist-mcf;2025051622023186399509_pricelist-mcf_Applicant.jpeg
pbbrekening-mcf;2025052022024226080587_pbbrekening-mcf_Applicant.jpeg
kksuratnikah-mcf;2025052022024226080587_kksuratnikah-mcf_Applicant.jpeg
halamandepanbukutabungan-mcf;2025052022024226080587_halamandepanbukutabungan-mcf_Applicant.jpeg
fpkbelakang-mcf;2025052022024226080587_fpkbelakang-mcf_Applicant.jpeg
fpkdepan-mcf;2025052022024226080587_fpkdepan-mcf_Applicant.jpeg
tempatusahadepan-mcf;2025052022024226080587_tempatusahadepan-mcf_Applicant.jpeg
rumahdepan-mcf;2025052022024226080587_rumahdepan-mcf_Applicant.jpeg
pasanganttdcmo-mcf;2025052022024226080587_pasanganttdcmo-mcf_Applicant.jpeg
nasabahttdcmo-mcf;2025052022024226080587_nasabahttdcmo-mcf_Applicant.jpeg
allobank-mcf;2025052022024226080587_allobank-mcf_Applicant.jpeg
rumahjalan-mcf;2025052022024226080587_rumahjalan-mcf_Applicant.jpeg
salaryslip-mcf;2025052022024226080587_salaryslip-mcf_Applicant.jpeg
nomorrumah-mcf;2025052022024226080587_nomorrumah-mcf_Applicant.jpeg
dalamrumah-mcf;2025052022024226080587_dalamrumah-mcf_Applicant.jpeg
pricelist-mcf;2025052022024226080587_pricelist-mcf_Applicant.jpeg
pbbrekening-mcf;2025052022023365116231_pbbrekening-mcf_Applicant.jpeg
kksuratnikah-mcf;2025052022023365116231_kksuratnikah-mcf_Applicant.jpeg
halamandepanbukutabungan-mcf;2025052022023365116231_halamandepanbukutabungan-mcf_Applicant.jpeg
fpkbelakang-mcf;2025052022023365116231_fpkbelakang-mcf_Applicant.jpeg
fpkdepan-mcf;2025052022023365116231_fpkdepan-mcf_Applicant.jpeg
tempatusahadepan-mcf;2025052022023365116231_tempatusahadepan-mcf_Applicant.jpeg
rumahdepan-mcf;2025052022023365116231_rumahdepan-mcf_Applicant.jpeg
pasanganttdcmo-mcf;2025052022023365116231_pasanganttdcmo-mcf_Applicant.jpeg
nasabahttdcmo-mcf;2025052022023365116231_nasabahttdcmo-mcf_Applicant.jpeg
allobank-mcf;2025052022023365116231_allobank-mcf_Applicant.jpeg
rumahjalan-mcf;2025052022023365116231_rumahjalan-mcf_Applicant.jpeg
salaryslip-mcf;2025052022023365116231_salaryslip-mcf_Applicant.jpeg
nomorrumah-mcf;2025052022023365116231_nomorrumah-mcf_Applicant.jpeg
dalamrumah-mcf;2025052022023365116231_dalamrumah-mcf_Applicant.jpeg
pricelist-mcf;2025052022023365116231_pricelist-mcf_Applicant.jpeg
pbbrekening-mcf;2025051722025160133671_pbbrekening-mcf_Applicant.jpeg
kksuratnikah-mcf;2025051722025160133671_kksuratnikah-mcf_Applicant.jpeg
halamandepanbukutabungan-mcf;2025051722025160133671_halamandepanbukutabungan-mcf_Applicant.jpeg
fpkbelakang-mcf;2025051722025160133671_fpkbelakang-mcf_Applicant.jpeg
fpkdepan-mcf;2025051722025160133671_fpkdepan-mcf_Applicant.jpeg
tempatusahadepan-mcf;2025051722025160133671_tempatusahadepan-mcf_Applicant.jpeg
rumahdepan-mcf;2025051722025160133671_rumahdepan-mcf_Applicant.jpeg
pasanganttdcmo-mcf;2025051722025160133671_pasanganttdcmo-mcf_Applicant.jpeg
nasabahttdcmo-mcf;2025051722025160133671_nasabahttdcmo-mcf_Applicant.jpeg
allobank-mcf;2025051722025160133671_allobank-mcf_Applicant.jpeg
rumahjalan-mcf;2025051722025160133671_rumahjalan-mcf_Applicant.jpeg
halamandepanbukutabungan-mcf;2025052622021383461501_halamandepanbukutabungan-mcf_Applicant.jpeg
fpkbelakang-mcf;2025052622021383461501_fpkbelakang-mcf_Applicant.jpeg
fpkdepan-mcf;2025052622021383461501_fpkdepan-mcf_Applicant.jpeg
tempatusahadepan-mcf;2025052622021383461501_tempatusahadepan-mcf_Applicant.jpeg
rumahdepan-mcf;2025052622021383461501_rumahdepan-mcf_Applicant.jpeg
pasanganttdcmo-mcf;2025052622021383461501_pasanganttdcmo-mcf_Applicant.jpeg
nasabahttdcmo-mcf;2025052622021383461501_nasabahttdcmo-mcf_Applicant.jpeg
allobank-mcf;2025052622021383461501_allobank-mcf_Applicant.jpeg
rumahjalan-mcf;2025052622021383461501_rumahjalan-mcf_Applicant.jpeg
salaryslip-mcf;2025052622021383461501_salaryslip-mcf_Applicant.jpeg
nomorrumah-mcf;2025052622021383461501_nomorrumah-mcf_Applicant.jpeg
dalamrumah-mcf;2025052622021383461501_dalamrumah-mcf_Applicant.jpeg
pricelist-mcf;2025052622021383461501_pricelist-mcf_Applicant.jpeg
pbbrekening-mcf;2025052622015343939754_pbbrekening-mcf_Applicant.jpeg
kksuratnikah-mcf;2025052622015343939754_kksuratnikah-mcf_Applicant.jpeg
pasanganttdcmo-mcf;2025051922024161138845_pasanganttdcmo-mcf_Applicant.jpeg
nasabahttdcmo-mcf;2025051922024161138845_nasabahttdcmo-mcf_Applicant.jpeg
allobank-mcf;2025051922024161138845_allobank-mcf_Applicant.jpeg
rumahjalan-mcf;2025051922024161138845_rumahjalan-mcf_Applicant.jpeg
salaryslip-mcf;2025051922024161138845_salaryslip-mcf_Applicant.jpeg
nomorrumah-mcf;2025051922024161138845_nomorrumah-mcf_Applicant.jpeg
dalamrumah-mcf;2025051922024161138845_dalamrumah-mcf_Applicant.jpeg
pricelist-mcf;2025051922024161138845_pricelist-mcf_Applicant.jpeg
buktipenghasilanusaha-mcf;2025051922024161138845_buktipenghasilanusaha-mcf_Applicant.jpeg
perizinanusaha-mcf;2025051922024161138845_perizinanusaha-mcf_Applicant.jpeg
buktikepemilikanusaha-mcf;2025051922024161138845_buktikepemilikanusaha-mcf_Applicant.jpeg
pbbrekening-mcf;2025052022024625213958_pbbrekening-mcf_Applicant.jpeg
kksuratnikah-mcf;2025052022024625213958_kksuratnikah-mcf_Applicant.jpeg
halamandepanbukutabungan-mcf;2025052022024625213958_halamandepanbukutabungan-mcf_Applicant.jpeg
fpkbelakang-mcf;2025052022024625213958_fpkbelakang-mcf_Applicant.jpeg
fpkdepan-mcf;2025052022024625213958_fpkdepan-mcf_Applicant.jpeg
tempatusahadepan-mcf;2025052022024625213958_tempatusahadepan-mcf_Applicant.jpeg
tempatusahadepan-mcf;2025052022024567689755_tempatusahadepan-mcf_Applicant.jpeg
rumahdepan-mcf;2025052022024567689755_rumahdepan-mcf_Applicant.jpeg
pasanganttdcmo-mcf;2025052022024567689755_pasanganttdcmo-mcf_Applicant.jpeg
nasabahttdcmo-mcf;2025052022024567689755_nasabahttdcmo-mcf_Applicant.jpeg
allobank-mcf;2025052022024567689755_allobank-mcf_Applicant.jpeg
rumahjalan-mcf;2025052022024567689755_rumahjalan-mcf_Applicant.jpeg
salaryslip-mcf;2025052022024567689755_salaryslip-mcf_Applicant.jpeg
nomorrumah-mcf;2025052022024567689755_nomorrumah-mcf_Applicant.jpeg
dalamrumah-mcf;2025052022024567689755_dalamrumah-mcf_Applicant.jpeg
pricelist-mcf;2025052022024567689755_pricelist-mcf_Applicant.jpeg
pbbrekening-mcf;2025052022024490832109_pbbrekening-mcf_Applicant.jpeg
kksuratnikah-mcf;2025052022024490832109_kksuratnikah-mcf_Applicant.jpeg
halamandepanbukutabungan-mcf;2025052022024490832109_halamandepanbukutabungan-mcf_Applicant.jpeg
fpkbelakang-mcf;2025052022024490832109_fpkbelakang-mcf_Applicant.jpeg
fpkdepan-mcf;2025052022024490832109_fpkdepan-mcf_Applicant.jpeg
rumahdepan-mcf;2025051722024242762681_rumahdepan-mcf_Applicant.jpeg
pasanganttdcmo-mcf;2025051722024242762681_pasanganttdcmo-mcf_Applicant.jpeg
nasabahttdcmo-mcf;2025051722024242762681_nasabahttdcmo-mcf_Applicant.jpeg
allobank-mcf;2025051722024242762681_allobank-mcf_Applicant.jpeg
rumahjalan-mcf;2025051722024242762681_rumahjalan-mcf_Applicant.jpeg
salaryslip-mcf;2025051722024242762681_salaryslip-mcf_Applicant.jpeg
nomorrumah-mcf;2025051722024242762681_nomorrumah-mcf_Applicant.jpeg
dalamrumah-mcf;2025051722024242762681_dalamrumah-mcf_Applicant.jpeg
pricelist-mcf;2025051722024242762681_pricelist-mcf_Applicant.jpeg
pbbrekening-mcf;2025052022025103854364_pbbrekening-mcf_Applicant.jpeg
kksuratnikah-mcf;2025052022025103854364_kksuratnikah-mcf_Applicant.jpeg
halamandepanbukutabungan-mcf;2025052022025103854364_halamandepanbukutabungan-mcf_Applicant.jpeg
fpkbelakang-mcf;2025052022025103854364_fpkbelakang-mcf_Applicant.jpeg
fpkdepan-mcf;2025052022025103854364_fpkdepan-mcf_Applicant.jpeg
tempatusahadepan-mcf;2025052022025103854364_tempatusahadepan-mcf_Applicant.jpeg
rumahdepan-mcf;2025052022025103854364_rumahdepan-mcf_Applicant.jpeg
pasanganttdcmo-mcf;2025052022025103854364_pasanganttdcmo-mcf_Applicant.jpeg
nasabahttdcmo-mcf;2025052022025103854364_nasabahttdcmo-mcf_Applicant.jpeg
allobank-mcf;2025052022025103854364_allobank-mcf_Applicant.jpeg
rumahjalan-mcf;2025052022025103854364_rumahjalan-mcf_Applicant.jpeg
salaryslip-mcf;2025052022025103854364_salaryslip-mcf_Applicant.jpeg
nomorrumah-mcf;2025052022025103854364_nomorrumah-mcf_Applicant.jpeg
dalamrumah-mcf;2025052022025103854364_dalamrumah-mcf_Applicant.jpeg
pricelist-mcf;2025052022025103854364_pricelist-mcf_Applicant.jpeg
buktipenghasilanusaha-mcf;2025052022025103854364_buktipenghasilanusaha-mcf_Applicant.jpeg
perizinanusaha-mcf;2025052022025103854364_perizinanusaha-mcf_Applicant.jpeg
buktikepemilikanusaha-mcf;2025052022025103854364_buktikepemilikanusaha-mcf_Applicant.jpeg
pbbrekening-mcf;2025051622022543729619_pbbrekening-mcf_Applicant.jpeg
kksuratnikah-mcf;2025051622022543729619_kksuratnikah-mcf_Applicant.jpeg
halamandepanbukutabungan-mcf;2025051622022543729619_halamandepanbukutabungan-mcf_Applicant.jpeg
fpkbelakang-mcf;2025051622022543729619_fpkbelakang-mcf_Applicant.jpeg
fpkdepan-mcf;2025051622022543729619_fpkdepan-mcf_Applicant.jpeg
tempatusahadepan-mcf;2025051622022543729619_tempatusahadepan-mcf_Applicant.jpeg
rumahdepan-mcf;2025051622022543729619_rumahdepan-mcf_Applicant.jpeg
pasanganttdcmo-mcf;2025051622022543729619_pasanganttdcmo-mcf_Applicant.jpeg
nasabahttdcmo-mcf;2025051622022543729619_nasabahttdcmo-mcf_Applicant.jpeg
allobank-mcf;2025051622022543729619_allobank-mcf_Applicant.jpeg
rumahjalan-mcf;2025051622022543729619_rumahjalan-mcf_Applicant.jpeg
salaryslip-mcf;2025051622022543729619_salaryslip-mcf_Applicant.jpeg
nomorrumah-mcf;2025051622022543729619_nomorrumah-mcf_Applicant.jpeg
dalamrumah-mcf;2025051622022543729619_dalamrumah-mcf_Applicant.jpeg
pricelist-mcf;2025051622022543729619_pricelist-mcf_Applicant.jpeg
bpkbdepan-mcf;2025051722025160133671_bpkbdepan-mcf_Applicant.jpeg
bpkbbelakang-mcf;2025051722025160133671_bpkbbelakang-mcf_Applicant.jpeg
stnkpajak-mcf;2025051722025160133671_stnkpajak-mcf_Applicant.jpeg
unitdepankanan-mcf;2025051722025160133671_unitdepankanan-mcf_Applicant.jpeg
unitdepankiri-mcf;2025051722025160133671_unitdepankiri-mcf_Applicant.jpeg
salaryslip-mcf;2025051722025160133671_salaryslip-mcf_Applicant.jpeg
nomorrumah-mcf;2025051722025160133671_nomorrumah-mcf_Applicant.jpeg
dalamrumah-mcf;2025051722025160133671_dalamrumah-mcf_Applicant.jpeg
rangkanomesin-mcf;2025051722025160133671_rangkanomesin-mcf_Applicant.jpeg
pbbrekening-mcf;2025051922024161138845_pbbrekening-mcf_Applicant.jpeg
kksuratnikah-mcf;2025051922024161138845_kksuratnikah-mcf_Applicant.jpeg
halamandepanbukutabungan-mcf;2025051922024161138845_halamandepanbukutabungan-mcf_Applicant.jpeg
fpkbelakang-mcf;2025051922024161138845_fpkbelakang-mcf_Applicant.jpeg
fpkdepan-mcf;2025051922024161138845_fpkdepan-mcf_Applicant.jpeg
tempatusahadepan-mcf;2025051922024161138845_tempatusahadepan-mcf_Applicant.jpeg
rumahdepan-mcf;2025051922024161138845_rumahdepan-mcf_Applicant.jpeg
pbbrekening-mcf;2025052022022252524132_pbbrekening-mcf_Applicant.jpeg
kksuratnikah-mcf;2025052022022252524132_kksuratnikah-mcf_Applicant.jpeg
halamandepanbukutabungan-mcf;2025052022022252524132_halamandepanbukutabungan-mcf_Applicant.jpeg
fpkbelakang-mcf;2025052022022252524132_fpkbelakang-mcf_Applicant.jpeg
fpkdepan-mcf;2025052022022252524132_fpkdepan-mcf_Applicant.jpeg
tempatusahadepan-mcf;2025052022022252524132_tempatusahadepan-mcf_Applicant.jpeg
rumahdepan-mcf;2025052022022252524132_rumahdepan-mcf_Applicant.jpeg
pasanganttdcmo-mcf;2025052022022252524132_pasanganttdcmo-mcf_Applicant.jpeg
nasabahttdcmo-mcf;2025052022022252524132_nasabahttdcmo-mcf_Applicant.jpeg
allobank-mcf;2025052022022252524132_allobank-mcf_Applicant.jpeg
rumahjalan-mcf;2025052022022252524132_rumahjalan-mcf_Applicant.jpeg
salaryslip-mcf;2025052022022252524132_salaryslip-mcf_Applicant.jpeg
nomorrumah-mcf;2025052022022252524132_nomorrumah-mcf_Applicant.jpeg
dalamrumah-mcf;2025052022022252524132_dalamrumah-mcf_Applicant.jpeg
pricelist-mcf;2025052022022252524132_pricelist-mcf_Applicant.jpeg
buktipenghasilanusaha-mcf;2025052022022252524132_buktipenghasilanusaha-mcf_Applicant.jpeg
nasabahttdcmo-mcf;2025052022024447726094_nasabahttdcmo-mcf_Applicant.jpeg
allobank-mcf;2025052022024447726094_allobank-mcf_Applicant.jpeg
rumahjalan-mcf;2025052022024447726094_rumahjalan-mcf_Applicant.jpeg
bpkbdepan-mcf;2025052022024447726094_bpkbdepan-mcf_Applicant.jpeg
bpkbbelakang-mcf;2025052022024447726094_bpkbbelakang-mcf_Applicant.jpeg
stnkpajak-mcf;2025052022024447726094_stnkpajak-mcf_Applicant.jpeg
unitdepankanan-mcf;2025052022024447726094_unitdepankanan-mcf_Applicant.jpeg
unitdepankiri-mcf;2025052022024447726094_unitdepankiri-mcf_Applicant.jpeg
salaryslip-mcf;2025052022024447726094_salaryslip-mcf_Applicant.jpeg
nomorrumah-mcf;2025052022024447726094_nomorrumah-mcf_Applicant.jpeg
dalamrumah-mcf;2025052022024447726094_dalamrumah-mcf_Applicant.jpeg
rangkanomesin-mcf;2025052022024447726094_rangkanomesin-mcf_Applicant.jpeg
pbbrekening-mcf;2025052022024567654593_pbbrekening-mcf_Applicant.jpeg
kksuratnikah-mcf;2025052022024567654593_kksuratnikah-mcf_Applicant.jpeg
halamandepanbukutabungan-mcf;2025052022024567654593_halamandepanbukutabungan-mcf_Applicant.jpeg
fpkbelakang-mcf;2025052022024567654593_fpkbelakang-mcf_Applicant.jpeg
fpkdepan-mcf;2025052022024567654593_fpkdepan-mcf_Applicant.jpeg
tempatusahadepan-mcf;2025052022024567654593_tempatusahadepan-mcf_Applicant.jpeg
rumahdepan-mcf;2025052022024567654593_rumahdepan-mcf_Applicant.jpeg
pasanganttdcmo-mcf;2025052022024567654593_pasanganttdcmo-mcf_Applicant.jpeg
nasabahttdcmo-mcf;2025052022024567654593_nasabahttdcmo-mcf_Applicant.jpeg
allobank-mcf;2025052022024567654593_allobank-mcf_Applicant.jpeg
rumahjalan-mcf;2025052022024567654593_rumahjalan-mcf_Applicant.jpeg
salaryslip-mcf;2025052022024567654593_salaryslip-mcf_Applicant.jpeg
nomorrumah-mcf;2025052022024567654593_nomorrumah-mcf_Applicant.jpeg
dalamrumah-mcf;2025052022024567654593_dalamrumah-mcf_Applicant.jpeg
pricelist-mcf;2025052022024567654593_pricelist-mcf_Applicant.jpeg
pbbrekening-mcf;2025052222024080082011_pbbrekening-mcf_Applicant.jpeg
kksuratnikah-mcf;2025052222024080082011_kksuratnikah-mcf_Applicant.jpeg
halamandepanbukutabungan-mcf;2025052222024080082011_halamandepanbukutabungan-mcf_Applicant.jpeg
fpkbelakang-mcf;2025052222024080082011_fpkbelakang-mcf_Applicant.jpeg
fpkdepan-mcf;2025052222024080082011_fpkdepan-mcf_Applicant.jpeg
tempatusahadepan-mcf;2025052222024080082011_tempatusahadepan-mcf_Applicant.jpeg
rumahdepan-mcf;2025052222024080082011_rumahdepan-mcf_Applicant.jpeg
pasanganttdcmo-mcf;2025052222024080082011_pasanganttdcmo-mcf_Applicant.jpeg
nasabahttdcmo-mcf;2025052222024080082011_nasabahttdcmo-mcf_Applicant.jpeg
allobank-mcf;2025052222024080082011_allobank-mcf_Applicant.jpeg
rumahjalan-mcf;2025052222024080082011_rumahjalan-mcf_Applicant.jpeg
salaryslip-mcf;2025052222024080082011_salaryslip-mcf_Applicant.jpeg
nomorrumah-mcf;2025052222024080082011_nomorrumah-mcf_Applicant.jpeg
dalamrumah-mcf;2025052222024080082011_dalamrumah-mcf_Applicant.jpeg
pricelist-mcf;2025052222024080082011_pricelist-mcf_Applicant.jpeg
pbbrekening-mcf;2025052022021258143811_pbbrekening-mcf_Applicant.jpeg
kksuratnikah-mcf;2025052022021258143811_kksuratnikah-mcf_Applicant.jpeg
halamandepanbukutabungan-mcf;2025052022021258143811_halamandepanbukutabungan-mcf_Applicant.jpeg
fpkbelakang-mcf;2025052022021258143811_fpkbelakang-mcf_Applicant.jpeg
fpkdepan-mcf;2025052022021258143811_fpkdepan-mcf_Applicant.jpeg
tempatusahadepan-mcf;2025052022021258143811_tempatusahadepan-mcf_Applicant.jpeg
rumahdepan-mcf;2025052022021258143811_rumahdepan-mcf_Applicant.jpeg
pasanganttdcmo-mcf;2025052022021258143811_pasanganttdcmo-mcf_Applicant.jpeg
nasabahttdcmo-mcf;2025052022021258143811_nasabahttdcmo-mcf_Applicant.jpeg
allobank-mcf;2025052022021258143811_allobank-mcf_Applicant.jpeg
rumahjalan-mcf;2025052022021258143811_rumahjalan-mcf_Applicant.jpeg
salaryslip-mcf;2025052022021258143811_salaryslip-mcf_Applicant.jpeg
nomorrumah-mcf;2025052022021258143811_nomorrumah-mcf_Applicant.jpeg
dalamrumah-mcf;2025052022021258143811_dalamrumah-mcf_Applicant.jpeg
pricelist-mcf;2025052022021258143811_pricelist-mcf_Applicant.jpeg
pbbrekening-mcf;2025052022015188453802_pbbrekening-mcf_Applicant.jpeg
kksuratnikah-mcf;2025052022015188453802_kksuratnikah-mcf_Applicant.jpeg
halamandepanbukutabungan-mcf;2025052022015188453802_halamandepanbukutabungan-mcf_Applicant.jpeg
fpkbelakang-mcf;2025052022015188453802_fpkbelakang-mcf_Applicant.jpeg
fpkdepan-mcf;2025052022015188453802_fpkdepan-mcf_Applicant.jpeg
tempatusahadepan-mcf;2025052022015188453802_tempatusahadepan-mcf_Applicant.jpeg
rumahdepan-mcf;2025052022015188453802_rumahdepan-mcf_Applicant.jpeg
pasanganttdcmo-mcf;2025052022015188453802_pasanganttdcmo-mcf_Applicant.jpeg
nasabahttdcmo-mcf;2025052022015188453802_nasabahttdcmo-mcf_Applicant.jpeg
allobank-mcf;2025052022015188453802_allobank-mcf_Applicant.jpeg
rumahjalan-mcf;2025052022015188453802_rumahjalan-mcf_Applicant.jpeg
salaryslip-mcf;2025052022015188453802_salaryslip-mcf_Applicant.jpeg
nomorrumah-mcf;2025052022015188453802_nomorrumah-mcf_Applicant.jpeg
dalamrumah-mcf;2025052022015188453802_dalamrumah-mcf_Applicant.jpeg
pricelist-mcf;2025052022015188453802_pricelist-mcf_Applicant.jpeg
buktipenghasilanusaha-mcf;2025052022015188453802_buktipenghasilanusaha-mcf_Applicant.jpeg
perizinanusaha-mcf;2025052022015188453802_perizinanusaha-mcf_Applicant.jpeg
buktikepemilikanusaha-mcf;2025052022015188453802_buktikepemilikanusaha-mcf_Applicant.jpeg
pbbrekening-mcf;2025051922025076082028_pbbrekening-mcf_Applicant.jpeg
kksuratnikah-mcf;2025051922025076082028_kksuratnikah-mcf_Applicant.jpeg
halamandepanbukutabungan-mcf;2025051922025076082028_halamandepanbukutabungan-mcf_Applicant.jpeg
fpkbelakang-mcf;2025051922025076082028_fpkbelakang-mcf_Applicant.jpeg
fpkdepan-mcf;2025051922025076082028_fpkdepan-mcf_Applicant.jpeg
tempatusahadepan-mcf;2025051922025076082028_tempatusahadepan-mcf_Applicant.jpeg
rumahdepan-mcf;2025051922025076082028_rumahdepan-mcf_Applicant.jpeg
pasanganttdcmo-mcf;2025051922025076082028_pasanganttdcmo-mcf_Applicant.jpeg
nasabahttdcmo-mcf;2025051922025076082028_nasabahttdcmo-mcf_Applicant.jpeg
allobank-mcf;2025051922025076082028_allobank-mcf_Applicant.jpeg
rumahjalan-mcf;2025051922025076082028_rumahjalan-mcf_Applicant.jpeg
salaryslip-mcf;2025051922025076082028_salaryslip-mcf_Applicant.jpeg
nomorrumah-mcf;2025051922025076082028_nomorrumah-mcf_Applicant.jpeg
dalamrumah-mcf;2025051922025076082028_dalamrumah-mcf_Applicant.jpeg
pricelist-mcf;2025051922025076082028_pricelist-mcf_Applicant.jpeg
tempatusahadepan-mcf;2025052122022173316609_tempatusahadepan-mcf_Applicant.jpeg
rumahdepan-mcf;2025052122022173316609_rumahdepan-mcf_Applicant.jpeg
pasanganttdcmo-mcf;2025052122022173316609_pasanganttdcmo-mcf_Applicant.jpeg
nasabahttdcmo-mcf;2025052122022173316609_nasabahttdcmo-mcf_Applicant.jpeg
allobank-mcf;2025052122022173316609_allobank-mcf_Applicant.jpeg
rumahjalan-mcf;2025052122022173316609_rumahjalan-mcf_Applicant.jpeg
salaryslip-mcf;2025052122022173316609_salaryslip-mcf_Applicant.jpeg
nomorrumah-mcf;2025052122022173316609_nomorrumah-mcf_Applicant.jpeg
dalamrumah-mcf;2025052122022173316609_dalamrumah-mcf_Applicant.jpeg
pricelist-mcf;2025052122022173316609_pricelist-mcf_Applicant.jpeg
nomorrumah-mcf;2025052122025007964568_nomorrumah-mcf_Applicant.jpeg
dalamrumah-mcf;2025052122025007964568_dalamrumah-mcf_Applicant.jpeg
pricelist-mcf;2025052122025007964568_pricelist-mcf_Applicant.jpeg
buktipenghasilanusaha-mcf;2025052122025007964568_buktipenghasilanusaha-mcf_Applicant.jpeg
perizinanusaha-mcf;2025052122025007964568_perizinanusaha-mcf_Applicant.jpeg
buktikepemilikanusaha-mcf;2025052122025007964568_buktikepemilikanusaha-mcf_Applicant.jpeg
pbbrekening-mcf;2025052122015188445405_pbbrekening-mcf_Applicant.jpeg
kksuratnikah-mcf;2025052122015188445405_kksuratnikah-mcf_Applicant.jpeg
halamandepanbukutabungan-mcf;2025052122015188445405_halamandepanbukutabungan-mcf_Applicant.jpeg
fpkbelakang-mcf;2025052122015188445405_fpkbelakang-mcf_Applicant.jpeg
fpkdepan-mcf;2025052122015188445405_fpkdepan-mcf_Applicant.jpeg
tempatusahadepan-mcf;2025052122015188445405_tempatusahadepan-mcf_Applicant.jpeg
rumahdepan-mcf;2025052122015188445405_rumahdepan-mcf_Applicant.jpeg
pasanganttdcmo-mcf;2025052122015188445405_pasanganttdcmo-mcf_Applicant.jpeg
nasabahttdcmo-mcf;2025052122015188445405_nasabahttdcmo-mcf_Applicant.jpeg
allobank-mcf;2025052122015188445405_allobank-mcf_Applicant.jpeg
rumahjalan-mcf;2025052122015188445405_rumahjalan-mcf_Applicant.jpeg
salaryslip-mcf;2025052122015188445405_salaryslip-mcf_Applicant.jpeg
nomorrumah-mcf;2025052122015188445405_nomorrumah-mcf_Applicant.jpeg
dalamrumah-mcf;2025052122015188445405_dalamrumah-mcf_Applicant.jpeg
pricelist-mcf;2025052122015188445405_pricelist-mcf_Applicant.jpeg
buktipenghasilanusaha-mcf;2025052122015188445405_buktipenghasilanusaha-mcf_Applicant.jpeg
unitdepankanan-mcf;_unitdepankanan-mcf_Applicant.jpeg
unitdepankiri-mcf;_unitdepankiri-mcf_Applicant.jpeg
rangkanomesin-mcf;_rangkanomesin-mcf_Applicant.jpeg
dalamrumah-mcf;2025052722015188416555_dalamrumah-mcf_Applicant.jpeg
tempatusahadepan-mcf;2025052722015188416555_tempatusahadepan-mcf_Applicant.jpeg
pasanganttdcmo-mcf;2025052722015188416555_pasanganttdcmo-mcf_Applicant.jpeg
nasabahttdcmo-mcf;2025052722015188416555_nasabahttdcmo-mcf_Applicant.jpeg
pbbrekening-mcf;2025052722021341184301_pbbrekening-mcf_Applicant.jpeg
kksuratnikah-mcf;2025052722021341184301_kksuratnikah-mcf_Applicant.jpeg
salaryslip-mcf;2025052722021341184301_salaryslip-mcf_Applicant.jpeg
allobank-mcf;2025052722021341184301_allobank-mcf_Applicant.jpeg
halamandepanbukutabungan-mcf;2025052722021341184301_halamandepanbukutabungan-mcf_Applicant.jpeg
pricelist-mcf;2025052722021341184301_pricelist-mcf_Applicant.jpeg
fpkbelakang-mcf;2025052722022612751111_fpkbelakang-mcf_Applicant.jpeg
pasanganttdcmo-mcf;2025052722021341184301_pasanganttdcmo-mcf_Applicant.jpeg
nomorrumah-mcf;2025052722022612751111_nomorrumah-mcf_Applicant.jpeg
rumahjalan-mcf;2025052722022612751111_rumahjalan-mcf_Applicant.jpeg
nasabahttdcmo-mcf;2025052722021341184301_nasabahttdcmo-mcf_Applicant.jpeg
dalamrumah-mcf;2025052722022612751111_dalamrumah-mcf_Applicant.jpeg
dalamrumah-mcf;2025052722024241579589_dalamrumah-mcf_Applicant.jpeg
tempatusahadepan-mcf;2025052722021341184301_tempatusahadepan-mcf_Applicant.jpeg
buktikepemilikanusaha-mcf;2025052722025012679348_buktikepemilikanusaha-mcf_Applicant.jpeg
tempatusahadepan-mcf;2025052722024241579589_tempatusahadepan-mcf_Applicant.jpeg
tempatusahadepan-mcf;2025052722022612751111_tempatusahadepan-mcf_Applicant.jpeg
dalamrumah-mcf;2025052722021341184301_dalamrumah-mcf_Applicant.jpeg
fpkdepan-mcf;2025052722021341184301_fpkdepan-mcf_Applicant.jpeg
fpkbelakang-mcf;2025052722021341184301_fpkbelakang-mcf_Applicant.jpeg
pbbrekening-mcf;2025052722024241579589_pbbrekening-mcf_Applicant.jpeg
kksuratnikah-mcf;2025052722024241579589_kksuratnikah-mcf_Applicant.jpeg
salaryslip-mcf;2025052722024241579589_salaryslip-mcf_Applicant.jpeg
allobank-mcf;2025052722024241579589_allobank-mcf_Applicant.jpeg
halamandepanbukutabungan-mcf;2025052722024241579589_halamandepanbukutabungan-mcf_Applicant.jpeg
fpkdepan-mcf;2025052722024241579589_fpkdepan-mcf_Applicant.jpeg
fpkbelakang-mcf;2025052722024241579589_fpkbelakang-mcf_Applicant.jpeg
nomorrumah-mcf;2025052722024241579589_nomorrumah-mcf_Applicant.jpeg
buktikepemilikanusaha-mcf;2025052722022612751111_buktikepemilikanusaha-mcf_Applicant.jpeg
kksuratnikah-mcf;2025052722022612751111_kksuratnikah-mcf_Applicant.jpeg
buktipenghasilanusaha-mcf;2025052722022612751111_buktipenghasilanusaha-mcf_Applicant.jpeg
allobank-mcf;2025052722022612751111_allobank-mcf_Applicant.jpeg
halamandepanbukutabungan-mcf;2025052722022612751111_halamandepanbukutabungan-mcf_Applicant.jpeg
fpkdepan-mcf;2025052722022612751111_fpkdepan-mcf_Applicant.jpeg
rumahjalan-mcf;2025052722024241579589_rumahjalan-mcf_Applicant.jpeg
perizinanusaha-mcf;2025052722022612751111_perizinanusaha-mcf_Applicant.jpeg
allobank-mcf;2025052722025012679348_allobank-mcf_Applicant.jpeg
buktipenghasilanusaha-mcf;2025052722025012679348_buktipenghasilanusaha-mcf_Applicant.jpeg
halamandepanbukutabungan-mcf;2025052722025012679348_halamandepanbukutabungan-mcf_Applicant.jpeg
fpkdepan-mcf;2025052722025012679348_fpkdepan-mcf_Applicant.jpeg
fpkbelakang-mcf;2025052722025012679348_fpkbelakang-mcf_Applicant.jpeg
tempatusahadepan-mcf;2025052722025012679348_tempatusahadepan-mcf_Applicant.jpeg
rumahdepan-mcf;2025052722025012679348_rumahdepan-mcf_Applicant.jpeg
dalamrumah-mcf;2025052722025012679348_dalamrumah-mcf_Applicant.jpeg
rumahjalan-mcf;2025052722025012679348_rumahjalan-mcf_Applicant.jpeg
bpkbdepan-mcf;2025052722025012679348_bpkbdepan-mcf_Applicant.jpeg
bpkbbelakang-mcf;2025052722025012679348_bpkbbelakang-mcf_Applicant.jpeg
stnkpajak-mcf;2025052722025012679348_stnkpajak-mcf_Applicant.jpeg
perizinanusaha-mcf;2025052722025012679348_perizinanusaha-mcf_Applicant.jpeg
unitdepankanan-mcf;2025052722025012679348_unitdepankanan-mcf_Applicant.jpeg
nomorrumah-mcf;2025052722021341184301_nomorrumah-mcf_Applicant.jpeg
rumahjalan-mcf;2025052722021341184301_rumahjalan-mcf_Applicant.jpeg
kksuratnikah-mcf;2025052722025012679348_kksuratnikah-mcf_Applicant.jpeg
pricelist-mcf;2025052722024241579589_pricelist-mcf_Applicant.jpeg
bpkbdepan-mcf;2025052722022612751111_bpkbdepan-mcf_Applicant.jpeg
bpkbbelakang-mcf;2025052722022612751111_bpkbbelakang-mcf_Applicant.jpeg
stnkpajak-mcf;2025052722022612751111_stnkpajak-mcf_Applicant.jpeg
unitdepankanan-mcf;2025052722022612751111_unitdepankanan-mcf_Applicant.jpeg
pasanganttdcmo-mcf;2025052722024241579589_pasanganttdcmo-mcf_Applicant.jpeg
unitdepankiri-mcf;2025052722022612751111_unitdepankiri-mcf_Applicant.jpeg
rangkanomesin-mcf;2025052722022612751111_rangkanomesin-mcf_Applicant.jpeg
pasanganttdcmo-mcf;2025052722022612751111_pasanganttdcmo-mcf_Applicant.jpeg
nasabahttdcmo-mcf;2025052722022612751111_nasabahttdcmo-mcf_Applicant.jpeg
nasabahttdcmo-mcf;2025052722024241579589_nasabahttdcmo-mcf_Applicant.jpeg
dalamrumah-mcf;2025052722023598396860_dalamrumah-mcf_Applicant.jpeg
tempatusahadepan-mcf;2025052722023598396860_tempatusahadepan-mcf_Applicant.jpeg
pricelist-mcf;2025052722023598396860_pricelist-mcf_Applicant.jpeg
buktikepemilikanusaha-mcf;2025052722022016886450_buktikepemilikanusaha-mcf_Applicant.jpeg
pasanganttdcmo-mcf;2025052722023598396860_pasanganttdcmo-mcf_Applicant.jpeg
kksuratnikah-mcf;2025052722022016886450_kksuratnikah-mcf_Applicant.jpeg
buktipenghasilanusaha-mcf;2025052722022016886450_buktipenghasilanusaha-mcf_Applicant.jpeg
nasabahttdcmo-mcf;2025052722023598396860_nasabahttdcmo-mcf_Applicant.jpeg
allobank-mcf;2025052722022016886450_allobank-mcf_Applicant.jpeg
halamandepanbukutabungan-mcf;2025052722022016886450_halamandepanbukutabungan-mcf_Applicant.jpeg
fpkdepan-mcf;2025052722022016886450_fpkdepan-mcf_Applicant.jpeg
fpkbelakang-mcf;2025052722022016886450_fpkbelakang-mcf_Applicant.jpeg
nomorrumah-mcf;2025052722022016886450_nomorrumah-mcf_Applicant.jpeg
rumahjalan-mcf;2025052722022016886450_rumahjalan-mcf_Applicant.jpeg
dalamrumah-mcf;2025052722022016886450_dalamrumah-mcf_Applicant.jpeg
tempatusahadepan-mcf;2025052722022016886450_tempatusahadepan-mcf_Applicant.jpeg
pricelist-mcf;2025052722022016886450_pricelist-mcf_Applicant.jpeg
pasanganttdcmo-mcf;2025052722022016886450_pasanganttdcmo-mcf_Applicant.jpeg
nasabahttdcmo-mcf;2025052722022016886450_nasabahttdcmo-mcf_Applicant.jpeg
perizinanusaha-mcf;2025052722022016886450_perizinanusaha-mcf_Applicant.jpeg
pbbrekening-mcf;2025052722022275619619_pbbrekening-mcf_Applicant.jpeg
kksuratnikah-mcf;2025052722022275619619_kksuratnikah-mcf_Applicant.jpeg
salaryslip-mcf;2025052722022275619619_salaryslip-mcf_Applicant.jpeg
allobank-mcf;2025052722022275619619_allobank-mcf_Applicant.jpeg
halamandepanbukutabungan-mcf;2025052722022275619619_halamandepanbukutabungan-mcf_Applicant.jpeg
fpkdepan-mcf;2025052722022275619619_fpkdepan-mcf_Applicant.jpeg
fpkbelakang-mcf;2025052722022275619619_fpkbelakang-mcf_Applicant.jpeg
nomorrumah-mcf;2025052722022275619619_nomorrumah-mcf_Applicant.jpeg
rumahjalan-mcf;2025052722022275619619_rumahjalan-mcf_Applicant.jpeg
dalamrumah-mcf;2025052722022275619619_dalamrumah-mcf_Applicant.jpeg
tempatusahadepan-mcf;2025052722022275619619_tempatusahadepan-mcf_Applicant.jpeg
pricelist-mcf;2025052722022275619619_pricelist-mcf_Applicant.jpeg
pasanganttdcmo-mcf;2025052722022275619619_pasanganttdcmo-mcf_Applicant.jpeg
nasabahttdcmo-mcf;2025052722022275619619_nasabahttdcmo-mcf_Applicant.jpeg
salaryslip-mcf;2025052722024200874946_salaryslip-mcf_Applicant.jpeg
allobank-mcf;2025052722024200874946_allobank-mcf_Applicant.jpeg
halamandepanbukutabungan-mcf;2025052722024200874946_halamandepanbukutabungan-mcf_Applicant.jpeg
fpkdepan-mcf;2025052722024200874946_fpkdepan-mcf_Applicant.jpeg
fpkbelakang-mcf;2025052722024200874946_fpkbelakang-mcf_Applicant.jpeg
nomorrumah-mcf;2025052722024200874946_nomorrumah-mcf_Applicant.jpeg
pbbrekening-mcf;2025052722024219050312_pbbrekening-mcf_Applicant.jpeg
rumahjalan-mcf;2025052722024200874946_rumahjalan-mcf_Applicant.jpeg
kksuratnikah-mcf;2025052722024219050312_kksuratnikah-mcf_Applicant.jpeg
salaryslip-mcf;2025052722024219050312_salaryslip-mcf_Applicant.jpeg
allobank-mcf;2025052722024219050312_allobank-mcf_Applicant.jpeg
halamandepanbukutabungan-mcf;2025052722024219050312_halamandepanbukutabungan-mcf_Applicant.jpeg
fpkdepan-mcf;2025052722024219050312_fpkdepan-mcf_Applicant.jpeg
fpkbelakang-mcf;2025052722024219050312_fpkbelakang-mcf_Applicant.jpeg
nomorrumah-mcf;2025052722024219050312_nomorrumah-mcf_Applicant.jpeg
halamandepanbukutabungan-mcf;2025052722024569467445_halamandepanbukutabungan-mcf_Applicant.jpeg
fpkbelakang-mcf;2025052722024569467445_fpkbelakang-mcf_Applicant.jpeg
kksuratnikah-mcf;2025052722024250436486_kksuratnikah-mcf_Applicant.jpeg
fpkdepan-mcf;2025052722024569467445_fpkdepan-mcf_Applicant.jpeg
pbbrekening-mcf;2025052722024250436486_pbbrekening-mcf_Applicant.jpeg
salaryslip-mcf;2025052722024250436486_salaryslip-mcf_Applicant.jpeg
allobank-mcf;2025052722024250436486_allobank-mcf_Applicant.jpeg
halamandepanbukutabungan-mcf;2025052722024250436486_halamandepanbukutabungan-mcf_Applicant.jpeg
nomorrumah-mcf;2025052722024569467445_nomorrumah-mcf_Applicant.jpeg
rumahjalan-mcf;2025052722024569467445_rumahjalan-mcf_Applicant.jpeg
fpkdepan-mcf;2025052722024250436486_fpkdepan-mcf_Applicant.jpeg
dalamrumah-mcf;2025052722024569467445_dalamrumah-mcf_Applicant.jpeg
tempatusahadepan-mcf;2025052722024569467445_tempatusahadepan-mcf_Applicant.jpeg
fpkbelakang-mcf;2025052722024250436486_fpkbelakang-mcf_Applicant.jpeg
pricelist-mcf;2025052722024569467445_pricelist-mcf_Applicant.jpeg
nomorrumah-mcf;2025052722024250436486_nomorrumah-mcf_Applicant.jpeg
pbbrekening-mcf;2025051922023492181021_pbbrekening-mcf_Applicant.jpeg
kksuratnikah-mcf;2025051922023492181021_kksuratnikah-mcf_Applicant.jpeg
halamandepanbukutabungan-mcf;2025051922023492181021_halamandepanbukutabungan-mcf_Applicant.jpeg
fpkbelakang-mcf;2025051922023492181021_fpkbelakang-mcf_Applicant.jpeg
fpkdepan-mcf;2025051922023492181021_fpkdepan-mcf_Applicant.jpeg
tempatusahadepan-mcf;2025051922023492181021_tempatusahadepan-mcf_Applicant.jpeg
rumahdepan-mcf;2025051922023492181021_rumahdepan-mcf_Applicant.jpeg
pasanganttdcmo-mcf;2025051922023492181021_pasanganttdcmo-mcf_Applicant.jpeg
nasabahttdcmo-mcf;2025051922023492181021_nasabahttdcmo-mcf_Applicant.jpeg
allobank-mcf;2025051922023492181021_allobank-mcf_Applicant.jpeg
rumahjalan-mcf;2025051922023492181021_rumahjalan-mcf_Applicant.jpeg
salaryslip-mcf;2025051922023492181021_salaryslip-mcf_Applicant.jpeg
nomorrumah-mcf;2025051922023492181021_nomorrumah-mcf_Applicant.jpeg
dalamrumah-mcf;2025051922023492181021_dalamrumah-mcf_Applicant.jpeg
pricelist-mcf;2025051922023492181021_pricelist-mcf_Applicant.jpeg
buktipenghasilanusaha-mcf;2025051922023492181021_buktipenghasilanusaha-mcf_Applicant.jpeg
perizinanusaha-mcf;2025051922023492181021_perizinanusaha-mcf_Applicant.jpeg
buktikepemilikanusaha-mcf;2025051922023492181021_buktikepemilikanusaha-mcf_Applicant.jpeg
pbbrekening-mcf;2025052022025076029660_pbbrekening-mcf_Applicant.jpeg
kksuratnikah-mcf;2025052022025076029660_kksuratnikah-mcf_Applicant.jpeg
halamandepanbukutabungan-mcf;2025052022025076029660_halamandepanbukutabungan-mcf_Applicant.jpeg
fpkbelakang-mcf;2025052022025076029660_fpkbelakang-mcf_Applicant.jpeg
fpkdepan-mcf;2025052022025076029660_fpkdepan-mcf_Applicant.jpeg
tempatusahadepan-mcf;2025052022025076029660_tempatusahadepan-mcf_Applicant.jpeg
rumahdepan-mcf;2025052022025076029660_rumahdepan-mcf_Applicant.jpeg
pasanganttdcmo-mcf;2025052022025076029660_pasanganttdcmo-mcf_Applicant.jpeg
nasabahttdcmo-mcf;2025052022025076029660_nasabahttdcmo-mcf_Applicant.jpeg
allobank-mcf;2025052022025076029660_allobank-mcf_Applicant.jpeg
rumahjalan-mcf;2025052022025076029660_rumahjalan-mcf_Applicant.jpeg
salaryslip-mcf;2025052022025076029660_salaryslip-mcf_Applicant.jpeg
nomorrumah-mcf;2025052022025076029660_nomorrumah-mcf_Applicant.jpeg
dalamrumah-mcf;2025052022025076029660_dalamrumah-mcf_Applicant.jpeg
pricelist-mcf;2025052022025076029660_pricelist-mcf_Applicant.jpeg
pbbrekening-mcf;2025052022025057654509_pbbrekening-mcf_Applicant.jpeg
kksuratnikah-mcf;2025052022025057654509_kksuratnikah-mcf_Applicant.jpeg
halamandepanbukutabungan-mcf;2025052022025057654509_halamandepanbukutabungan-mcf_Applicant.jpeg
fpkbelakang-mcf;2025052022025057654509_fpkbelakang-mcf_Applicant.jpeg
fpkdepan-mcf;2025052022025057654509_fpkdepan-mcf_Applicant.jpeg
tempatusahadepan-mcf;2025052022025057654509_tempatusahadepan-mcf_Applicant.jpeg
rumahdepan-mcf;2025052022025057654509_rumahdepan-mcf_Applicant.jpeg
pasanganttdcmo-mcf;2025052022025057654509_pasanganttdcmo-mcf_Applicant.jpeg
nasabahttdcmo-mcf;2025052022025057654509_nasabahttdcmo-mcf_Applicant.jpeg
allobank-mcf;2025052022025057654509_allobank-mcf_Applicant.jpeg
rumahjalan-mcf;2025052022025057654509_rumahjalan-mcf_Applicant.jpeg
bpkbdepan-mcf;2025052022025057654509_bpkbdepan-mcf_Applicant.jpeg
bpkbbelakang-mcf;2025052022025057654509_bpkbbelakang-mcf_Applicant.jpeg
stnkpajak-mcf;2025052022025057654509_stnkpajak-mcf_Applicant.jpeg
unitdepankanan-mcf;2025052022025057654509_unitdepankanan-mcf_Applicant.jpeg
unitdepankiri-mcf;2025052022025057654509_unitdepankiri-mcf_Applicant.jpeg
salaryslip-mcf;2025052022025057654509_salaryslip-mcf_Applicant.jpeg
nomorrumah-mcf;2025052022025057654509_nomorrumah-mcf_Applicant.jpeg
dalamrumah-mcf;2025052022025057654509_dalamrumah-mcf_Applicant.jpeg
buktipenghasilanusaha-mcf;2025052022025057654509_buktipenghasilanusaha-mcf_Applicant.jpeg
perizinanusaha-mcf;2025052022025057654509_perizinanusaha-mcf_Applicant.jpeg
buktikepemilikanusaha-mcf;2025052022025057654509_buktikepemilikanusaha-mcf_Applicant.jpeg
pricelist-mcf;2025052022022615848798_pricelist-mcf_Applicant.jpeg
rangkanomesin-mcf;2025052022025057654509_rangkanomesin-mcf_Applicant.jpeg
pbbrekening-mcf;2025052022025063461164_pbbrekening-mcf_Applicant.jpeg
kksuratnikah-mcf;2025052022025063461164_kksuratnikah-mcf_Applicant.jpeg
halamandepanbukutabungan-mcf;2025052022025063461164_halamandepanbukutabungan-mcf_Applicant.jpeg
fpkbelakang-mcf;2025052022025063461164_fpkbelakang-mcf_Applicant.jpeg
fpkdepan-mcf;2025052022025063461164_fpkdepan-mcf_Applicant.jpeg
tempatusahadepan-mcf;2025052022025063461164_tempatusahadepan-mcf_Applicant.jpeg
rumahdepan-mcf;2025052022025063461164_rumahdepan-mcf_Applicant.jpeg
pasanganttdcmo-mcf;2025052022025063461164_pasanganttdcmo-mcf_Applicant.jpeg
nasabahttdcmo-mcf;2025052022025063461164_nasabahttdcmo-mcf_Applicant.jpeg
allobank-mcf;2025052022025063461164_allobank-mcf_Applicant.jpeg
rumahjalan-mcf;2025052022025063461164_rumahjalan-mcf_Applicant.jpeg
salaryslip-mcf;2025052022025063461164_salaryslip-mcf_Applicant.jpeg
nomorrumah-mcf;2025052022025063461164_nomorrumah-mcf_Applicant.jpeg
dalamrumah-mcf;2025052022025063461164_dalamrumah-mcf_Applicant.jpeg
pricelist-mcf;2025052022025063461164_pricelist-mcf_Applicant.jpeg
pbbrekening-mcf;2025052022025140183222_pbbrekening-mcf_Applicant.jpeg
kksuratnikah-mcf;2025052022025140183222_kksuratnikah-mcf_Applicant.jpeg
halamandepanbukutabungan-mcf;2025052022025140183222_halamandepanbukutabungan-mcf_Applicant.jpeg
fpkbelakang-mcf;2025052022025140183222_fpkbelakang-mcf_Applicant.jpeg
fpkdepan-mcf;2025052022025140183222_fpkdepan-mcf_Applicant.jpeg
tempatusahadepan-mcf;2025052022025140183222_tempatusahadepan-mcf_Applicant.jpeg
rumahdepan-mcf;2025052022025140183222_rumahdepan-mcf_Applicant.jpeg
pasanganttdcmo-mcf;2025052022025140183222_pasanganttdcmo-mcf_Applicant.jpeg
nasabahttdcmo-mcf;2025052022025140183222_nasabahttdcmo-mcf_Applicant.jpeg
allobank-mcf;2025052022025140183222_allobank-mcf_Applicant.jpeg
rumahjalan-mcf;2025052022025140183222_rumahjalan-mcf_Applicant.jpeg
salaryslip-mcf;2025052022025140183222_salaryslip-mcf_Applicant.jpeg
nomorrumah-mcf;2025052022025140183222_nomorrumah-mcf_Applicant.jpeg
dalamrumah-mcf;2025052022025140183222_dalamrumah-mcf_Applicant.jpeg
pricelist-mcf;2025052022025140183222_pricelist-mcf_Applicant.jpeg
fpkdepan-mcf;2025051922024167548165_fpkdepan-mcf_Applicant.jpeg
tempatusahadepan-mcf;2025051922024167548165_tempatusahadepan-mcf_Applicant.jpeg
rumahdepan-mcf;2025051922024167548165_rumahdepan-mcf_Applicant.jpeg
pasanganttdcmo-mcf;2025051922024167548165_pasanganttdcmo-mcf_Applicant.jpeg
nasabahttdcmo-mcf;2025051922024167548165_nasabahttdcmo-mcf_Applicant.jpeg
allobank-mcf;2025051922024167548165_allobank-mcf_Applicant.jpeg
rumahjalan-mcf;2025051922024167548165_rumahjalan-mcf_Applicant.jpeg
salaryslip-mcf;2025051922024167548165_salaryslip-mcf_Applicant.jpeg
nomorrumah-mcf;2025051922024167548165_nomorrumah-mcf_Applicant.jpeg
dalamrumah-mcf;2025051922024167548165_dalamrumah-mcf_Applicant.jpeg
pricelist-mcf;2025051922024167548165_pricelist-mcf_Applicant.jpeg
pbbrekening-mcf;2025051522024483756707_pbbrekening-mcf_Applicant.jpeg
kksuratnikah-mcf;2025051522024483756707_kksuratnikah-mcf_Applicant.jpeg
halamandepanbukutabungan-mcf;2025051522024483756707_halamandepanbukutabungan-mcf_Applicant.jpeg
fpkbelakang-mcf;2025051522024483756707_fpkbelakang-mcf_Applicant.jpeg
fpkdepan-mcf;2025051522024483756707_fpkdepan-mcf_Applicant.jpeg
tempatusahadepan-mcf;2025051522024483756707_tempatusahadepan-mcf_Applicant.jpeg
rumahdepan-mcf;2025051522024483756707_rumahdepan-mcf_Applicant.jpeg
rumahdepan-mcf;2025052022024625213958_rumahdepan-mcf_Applicant.jpeg
pasanganttdcmo-mcf;2025052022024625213958_pasanganttdcmo-mcf_Applicant.jpeg
nasabahttdcmo-mcf;2025052022024625213958_nasabahttdcmo-mcf_Applicant.jpeg
allobank-mcf;2025052022024625213958_allobank-mcf_Applicant.jpeg
rumahjalan-mcf;2025052022024625213958_rumahjalan-mcf_Applicant.jpeg
salaryslip-mcf;2025052022024625213958_salaryslip-mcf_Applicant.jpeg
nomorrumah-mcf;2025052022024625213958_nomorrumah-mcf_Applicant.jpeg
dalamrumah-mcf;2025052022024625213958_dalamrumah-mcf_Applicant.jpeg
pricelist-mcf;2025052022024625213958_pricelist-mcf_Applicant.jpeg
buktipenghasilanusaha-mcf;2025052022024625213958_buktipenghasilanusaha-mcf_Applicant.jpeg
perizinanusaha-mcf;2025052022024625213958_perizinanusaha-mcf_Applicant.jpeg
buktikepemilikanusaha-mcf;2025052022024625213958_buktikepemilikanusaha-mcf_Applicant.jpeg
pbbrekening-mcf;2025052022024567689755_pbbrekening-mcf_Applicant.jpeg
kksuratnikah-mcf;2025052022024567689755_kksuratnikah-mcf_Applicant.jpeg
halamandepanbukutabungan-mcf;2025052022024567689755_halamandepanbukutabungan-mcf_Applicant.jpeg
fpkbelakang-mcf;2025052022024567689755_fpkbelakang-mcf_Applicant.jpeg
fpkdepan-mcf;2025052022024567689755_fpkdepan-mcf_Applicant.jpeg
pbbrekening-mcf;2025052022025072317633_pbbrekening-mcf_Applicant.jpeg
kksuratnikah-mcf;2025052022025072317633_kksuratnikah-mcf_Applicant.jpeg
halamandepanbukutabungan-mcf;2025052022025072317633_halamandepanbukutabungan-mcf_Applicant.jpeg
fpkbelakang-mcf;2025052022025072317633_fpkbelakang-mcf_Applicant.jpeg
fpkdepan-mcf;2025052022025072317633_fpkdepan-mcf_Applicant.jpeg
tempatusahadepan-mcf;2025052022025072317633_tempatusahadepan-mcf_Applicant.jpeg
rumahdepan-mcf;2025052022025072317633_rumahdepan-mcf_Applicant.jpeg
pasanganttdcmo-mcf;2025052022025072317633_pasanganttdcmo-mcf_Applicant.jpeg
nasabahttdcmo-mcf;2025052022025072317633_nasabahttdcmo-mcf_Applicant.jpeg
allobank-mcf;2025052022025072317633_allobank-mcf_Applicant.jpeg
rumahjalan-mcf;2025052022025072317633_rumahjalan-mcf_Applicant.jpeg
salaryslip-mcf;2025052022025072317633_salaryslip-mcf_Applicant.jpeg
nomorrumah-mcf;2025052022025072317633_nomorrumah-mcf_Applicant.jpeg
dalamrumah-mcf;2025052022025072317633_dalamrumah-mcf_Applicant.jpeg
pricelist-mcf;2025052022025072317633_pricelist-mcf_Applicant.jpeg
pbbrekening-mcf;2025052022023277410006_pbbrekening-mcf_Applicant.jpeg
pasanganttdcmo-mcf;2025052622024420353345_pasanganttdcmo-mcf_Applicant.jpeg
nasabahttdcmo-mcf;2025052622024420353345_nasabahttdcmo-mcf_Applicant.jpeg
allobank-mcf;2025052622024420353345_allobank-mcf_Applicant.jpeg
rumahjalan-mcf;2025052622024420353345_rumahjalan-mcf_Applicant.jpeg
bpkbdepan-mcf;2025052622024420353345_bpkbdepan-mcf_Applicant.jpeg
bpkbbelakang-mcf;2025052622024420353345_bpkbbelakang-mcf_Applicant.jpeg
stnkpajak-mcf;2025052622024420353345_stnkpajak-mcf_Applicant.jpeg
unitdepankanan-mcf;2025052622024420353345_unitdepankanan-mcf_Applicant.jpeg
unitdepankiri-mcf;2025052622024420353345_unitdepankiri-mcf_Applicant.jpeg
salaryslip-mcf;2025052622024420353345_salaryslip-mcf_Applicant.jpeg
nomorrumah-mcf;2025052622024420353345_nomorrumah-mcf_Applicant.jpeg
dalamrumah-mcf;2025052622024420353345_dalamrumah-mcf_Applicant.jpeg
rangkanomesin-mcf;2025052622024420353345_rangkanomesin-mcf_Applicant.jpeg
kksuratnikah-mcf;2025052022023277410006_kksuratnikah-mcf_Applicant.jpeg
halamandepanbukutabungan-mcf;2025052022023277410006_halamandepanbukutabungan-mcf_Applicant.jpeg
fpkbelakang-mcf;2025052022023277410006_fpkbelakang-mcf_Applicant.jpeg
fpkdepan-mcf;2025052022023277410006_fpkdepan-mcf_Applicant.jpeg
tempatusahadepan-mcf;2025052022023277410006_tempatusahadepan-mcf_Applicant.jpeg
rumahdepan-mcf;2025052022023277410006_rumahdepan-mcf_Applicant.jpeg
pasanganttdcmo-mcf;2025052022023277410006_pasanganttdcmo-mcf_Applicant.jpeg
nasabahttdcmo-mcf;2025052022023277410006_nasabahttdcmo-mcf_Applicant.jpeg
allobank-mcf;2025052022023277410006_allobank-mcf_Applicant.jpeg
rumahjalan-mcf;2025052022023277410006_rumahjalan-mcf_Applicant.jpeg
salaryslip-mcf;2025052022023277410006_salaryslip-mcf_Applicant.jpeg
nomorrumah-mcf;2025052022023277410006_nomorrumah-mcf_Applicant.jpeg
dalamrumah-mcf;2025052022023277410006_dalamrumah-mcf_Applicant.jpeg
pricelist-mcf;2025052022023277410006_pricelist-mcf_Applicant.jpeg
halamandepanbukutabungan-mcf;2025052122025007571180_halamandepanbukutabungan-mcf_Applicant.jpeg
fpkbelakang-mcf;2025052122025007571180_fpkbelakang-mcf_Applicant.jpeg
fpkdepan-mcf;2025052122025007571180_fpkdepan-mcf_Applicant.jpeg
tempatusahadepan-mcf;2025052122025007571180_tempatusahadepan-mcf_Applicant.jpeg
rumahdepan-mcf;2025052122025007571180_rumahdepan-mcf_Applicant.jpeg
pasanganttdcmo-mcf;2025052122025007571180_pasanganttdcmo-mcf_Applicant.jpeg
nasabahttdcmo-mcf;2025052122025007571180_nasabahttdcmo-mcf_Applicant.jpeg
allobank-mcf;2025052122025007571180_allobank-mcf_Applicant.jpeg
rumahjalan-mcf;2025052122025007571180_rumahjalan-mcf_Applicant.jpeg
salaryslip-mcf;2025052122025007571180_salaryslip-mcf_Applicant.jpeg
nomorrumah-mcf;2025052122025007571180_nomorrumah-mcf_Applicant.jpeg
dalamrumah-mcf;2025052122025007571180_dalamrumah-mcf_Applicant.jpeg
pricelist-mcf;2025052122025007571180_pricelist-mcf_Applicant.jpeg
unitdepankanan-mcf;2025052122022612777791_unitdepankanan-mcf_Applicant.jpeg
unitdepankiri-mcf;2025052122022612777791_unitdepankiri-mcf_Applicant.jpeg
salaryslip-mcf;2025052122022612777791_salaryslip-mcf_Applicant.jpeg
nomorrumah-mcf;2025052122022612777791_nomorrumah-mcf_Applicant.jpeg
dalamrumah-mcf;2025052122022612777791_dalamrumah-mcf_Applicant.jpeg
rangkanomesin-mcf;2025052122022612777791_rangkanomesin-mcf_Applicant.jpeg
pbbrekening-mcf;2025052022025126241205_pbbrekening-mcf_Applicant.jpeg
kksuratnikah-mcf;2025052022025126241205_kksuratnikah-mcf_Applicant.jpeg
halamandepanbukutabungan-mcf;2025052022025126241205_halamandepanbukutabungan-mcf_Applicant.jpeg
fpkbelakang-mcf;2025052022025126241205_fpkbelakang-mcf_Applicant.jpeg
fpkdepan-mcf;2025052022025126241205_fpkdepan-mcf_Applicant.jpeg
tempatusahadepan-mcf;2025052022025126241205_tempatusahadepan-mcf_Applicant.jpeg
rumahdepan-mcf;2025052022025126241205_rumahdepan-mcf_Applicant.jpeg
pasanganttdcmo-mcf;2025052022025126241205_pasanganttdcmo-mcf_Applicant.jpeg
kksuratnikah-mcf;2025052422024005888699_kksuratnikah-mcf_Applicant.jpeg
salaryslip-mcf;2025052422024005888699_salaryslip-mcf_Applicant.jpeg
buktikepemilikanusaha-mcf;2025052722015188416555_buktikepemilikanusaha-mcf_Applicant.jpeg
kksuratnikah-mcf;2025052722015188416555_kksuratnikah-mcf_Applicant.jpeg
buktipenghasilanusaha-mcf;2025052722015188416555_buktipenghasilanusaha-mcf_Applicant.jpeg
allobank-mcf;2025052722015188416555_allobank-mcf_Applicant.jpeg
halamandepanbukutabungan-mcf;2025052722015188416555_halamandepanbukutabungan-mcf_Applicant.jpeg
pbbrekening-mcf;2025052722024080091262_pbbrekening-mcf_Applicant.jpeg
kksuratnikah-mcf;2025052722024080091262_kksuratnikah-mcf_Applicant.jpeg
pricelist-mcf;2025052722015188416555_pricelist-mcf_Applicant.jpeg
salaryslip-mcf;2025052722024080091262_salaryslip-mcf_Applicant.jpeg
allobank-mcf;2025052722024080091262_allobank-mcf_Applicant.jpeg
halamandepanbukutabungan-mcf;2025052722024080091262_halamandepanbukutabungan-mcf_Applicant.jpeg
fpkdepan-mcf;2025052722024080091262_fpkdepan-mcf_Applicant.jpeg
fpkbelakang-mcf;2025052722024080091262_fpkbelakang-mcf_Applicant.jpeg
nomorrumah-mcf;2025052722024080091262_nomorrumah-mcf_Applicant.jpeg
rumahjalan-mcf;2025052722024080091262_rumahjalan-mcf_Applicant.jpeg
dalamrumah-mcf;2025052722024080091262_dalamrumah-mcf_Applicant.jpeg
tempatusahadepan-mcf;2025052722024080091262_tempatusahadepan-mcf_Applicant.jpeg
pricelist-mcf;2025052722024080091262_pricelist-mcf_Applicant.jpeg
dalamrumah-mcf;2025052122025631666335_dalamrumah-mcf_Applicant.jpeg
pricelist-mcf;2025052122025631666335_pricelist-mcf_Applicant.jpeg
buktipenghasilanusaha-mcf;2025052122025631666335_buktipenghasilanusaha-mcf_Applicant.jpeg
perizinanusaha-mcf;2025052122025631666335_perizinanusaha-mcf_Applicant.jpeg
buktikepemilikanusaha-mcf;2025052122025631666335_buktikepemilikanusaha-mcf_Applicant.jpeg
dalamrumah-mcf;2025052122021125377845_dalamrumah-mcf_Applicant.jpeg
pricelist-mcf;2025052122021125377845_pricelist-mcf_Applicant.jpeg
pbbrekening-mcf;2025052122025062618041_pbbrekening-mcf_Applicant.png
kksuratnikah-mcf;2025052122025062618041_kksuratnikah-mcf_Applicant.jpeg
halamandepanbukutabungan-mcf;2025052122025062618041_halamandepanbukutabungan-mcf_Applicant.jpeg
fpkbelakang-mcf;2025052122025062618041_fpkbelakang-mcf_Applicant.jpeg
fpkdepan-mcf;2025052122025062618041_fpkdepan-mcf_Applicant.jpeg
tempatusahadepan-mcf;2025052122025062618041_tempatusahadepan-mcf_Applicant.jpeg
rumahdepan-mcf;2025052122025062618041_rumahdepan-mcf_Applicant.jpeg
pasanganttdcmo-mcf;2025052122025062618041_pasanganttdcmo-mcf_Applicant.jpeg
nasabahttdcmo-mcf;2025052122025062618041_nasabahttdcmo-mcf_Applicant.jpeg
allobank-mcf;2025052122025062618041_allobank-mcf_Applicant.jpeg
rumahjalan-mcf;2025052122025062618041_rumahjalan-mcf_Applicant.jpeg
salaryslip-mcf;2025052122025062618041_salaryslip-mcf_Applicant.jpeg
nomorrumah-mcf;2025052122025062618041_nomorrumah-mcf_Applicant.jpeg
dalamrumah-mcf;2025052122025062618041_dalamrumah-mcf_Applicant.jpeg
pricelist-mcf;2025052122025062618041_pricelist-mcf_Applicant.jpeg
buktipenghasilanusaha-mcf;2025052122025062618041_buktipenghasilanusaha-mcf_Applicant.jpeg
perizinanusaha-mcf;2025052122025062618041_perizinanusaha-mcf_Applicant.jpeg
buktikepemilikanusaha-mcf;2025052122025062618041_buktikepemilikanusaha-mcf_Applicant.jpeg
pbbrekening-mcf;2025052122021125377845_pbbrekening-mcf_Applicant.jpeg
kksuratnikah-mcf;2025052122021125377845_kksuratnikah-mcf_Applicant.jpeg
halamandepanbukutabungan-mcf;2025052122021125377845_halamandepanbukutabungan-mcf_Applicant.jpeg
fpkbelakang-mcf;2025052122021125377845_fpkbelakang-mcf_Applicant.jpeg
fpkdepan-mcf;2025052122021125377845_fpkdepan-mcf_Applicant.jpeg
tempatusahadepan-mcf;2025052122021125377845_tempatusahadepan-mcf_Applicant.jpeg
rumahdepan-mcf;2025052122021125377845_rumahdepan-mcf_Applicant.jpeg
pasanganttdcmo-mcf;2025052122021125377845_pasanganttdcmo-mcf_Applicant.jpeg
nasabahttdcmo-mcf;2025052122021125377845_nasabahttdcmo-mcf_Applicant.jpeg
allobank-mcf;2025052122021125377845_allobank-mcf_Applicant.jpeg
rumahjalan-mcf;2025052122021125377845_rumahjalan-mcf_Applicant.jpeg
salaryslip-mcf;2025052122021125377845_salaryslip-mcf_Applicant.jpeg
nomorrumah-mcf;2025052122021125377845_nomorrumah-mcf_Applicant.jpeg
pbbrekening-mcf;2025052122023492186034_pbbrekening-mcf_Applicant.jpeg
kksuratnikah-mcf;2025052122023492186034_kksuratnikah-mcf_Applicant.jpeg
halamandepanbukutabungan-mcf;2025052122023492186034_halamandepanbukutabungan-mcf_Applicant.jpeg
fpkbelakang-mcf;2025052122023492186034_fpkbelakang-mcf_Applicant.jpeg
fpkdepan-mcf;2025052122023492186034_fpkdepan-mcf_Applicant.jpeg
tempatusahadepan-mcf;2025052122023492186034_tempatusahadepan-mcf_Applicant.jpeg
rumahdepan-mcf;2025052122023492186034_rumahdepan-mcf_Applicant.jpeg
pasanganttdcmo-mcf;2025052122023492186034_pasanganttdcmo-mcf_Applicant.jpeg
nasabahttdcmo-mcf;2025052122023492186034_nasabahttdcmo-mcf_Applicant.jpeg
allobank-mcf;2025052122023492186034_allobank-mcf_Applicant.jpeg
rumahjalan-mcf;2025052122023492186034_rumahjalan-mcf_Applicant.jpeg
salaryslip-mcf;2025052122023492186034_salaryslip-mcf_Applicant.jpeg
nomorrumah-mcf;2025052122023492186034_nomorrumah-mcf_Applicant.jpeg
dalamrumah-mcf;2025052122023492186034_dalamrumah-mcf_Applicant.jpeg
pricelist-mcf;2025052122023492186034_pricelist-mcf_Applicant.jpeg
buktipenghasilanusaha-mcf;2025052122023492186034_buktipenghasilanusaha-mcf_Applicant.jpeg
perizinanusaha-mcf;2025052122023492186034_perizinanusaha-mcf_Applicant.jpeg
buktikepemilikanusaha-mcf;2025052122023492186034_buktikepemilikanusaha-mcf_Applicant.jpeg
pbbrekening-mcf;2025052022023528941565_pbbrekening-mcf_Applicant.jpeg
kksuratnikah-mcf;2025052022023528941565_kksuratnikah-mcf_Applicant.jpeg
halamandepanbukutabungan-mcf;2025052022023528941565_halamandepanbukutabungan-mcf_Applicant.jpeg
fpkbelakang-mcf;2025052022023528941565_fpkbelakang-mcf_Applicant.jpeg
fpkdepan-mcf;2025052022023528941565_fpkdepan-mcf_Applicant.jpeg
tempatusahadepan-mcf;2025052022023528941565_tempatusahadepan-mcf_Applicant.jpeg
rumahdepan-mcf;2025052022023528941565_rumahdepan-mcf_Applicant.jpeg
pasanganttdcmo-mcf;2025052022023528941565_pasanganttdcmo-mcf_Applicant.jpeg
nasabahttdcmo-mcf;2025052022023528941565_nasabahttdcmo-mcf_Applicant.jpeg
allobank-mcf;2025052022023528941565_allobank-mcf_Applicant.jpeg
rumahjalan-mcf;2025052022023528941565_rumahjalan-mcf_Applicant.jpeg
salaryslip-mcf;2025052022023528941565_salaryslip-mcf_Applicant.jpeg
nomorrumah-mcf;2025052022023528941565_nomorrumah-mcf_Applicant.jpeg
dalamrumah-mcf;2025052022023528941565_dalamrumah-mcf_Applicant.jpeg
pricelist-mcf;2025052022023528941565_pricelist-mcf_Applicant.jpeg
pbbrekening-mcf;2025052122024299050972_pbbrekening-mcf_Applicant.jpeg
kksuratnikah-mcf;2025052122024299050972_kksuratnikah-mcf_Applicant.jpeg
halamandepanbukutabungan-mcf;2025052122024299050972_halamandepanbukutabungan-mcf_Applicant.jpeg
fpkbelakang-mcf;2025052122024299050972_fpkbelakang-mcf_Applicant.jpeg
fpkdepan-mcf;2025052122024299050972_fpkdepan-mcf_Applicant.jpeg
tempatusahadepan-mcf;2025052122024299050972_tempatusahadepan-mcf_Applicant.jpeg
rumahdepan-mcf;2025052122024299050972_rumahdepan-mcf_Applicant.jpeg
pasanganttdcmo-mcf;2025052122024299050972_pasanganttdcmo-mcf_Applicant.jpeg
nasabahttdcmo-mcf;2025052122024299050972_nasabahttdcmo-mcf_Applicant.jpeg
allobank-mcf;2025052122024299050972_allobank-mcf_Applicant.jpeg
rumahjalan-mcf;2025052122024299050972_rumahjalan-mcf_Applicant.jpeg
bpkbdepan-mcf;2025052122024299050972_bpkbdepan-mcf_Applicant.jpeg
bpkbbelakang-mcf;2025052122024299050972_bpkbbelakang-mcf_Applicant.jpeg
stnkpajak-mcf;2025052122024299050972_stnkpajak-mcf_Applicant.jpeg
unitdepankanan-mcf;2025052122024299050972_unitdepankanan-mcf_Applicant.jpeg
unitdepankiri-mcf;2025052122024299050972_unitdepankiri-mcf_Applicant.jpeg
salaryslip-mcf;2025052122024299050972_salaryslip-mcf_Applicant.jpeg
nomorrumah-mcf;2025052122024299050972_nomorrumah-mcf_Applicant.jpeg
dalamrumah-mcf;2025052122024299050972_dalamrumah-mcf_Applicant.jpeg
rangkanomesin-mcf;2025052122024299050972_rangkanomesin-mcf_Applicant.jpeg
pbbrekening-mcf;2025052122021112657112_pbbrekening-mcf_Applicant.jpeg
kksuratnikah-mcf;2025052122021112657112_kksuratnikah-mcf_Applicant.jpeg
halamandepanbukutabungan-mcf;2025052122021112657112_halamandepanbukutabungan-mcf_Applicant.jpeg
fpkbelakang-mcf;2025052122021112657112_fpkbelakang-mcf_Applicant.jpeg
fpkdepan-mcf;2025052122021112657112_fpkdepan-mcf_Applicant.jpeg
tempatusahadepan-mcf;2025052122021112657112_tempatusahadepan-mcf_Applicant.jpeg
rumahdepan-mcf;2025052122021112657112_rumahdepan-mcf_Applicant.jpeg
pasanganttdcmo-mcf;2025052122021112657112_pasanganttdcmo-mcf_Applicant.jpeg
nasabahttdcmo-mcf;2025052122021112657112_nasabahttdcmo-mcf_Applicant.jpeg
allobank-mcf;2025052122021112657112_allobank-mcf_Applicant.jpeg
rumahjalan-mcf;2025052122021112657112_rumahjalan-mcf_Applicant.jpeg
salaryslip-mcf;2025052122021112657112_salaryslip-mcf_Applicant.jpeg
nomorrumah-mcf;2025052122021112657112_nomorrumah-mcf_Applicant.jpeg
dalamrumah-mcf;2025052122021112657112_dalamrumah-mcf_Applicant.jpeg
pricelist-mcf;2025052122021112657112_pricelist-mcf_Applicant.jpeg
pbbrekening-mcf;2025052122021383456510_pbbrekening-mcf_Applicant.jpeg
kksuratnikah-mcf;2025052122021383456510_kksuratnikah-mcf_Applicant.jpeg
halamandepanbukutabungan-mcf;2025052122021383456510_halamandepanbukutabungan-mcf_Applicant.jpeg
fpkbelakang-mcf;2025052122021383456510_fpkbelakang-mcf_Applicant.jpeg
fpkdepan-mcf;2025052122021383456510_fpkdepan-mcf_Applicant.jpeg
tempatusahadepan-mcf;2025052122021383456510_tempatusahadepan-mcf_Applicant.jpeg
rumahdepan-mcf;2025052122021383456510_rumahdepan-mcf_Applicant.jpeg
pasanganttdcmo-mcf;2025052122021383456510_pasanganttdcmo-mcf_Applicant.jpeg
nasabahttdcmo-mcf;2025052122021383456510_nasabahttdcmo-mcf_Applicant.jpeg
allobank-mcf;2025052122021383456510_allobank-mcf_Applicant.jpeg
rumahjalan-mcf;2025052122021383456510_rumahjalan-mcf_Applicant.jpeg
salaryslip-mcf;2025052122021383456510_salaryslip-mcf_Applicant.jpeg
nomorrumah-mcf;2025052122021383456510_nomorrumah-mcf_Applicant.jpeg
dalamrumah-mcf;2025052122021383456510_dalamrumah-mcf_Applicant.jpeg
pricelist-mcf;2025052122021383456510_pricelist-mcf_Applicant.jpeg
pbbrekening-mcf;2025052122021383472858_pbbrekening-mcf_Applicant.jpeg
kksuratnikah-mcf;2025052122021383472858_kksuratnikah-mcf_Applicant.jpeg
halamandepanbukutabungan-mcf;2025052122021383472858_halamandepanbukutabungan-mcf_Applicant.jpeg
fpkbelakang-mcf;2025052122021383472858_fpkbelakang-mcf_Applicant.jpeg
fpkdepan-mcf;2025052122021383472858_fpkdepan-mcf_Applicant.jpeg
tempatusahadepan-mcf;2025052122021383472858_tempatusahadepan-mcf_Applicant.jpeg
rumahdepan-mcf;2025052122021383472858_rumahdepan-mcf_Applicant.jpeg
pasanganttdcmo-mcf;2025052122021383472858_pasanganttdcmo-mcf_Applicant.jpeg
nasabahttdcmo-mcf;2025052122021383472858_nasabahttdcmo-mcf_Applicant.jpeg
allobank-mcf;2025052122021383472858_allobank-mcf_Applicant.jpeg
rumahjalan-mcf;2025052122021383472858_rumahjalan-mcf_Applicant.jpeg
salaryslip-mcf;2025052122021383472858_salaryslip-mcf_Applicant.jpeg
nomorrumah-mcf;2025052122021383472858_nomorrumah-mcf_Applicant.jpeg
dalamrumah-mcf;2025052122021383472858_dalamrumah-mcf_Applicant.jpeg
pricelist-mcf;2025052122021383472858_pricelist-mcf_Applicant.jpeg
pbbrekening-mcf;2025052122024212039693_pbbrekening-mcf_Applicant.jpeg
kksuratnikah-mcf;2025052122024212039693_kksuratnikah-mcf_Applicant.jpeg
halamandepanbukutabungan-mcf;2025052122024212039693_halamandepanbukutabungan-mcf_Applicant.jpeg
fpkbelakang-mcf;2025052122024212039693_fpkbelakang-mcf_Applicant.jpeg
fpkdepan-mcf;2025052122024212039693_fpkdepan-mcf_Applicant.jpeg
tempatusahadepan-mcf;2025052122024212039693_tempatusahadepan-mcf_Applicant.jpeg
rumahdepan-mcf;2025052122024212039693_rumahdepan-mcf_Applicant.jpeg
pasanganttdcmo-mcf;2025052122024212039693_pasanganttdcmo-mcf_Applicant.jpeg
nasabahttdcmo-mcf;2025052122024212039693_nasabahttdcmo-mcf_Applicant.jpeg
allobank-mcf;2025052122024212039693_allobank-mcf_Applicant.jpeg
rumahjalan-mcf;2025052122024212039693_rumahjalan-mcf_Applicant.jpeg
salaryslip-mcf;2025052122024212039693_salaryslip-mcf_Applicant.jpeg
nomorrumah-mcf;2025052122024212039693_nomorrumah-mcf_Applicant.jpeg
dalamrumah-mcf;2025052122024212039693_dalamrumah-mcf_Applicant.jpeg
pricelist-mcf;2025052122024212039693_pricelist-mcf_Applicant.jpeg
buktipenghasilanusaha-mcf;2025052122024212039693_buktipenghasilanusaha-mcf_Applicant.jpeg
perizinanusaha-mcf;2025052122024212039693_perizinanusaha-mcf_Applicant.jpeg
buktikepemilikanusaha-mcf;2025052122024212039693_buktikepemilikanusaha-mcf_Applicant.jpeg
pbbrekening-mcf;2025052022024161146876_pbbrekening-mcf_Applicant.jpeg
kksuratnikah-mcf;2025052022024161146876_kksuratnikah-mcf_Applicant.jpeg
halamandepanbukutabungan-mcf;2025052022024161146876_halamandepanbukutabungan-mcf_Applicant.jpeg
fpkbelakang-mcf;2025052022024161146876_fpkbelakang-mcf_Applicant.jpeg
fpkdepan-mcf;2025052022024161146876_fpkdepan-mcf_Applicant.jpeg
tempatusahadepan-mcf;2025052022024161146876_tempatusahadepan-mcf_Applicant.jpeg
rumahdepan-mcf;2025052022024161146876_rumahdepan-mcf_Applicant.jpeg
pasanganttdcmo-mcf;2025052022024161146876_pasanganttdcmo-mcf_Applicant.jpeg
nasabahttdcmo-mcf;2025052022024161146876_nasabahttdcmo-mcf_Applicant.jpeg
allobank-mcf;2025052022024161146876_allobank-mcf_Applicant.jpeg
rumahjalan-mcf;2025052022024161146876_rumahjalan-mcf_Applicant.jpeg
salaryslip-mcf;2025052022024161146876_salaryslip-mcf_Applicant.jpeg
nomorrumah-mcf;2025052022024161146876_nomorrumah-mcf_Applicant.jpeg
dalamrumah-mcf;2025052022024161146876_dalamrumah-mcf_Applicant.jpeg
pricelist-mcf;2025052022024161146876_pricelist-mcf_Applicant.jpeg
pbbrekening-mcf;2025052122025007571180_pbbrekening-mcf_Applicant.jpeg
kksuratnikah-mcf;2025052122025007571180_kksuratnikah-mcf_Applicant.jpeg
pbbrekening-mcf;2025052122022267686286_pbbrekening-mcf_Applicant.jpeg
kksuratnikah-mcf;2025052122022267686286_kksuratnikah-mcf_Applicant.jpeg
halamandepanbukutabungan-mcf;2025052122022267686286_halamandepanbukutabungan-mcf_Applicant.jpeg
fpkbelakang-mcf;2025052122022267686286_fpkbelakang-mcf_Applicant.jpeg
fpkdepan-mcf;2025052122022267686286_fpkdepan-mcf_Applicant.jpeg
tempatusahadepan-mcf;2025052122022267686286_tempatusahadepan-mcf_Applicant.jpeg
rumahdepan-mcf;2025052122022267686286_rumahdepan-mcf_Applicant.jpeg
pasanganttdcmo-mcf;2025052122022267686286_pasanganttdcmo-mcf_Applicant.jpeg
nasabahttdcmo-mcf;2025052122022267686286_nasabahttdcmo-mcf_Applicant.jpeg
allobank-mcf;2025052122022267686286_allobank-mcf_Applicant.jpeg
rumahjalan-mcf;2025052122022267686286_rumahjalan-mcf_Applicant.jpeg
salaryslip-mcf;2025052122022267686286_salaryslip-mcf_Applicant.jpeg
nomorrumah-mcf;2025052122022267686286_nomorrumah-mcf_Applicant.jpeg
dalamrumah-mcf;2025052122022267686286_dalamrumah-mcf_Applicant.jpeg
pricelist-mcf;2025052122022267686286_pricelist-mcf_Applicant.jpeg
fpkbelakang-mcf;2025052122025062675969_fpkbelakang-mcf_Applicant.jpeg
fpkdepan-mcf;2025052122025062675969_fpkdepan-mcf_Applicant.jpeg
tempatusahadepan-mcf;2025052122025062675969_tempatusahadepan-mcf_Applicant.jpeg
rumahdepan-mcf;2025052122025062675969_rumahdepan-mcf_Applicant.jpeg
pasanganttdcmo-mcf;2025052122025062675969_pasanganttdcmo-mcf_Applicant.jpeg
nasabahttdcmo-mcf;2025052122025062675969_nasabahttdcmo-mcf_Applicant.jpeg
allobank-mcf;2025052122025062675969_allobank-mcf_Applicant.jpeg
rumahjalan-mcf;2025052122025062675969_rumahjalan-mcf_Applicant.jpeg
salaryslip-mcf;2025052122025062675969_salaryslip-mcf_Applicant.jpeg
nomorrumah-mcf;2025052122025062675969_nomorrumah-mcf_Applicant.jpeg
dalamrumah-mcf;2025052122025062675969_dalamrumah-mcf_Applicant.jpeg
pricelist-mcf;2025052122025062675969_pricelist-mcf_Applicant.jpeg
pbbrekening-mcf;2025052122015188415202_pbbrekening-mcf_Applicant.jpeg
kksuratnikah-mcf;2025052122015188415202_kksuratnikah-mcf_Applicant.jpeg
halamandepanbukutabungan-mcf;2025052122015188415202_halamandepanbukutabungan-mcf_Applicant.jpeg
fpkbelakang-mcf;2025052122015188415202_fpkbelakang-mcf_Applicant.jpeg
fpkdepan-mcf;2025052122015188415202_fpkdepan-mcf_Applicant.jpeg
tempatusahadepan-mcf;2025052122015188415202_tempatusahadepan-mcf_Applicant.jpeg
rumahdepan-mcf;2025052122015188415202_rumahdepan-mcf_Applicant.jpeg
pasanganttdcmo-mcf;2025052122015188415202_pasanganttdcmo-mcf_Applicant.jpeg
nasabahttdcmo-mcf;2025052122015188415202_nasabahttdcmo-mcf_Applicant.jpeg
allobank-mcf;2025052122015188415202_allobank-mcf_Applicant.jpeg
rumahjalan-mcf;2025052122015188415202_rumahjalan-mcf_Applicant.jpeg
salaryslip-mcf;2025052122015188415202_salaryslip-mcf_Applicant.jpeg
nomorrumah-mcf;2025052122015188415202_nomorrumah-mcf_Applicant.jpeg
dalamrumah-mcf;2025052122015188415202_dalamrumah-mcf_Applicant.jpeg
pricelist-mcf;2025052122015188415202_pricelist-mcf_Applicant.jpeg
buktipenghasilanusaha-mcf;2025052122015188415202_buktipenghasilanusaha-mcf_Applicant.jpeg
perizinanusaha-mcf;2025052122015188415202_perizinanusaha-mcf_Applicant.jpeg
buktikepemilikanusaha-mcf;2025052122015188415202_buktikepemilikanusaha-mcf_Applicant.jpeg
pbbrekening-mcf;2025052122023341339094_pbbrekening-mcf_Applicant.jpeg
kksuratnikah-mcf;2025052122023341339094_kksuratnikah-mcf_Applicant.jpeg
halamandepanbukutabungan-mcf;2025052122023341339094_halamandepanbukutabungan-mcf_Applicant.jpeg
fpkbelakang-mcf;2025052122023341339094_fpkbelakang-mcf_Applicant.jpeg
fpkdepan-mcf;2025052122023341339094_fpkdepan-mcf_Applicant.jpeg
tempatusahadepan-mcf;2025052122023341339094_tempatusahadepan-mcf_Applicant.jpeg
rumahdepan-mcf;2025052122023341339094_rumahdepan-mcf_Applicant.jpeg
pasanganttdcmo-mcf;2025052122023341339094_pasanganttdcmo-mcf_Applicant.jpeg
pbbrekening-mcf;2025052122025062675969_pbbrekening-mcf_Applicant.png
kksuratnikah-mcf;2025052122025062675969_kksuratnikah-mcf_Applicant.jpeg
halamandepanbukutabungan-mcf;2025052122025062675969_halamandepanbukutabungan-mcf_Applicant.jpeg
nasabahttdcmo-mcf;2025052122023341339094_nasabahttdcmo-mcf_Applicant.jpeg
allobank-mcf;2025052122023341339094_allobank-mcf_Applicant.jpeg
rumahjalan-mcf;2025052122023341339094_rumahjalan-mcf_Applicant.jpeg
salaryslip-mcf;2025052122023341339094_salaryslip-mcf_Applicant.jpeg
nomorrumah-mcf;2025052122023341339094_nomorrumah-mcf_Applicant.jpeg
dalamrumah-mcf;2025052122023341339094_dalamrumah-mcf_Applicant.jpeg
pricelist-mcf;2025052122023341339094_pricelist-mcf_Applicant.jpeg
pbbrekening-mcf;2025051722025071984368_pbbrekening-mcf_Applicant.jpeg
kksuratnikah-mcf;2025051722025071984368_kksuratnikah-mcf_Applicant.jpeg
halamandepanbukutabungan-mcf;2025051722025071984368_halamandepanbukutabungan-mcf_Applicant.jpeg
fpkbelakang-mcf;2025051722025071984368_fpkbelakang-mcf_Applicant.jpeg
fpkdepan-mcf;2025051722025071984368_fpkdepan-mcf_Applicant.jpeg
tempatusahadepan-mcf;2025051722025071984368_tempatusahadepan-mcf_Applicant.jpeg
rumahdepan-mcf;2025051722025071984368_rumahdepan-mcf_Applicant.jpeg
pasanganttdcmo-mcf;2025051722025071984368_pasanganttdcmo-mcf_Applicant.jpeg
nasabahttdcmo-mcf;2025051722025071984368_nasabahttdcmo-mcf_Applicant.jpeg
allobank-mcf;2025051722025071984368_allobank-mcf_Applicant.jpeg
rumahjalan-mcf;2025051722025071984368_rumahjalan-mcf_Applicant.jpeg
salaryslip-mcf;2025051722025071984368_salaryslip-mcf_Applicant.jpeg
nomorrumah-mcf;2025051722025071984368_nomorrumah-mcf_Applicant.jpeg
dalamrumah-mcf;2025051722025071984368_dalamrumah-mcf_Applicant.jpeg
pricelist-mcf;2025051722025071984368_pricelist-mcf_Applicant.jpeg
pbbrekening-mcf;2025052122024287696374_pbbrekening-mcf_Applicant.jpeg
kksuratnikah-mcf;2025052122024287696374_kksuratnikah-mcf_Applicant.jpeg
halamandepanbukutabungan-mcf;2025052122024287696374_halamandepanbukutabungan-mcf_Applicant.jpeg
fpkbelakang-mcf;2025052122024287696374_fpkbelakang-mcf_Applicant.jpeg
fpkdepan-mcf;2025052122024287696374_fpkdepan-mcf_Applicant.jpeg
tempatusahadepan-mcf;2025052122024287696374_tempatusahadepan-mcf_Applicant.jpeg
rumahdepan-mcf;2025052122024287696374_rumahdepan-mcf_Applicant.jpeg
pasanganttdcmo-mcf;2025052122024287696374_pasanganttdcmo-mcf_Applicant.jpeg
nasabahttdcmo-mcf;2025052122024287696374_nasabahttdcmo-mcf_Applicant.jpeg
allobank-mcf;2025052122024287696374_allobank-mcf_Applicant.jpeg
rumahjalan-mcf;2025052122024287696374_rumahjalan-mcf_Applicant.jpeg
salaryslip-mcf;2025052122024287696374_salaryslip-mcf_Applicant.jpeg
nomorrumah-mcf;2025052122024287696374_nomorrumah-mcf_Applicant.jpeg
nomorrumah-mcf;2025052122023233585945_nomorrumah-mcf_Applicant.jpeg
dalamrumah-mcf;2025052122023233585945_dalamrumah-mcf_Applicant.jpeg
pricelist-mcf;2025052122023233585945_pricelist-mcf_Applicant.jpeg
buktipenghasilanusaha-mcf;2025052122023233585945_buktipenghasilanusaha-mcf_Applicant.jpeg
perizinanusaha-mcf;2025052122023233585945_perizinanusaha-mcf_Applicant.jpeg
buktikepemilikanusaha-mcf;2025052122023233585945_buktikepemilikanusaha-mcf_Applicant.jpeg
pbbrekening-mcf;2025052122025010636126_pbbrekening-mcf_Applicant.jpeg
kksuratnikah-mcf;2025052122025010636126_kksuratnikah-mcf_Applicant.jpeg
halamandepanbukutabungan-mcf;2025052122025010636126_halamandepanbukutabungan-mcf_Applicant.jpeg
fpkbelakang-mcf;2025052122025010636126_fpkbelakang-mcf_Applicant.jpeg
fpkdepan-mcf;2025052122025010636126_fpkdepan-mcf_Applicant.jpeg
tempatusahadepan-mcf;2025052122025010636126_tempatusahadepan-mcf_Applicant.jpeg
rumahdepan-mcf;2025052122025010636126_rumahdepan-mcf_Applicant.jpeg
pasanganttdcmo-mcf;2025052122025010636126_pasanganttdcmo-mcf_Applicant.jpeg
rumahjalan-mcf;2025052122023233555784_rumahjalan-mcf_Applicant.jpeg
salaryslip-mcf;2025052122023233555784_salaryslip-mcf_Applicant.jpeg
nomorrumah-mcf;2025052122023233555784_nomorrumah-mcf_Applicant.jpeg
dalamrumah-mcf;2025052122023233555784_dalamrumah-mcf_Applicant.jpeg
pricelist-mcf;2025052122023233555784_pricelist-mcf_Applicant.jpeg
buktipenghasilanusaha-mcf;2025052122023233555784_buktipenghasilanusaha-mcf_Applicant.jpeg
perizinanusaha-mcf;2025052122023233555784_perizinanusaha-mcf_Applicant.jpeg
buktikepemilikanusaha-mcf;2025052122023233555784_buktikepemilikanusaha-mcf_Applicant.jpeg
unitdepankiri-mcf;2025052122025156532795_unitdepankiri-mcf_Applicant.jpeg
salaryslip-mcf;2025052122025156532795_salaryslip-mcf_Applicant.jpeg
nomorrumah-mcf;2025052122025156532795_nomorrumah-mcf_Applicant.jpeg
dalamrumah-mcf;2025052122025156532795_dalamrumah-mcf_Applicant.jpeg
rangkanomesin-mcf;2025052122025156532795_rangkanomesin-mcf_Applicant.jpeg
pbbrekening-mcf;2025052122015188466511_pbbrekening-mcf_Applicant.jpeg
kksuratnikah-mcf;2025052122015188466511_kksuratnikah-mcf_Applicant.jpeg
halamandepanbukutabungan-mcf;2025052122015188466511_halamandepanbukutabungan-mcf_Applicant.jpeg
fpkbelakang-mcf;2025052122015188466511_fpkbelakang-mcf_Applicant.jpeg
fpkdepan-mcf;2025052122015188466511_fpkdepan-mcf_Applicant.jpeg
tempatusahadepan-mcf;2025052122015188466511_tempatusahadepan-mcf_Applicant.jpeg
rumahdepan-mcf;2025052122015188466511_rumahdepan-mcf_Applicant.jpeg
pasanganttdcmo-mcf;2025052122015188466511_pasanganttdcmo-mcf_Applicant.jpeg
nasabahttdcmo-mcf;2025052122015188466511_nasabahttdcmo-mcf_Applicant.jpeg
allobank-mcf;2025052122015188466511_allobank-mcf_Applicant.jpeg
rumahjalan-mcf;2025052122015188466511_rumahjalan-mcf_Applicant.jpeg
salaryslip-mcf;2025052122015188466511_salaryslip-mcf_Applicant.jpeg
nomorrumah-mcf;2025052122015188466511_nomorrumah-mcf_Applicant.jpeg
dalamrumah-mcf;2025052122015188466511_dalamrumah-mcf_Applicant.jpeg
pricelist-mcf;2025052122015188466511_pricelist-mcf_Applicant.jpeg
buktipenghasilanusaha-mcf;2025052122015188466511_buktipenghasilanusaha-mcf_Applicant.jpeg
perizinanusaha-mcf;2025052122015188466511_perizinanusaha-mcf_Applicant.jpeg
buktikepemilikanusaha-mcf;2025052122015188466511_buktikepemilikanusaha-mcf_Applicant.jpeg
pbbrekening-mcf;2025051422023375184186_pbbrekening-mcf_Applicant.jpeg
pbbrekening-mcf;2025052122025156532795_pbbrekening-mcf_Applicant.jpeg
kksuratnikah-mcf;2025052122025156532795_kksuratnikah-mcf_Applicant.jpeg
halamandepanbukutabungan-mcf;2025052122025156532795_halamandepanbukutabungan-mcf_Applicant.jpeg
fpkbelakang-mcf;2025052122025156532795_fpkbelakang-mcf_Applicant.jpeg
fpkdepan-mcf;2025052122025156532795_fpkdepan-mcf_Applicant.jpeg
tempatusahadepan-mcf;2025052122025156532795_tempatusahadepan-mcf_Applicant.jpeg
rumahdepan-mcf;2025052122025156532795_rumahdepan-mcf_Applicant.jpeg
pasanganttdcmo-mcf;2025052122025156532795_pasanganttdcmo-mcf_Applicant.jpeg
nasabahttdcmo-mcf;2025052122025156532795_nasabahttdcmo-mcf_Applicant.jpeg
allobank-mcf;2025052122025156532795_allobank-mcf_Applicant.jpeg
rumahjalan-mcf;2025052122025156532795_rumahjalan-mcf_Applicant.jpeg
bpkbdepan-mcf;2025052122025156532795_bpkbdepan-mcf_Applicant.jpeg
bpkbbelakang-mcf;2025052122025156532795_bpkbbelakang-mcf_Applicant.jpeg
stnkpajak-mcf;2025052122025156532795_stnkpajak-mcf_Applicant.jpeg
unitdepankanan-mcf;2025052122025156532795_unitdepankanan-mcf_Applicant.jpeg
kksuratnikah-mcf;2025051422023375184186_kksuratnikah-mcf_Applicant.jpeg
halamandepanbukutabungan-mcf;2025051422023375184186_halamandepanbukutabungan-mcf_Applicant.jpeg
fpkbelakang-mcf;2025051422023375184186_fpkbelakang-mcf_Applicant.jpeg
fpkdepan-mcf;2025051422023375184186_fpkdepan-mcf_Applicant.jpeg
tempatusahadepan-mcf;2025051422023375184186_tempatusahadepan-mcf_Applicant.jpeg
rumahdepan-mcf;2025051422023375184186_rumahdepan-mcf_Applicant.jpeg
pasanganttdcmo-mcf;2025051422023375184186_pasanganttdcmo-mcf_Applicant.jpeg
nasabahttdcmo-mcf;2025051422023375184186_nasabahttdcmo-mcf_Applicant.jpeg
allobank-mcf;2025051422023375184186_allobank-mcf_Applicant.jpeg
rumahjalan-mcf;2025051422023375184186_rumahjalan-mcf_Applicant.jpeg
salaryslip-mcf;2025051422023375184186_salaryslip-mcf_Applicant.jpeg
nomorrumah-mcf;2025051422023375184186_nomorrumah-mcf_Applicant.jpeg
dalamrumah-mcf;2025051422023375184186_dalamrumah-mcf_Applicant.jpeg
pricelist-mcf;2025051422023375184186_pricelist-mcf_Applicant.jpeg
pbbrekening-mcf;2025052122024212092972_pbbrekening-mcf_Applicant.jpeg
kksuratnikah-mcf;2025052122024212092972_kksuratnikah-mcf_Applicant.jpeg
halamandepanbukutabungan-mcf;2025052122024212092972_halamandepanbukutabungan-mcf_Applicant.jpeg
fpkbelakang-mcf;2025052122024212092972_fpkbelakang-mcf_Applicant.jpeg
fpkdepan-mcf;2025052122024212092972_fpkdepan-mcf_Applicant.jpeg
tempatusahadepan-mcf;2025052122024212092972_tempatusahadepan-mcf_Applicant.jpeg
rumahdepan-mcf;2025052122024212092972_rumahdepan-mcf_Applicant.jpeg
pasanganttdcmo-mcf;2025052122024212092972_pasanganttdcmo-mcf_Applicant.jpeg
nasabahttdcmo-mcf;2025052122024212092972_nasabahttdcmo-mcf_Applicant.jpeg
allobank-mcf;2025052122024212092972_allobank-mcf_Applicant.jpeg
rumahjalan-mcf;2025052122024212092972_rumahjalan-mcf_Applicant.jpeg
salaryslip-mcf;2025052122024212092972_salaryslip-mcf_Applicant.jpeg
nomorrumah-mcf;2025052122024212092972_nomorrumah-mcf_Applicant.jpeg
dalamrumah-mcf;2025052122024212092972_dalamrumah-mcf_Applicant.jpeg
pricelist-mcf;2025052122024212092972_pricelist-mcf_Applicant.jpeg
buktipenghasilanusaha-mcf;2025052122024212092972_buktipenghasilanusaha-mcf_Applicant.jpeg
perizinanusaha-mcf;2025052122024212092972_perizinanusaha-mcf_Applicant.jpeg
buktikepemilikanusaha-mcf;2025052122024212092972_buktikepemilikanusaha-mcf_Applicant.jpeg
rumahjalan-mcf;2025052222024270264959_rumahjalan-mcf_Applicant.jpeg
salaryslip-mcf;2025052222024270264959_salaryslip-mcf_Applicant.jpeg
nomorrumah-mcf;2025052222024270264959_nomorrumah-mcf_Applicant.jpeg
dalamrumah-mcf;2025052222024270264959_dalamrumah-mcf_Applicant.jpeg
pricelist-mcf;2025052222024270264959_pricelist-mcf_Applicant.jpeg
pbbrekening-mcf;2025052322023277473983_pbbrekening-mcf_Applicant.png
kksuratnikah-mcf;2025052322023277473983_kksuratnikah-mcf_Applicant.jpeg
halamandepanbukutabungan-mcf;2025052322023277473983_halamandepanbukutabungan-mcf_Applicant.jpeg
fpkbelakang-mcf;2025052322023277473983_fpkbelakang-mcf_Applicant.jpeg
fpkdepan-mcf;2025052322023277473983_fpkdepan-mcf_Applicant.jpeg
tempatusahadepan-mcf;2025052322023277473983_tempatusahadepan-mcf_Applicant.jpeg
rumahdepan-mcf;2025052322023277473983_rumahdepan-mcf_Applicant.jpeg
pasanganttdcmo-mcf;2025052322023277473983_pasanganttdcmo-mcf_Applicant.jpeg
nasabahttdcmo-mcf;2025052322023277473983_nasabahttdcmo-mcf_Applicant.jpeg
allobank-mcf;2025052322023277473983_allobank-mcf_Applicant.jpeg
pbbrekening-mcf;2025052022025156593858_pbbrekening-mcf_Applicant.jpeg
kksuratnikah-mcf;2025052022025156593858_kksuratnikah-mcf_Applicant.jpeg
halamandepanbukutabungan-mcf;2025052022025156593858_halamandepanbukutabungan-mcf_Applicant.jpeg
fpkbelakang-mcf;2025052022025156593858_fpkbelakang-mcf_Applicant.jpeg
fpkdepan-mcf;2025052022025156593858_fpkdepan-mcf_Applicant.jpeg
tempatusahadepan-mcf;2025052022025156593858_tempatusahadepan-mcf_Applicant.jpeg
rumahdepan-mcf;2025052022025156593858_rumahdepan-mcf_Applicant.jpeg
pasanganttdcmo-mcf;2025052022025156593858_pasanganttdcmo-mcf_Applicant.jpeg
nasabahttdcmo-mcf;2025052022025156593858_nasabahttdcmo-mcf_Applicant.jpeg
allobank-mcf;2025052022025156593858_allobank-mcf_Applicant.jpeg
rumahjalan-mcf;2025052022025156593858_rumahjalan-mcf_Applicant.jpeg
bpkbdepan-mcf;2025052022025156593858_bpkbdepan-mcf_Applicant.jpeg
bpkbbelakang-mcf;2025052022025156593858_bpkbbelakang-mcf_Applicant.jpeg
stnkpajak-mcf;2025052022025156593858_stnkpajak-mcf_Applicant.jpeg
unitdepankanan-mcf;2025052022025156593858_unitdepankanan-mcf_Applicant.jpeg
unitdepankiri-mcf;2025052022025156593858_unitdepankiri-mcf_Applicant.jpeg
salaryslip-mcf;2025052022025156593858_salaryslip-mcf_Applicant.jpeg
nomorrumah-mcf;2025052022025156593858_nomorrumah-mcf_Applicant.jpeg
dalamrumah-mcf;2025052022025156593858_dalamrumah-mcf_Applicant.jpeg
rangkanomesin-mcf;2025052022025156593858_rangkanomesin-mcf_Applicant.jpeg
pbbrekening-mcf;2025052022023018162212_pbbrekening-mcf_Applicant.jpeg
kksuratnikah-mcf;2025052022023018162212_kksuratnikah-mcf_Applicant.jpeg
halamandepanbukutabungan-mcf;2025052022023018162212_halamandepanbukutabungan-mcf_Applicant.jpeg
fpkbelakang-mcf;2025052022023018162212_fpkbelakang-mcf_Applicant.jpeg
fpkdepan-mcf;2025052022023018162212_fpkdepan-mcf_Applicant.jpeg
tempatusahadepan-mcf;2025052022023018162212_tempatusahadepan-mcf_Applicant.jpeg
rumahdepan-mcf;2025052022023018162212_rumahdepan-mcf_Applicant.jpeg
pasanganttdcmo-mcf;2025052022023018162212_pasanganttdcmo-mcf_Applicant.jpeg
nasabahttdcmo-mcf;2025052022023018162212_nasabahttdcmo-mcf_Applicant.jpeg
allobank-mcf;2025052022023018162212_allobank-mcf_Applicant.jpeg
rumahjalan-mcf;2025052022023018162212_rumahjalan-mcf_Applicant.jpeg
salaryslip-mcf;2025052022023018162212_salaryslip-mcf_Applicant.jpeg
nomorrumah-mcf;2025052022023018162212_nomorrumah-mcf_Applicant.jpeg
dalamrumah-mcf;2025052022023018162212_dalamrumah-mcf_Applicant.jpeg
pricelist-mcf;2025052022023018162212_pricelist-mcf_Applicant.jpeg
pbbrekening-mcf;2025052022022425782899_pbbrekening-mcf_Applicant.jpeg
kksuratnikah-mcf;2025052022022425782899_kksuratnikah-mcf_Applicant.jpeg
halamandepanbukutabungan-mcf;2025052022022425782899_halamandepanbukutabungan-mcf_Applicant.jpeg
fpkbelakang-mcf;2025052022022425782899_fpkbelakang-mcf_Applicant.jpeg
fpkdepan-mcf;2025052022022425782899_fpkdepan-mcf_Applicant.jpeg
tempatusahadepan-mcf;2025052022022425782899_tempatusahadepan-mcf_Applicant.jpeg
rumahdepan-mcf;2025052022022425782899_rumahdepan-mcf_Applicant.jpeg
pasanganttdcmo-mcf;2025052022022425782899_pasanganttdcmo-mcf_Applicant.jpeg
nasabahttdcmo-mcf;2025052022022425782899_nasabahttdcmo-mcf_Applicant.jpeg
allobank-mcf;2025052022022425782899_allobank-mcf_Applicant.jpeg
rumahjalan-mcf;2025052022022425782899_rumahjalan-mcf_Applicant.jpeg
bpkbdepan-mcf;2025052022022425782899_bpkbdepan-mcf_Applicant.jpeg
bpkbbelakang-mcf;2025052022022425782899_bpkbbelakang-mcf_Applicant.jpeg
stnkpajak-mcf;2025052022022425782899_stnkpajak-mcf_Applicant.jpeg
unitdepankanan-mcf;2025052022022425782899_unitdepankanan-mcf_Applicant.jpeg
unitdepankiri-mcf;2025052022022425782899_unitdepankiri-mcf_Applicant.jpeg
salaryslip-mcf;2025052022022425782899_salaryslip-mcf_Applicant.jpeg
nomorrumah-mcf;2025052022022425782899_nomorrumah-mcf_Applicant.jpeg
pbbrekening-mcf;2025052122024569461076_pbbrekening-mcf_Applicant.jpeg
kksuratnikah-mcf;2025052122024569461076_kksuratnikah-mcf_Applicant.jpeg
halamandepanbukutabungan-mcf;2025052122024569461076_halamandepanbukutabungan-mcf_Applicant.jpeg
fpkbelakang-mcf;2025052122024569461076_fpkbelakang-mcf_Applicant.jpeg
fpkdepan-mcf;2025052122024569461076_fpkdepan-mcf_Applicant.jpeg
tempatusahadepan-mcf;2025052122024569461076_tempatusahadepan-mcf_Applicant.jpeg
rumahdepan-mcf;2025052122024569461076_rumahdepan-mcf_Applicant.jpeg
pasanganttdcmo-mcf;2025052122024569461076_pasanganttdcmo-mcf_Applicant.jpeg
nasabahttdcmo-mcf;2025052122024569461076_nasabahttdcmo-mcf_Applicant.jpeg
allobank-mcf;2025052122024569461076_allobank-mcf_Applicant.jpeg
rumahjalan-mcf;2025052122024569461076_rumahjalan-mcf_Applicant.jpeg
salaryslip-mcf;2025052122024569461076_salaryslip-mcf_Applicant.jpeg
nomorrumah-mcf;2025052122024569461076_nomorrumah-mcf_Applicant.jpeg
dalamrumah-mcf;2025052122024569461076_dalamrumah-mcf_Applicant.jpeg
pricelist-mcf;2025052122024569461076_pricelist-mcf_Applicant.jpeg
pbbrekening-mcf;2025052022025007580277_pbbrekening-mcf_Applicant.jpeg
kksuratnikah-mcf;2025052022025007580277_kksuratnikah-mcf_Applicant.jpeg
halamandepanbukutabungan-mcf;2025052022025007580277_halamandepanbukutabungan-mcf_Applicant.jpeg
fpkbelakang-mcf;2025052022025007580277_fpkbelakang-mcf_Applicant.jpeg
fpkdepan-mcf;2025052022025007580277_fpkdepan-mcf_Applicant.jpeg
tempatusahadepan-mcf;2025052022025007580277_tempatusahadepan-mcf_Applicant.jpeg
rumahdepan-mcf;2025052022025007580277_rumahdepan-mcf_Applicant.jpeg
pasanganttdcmo-mcf;2025052022025007580277_pasanganttdcmo-mcf_Applicant.jpeg
rumahjalan-mcf;2025052122024212068568_rumahjalan-mcf_Applicant.jpeg
salaryslip-mcf;2025052122024212068568_salaryslip-mcf_Applicant.jpeg
nomorrumah-mcf;2025052122024212068568_nomorrumah-mcf_Applicant.jpeg
dalamrumah-mcf;2025052122024212068568_dalamrumah-mcf_Applicant.jpeg
pricelist-mcf;2025052122024212068568_pricelist-mcf_Applicant.jpeg
buktipenghasilanusaha-mcf;2025052122024212068568_buktipenghasilanusaha-mcf_Applicant.jpeg
perizinanusaha-mcf;2025052122024212068568_perizinanusaha-mcf_Applicant.jpeg
buktikepemilikanusaha-mcf;2025052122024212068568_buktikepemilikanusaha-mcf_Applicant.jpeg
pbbrekening-mcf;2025052122022252542132_pbbrekening-mcf_Applicant.jpeg
kksuratnikah-mcf;2025052122022252542132_kksuratnikah-mcf_Applicant.jpeg
halamandepanbukutabungan-mcf;2025052122022252542132_halamandepanbukutabungan-mcf_Applicant.jpeg
fpkbelakang-mcf;2025052122022252542132_fpkbelakang-mcf_Applicant.jpeg
fpkdepan-mcf;2025052122022252542132_fpkdepan-mcf_Applicant.jpeg
tempatusahadepan-mcf;2025052122022252542132_tempatusahadepan-mcf_Applicant.jpeg
rumahdepan-mcf;2025052122022252542132_rumahdepan-mcf_Applicant.jpeg
pasanganttdcmo-mcf;2025052122022252542132_pasanganttdcmo-mcf_Applicant.jpeg
nasabahttdcmo-mcf;2025052122022252542132_nasabahttdcmo-mcf_Applicant.jpeg
allobank-mcf;2025052122022252542132_allobank-mcf_Applicant.jpeg
rumahjalan-mcf;2025052122022252542132_rumahjalan-mcf_Applicant.jpeg
salaryslip-mcf;2025052122022252542132_salaryslip-mcf_Applicant.jpeg
nomorrumah-mcf;2025052122022252542132_nomorrumah-mcf_Applicant.jpeg
dalamrumah-mcf;2025052122022252542132_dalamrumah-mcf_Applicant.jpeg
pricelist-mcf;2025052122022252542132_pricelist-mcf_Applicant.jpeg
buktipenghasilanusaha-mcf;2025052122022252542132_buktipenghasilanusaha-mcf_Applicant.jpeg
perizinanusaha-mcf;2025052122022252542132_perizinanusaha-mcf_Applicant.jpeg
buktikepemilikanusaha-mcf;2025052122022252542132_buktikepemilikanusaha-mcf_Applicant.jpeg
pbbrekening-mcf;2025052022024167588075_pbbrekening-mcf_Applicant.jpeg
kksuratnikah-mcf;2025052022024167588075_kksuratnikah-mcf_Applicant.jpeg
halamandepanbukutabungan-mcf;2025052022024167588075_halamandepanbukutabungan-mcf_Applicant.jpeg
fpkbelakang-mcf;2025052022024167588075_fpkbelakang-mcf_Applicant.jpeg
fpkdepan-mcf;2025052022024167588075_fpkdepan-mcf_Applicant.jpeg
tempatusahadepan-mcf;2025052022024167588075_tempatusahadepan-mcf_Applicant.jpeg
rumahdepan-mcf;2025052022024167588075_rumahdepan-mcf_Applicant.jpeg
pasanganttdcmo-mcf;2025052022024167588075_pasanganttdcmo-mcf_Applicant.jpeg
nasabahttdcmo-mcf;2025052022024167588075_nasabahttdcmo-mcf_Applicant.jpeg
allobank-mcf;2025052022024167588075_allobank-mcf_Applicant.jpeg
rumahjalan-mcf;2025052022024167588075_rumahjalan-mcf_Applicant.jpeg
nasabahttdcmo-mcf;2025052022025007580277_nasabahttdcmo-mcf_Applicant.jpeg
allobank-mcf;2025052022025007580277_allobank-mcf_Applicant.jpeg
rumahjalan-mcf;2025052022025007580277_rumahjalan-mcf_Applicant.jpeg
salaryslip-mcf;2025052022025007580277_salaryslip-mcf_Applicant.jpeg
nomorrumah-mcf;2025052022025007580277_nomorrumah-mcf_Applicant.jpeg
dalamrumah-mcf;2025052022025007580277_dalamrumah-mcf_Applicant.jpeg
pricelist-mcf;2025052022025007580277_pricelist-mcf_Applicant.jpeg
pbbrekening-mcf;2025052122024212068568_pbbrekening-mcf_Applicant.jpeg
kksuratnikah-mcf;2025052122024212068568_kksuratnikah-mcf_Applicant.jpeg
halamandepanbukutabungan-mcf;2025052122024212068568_halamandepanbukutabungan-mcf_Applicant.jpeg
fpkbelakang-mcf;2025052122024212068568_fpkbelakang-mcf_Applicant.jpeg
fpkdepan-mcf;2025052122024212068568_fpkdepan-mcf_Applicant.jpeg
tempatusahadepan-mcf;2025052122024212068568_tempatusahadepan-mcf_Applicant.jpeg
rumahdepan-mcf;2025052122024212068568_rumahdepan-mcf_Applicant.jpeg
pasanganttdcmo-mcf;2025052122024212068568_pasanganttdcmo-mcf_Applicant.jpeg
nasabahttdcmo-mcf;2025052122024212068568_nasabahttdcmo-mcf_Applicant.jpeg
allobank-mcf;2025052122024212068568_allobank-mcf_Applicant.jpeg
salaryslip-mcf;2025052022024167588075_salaryslip-mcf_Applicant.jpeg
nomorrumah-mcf;2025052022024167588075_nomorrumah-mcf_Applicant.jpeg
dalamrumah-mcf;2025052022024167588075_dalamrumah-mcf_Applicant.jpeg
pricelist-mcf;2025052022024167588075_pricelist-mcf_Applicant.jpeg
buktipenghasilanusaha-mcf;2025052022024167588075_buktipenghasilanusaha-mcf_Applicant.jpeg
perizinanusaha-mcf;2025052022024167588075_perizinanusaha-mcf_Applicant.jpeg
buktikepemilikanusaha-mcf;2025052022024167588075_buktikepemilikanusaha-mcf_Applicant.jpeg
pbbrekening-mcf;2025052122024569461918_pbbrekening-mcf_Applicant.jpeg
kksuratnikah-mcf;2025052122024569461918_kksuratnikah-mcf_Applicant.jpeg
halamandepanbukutabungan-mcf;2025052122024569461918_halamandepanbukutabungan-mcf_Applicant.jpeg
fpkbelakang-mcf;2025052122024569461918_fpkbelakang-mcf_Applicant.jpeg
fpkdepan-mcf;2025052122024569461918_fpkdepan-mcf_Applicant.jpeg
tempatusahadepan-mcf;2025052122024569461918_tempatusahadepan-mcf_Applicant.jpeg
rumahdepan-mcf;2025052122024569461918_rumahdepan-mcf_Applicant.jpeg
pasanganttdcmo-mcf;2025052122024569461918_pasanganttdcmo-mcf_Applicant.jpeg
allobank-mcf;2025052022025162376501_allobank-mcf_Applicant.jpeg
rumahjalan-mcf;2025052022025162376501_rumahjalan-mcf_Applicant.jpeg
salaryslip-mcf;2025052022025162376501_salaryslip-mcf_Applicant.jpeg
nomorrumah-mcf;2025052022025162376501_nomorrumah-mcf_Applicant.jpeg
dalamrumah-mcf;2025052022025162376501_dalamrumah-mcf_Applicant.jpeg
pricelist-mcf;2025052022025162376501_pricelist-mcf_Applicant.jpeg
buktipenghasilanusaha-mcf;2025052022025162376501_buktipenghasilanusaha-mcf_Applicant.jpeg
perizinanusaha-mcf;2025052022025162376501_perizinanusaha-mcf_Applicant.jpeg
buktikepemilikanusaha-mcf;2025052022025162376501_buktikepemilikanusaha-mcf_Applicant.jpeg
nasabahttdcmo-mcf;2025052122024569461918_nasabahttdcmo-mcf_Applicant.jpeg
allobank-mcf;2025052122024569461918_allobank-mcf_Applicant.jpeg
rumahjalan-mcf;2025052122024569461918_rumahjalan-mcf_Applicant.jpeg
salaryslip-mcf;2025052122024569461918_salaryslip-mcf_Applicant.jpeg
nomorrumah-mcf;2025052122024569461918_nomorrumah-mcf_Applicant.jpeg
dalamrumah-mcf;2025052122024569461918_dalamrumah-mcf_Applicant.jpeg
pricelist-mcf;2025052122024569461918_pricelist-mcf_Applicant.jpeg
pbbrekening-mcf;2025052022025162376501_pbbrekening-mcf_Applicant.jpeg
kksuratnikah-mcf;2025052022025162376501_kksuratnikah-mcf_Applicant.jpeg
halamandepanbukutabungan-mcf;2025052022025162376501_halamandepanbukutabungan-mcf_Applicant.jpeg
fpkbelakang-mcf;2025052022025162376501_fpkbelakang-mcf_Applicant.jpeg
fpkdepan-mcf;2025052022025162376501_fpkdepan-mcf_Applicant.jpeg
tempatusahadepan-mcf;2025052022025162376501_tempatusahadepan-mcf_Applicant.jpeg
rumahdepan-mcf;2025052022025162376501_rumahdepan-mcf_Applicant.jpeg
pasanganttdcmo-mcf;2025052022025162376501_pasanganttdcmo-mcf_Applicant.jpeg
nasabahttdcmo-mcf;2025052022025162376501_nasabahttdcmo-mcf_Applicant.jpeg
pbbrekening-mcf;2025052122022173316609_pbbrekening-mcf_Applicant.jpeg
kksuratnikah-mcf;2025052122022173316609_kksuratnikah-mcf_Applicant.jpeg
halamandepanbukutabungan-mcf;2025052122022173316609_halamandepanbukutabungan-mcf_Applicant.jpeg
fpkbelakang-mcf;2025052122022173316609_fpkbelakang-mcf_Applicant.jpeg
fpkdepan-mcf;2025052122022173316609_fpkdepan-mcf_Applicant.jpeg
pbbrekening-mcf;2025052122024212019269_pbbrekening-mcf_Applicant.jpeg
kksuratnikah-mcf;2025052122024212019269_kksuratnikah-mcf_Applicant.jpeg
halamandepanbukutabungan-mcf;2025052122024212019269_halamandepanbukutabungan-mcf_Applicant.jpeg
fpkbelakang-mcf;2025052122024212019269_fpkbelakang-mcf_Applicant.jpeg
fpkdepan-mcf;2025052122024212019269_fpkdepan-mcf_Applicant.jpeg
tempatusahadepan-mcf;2025052122024212019269_tempatusahadepan-mcf_Applicant.jpeg
rumahdepan-mcf;2025052122024212019269_rumahdepan-mcf_Applicant.jpeg
pasanganttdcmo-mcf;2025052122024212019269_pasanganttdcmo-mcf_Applicant.jpeg
nasabahttdcmo-mcf;2025052122024212019269_nasabahttdcmo-mcf_Applicant.jpeg
allobank-mcf;2025052122024212019269_allobank-mcf_Applicant.jpeg
rumahjalan-mcf;2025052122024212019269_rumahjalan-mcf_Applicant.jpeg
salaryslip-mcf;2025052122024212019269_salaryslip-mcf_Applicant.jpeg
nomorrumah-mcf;2025052122024212019269_nomorrumah-mcf_Applicant.jpeg
dalamrumah-mcf;2025052122024212019269_dalamrumah-mcf_Applicant.jpeg
pricelist-mcf;2025052122024212019269_pricelist-mcf_Applicant.jpeg
pbbrekening-mcf;2025052122025100420331_pbbrekening-mcf_Applicant.jpeg
kksuratnikah-mcf;2025052122025100420331_kksuratnikah-mcf_Applicant.jpeg
halamandepanbukutabungan-mcf;2025052122025100420331_halamandepanbukutabungan-mcf_Applicant.jpeg
fpkbelakang-mcf;2025052122025100420331_fpkbelakang-mcf_Applicant.jpeg
fpkdepan-mcf;2025052122025100420331_fpkdepan-mcf_Applicant.jpeg
tempatusahadepan-mcf;2025052122025100420331_tempatusahadepan-mcf_Applicant.jpeg
rumahdepan-mcf;2025052122025100420331_rumahdepan-mcf_Applicant.jpeg
pasanganttdcmo-mcf;2025052122025100420331_pasanganttdcmo-mcf_Applicant.jpeg
nasabahttdcmo-mcf;2025052122025100420331_nasabahttdcmo-mcf_Applicant.jpeg
allobank-mcf;2025052122025100420331_allobank-mcf_Applicant.jpeg
rumahjalan-mcf;2025052122025100420331_rumahjalan-mcf_Applicant.jpeg
bpkbdepan-mcf;2025052122025100420331_bpkbdepan-mcf_Applicant.jpeg
bpkbbelakang-mcf;2025052122025100420331_bpkbbelakang-mcf_Applicant.jpeg
stnkpajak-mcf;2025052122025100420331_stnkpajak-mcf_Applicant.jpeg
unitdepankanan-mcf;2025052122025100420331_unitdepankanan-mcf_Applicant.jpeg
unitdepankiri-mcf;2025052122025100420331_unitdepankiri-mcf_Applicant.jpeg
salaryslip-mcf;2025052122025100420331_salaryslip-mcf_Applicant.jpeg
nomorrumah-mcf;2025052122025100420331_nomorrumah-mcf_Applicant.jpeg
dalamrumah-mcf;2025052122025100420331_dalamrumah-mcf_Applicant.jpeg
rangkanomesin-mcf;2025052122025100420331_rangkanomesin-mcf_Applicant.jpeg
pbbrekening-mcf;2025052022024305850602_pbbrekening-mcf_Applicant.jpeg
kksuratnikah-mcf;2025052022024305850602_kksuratnikah-mcf_Applicant.jpeg
halamandepanbukutabungan-mcf;2025052022024305850602_halamandepanbukutabungan-mcf_Applicant.jpeg
fpkbelakang-mcf;2025052022024305850602_fpkbelakang-mcf_Applicant.jpeg
fpkdepan-mcf;2025052022024305850602_fpkdepan-mcf_Applicant.jpeg
tempatusahadepan-mcf;2025052022024305850602_tempatusahadepan-mcf_Applicant.jpeg
rumahdepan-mcf;2025052022024305850602_rumahdepan-mcf_Applicant.jpeg
pasanganttdcmo-mcf;2025052022024305850602_pasanganttdcmo-mcf_Applicant.jpeg
nasabahttdcmo-mcf;2025052022024305850602_nasabahttdcmo-mcf_Applicant.jpeg
allobank-mcf;2025052022024305850602_allobank-mcf_Applicant.jpeg
rumahjalan-mcf;2025052022024305850602_rumahjalan-mcf_Applicant.jpeg
bpkbdepan-mcf;2025052022024305850602_bpkbdepan-mcf_Applicant.jpeg
bpkbbelakang-mcf;2025052022024305850602_bpkbbelakang-mcf_Applicant.jpeg
stnkpajak-mcf;2025052022024305850602_stnkpajak-mcf_Applicant.jpeg
unitdepankanan-mcf;2025052022024305850602_unitdepankanan-mcf_Applicant.jpeg
unitdepankiri-mcf;2025052022024305850602_unitdepankiri-mcf_Applicant.jpeg
salaryslip-mcf;2025052022024305850602_salaryslip-mcf_Applicant.jpeg
nomorrumah-mcf;2025052022024305850602_nomorrumah-mcf_Applicant.jpeg
dalamrumah-mcf;2025052022024305850602_dalamrumah-mcf_Applicant.jpeg
buktipenghasilanusaha-mcf;2025052022024305850602_buktipenghasilanusaha-mcf_Applicant.jpeg
perizinanusaha-mcf;2025052022024305850602_perizinanusaha-mcf_Applicant.jpeg
buktikepemilikanusaha-mcf;2025052022024305850602_buktikepemilikanusaha-mcf_Applicant.jpeg
rangkanomesin-mcf;2025052022024305850602_rangkanomesin-mcf_Applicant.jpeg
pbbrekening-mcf;2025052122025076128720_pbbrekening-mcf_Applicant.jpeg
kksuratnikah-mcf;2025052122025076128720_kksuratnikah-mcf_Applicant.jpeg
halamandepanbukutabungan-mcf;2025052122025076128720_halamandepanbukutabungan-mcf_Applicant.jpeg
fpkbelakang-mcf;2025052122025076128720_fpkbelakang-mcf_Applicant.jpeg
fpkdepan-mcf;2025052122025076128720_fpkdepan-mcf_Applicant.jpeg
tempatusahadepan-mcf;2025052122025076128720_tempatusahadepan-mcf_Applicant.jpeg
rumahdepan-mcf;2025052122025076128720_rumahdepan-mcf_Applicant.jpeg
pasanganttdcmo-mcf;2025052122025076128720_pasanganttdcmo-mcf_Applicant.jpeg
nasabahttdcmo-mcf;2025052122025076128720_nasabahttdcmo-mcf_Applicant.jpeg
allobank-mcf;2025052122025076128720_allobank-mcf_Applicant.jpeg
rumahjalan-mcf;2025052122025076128720_rumahjalan-mcf_Applicant.jpeg
salaryslip-mcf;2025052122025076128720_salaryslip-mcf_Applicant.jpeg
nomorrumah-mcf;2025052122025076128720_nomorrumah-mcf_Applicant.jpeg
dalamrumah-mcf;2025052122025076128720_dalamrumah-mcf_Applicant.jpeg
pricelist-mcf;2025052122025076128720_pricelist-mcf_Applicant.jpeg
pbbrekening-mcf;2025052022024004520663_pbbrekening-mcf_Applicant.jpeg
kksuratnikah-mcf;2025052022024004520663_kksuratnikah-mcf_Applicant.jpeg
halamandepanbukutabungan-mcf;2025052022024004520663_halamandepanbukutabungan-mcf_Applicant.jpeg
fpkbelakang-mcf;2025052022024004520663_fpkbelakang-mcf_Applicant.jpeg
fpkdepan-mcf;2025052022024004520663_fpkdepan-mcf_Applicant.jpeg
tempatusahadepan-mcf;2025052022024004520663_tempatusahadepan-mcf_Applicant.jpeg
rumahdepan-mcf;2025052022024004520663_rumahdepan-mcf_Applicant.jpeg
pasanganttdcmo-mcf;2025052022024004520663_pasanganttdcmo-mcf_Applicant.jpeg
nasabahttdcmo-mcf;2025052022024004520663_nasabahttdcmo-mcf_Applicant.jpeg
allobank-mcf;2025052022024004520663_allobank-mcf_Applicant.jpeg
rumahjalan-mcf;2025052022024004520663_rumahjalan-mcf_Applicant.jpeg
salaryslip-mcf;2025052022024004520663_salaryslip-mcf_Applicant.jpeg
nomorrumah-mcf;2025052022024004520663_nomorrumah-mcf_Applicant.jpeg
dalamrumah-mcf;2025052022024004520663_dalamrumah-mcf_Applicant.jpeg
pricelist-mcf;2025052022024004520663_pricelist-mcf_Applicant.jpeg
pbbrekening-mcf;2025052122021297938910_pbbrekening-mcf_Applicant.jpeg
kksuratnikah-mcf;2025052122021297938910_kksuratnikah-mcf_Applicant.jpeg
halamandepanbukutabungan-mcf;2025052122021297938910_halamandepanbukutabungan-mcf_Applicant.jpeg
fpkbelakang-mcf;2025052122021297938910_fpkbelakang-mcf_Applicant.jpeg
fpkdepan-mcf;2025052122021297938910_fpkdepan-mcf_Applicant.jpeg
tempatusahadepan-mcf;2025052122021297938910_tempatusahadepan-mcf_Applicant.jpeg
rumahdepan-mcf;2025052122021297938910_rumahdepan-mcf_Applicant.jpeg
pasanganttdcmo-mcf;2025052122021297938910_pasanganttdcmo-mcf_Applicant.jpeg
nasabahttdcmo-mcf;2025052122021297938910_nasabahttdcmo-mcf_Applicant.jpeg
allobank-mcf;2025052122021297938910_allobank-mcf_Applicant.jpeg
rumahjalan-mcf;2025052122021297938910_rumahjalan-mcf_Applicant.jpeg
salaryslip-mcf;2025052122021297938910_salaryslip-mcf_Applicant.jpeg
nomorrumah-mcf;2025052122021297938910_nomorrumah-mcf_Applicant.jpeg
dalamrumah-mcf;2025052122021297938910_dalamrumah-mcf_Applicant.jpeg
pricelist-mcf;2025052122021297938910_pricelist-mcf_Applicant.jpeg
pbbrekening-mcf;2025052122025010616708_pbbrekening-mcf_Applicant.jpeg
kksuratnikah-mcf;2025052122025010616708_kksuratnikah-mcf_Applicant.jpeg
halamandepanbukutabungan-mcf;2025052122025010616708_halamandepanbukutabungan-mcf_Applicant.jpeg
fpkbelakang-mcf;2025052122025010616708_fpkbelakang-mcf_Applicant.jpeg
fpkdepan-mcf;2025052122025010616708_fpkdepan-mcf_Applicant.jpeg
tempatusahadepan-mcf;2025052122025010616708_tempatusahadepan-mcf_Applicant.jpeg
rumahdepan-mcf;2025052122025010616708_rumahdepan-mcf_Applicant.jpeg
pasanganttdcmo-mcf;2025052122025010616708_pasanganttdcmo-mcf_Applicant.jpeg
nasabahttdcmo-mcf;2025052122025010616708_nasabahttdcmo-mcf_Applicant.jpeg
allobank-mcf;2025052122025010616708_allobank-mcf_Applicant.jpeg
rumahjalan-mcf;2025052122025010616708_rumahjalan-mcf_Applicant.jpeg
salaryslip-mcf;2025052122025010616708_salaryslip-mcf_Applicant.jpeg
nomorrumah-mcf;2025052122025010616708_nomorrumah-mcf_Applicant.jpeg
dalamrumah-mcf;2025052122025010616708_dalamrumah-mcf_Applicant.jpeg
pricelist-mcf;2025052122025010616708_pricelist-mcf_Applicant.jpeg
pbbrekening-mcf;2025052122024545796084_pbbrekening-mcf_Applicant.jpeg
kksuratnikah-mcf;2025052122024545796084_kksuratnikah-mcf_Applicant.jpeg
halamandepanbukutabungan-mcf;2025052122024545796084_halamandepanbukutabungan-mcf_Applicant.jpeg
fpkbelakang-mcf;2025052122024545796084_fpkbelakang-mcf_Applicant.jpeg
fpkdepan-mcf;2025052122024545796084_fpkdepan-mcf_Applicant.jpeg
tempatusahadepan-mcf;2025052122024545796084_tempatusahadepan-mcf_Applicant.jpeg
rumahdepan-mcf;2025052122024545796084_rumahdepan-mcf_Applicant.jpeg
pasanganttdcmo-mcf;2025052122024545796084_pasanganttdcmo-mcf_Applicant.jpeg
nasabahttdcmo-mcf;2025052122024545796084_nasabahttdcmo-mcf_Applicant.jpeg
allobank-mcf;2025052122024545796084_allobank-mcf_Applicant.jpeg
rumahjalan-mcf;2025052122024545796084_rumahjalan-mcf_Applicant.jpeg
salaryslip-mcf;2025052122024545796084_salaryslip-mcf_Applicant.jpeg
nomorrumah-mcf;2025052122024545796084_nomorrumah-mcf_Applicant.jpeg
dalamrumah-mcf;2025052122024545796084_dalamrumah-mcf_Applicant.jpeg
pricelist-mcf;2025052122024545796084_pricelist-mcf_Applicant.jpeg
buktipenghasilanusaha-mcf;2025052122024545796084_buktipenghasilanusaha-mcf_Applicant.jpeg
perizinanusaha-mcf;2025052122024545796084_perizinanusaha-mcf_Applicant.jpeg
buktikepemilikanusaha-mcf;2025052122024545796084_buktikepemilikanusaha-mcf_Applicant.jpeg
pbbrekening-mcf;2025052022024202672448_pbbrekening-mcf_Applicant.jpeg
kksuratnikah-mcf;2025052022024202672448_kksuratnikah-mcf_Applicant.jpeg
halamandepanbukutabungan-mcf;2025052022024202672448_halamandepanbukutabungan-mcf_Applicant.jpeg
fpkbelakang-mcf;2025052022024202672448_fpkbelakang-mcf_Applicant.jpeg
fpkdepan-mcf;2025052022024202672448_fpkdepan-mcf_Applicant.jpeg
tempatusahadepan-mcf;2025052022024202672448_tempatusahadepan-mcf_Applicant.jpeg
rumahdepan-mcf;2025052022024202672448_rumahdepan-mcf_Applicant.jpeg
pasanganttdcmo-mcf;2025052022024202672448_pasanganttdcmo-mcf_Applicant.jpeg
nasabahttdcmo-mcf;2025052022024202672448_nasabahttdcmo-mcf_Applicant.jpeg
allobank-mcf;2025052022024202672448_allobank-mcf_Applicant.jpeg
rumahjalan-mcf;2025052022024202672448_rumahjalan-mcf_Applicant.jpeg
salaryslip-mcf;2025052022024202672448_salaryslip-mcf_Applicant.jpeg
nomorrumah-mcf;2025052022024202672448_nomorrumah-mcf_Applicant.jpeg
dalamrumah-mcf;2025052022024202672448_dalamrumah-mcf_Applicant.jpeg
pricelist-mcf;2025052022024202672448_pricelist-mcf_Applicant.jpeg
pbbrekening-mcf;2025052022023186370261_pbbrekening-mcf_Applicant.jpeg
kksuratnikah-mcf;2025052022023186370261_kksuratnikah-mcf_Applicant.jpeg
halamandepanbukutabungan-mcf;2025052022023186370261_halamandepanbukutabungan-mcf_Applicant.jpeg
fpkbelakang-mcf;2025052022023186370261_fpkbelakang-mcf_Applicant.jpeg
fpkdepan-mcf;2025052022023186370261_fpkdepan-mcf_Applicant.jpeg
tempatusahadepan-mcf;2025052022023186370261_tempatusahadepan-mcf_Applicant.jpeg
rumahdepan-mcf;2025052022023186370261_rumahdepan-mcf_Applicant.jpeg
pasanganttdcmo-mcf;2025052022023186370261_pasanganttdcmo-mcf_Applicant.jpeg
nasabahttdcmo-mcf;2025052022023186370261_nasabahttdcmo-mcf_Applicant.jpeg
allobank-mcf;2025052022023186370261_allobank-mcf_Applicant.jpeg
rumahjalan-mcf;2025052022023186370261_rumahjalan-mcf_Applicant.jpeg
salaryslip-mcf;2025052022023186370261_salaryslip-mcf_Applicant.jpeg
nomorrumah-mcf;2025052022023186370261_nomorrumah-mcf_Applicant.jpeg
dalamrumah-mcf;2025052022023186370261_dalamrumah-mcf_Applicant.jpeg
pricelist-mcf;2025052022023186370261_pricelist-mcf_Applicant.jpeg
pbbrekening-mcf;2025051922023375146705_pbbrekening-mcf_Applicant.jpeg
kksuratnikah-mcf;2025051922023375146705_kksuratnikah-mcf_Applicant.jpeg
halamandepanbukutabungan-mcf;2025051922023375146705_halamandepanbukutabungan-mcf_Applicant.jpeg
fpkbelakang-mcf;2025051922023375146705_fpkbelakang-mcf_Applicant.jpeg
fpkdepan-mcf;2025051922023375146705_fpkdepan-mcf_Applicant.jpeg
tempatusahadepan-mcf;2025051922023375146705_tempatusahadepan-mcf_Applicant.jpeg
rumahdepan-mcf;2025051922023375146705_rumahdepan-mcf_Applicant.jpeg
pasanganttdcmo-mcf;2025051922023375146705_pasanganttdcmo-mcf_Applicant.jpeg
nasabahttdcmo-mcf;2025051922023375146705_nasabahttdcmo-mcf_Applicant.jpeg
allobank-mcf;2025051922023375146705_allobank-mcf_Applicant.jpeg
rumahjalan-mcf;2025051922023375146705_rumahjalan-mcf_Applicant.jpeg
salaryslip-mcf;2025051922023375146705_salaryslip-mcf_Applicant.jpeg
nomorrumah-mcf;2025051922023375146705_nomorrumah-mcf_Applicant.jpeg
dalamrumah-mcf;2025051922023375146705_dalamrumah-mcf_Applicant.jpeg
pricelist-mcf;2025051922023375146705_pricelist-mcf_Applicant.jpeg
pbbrekening-mcf;2025052022022698079775_pbbrekening-mcf_Applicant.jpeg
kksuratnikah-mcf;2025052022022698079775_kksuratnikah-mcf_Applicant.jpeg
halamandepanbukutabungan-mcf;2025052022022698079775_halamandepanbukutabungan-mcf_Applicant.jpeg
fpkbelakang-mcf;2025052022022698079775_fpkbelakang-mcf_Applicant.jpeg
fpkdepan-mcf;2025052022022698079775_fpkdepan-mcf_Applicant.jpeg
tempatusahadepan-mcf;2025052022022698079775_tempatusahadepan-mcf_Applicant.jpeg
rumahdepan-mcf;2025052022022698079775_rumahdepan-mcf_Applicant.jpeg
pasanganttdcmo-mcf;2025052022022698079775_pasanganttdcmo-mcf_Applicant.jpeg
nasabahttdcmo-mcf;2025052022022698079775_nasabahttdcmo-mcf_Applicant.jpeg
allobank-mcf;2025052022022698079775_allobank-mcf_Applicant.jpeg
rumahjalan-mcf;2025052022022698079775_rumahjalan-mcf_Applicant.jpeg
salaryslip-mcf;2025052022022698079775_salaryslip-mcf_Applicant.jpeg
nomorrumah-mcf;2025052022022698079775_nomorrumah-mcf_Applicant.jpeg
dalamrumah-mcf;2025052022022698079775_dalamrumah-mcf_Applicant.jpeg
pricelist-mcf;2025052022022698079775_pricelist-mcf_Applicant.jpeg
pbbrekening-mcf;2025051922023492139524_pbbrekening-mcf_Applicant.jpeg
kksuratnikah-mcf;2025051922023492139524_kksuratnikah-mcf_Applicant.jpeg
halamandepanbukutabungan-mcf;2025051922023492139524_halamandepanbukutabungan-mcf_Applicant.jpeg
fpkbelakang-mcf;2025051922023492139524_fpkbelakang-mcf_Applicant.jpeg
fpkdepan-mcf;2025051922023492139524_fpkdepan-mcf_Applicant.jpeg
tempatusahadepan-mcf;2025051922023492139524_tempatusahadepan-mcf_Applicant.jpeg
rumahdepan-mcf;2025051922023492139524_rumahdepan-mcf_Applicant.jpeg
pasanganttdcmo-mcf;2025051922023492139524_pasanganttdcmo-mcf_Applicant.jpeg
nasabahttdcmo-mcf;2025051922023492139524_nasabahttdcmo-mcf_Applicant.jpeg
allobank-mcf;2025051922023492139524_allobank-mcf_Applicant.jpeg
rumahjalan-mcf;2025051922023492139524_rumahjalan-mcf_Applicant.jpeg
salaryslip-mcf;2025051922023492139524_salaryslip-mcf_Applicant.jpeg
nomorrumah-mcf;2025051922023492139524_nomorrumah-mcf_Applicant.jpeg
dalamrumah-mcf;2025051922023492139524_dalamrumah-mcf_Applicant.jpeg
pricelist-mcf;2025051922023492139524_pricelist-mcf_Applicant.jpeg
pbbrekening-mcf;2025051922024305840694_pbbrekening-mcf_Applicant.jpeg
kksuratnikah-mcf;2025051922024305840694_kksuratnikah-mcf_Applicant.jpeg
halamandepanbukutabungan-mcf;2025051922024305840694_halamandepanbukutabungan-mcf_Applicant.jpeg
fpkbelakang-mcf;2025051922024305840694_fpkbelakang-mcf_Applicant.jpeg
fpkdepan-mcf;2025051922024305840694_fpkdepan-mcf_Applicant.jpeg
tempatusahadepan-mcf;2025051922024305840694_tempatusahadepan-mcf_Applicant.jpeg
rumahdepan-mcf;2025051922024305840694_rumahdepan-mcf_Applicant.jpeg
pasanganttdcmo-mcf;2025051922024305840694_pasanganttdcmo-mcf_Applicant.jpeg
nasabahttdcmo-mcf;2025051922024305840694_nasabahttdcmo-mcf_Applicant.jpeg
allobank-mcf;2025051922024305840694_allobank-mcf_Applicant.jpeg
rumahjalan-mcf;2025051922024305840694_rumahjalan-mcf_Applicant.jpeg
bpkbdepan-mcf;2025051922024305840694_bpkbdepan-mcf_Applicant.jpeg
bpkbbelakang-mcf;2025051922024305840694_bpkbbelakang-mcf_Applicant.jpeg
stnkpajak-mcf;2025051922024305840694_stnkpajak-mcf_Applicant.jpeg
unitdepankanan-mcf;2025051922024305840694_unitdepankanan-mcf_Applicant.jpeg
unitdepankiri-mcf;2025051922024305840694_unitdepankiri-mcf_Applicant.jpeg
salaryslip-mcf;2025051922024305840694_salaryslip-mcf_Applicant.jpeg
dalamrumah-mcf;2025052122024287696374_dalamrumah-mcf_Applicant.jpeg
pricelist-mcf;2025052122024287696374_pricelist-mcf_Applicant.jpeg
buktipenghasilanusaha-mcf;2025052122024287696374_buktipenghasilanusaha-mcf_Applicant.jpeg
perizinanusaha-mcf;2025052122024287696374_perizinanusaha-mcf_Applicant.jpeg
buktikepemilikanusaha-mcf;2025052122024287696374_buktikepemilikanusaha-mcf_Applicant.jpeg
pbbrekening-mcf;2025052122023233585945_pbbrekening-mcf_Applicant.jpeg
kksuratnikah-mcf;2025052122023233585945_kksuratnikah-mcf_Applicant.jpeg
halamandepanbukutabungan-mcf;2025052122023233585945_halamandepanbukutabungan-mcf_Applicant.jpeg
fpkbelakang-mcf;2025052122023233585945_fpkbelakang-mcf_Applicant.jpeg
fpkdepan-mcf;2025052122023233585945_fpkdepan-mcf_Applicant.jpeg
tempatusahadepan-mcf;2025052122023233585945_tempatusahadepan-mcf_Applicant.jpeg
rumahdepan-mcf;2025052122023233585945_rumahdepan-mcf_Applicant.jpeg
pasanganttdcmo-mcf;2025052122023233585945_pasanganttdcmo-mcf_Applicant.jpeg
nasabahttdcmo-mcf;2025052122023233585945_nasabahttdcmo-mcf_Applicant.jpeg
allobank-mcf;2025052122023233585945_allobank-mcf_Applicant.jpeg
rumahjalan-mcf;2025052122023233585945_rumahjalan-mcf_Applicant.jpeg
salaryslip-mcf;2025052122023233585945_salaryslip-mcf_Applicant.jpeg
nomorrumah-mcf;2025051922024305840694_nomorrumah-mcf_Applicant.jpeg
dalamrumah-mcf;2025051922024305840694_dalamrumah-mcf_Applicant.jpeg
rangkanomesin-mcf;2025051922024305840694_rangkanomesin-mcf_Applicant.jpeg
pbbrekening-mcf;2025052022025007879928_pbbrekening-mcf_Applicant.jpeg
kksuratnikah-mcf;2025052022025007879928_kksuratnikah-mcf_Applicant.jpeg
halamandepanbukutabungan-mcf;2025052022025007879928_halamandepanbukutabungan-mcf_Applicant.jpeg
fpkbelakang-mcf;2025052022025007879928_fpkbelakang-mcf_Applicant.jpeg
fpkdepan-mcf;2025052022025007879928_fpkdepan-mcf_Applicant.jpeg
tempatusahadepan-mcf;2025052022025007879928_tempatusahadepan-mcf_Applicant.jpeg
rumahdepan-mcf;2025052022025007879928_rumahdepan-mcf_Applicant.jpeg
pasanganttdcmo-mcf;2025052022025007879928_pasanganttdcmo-mcf_Applicant.jpeg
nasabahttdcmo-mcf;2025052022025007879928_nasabahttdcmo-mcf_Applicant.jpeg
allobank-mcf;2025052022025007879928_allobank-mcf_Applicant.jpeg
rumahjalan-mcf;2025052022025007879928_rumahjalan-mcf_Applicant.jpeg
salaryslip-mcf;2025052022025007879928_salaryslip-mcf_Applicant.jpeg
nomorrumah-mcf;2025052022025007879928_nomorrumah-mcf_Applicant.jpeg
dalamrumah-mcf;2025052022025007879928_dalamrumah-mcf_Applicant.jpeg
pricelist-mcf;2025052022025007879928_pricelist-mcf_Applicant.jpeg
pbbrekening-mcf;2025052122025007964568_pbbrekening-mcf_Applicant.jpeg
kksuratnikah-mcf;2025052122025007964568_kksuratnikah-mcf_Applicant.jpeg
halamandepanbukutabungan-mcf;2025052122025007964568_halamandepanbukutabungan-mcf_Applicant.jpeg
fpkbelakang-mcf;2025052122025007964568_fpkbelakang-mcf_Applicant.jpeg
fpkdepan-mcf;2025052122025007964568_fpkdepan-mcf_Applicant.jpeg
tempatusahadepan-mcf;2025052122025007964568_tempatusahadepan-mcf_Applicant.jpeg
rumahdepan-mcf;2025052122025007964568_rumahdepan-mcf_Applicant.jpeg
pasanganttdcmo-mcf;2025052122025007964568_pasanganttdcmo-mcf_Applicant.jpeg
nasabahttdcmo-mcf;2025052122025007964568_nasabahttdcmo-mcf_Applicant.jpeg
allobank-mcf;2025052122025007964568_allobank-mcf_Applicant.jpeg
rumahjalan-mcf;2025052122025007964568_rumahjalan-mcf_Applicant.jpeg
salaryslip-mcf;2025052122025007964568_salaryslip-mcf_Applicant.jpeg
perizinanusaha-mcf;2025052122015188445405_perizinanusaha-mcf_Applicant.jpeg
buktikepemilikanusaha-mcf;2025052122015188445405_buktikepemilikanusaha-mcf_Applicant.jpeg
pbbrekening-mcf;2025052122024447772924_pbbrekening-mcf_Applicant.jpeg
kksuratnikah-mcf;2025052122024447772924_kksuratnikah-mcf_Applicant.jpeg
halamandepanbukutabungan-mcf;2025052122024447772924_halamandepanbukutabungan-mcf_Applicant.jpeg
fpkbelakang-mcf;2025052122024447772924_fpkbelakang-mcf_Applicant.jpeg
fpkdepan-mcf;2025052122024447772924_fpkdepan-mcf_Applicant.jpeg
tempatusahadepan-mcf;2025052122024447772924_tempatusahadepan-mcf_Applicant.jpeg
rumahdepan-mcf;2025052122024447772924_rumahdepan-mcf_Applicant.jpeg
pasanganttdcmo-mcf;2025052122024447772924_pasanganttdcmo-mcf_Applicant.jpeg
nasabahttdcmo-mcf;2025052122024447772924_nasabahttdcmo-mcf_Applicant.jpeg
allobank-mcf;2025052122024447772924_allobank-mcf_Applicant.jpeg
rumahjalan-mcf;2025052122024447772924_rumahjalan-mcf_Applicant.jpeg
bpkbdepan-mcf;2025052122024447772924_bpkbdepan-mcf_Applicant.jpeg
bpkbbelakang-mcf;2025052122024447772924_bpkbbelakang-mcf_Applicant.jpeg
stnkpajak-mcf;2025052122024447772924_stnkpajak-mcf_Applicant.jpeg
nasabahttdcmo-mcf;2025052122024567636405_nasabahttdcmo-mcf_Applicant.jpeg
allobank-mcf;2025052122024567636405_allobank-mcf_Applicant.jpeg
rumahjalan-mcf;2025052122024567636405_rumahjalan-mcf_Applicant.jpeg
salaryslip-mcf;2025052122024567636405_salaryslip-mcf_Applicant.jpeg
nomorrumah-mcf;2025052122024567636405_nomorrumah-mcf_Applicant.jpeg
dalamrumah-mcf;2025052122024567636405_dalamrumah-mcf_Applicant.jpeg
pricelist-mcf;2025052122024567636405_pricelist-mcf_Applicant.jpeg
pbbrekening-mcf;2025051922024305821464_pbbrekening-mcf_Applicant.jpeg
kksuratnikah-mcf;2025051922024305821464_kksuratnikah-mcf_Applicant.jpeg
halamandepanbukutabungan-mcf;2025051922024305821464_halamandepanbukutabungan-mcf_Applicant.jpeg
fpkbelakang-mcf;2025051922024305821464_fpkbelakang-mcf_Applicant.jpeg
fpkdepan-mcf;2025051922024305821464_fpkdepan-mcf_Applicant.jpeg
tempatusahadepan-mcf;2025051922024305821464_tempatusahadepan-mcf_Applicant.jpeg
rumahdepan-mcf;2025051922024305821464_rumahdepan-mcf_Applicant.jpeg
pasanganttdcmo-mcf;2025051922024305821464_pasanganttdcmo-mcf_Applicant.jpeg
nasabahttdcmo-mcf;2025051922024305821464_nasabahttdcmo-mcf_Applicant.jpeg
allobank-mcf;2025051922024305821464_allobank-mcf_Applicant.jpeg
rumahjalan-mcf;2025051922024305821464_rumahjalan-mcf_Applicant.jpeg
bpkbdepan-mcf;2025051922024305821464_bpkbdepan-mcf_Applicant.jpeg
bpkbbelakang-mcf;2025051922024305821464_bpkbbelakang-mcf_Applicant.jpeg
stnkpajak-mcf;2025051922024305821464_stnkpajak-mcf_Applicant.jpeg
unitdepankanan-mcf;2025051922024305821464_unitdepankanan-mcf_Applicant.jpeg
unitdepankiri-mcf;2025051922024305821464_unitdepankiri-mcf_Applicant.jpeg
salaryslip-mcf;2025051922024305821464_salaryslip-mcf_Applicant.jpeg
nomorrumah-mcf;2025051922024305821464_nomorrumah-mcf_Applicant.jpeg
dalamrumah-mcf;2025051922024305821464_dalamrumah-mcf_Applicant.jpeg
buktipenghasilanusaha-mcf;2025051922024305821464_buktipenghasilanusaha-mcf_Applicant.jpeg
perizinanusaha-mcf;2025051922024305821464_perizinanusaha-mcf_Applicant.jpeg
buktikepemilikanusaha-mcf;2025051922024305821464_buktikepemilikanusaha-mcf_Applicant.jpeg
rangkanomesin-mcf;2025051922024305821464_rangkanomesin-mcf_Applicant.jpeg
unitdepankanan-mcf;2025052122024447772924_unitdepankanan-mcf_Applicant.jpeg
unitdepankiri-mcf;2025052122024447772924_unitdepankiri-mcf_Applicant.jpeg
salaryslip-mcf;2025052122024447772924_salaryslip-mcf_Applicant.jpeg
nomorrumah-mcf;2025052122024447772924_nomorrumah-mcf_Applicant.jpeg
dalamrumah-mcf;2025052122024447772924_dalamrumah-mcf_Applicant.jpeg
rangkanomesin-mcf;2025052122024447772924_rangkanomesin-mcf_Applicant.jpeg
pbbrekening-mcf;2025052122024567636405_pbbrekening-mcf_Applicant.jpeg
kksuratnikah-mcf;2025052122024567636405_kksuratnikah-mcf_Applicant.jpeg
halamandepanbukutabungan-mcf;2025052122024567636405_halamandepanbukutabungan-mcf_Applicant.jpeg
fpkbelakang-mcf;2025052122024567636405_fpkbelakang-mcf_Applicant.jpeg
fpkdepan-mcf;2025052122024567636405_fpkdepan-mcf_Applicant.jpeg
tempatusahadepan-mcf;2025052122024567636405_tempatusahadepan-mcf_Applicant.jpeg
rumahdepan-mcf;2025052122024567636405_rumahdepan-mcf_Applicant.jpeg
pasanganttdcmo-mcf;2025052122024567636405_pasanganttdcmo-mcf_Applicant.jpeg
pbbrekening-mcf;2025052122022612761678_pbbrekening-mcf_Applicant.jpeg
kksuratnikah-mcf;2025052122022612761678_kksuratnikah-mcf_Applicant.jpeg
halamandepanbukutabungan-mcf;2025052122022612761678_halamandepanbukutabungan-mcf_Applicant.jpeg
fpkbelakang-mcf;2025052122022612761678_fpkbelakang-mcf_Applicant.jpeg
fpkdepan-mcf;2025052122022612761678_fpkdepan-mcf_Applicant.jpeg
tempatusahadepan-mcf;2025052122022612761678_tempatusahadepan-mcf_Applicant.jpeg
rumahdepan-mcf;2025052122022612761678_rumahdepan-mcf_Applicant.jpeg
pasanganttdcmo-mcf;2025052122022612761678_pasanganttdcmo-mcf_Applicant.jpeg
nasabahttdcmo-mcf;2025052122022612761678_nasabahttdcmo-mcf_Applicant.jpeg
allobank-mcf;2025052122022612761678_allobank-mcf_Applicant.jpeg
rumahjalan-mcf;2025052122022612761678_rumahjalan-mcf_Applicant.jpeg
bpkbdepan-mcf;2025052122022612761678_bpkbdepan-mcf_Applicant.jpeg
bpkbbelakang-mcf;2025052122022612761678_bpkbbelakang-mcf_Applicant.jpeg
stnkpajak-mcf;2025052122022612761678_stnkpajak-mcf_Applicant.jpeg
unitdepankanan-mcf;2025052122022612761678_unitdepankanan-mcf_Applicant.jpeg
unitdepankiri-mcf;2025052122022612761678_unitdepankiri-mcf_Applicant.jpeg
salaryslip-mcf;2025052122022612761678_salaryslip-mcf_Applicant.jpeg
nomorrumah-mcf;2025052122022612761678_nomorrumah-mcf_Applicant.jpeg
dalamrumah-mcf;2025052122022612761678_dalamrumah-mcf_Applicant.jpeg
buktipenghasilanusaha-mcf;2025052122022612761678_buktipenghasilanusaha-mcf_Applicant.jpeg
perizinanusaha-mcf;2025052122022612761678_perizinanusaha-mcf_Applicant.jpeg
buktikepemilikanusaha-mcf;2025052122022612761678_buktikepemilikanusaha-mcf_Applicant.jpeg
rangkanomesin-mcf;2025052122022612761678_rangkanomesin-mcf_Applicant.jpeg
pbbrekening-mcf;2025051822025007541435_pbbrekening-mcf_Applicant.jpeg
kksuratnikah-mcf;2025051822025007541435_kksuratnikah-mcf_Applicant.jpeg
halamandepanbukutabungan-mcf;2025051822025007541435_halamandepanbukutabungan-mcf_Applicant.jpeg
fpkbelakang-mcf;2025051822025007541435_fpkbelakang-mcf_Applicant.jpeg
fpkdepan-mcf;2025051822025007541435_fpkdepan-mcf_Applicant.jpeg
tempatusahadepan-mcf;2025051822025007541435_tempatusahadepan-mcf_Applicant.jpeg
rumahdepan-mcf;2025051822025007541435_rumahdepan-mcf_Applicant.jpeg
pasanganttdcmo-mcf;2025051822025007541435_pasanganttdcmo-mcf_Applicant.jpeg
nasabahttdcmo-mcf;2025051822025007541435_nasabahttdcmo-mcf_Applicant.jpeg
allobank-mcf;2025051822025007541435_allobank-mcf_Applicant.jpeg
rumahjalan-mcf;2025051822025007541435_rumahjalan-mcf_Applicant.jpeg
salaryslip-mcf;2025051822025007541435_salaryslip-mcf_Applicant.jpeg
nomorrumah-mcf;2025051822025007541435_nomorrumah-mcf_Applicant.jpeg
dalamrumah-mcf;2025051822025007541435_dalamrumah-mcf_Applicant.jpeg
pricelist-mcf;2025051822025007541435_pricelist-mcf_Applicant.jpeg
buktipenghasilanusaha-mcf;2025051822025007541435_buktipenghasilanusaha-mcf_Applicant.jpeg
perizinanusaha-mcf;2025051822025007541435_perizinanusaha-mcf_Applicant.jpeg
buktikepemilikanusaha-mcf;2025051822025007541435_buktikepemilikanusaha-mcf_Applicant.jpeg
pbbrekening-mcf;2025052122024463522247_pbbrekening-mcf_Applicant.jpeg
kksuratnikah-mcf;2025052122024463522247_kksuratnikah-mcf_Applicant.jpeg
halamandepanbukutabungan-mcf;2025052122024463522247_halamandepanbukutabungan-mcf_Applicant.jpeg
fpkbelakang-mcf;2025052122024463522247_fpkbelakang-mcf_Applicant.jpeg
fpkdepan-mcf;2025052122024463522247_fpkdepan-mcf_Applicant.jpeg
tempatusahadepan-mcf;2025052122024463522247_tempatusahadepan-mcf_Applicant.jpeg
rumahdepan-mcf;2025052122024463522247_rumahdepan-mcf_Applicant.jpeg
pasanganttdcmo-mcf;2025052122024463522247_pasanganttdcmo-mcf_Applicant.jpeg
nasabahttdcmo-mcf;2025052122024463522247_nasabahttdcmo-mcf_Applicant.jpeg
allobank-mcf;2025052122024463522247_allobank-mcf_Applicant.jpeg
rumahjalan-mcf;2025052122024463522247_rumahjalan-mcf_Applicant.jpeg
salaryslip-mcf;2025052122024463522247_salaryslip-mcf_Applicant.jpeg
nomorrumah-mcf;2025052122024463522247_nomorrumah-mcf_Applicant.jpeg
dalamrumah-mcf;2025052122024463522247_dalamrumah-mcf_Applicant.jpeg
pricelist-mcf;2025052122024463522247_pricelist-mcf_Applicant.jpeg
pbbrekening-mcf;2025052122024272113530_pbbrekening-mcf_Applicant.jpeg
kksuratnikah-mcf;2025052122024272113530_kksuratnikah-mcf_Applicant.jpeg
halamandepanbukutabungan-mcf;2025052122024272113530_halamandepanbukutabungan-mcf_Applicant.jpeg
fpkbelakang-mcf;2025052122024272113530_fpkbelakang-mcf_Applicant.jpeg
fpkdepan-mcf;2025052122024272113530_fpkdepan-mcf_Applicant.jpeg
tempatusahadepan-mcf;2025052122024272113530_tempatusahadepan-mcf_Applicant.jpeg
rumahdepan-mcf;2025052122024272113530_rumahdepan-mcf_Applicant.jpeg
pasanganttdcmo-mcf;2025052122024272113530_pasanganttdcmo-mcf_Applicant.jpeg
nasabahttdcmo-mcf;2025052122024272113530_nasabahttdcmo-mcf_Applicant.jpeg
allobank-mcf;2025052122024272113530_allobank-mcf_Applicant.jpeg
rumahjalan-mcf;2025052122024272113530_rumahjalan-mcf_Applicant.jpeg
salaryslip-mcf;2025052122024272113530_salaryslip-mcf_Applicant.jpeg
nomorrumah-mcf;2025052122024272113530_nomorrumah-mcf_Applicant.jpeg
dalamrumah-mcf;2025052122024272113530_dalamrumah-mcf_Applicant.jpeg
pricelist-mcf;2025052122024272113530_pricelist-mcf_Applicant.jpeg
pbbrekening-mcf;2025052122024077834580_pbbrekening-mcf_Applicant.jpeg
kksuratnikah-mcf;2025052122024077834580_kksuratnikah-mcf_Applicant.jpeg
halamandepanbukutabungan-mcf;2025052122024077834580_halamandepanbukutabungan-mcf_Applicant.jpeg
fpkbelakang-mcf;2025052122024077834580_fpkbelakang-mcf_Applicant.jpeg
fpkdepan-mcf;2025052122024077834580_fpkdepan-mcf_Applicant.jpeg
tempatusahadepan-mcf;2025052122024077834580_tempatusahadepan-mcf_Applicant.jpeg
rumahdepan-mcf;2025052122024077834580_rumahdepan-mcf_Applicant.jpeg
pasanganttdcmo-mcf;2025052122024077834580_pasanganttdcmo-mcf_Applicant.jpeg
nasabahttdcmo-mcf;2025052122024077834580_nasabahttdcmo-mcf_Applicant.jpeg
allobank-mcf;2025052122024077834580_allobank-mcf_Applicant.jpeg
rumahjalan-mcf;2025052122024077834580_rumahjalan-mcf_Applicant.jpeg
salaryslip-mcf;2025052122024077834580_salaryslip-mcf_Applicant.jpeg
nomorrumah-mcf;2025052122024077834580_nomorrumah-mcf_Applicant.jpeg
dalamrumah-mcf;2025052122024077834580_dalamrumah-mcf_Applicant.jpeg
pricelist-mcf;2025052122024077834580_pricelist-mcf_Applicant.jpeg
pbbrekening-mcf;2025052122022016873439_pbbrekening-mcf_Applicant.jpeg
kksuratnikah-mcf;2025052122022016873439_kksuratnikah-mcf_Applicant.jpeg
halamandepanbukutabungan-mcf;2025052122022016873439_halamandepanbukutabungan-mcf_Applicant.jpeg
fpkbelakang-mcf;2025052122022016873439_fpkbelakang-mcf_Applicant.jpeg
fpkdepan-mcf;2025052122022016873439_fpkdepan-mcf_Applicant.jpeg
tempatusahadepan-mcf;2025052122022016873439_tempatusahadepan-mcf_Applicant.jpeg
rumahdepan-mcf;2025052122022016873439_rumahdepan-mcf_Applicant.jpeg
pasanganttdcmo-mcf;2025052122022016873439_pasanganttdcmo-mcf_Applicant.jpeg
nasabahttdcmo-mcf;2025052122022016873439_nasabahttdcmo-mcf_Applicant.jpeg
allobank-mcf;2025052122022016873439_allobank-mcf_Applicant.jpeg
rumahjalan-mcf;2025052122022016873439_rumahjalan-mcf_Applicant.jpeg
salaryslip-mcf;2025052122022016873439_salaryslip-mcf_Applicant.jpeg
nomorrumah-mcf;2025052122022016873439_nomorrumah-mcf_Applicant.jpeg
dalamrumah-mcf;2025052122022016873439_dalamrumah-mcf_Applicant.jpeg
pricelist-mcf;2025052122022016873439_pricelist-mcf_Applicant.jpeg
pbbrekening-mcf;2025052122023518411443_pbbrekening-mcf_Applicant.jpeg
kksuratnikah-mcf;2025052122023518411443_kksuratnikah-mcf_Applicant.jpeg
halamandepanbukutabungan-mcf;2025052122023518411443_halamandepanbukutabungan-mcf_Applicant.jpeg
fpkbelakang-mcf;2025052122023518411443_fpkbelakang-mcf_Applicant.jpeg
fpkdepan-mcf;2025052122023518411443_fpkdepan-mcf_Applicant.jpeg
tempatusahadepan-mcf;2025052122023518411443_tempatusahadepan-mcf_Applicant.jpeg
rumahdepan-mcf;2025052122023518411443_rumahdepan-mcf_Applicant.jpeg
pasanganttdcmo-mcf;2025052122023518411443_pasanganttdcmo-mcf_Applicant.jpeg
nasabahttdcmo-mcf;2025052122023518411443_nasabahttdcmo-mcf_Applicant.jpeg
allobank-mcf;2025052122023518411443_allobank-mcf_Applicant.jpeg
rumahjalan-mcf;2025052122023518411443_rumahjalan-mcf_Applicant.jpeg
salaryslip-mcf;2025052122023518411443_salaryslip-mcf_Applicant.jpeg
nomorrumah-mcf;2025052122023518411443_nomorrumah-mcf_Applicant.jpeg
dalamrumah-mcf;2025052122023518411443_dalamrumah-mcf_Applicant.jpeg
pricelist-mcf;2025052122023518411443_pricelist-mcf_Applicant.jpeg
buktipenghasilanusaha-mcf;2025052122023518411443_buktipenghasilanusaha-mcf_Applicant.jpeg
perizinanusaha-mcf;2025052122023518411443_perizinanusaha-mcf_Applicant.jpeg
buktikepemilikanusaha-mcf;2025052122023518411443_buktikepemilikanusaha-mcf_Applicant.jpeg
pbbrekening-mcf;2025052222024200834647_pbbrekening-mcf_Applicant.jpeg
kksuratnikah-mcf;2025052222024200834647_kksuratnikah-mcf_Applicant.jpeg
pbbrekening-mcf;2025052322024289865376_pbbrekening-mcf_Applicant.jpeg
kksuratnikah-mcf;2025052322024289865376_kksuratnikah-mcf_Applicant.jpeg
halamandepanbukutabungan-mcf;2025052322024289865376_halamandepanbukutabungan-mcf_Applicant.jpeg
fpkbelakang-mcf;2025052322024289865376_fpkbelakang-mcf_Applicant.jpeg
fpkdepan-mcf;2025052322024289865376_fpkdepan-mcf_Applicant.jpeg
tempatusahadepan-mcf;2025052322024289865376_tempatusahadepan-mcf_Applicant.jpeg
rumahdepan-mcf;2025052322024289865376_rumahdepan-mcf_Applicant.jpeg
pasanganttdcmo-mcf;2025052322024289865376_pasanganttdcmo-mcf_Applicant.jpeg
nasabahttdcmo-mcf;2025052322024289865376_nasabahttdcmo-mcf_Applicant.jpeg
allobank-mcf;2025052322024289865376_allobank-mcf_Applicant.jpeg
halamandepanbukutabungan-mcf;2025052122025140116218_halamandepanbukutabungan-mcf_Applicant.jpeg
fpkbelakang-mcf;2025052122025140116218_fpkbelakang-mcf_Applicant.jpeg
fpkdepan-mcf;2025052122025140116218_fpkdepan-mcf_Applicant.jpeg
tempatusahadepan-mcf;2025052122025140116218_tempatusahadepan-mcf_Applicant.jpeg
rumahdepan-mcf;2025052122025140116218_rumahdepan-mcf_Applicant.jpeg
pasanganttdcmo-mcf;2025052122025140116218_pasanganttdcmo-mcf_Applicant.jpeg
nasabahttdcmo-mcf;2025052122025140116218_nasabahttdcmo-mcf_Applicant.jpeg
allobank-mcf;2025052122025140116218_allobank-mcf_Applicant.jpeg
rumahjalan-mcf;2025052122025140116218_rumahjalan-mcf_Applicant.jpeg
salaryslip-mcf;2025052122025140116218_salaryslip-mcf_Applicant.jpeg
nomorrumah-mcf;2025052122025140116218_nomorrumah-mcf_Applicant.jpeg
dalamrumah-mcf;2025052122025140116218_dalamrumah-mcf_Applicant.jpeg
pricelist-mcf;2025052122025140116218_pricelist-mcf_Applicant.jpeg
pbbrekening-mcf;2025052122021111830991_pbbrekening-mcf_Applicant.jpeg
kksuratnikah-mcf;2025052122021111830991_kksuratnikah-mcf_Applicant.jpeg
pbbrekening-mcf;2025051522025629854017_pbbrekening-mcf_Applicant.jpeg
kksuratnikah-mcf;2025051522025629854017_kksuratnikah-mcf_Applicant.jpeg
halamandepanbukutabungan-mcf;2025051522025629854017_halamandepanbukutabungan-mcf_Applicant.jpeg
fpkbelakang-mcf;2025051522025629854017_fpkbelakang-mcf_Applicant.jpeg
fpkdepan-mcf;2025051522025629854017_fpkdepan-mcf_Applicant.jpeg
tempatusahadepan-mcf;2025051522025629854017_tempatusahadepan-mcf_Applicant.jpeg
rumahdepan-mcf;2025051522025629854017_rumahdepan-mcf_Applicant.jpeg
pasanganttdcmo-mcf;2025051522025629854017_pasanganttdcmo-mcf_Applicant.jpeg
nasabahttdcmo-mcf;2025051522025629854017_nasabahttdcmo-mcf_Applicant.jpeg
allobank-mcf;2025051522025629854017_allobank-mcf_Applicant.jpeg
rumahjalan-mcf;2025051522025629854017_rumahjalan-mcf_Applicant.jpeg
salaryslip-mcf;2025051522025629854017_salaryslip-mcf_Applicant.jpeg
dalamrumah-mcf;2025052022024241549455_dalamrumah-mcf_Applicant.jpeg
pricelist-mcf;2025052022024241549455_pricelist-mcf_Applicant.jpeg
pbbrekening-mcf;2025052122024004563250_pbbrekening-mcf_Applicant.jpeg
kksuratnikah-mcf;2025052122024004563250_kksuratnikah-mcf_Applicant.jpeg
halamandepanbukutabungan-mcf;2025052122024004563250_halamandepanbukutabungan-mcf_Applicant.jpeg
fpkbelakang-mcf;2025052122024004563250_fpkbelakang-mcf_Applicant.jpeg
fpkdepan-mcf;2025052122024004563250_fpkdepan-mcf_Applicant.jpeg
tempatusahadepan-mcf;2025052122024004563250_tempatusahadepan-mcf_Applicant.jpeg
rumahdepan-mcf;2025052122024004563250_rumahdepan-mcf_Applicant.jpeg
pasanganttdcmo-mcf;2025052122024004563250_pasanganttdcmo-mcf_Applicant.jpeg
nasabahttdcmo-mcf;2025052122024004563250_nasabahttdcmo-mcf_Applicant.jpeg
allobank-mcf;2025052122024004563250_allobank-mcf_Applicant.jpeg
rumahjalan-mcf;2025052122024004563250_rumahjalan-mcf_Applicant.jpeg
salaryslip-mcf;2025052122024004563250_salaryslip-mcf_Applicant.jpeg
nomorrumah-mcf;2025052122024004563250_nomorrumah-mcf_Applicant.jpeg
dalamrumah-mcf;2025052122024004563250_dalamrumah-mcf_Applicant.jpeg
pricelist-mcf;2025052122024004563250_pricelist-mcf_Applicant.jpeg
pbbrekening-mcf;2025052222024241558551_pbbrekening-mcf_Applicant.jpeg
kksuratnikah-mcf;2025052222024241558551_kksuratnikah-mcf_Applicant.jpeg
nomorrumah-mcf;2025051522025629854017_nomorrumah-mcf_Applicant.jpeg
dalamrumah-mcf;2025051522025629854017_dalamrumah-mcf_Applicant.jpeg
pricelist-mcf;2025051522025629854017_pricelist-mcf_Applicant.jpeg
pbbrekening-mcf;2025052022024241549455_pbbrekening-mcf_Applicant.jpeg
kksuratnikah-mcf;2025052022024241549455_kksuratnikah-mcf_Applicant.jpeg
halamandepanbukutabungan-mcf;2025052022024241549455_halamandepanbukutabungan-mcf_Applicant.jpeg
fpkbelakang-mcf;2025052022024241549455_fpkbelakang-mcf_Applicant.jpeg
fpkdepan-mcf;2025052022024241549455_fpkdepan-mcf_Applicant.jpeg
tempatusahadepan-mcf;2025052022024241549455_tempatusahadepan-mcf_Applicant.jpeg
rumahdepan-mcf;2025052022024241549455_rumahdepan-mcf_Applicant.jpeg
pasanganttdcmo-mcf;2025052022024241549455_pasanganttdcmo-mcf_Applicant.jpeg
nasabahttdcmo-mcf;2025052022024241549455_nasabahttdcmo-mcf_Applicant.jpeg
allobank-mcf;2025052022024241549455_allobank-mcf_Applicant.jpeg
rumahjalan-mcf;2025052022024241549455_rumahjalan-mcf_Applicant.jpeg
salaryslip-mcf;2025052022024241549455_salaryslip-mcf_Applicant.jpeg
nomorrumah-mcf;2025052022024241549455_nomorrumah-mcf_Applicant.jpeg
halamandepanbukutabungan-mcf;2025052222024241558551_halamandepanbukutabungan-mcf_Applicant.jpeg
fpkbelakang-mcf;2025052222024241558551_fpkbelakang-mcf_Applicant.jpeg
fpkdepan-mcf;2025052222024241558551_fpkdepan-mcf_Applicant.jpeg
tempatusahadepan-mcf;2025052222024241558551_tempatusahadepan-mcf_Applicant.jpeg
rumahdepan-mcf;2025052222024241558551_rumahdepan-mcf_Applicant.jpeg
pasanganttdcmo-mcf;2025052222024241558551_pasanganttdcmo-mcf_Applicant.jpeg
nasabahttdcmo-mcf;2025052222024241558551_nasabahttdcmo-mcf_Applicant.jpeg
allobank-mcf;2025052222024241558551_allobank-mcf_Applicant.jpeg
rumahjalan-mcf;2025052222024241558551_rumahjalan-mcf_Applicant.jpeg
salaryslip-mcf;2025052222024241558551_salaryslip-mcf_Applicant.jpeg
nomorrumah-mcf;2025052222024241558551_nomorrumah-mcf_Applicant.jpeg
dalamrumah-mcf;2025052222024241558551_dalamrumah-mcf_Applicant.jpeg
pricelist-mcf;2025052222024241558551_pricelist-mcf_Applicant.jpeg
pbbrekening-mcf;2025052122025140116218_pbbrekening-mcf_Applicant.jpeg
kksuratnikah-mcf;2025052122025140116218_kksuratnikah-mcf_Applicant.jpeg
halamandepanbukutabungan-mcf;2025052122021111830991_halamandepanbukutabungan-mcf_Applicant.jpeg
fpkbelakang-mcf;2025052122021111830991_fpkbelakang-mcf_Applicant.jpeg
fpkdepan-mcf;2025052122021111830991_fpkdepan-mcf_Applicant.jpeg
tempatusahadepan-mcf;2025052122021111830991_tempatusahadepan-mcf_Applicant.jpeg
rumahdepan-mcf;2025052122021111830991_rumahdepan-mcf_Applicant.jpeg
pasanganttdcmo-mcf;2025052122021111830991_pasanganttdcmo-mcf_Applicant.jpeg
nasabahttdcmo-mcf;2025052122021111830991_nasabahttdcmo-mcf_Applicant.jpeg
allobank-mcf;2025052122021111830991_allobank-mcf_Applicant.jpeg
rumahjalan-mcf;2025052122021111830991_rumahjalan-mcf_Applicant.jpeg
salaryslip-mcf;2025052122021111830991_salaryslip-mcf_Applicant.jpeg
nomorrumah-mcf;2025052122021111830991_nomorrumah-mcf_Applicant.jpeg
dalamrumah-mcf;2025052122021111830991_dalamrumah-mcf_Applicant.jpeg
pricelist-mcf;2025052122021111830991_pricelist-mcf_Applicant.jpeg
buktipenghasilanusaha-mcf;2025052122021111830991_buktipenghasilanusaha-mcf_Applicant.jpeg
perizinanusaha-mcf;2025052122021111830991_perizinanusaha-mcf_Applicant.jpeg
buktikepemilikanusaha-mcf;2025052122021111830991_buktikepemilikanusaha-mcf_Applicant.jpeg
pricelist-mcf;2025052222024492047559_pricelist-mcf_Applicant.jpeg
pbbrekening-mcf;2025052022023492134897_pbbrekening-mcf_Applicant.jpeg
kksuratnikah-mcf;2025052022023492134897_kksuratnikah-mcf_Applicant.jpeg
halamandepanbukutabungan-mcf;2025052022023492134897_halamandepanbukutabungan-mcf_Applicant.jpeg
fpkbelakang-mcf;2025052022023492134897_fpkbelakang-mcf_Applicant.jpeg
fpkdepan-mcf;2025052022023492134897_fpkdepan-mcf_Applicant.jpeg
tempatusahadepan-mcf;2025052022023492134897_tempatusahadepan-mcf_Applicant.jpeg
rumahdepan-mcf;2025052022023492134897_rumahdepan-mcf_Applicant.jpeg
pasanganttdcmo-mcf;2025052022023492134897_pasanganttdcmo-mcf_Applicant.jpeg
nasabahttdcmo-mcf;2025052022023492134897_nasabahttdcmo-mcf_Applicant.jpeg
allobank-mcf;2025052022023492134897_allobank-mcf_Applicant.jpeg
rumahjalan-mcf;2025052022023492134897_rumahjalan-mcf_Applicant.jpeg
salaryslip-mcf;2025052022023492134897_salaryslip-mcf_Applicant.jpeg
nomorrumah-mcf;2025052022023492134897_nomorrumah-mcf_Applicant.jpeg
dalamrumah-mcf;2025052022023492134897_dalamrumah-mcf_Applicant.jpeg
pricelist-mcf;2025052022023492134897_pricelist-mcf_Applicant.jpeg
pbbrekening-mcf;2025052222024492047559_pbbrekening-mcf_Applicant.jpeg
kksuratnikah-mcf;2025052222024492047559_kksuratnikah-mcf_Applicant.jpeg
halamandepanbukutabungan-mcf;2025052222024492047559_halamandepanbukutabungan-mcf_Applicant.jpeg
fpkbelakang-mcf;2025052222024492047559_fpkbelakang-mcf_Applicant.jpeg
fpkdepan-mcf;2025052222024492047559_fpkdepan-mcf_Applicant.jpeg
tempatusahadepan-mcf;2025052222024492047559_tempatusahadepan-mcf_Applicant.jpeg
rumahdepan-mcf;2025052222024492047559_rumahdepan-mcf_Applicant.jpeg
pasanganttdcmo-mcf;2025052222024492047559_pasanganttdcmo-mcf_Applicant.jpeg
nasabahttdcmo-mcf;2025052222024492047559_nasabahttdcmo-mcf_Applicant.jpeg
allobank-mcf;2025052222024492047559_allobank-mcf_Applicant.jpeg
rumahjalan-mcf;2025052222024492047559_rumahjalan-mcf_Applicant.jpeg
salaryslip-mcf;2025052222024492047559_salaryslip-mcf_Applicant.jpeg
nomorrumah-mcf;2025052222024492047559_nomorrumah-mcf_Applicant.jpeg
dalamrumah-mcf;2025052222024492047559_dalamrumah-mcf_Applicant.jpeg
pbbrekening-mcf;2025052222024250431445_pbbrekening-mcf_Applicant.jpeg
kksuratnikah-mcf;2025052222024250431445_kksuratnikah-mcf_Applicant.jpeg
pbbrekening-mcf;2025052222023365134463_pbbrekening-mcf_Applicant.jpeg
kksuratnikah-mcf;2025052222023365134463_kksuratnikah-mcf_Applicant.jpeg
halamandepanbukutabungan-mcf;2025052222023365134463_halamandepanbukutabungan-mcf_Applicant.jpeg
fpkbelakang-mcf;2025052222023365134463_fpkbelakang-mcf_Applicant.jpeg
fpkdepan-mcf;2025052222023365134463_fpkdepan-mcf_Applicant.jpeg
tempatusahadepan-mcf;2025052222023365134463_tempatusahadepan-mcf_Applicant.jpeg
rumahdepan-mcf;2025052222023365134463_rumahdepan-mcf_Applicant.jpeg
pasanganttdcmo-mcf;2025052222023365134463_pasanganttdcmo-mcf_Applicant.jpeg
nasabahttdcmo-mcf;2025052222023365134463_nasabahttdcmo-mcf_Applicant.jpeg
allobank-mcf;2025052222023365134463_allobank-mcf_Applicant.jpeg
rumahjalan-mcf;2025052222023365134463_rumahjalan-mcf_Applicant.jpeg
salaryslip-mcf;2025052222023365134463_salaryslip-mcf_Applicant.jpeg
nomorrumah-mcf;2025052222023365134463_nomorrumah-mcf_Applicant.jpeg
dalamrumah-mcf;2025052222023365134463_dalamrumah-mcf_Applicant.jpeg
pricelist-mcf;2025052222023365134463_pricelist-mcf_Applicant.jpeg
pbbrekening-mcf;2025051922023018125833_pbbrekening-mcf_Applicant.jpeg
kksuratnikah-mcf;2025051922023018125833_kksuratnikah-mcf_Applicant.jpeg
halamandepanbukutabungan-mcf;2025051922023018125833_halamandepanbukutabungan-mcf_Applicant.jpeg
fpkbelakang-mcf;2025051922023018125833_fpkbelakang-mcf_Applicant.jpeg
fpkdepan-mcf;2025051922023018125833_fpkdepan-mcf_Applicant.jpeg
tempatusahadepan-mcf;2025051922023018125833_tempatusahadepan-mcf_Applicant.jpeg
rumahdepan-mcf;2025051922023018125833_rumahdepan-mcf_Applicant.jpeg
pasanganttdcmo-mcf;2025051922023018125833_pasanganttdcmo-mcf_Applicant.jpeg
nasabahttdcmo-mcf;2025051922023018125833_nasabahttdcmo-mcf_Applicant.jpeg
allobank-mcf;2025051922023018125833_allobank-mcf_Applicant.jpeg
rumahjalan-mcf;2025051922023018125833_rumahjalan-mcf_Applicant.jpeg
salaryslip-mcf;2025051922023018125833_salaryslip-mcf_Applicant.jpeg
nomorrumah-mcf;2025051922023018125833_nomorrumah-mcf_Applicant.jpeg
rumahdepan-mcf;2025052222022173360094_rumahdepan-mcf_Applicant.jpeg
pasanganttdcmo-mcf;2025052222022173360094_pasanganttdcmo-mcf_Applicant.jpeg
nasabahttdcmo-mcf;2025052222022173360094_nasabahttdcmo-mcf_Applicant.jpeg
allobank-mcf;2025052222022173360094_allobank-mcf_Applicant.jpeg
rumahjalan-mcf;2025052222022173360094_rumahjalan-mcf_Applicant.jpeg
salaryslip-mcf;2025052222022173360094_salaryslip-mcf_Applicant.jpeg
nomorrumah-mcf;2025052222022173360094_nomorrumah-mcf_Applicant.jpeg
dalamrumah-mcf;2025052222022173360094_dalamrumah-mcf_Applicant.jpeg
pricelist-mcf;2025052222022173360094_pricelist-mcf_Applicant.jpeg
pbbrekening-mcf;2025052222024577765516_pbbrekening-mcf_Applicant.jpeg
kksuratnikah-mcf;2025052222024577765516_kksuratnikah-mcf_Applicant.jpeg
halamandepanbukutabungan-mcf;2025052222024577765516_halamandepanbukutabungan-mcf_Applicant.jpeg
fpkbelakang-mcf;2025052222024577765516_fpkbelakang-mcf_Applicant.jpeg
fpkdepan-mcf;2025052222024577765516_fpkdepan-mcf_Applicant.jpeg
tempatusahadepan-mcf;2025052222024577765516_tempatusahadepan-mcf_Applicant.jpeg
rumahdepan-mcf;2025052222024577765516_rumahdepan-mcf_Applicant.jpeg
pasanganttdcmo-mcf;2025052222024577765516_pasanganttdcmo-mcf_Applicant.jpeg
nasabahttdcmo-mcf;2025052222024577765516_nasabahttdcmo-mcf_Applicant.jpeg
allobank-mcf;2025052222024577765516_allobank-mcf_Applicant.jpeg
rumahjalan-mcf;2025052222024577765516_rumahjalan-mcf_Applicant.jpeg
salaryslip-mcf;2025052222024577765516_salaryslip-mcf_Applicant.jpeg
nomorrumah-mcf;2025052222024577765516_nomorrumah-mcf_Applicant.jpeg
dalamrumah-mcf;2025052222024577765516_dalamrumah-mcf_Applicant.jpeg
pricelist-mcf;2025052222024577765516_pricelist-mcf_Applicant.jpeg
pbbrekening-mcf;2025052122023492159194_pbbrekening-mcf_Applicant.jpeg
kksuratnikah-mcf;2025052122023492159194_kksuratnikah-mcf_Applicant.jpeg
halamandepanbukutabungan-mcf;2025052122023492159194_halamandepanbukutabungan-mcf_Applicant.jpeg
fpkbelakang-mcf;2025052122023492159194_fpkbelakang-mcf_Applicant.jpeg
fpkdepan-mcf;2025052122023492159194_fpkdepan-mcf_Applicant.jpeg
tempatusahadepan-mcf;2025052122023492159194_tempatusahadepan-mcf_Applicant.jpeg
rumahdepan-mcf;2025052122023492159194_rumahdepan-mcf_Applicant.jpeg
pasanganttdcmo-mcf;2025052122023492159194_pasanganttdcmo-mcf_Applicant.jpeg
allobank-mcf;2025052222025140147603_allobank-mcf_Applicant.jpeg
rumahjalan-mcf;2025052222025140147603_rumahjalan-mcf_Applicant.jpeg
salaryslip-mcf;2025052222025140147603_salaryslip-mcf_Applicant.jpeg
nomorrumah-mcf;2025052222025140147603_nomorrumah-mcf_Applicant.jpeg
dalamrumah-mcf;2025052222025140147603_dalamrumah-mcf_Applicant.jpeg
pricelist-mcf;2025052222025140147603_pricelist-mcf_Applicant.jpeg
pbbrekening-mcf;2025052222021111813182_pbbrekening-mcf_Applicant.jpeg
kksuratnikah-mcf;2025052222021111813182_kksuratnikah-mcf_Applicant.jpeg
halamandepanbukutabungan-mcf;2025052222021111813182_halamandepanbukutabungan-mcf_Applicant.jpeg
fpkbelakang-mcf;2025052222021111813182_fpkbelakang-mcf_Applicant.jpeg
fpkdepan-mcf;2025052222021111813182_fpkdepan-mcf_Applicant.jpeg
tempatusahadepan-mcf;2025052222021111813182_tempatusahadepan-mcf_Applicant.jpeg
rumahdepan-mcf;2025052222021111813182_rumahdepan-mcf_Applicant.jpeg
pasanganttdcmo-mcf;2025052222021111813182_pasanganttdcmo-mcf_Applicant.jpeg
nasabahttdcmo-mcf;2025052122023492159194_nasabahttdcmo-mcf_Applicant.jpeg
allobank-mcf;2025052122023492159194_allobank-mcf_Applicant.jpeg
rumahjalan-mcf;2025052122023492159194_rumahjalan-mcf_Applicant.jpeg
salaryslip-mcf;2025052122023492159194_salaryslip-mcf_Applicant.jpeg
nomorrumah-mcf;2025052122023492159194_nomorrumah-mcf_Applicant.jpeg
dalamrumah-mcf;2025052122023492159194_dalamrumah-mcf_Applicant.jpeg
pricelist-mcf;2025052122023492159194_pricelist-mcf_Applicant.jpeg
buktipenghasilanusaha-mcf;2025052122023492159194_buktipenghasilanusaha-mcf_Applicant.jpeg
perizinanusaha-mcf;2025052122023492159194_perizinanusaha-mcf_Applicant.jpeg
buktikepemilikanusaha-mcf;2025052122023492159194_buktikepemilikanusaha-mcf_Applicant.jpeg
pbbrekening-mcf;2025052222025140147603_pbbrekening-mcf_Applicant.jpeg
kksuratnikah-mcf;2025052222025140147603_kksuratnikah-mcf_Applicant.jpeg
halamandepanbukutabungan-mcf;2025052222025140147603_halamandepanbukutabungan-mcf_Applicant.jpeg
fpkbelakang-mcf;2025052222025140147603_fpkbelakang-mcf_Applicant.jpeg
fpkdepan-mcf;2025052222025140147603_fpkdepan-mcf_Applicant.jpeg
tempatusahadepan-mcf;2025052222025140147603_tempatusahadepan-mcf_Applicant.jpeg
rumahdepan-mcf;2025052222025140147603_rumahdepan-mcf_Applicant.jpeg
pasanganttdcmo-mcf;2025052222025140147603_pasanganttdcmo-mcf_Applicant.jpeg
nasabahttdcmo-mcf;2025052222025140147603_nasabahttdcmo-mcf_Applicant.jpeg
allobank-mcf;2025052222024200815171_allobank-mcf_Applicant.jpeg
rumahjalan-mcf;2025052222024200815171_rumahjalan-mcf_Applicant.jpeg
salaryslip-mcf;2025052222024200815171_salaryslip-mcf_Applicant.jpeg
nomorrumah-mcf;2025052222024200815171_nomorrumah-mcf_Applicant.jpeg
dalamrumah-mcf;2025052222024200815171_dalamrumah-mcf_Applicant.jpeg
pricelist-mcf;2025052222024200815171_pricelist-mcf_Applicant.jpeg
buktipenghasilanusaha-mcf;2025052222024200815171_buktipenghasilanusaha-mcf_Applicant.jpeg
perizinanusaha-mcf;2025052222024200815171_perizinanusaha-mcf_Applicant.jpeg
buktikepemilikanusaha-mcf;2025052222024200815171_buktikepemilikanusaha-mcf_Applicant.jpeg
pbbrekening-mcf;2025052222022252549355_pbbrekening-mcf_Applicant.jpeg
kksuratnikah-mcf;2025052222022252549355_kksuratnikah-mcf_Applicant.jpeg
halamandepanbukutabungan-mcf;2025052222022252549355_halamandepanbukutabungan-mcf_Applicant.jpeg
fpkbelakang-mcf;2025052222022252549355_fpkbelakang-mcf_Applicant.jpeg
fpkdepan-mcf;2025052222022252549355_fpkdepan-mcf_Applicant.jpeg
tempatusahadepan-mcf;2025052222022252549355_tempatusahadepan-mcf_Applicant.jpeg
rumahdepan-mcf;2025052222022252549355_rumahdepan-mcf_Applicant.jpeg
pasanganttdcmo-mcf;2025052222022252549355_pasanganttdcmo-mcf_Applicant.jpeg
nasabahttdcmo-mcf;2025052222021111813182_nasabahttdcmo-mcf_Applicant.jpeg
allobank-mcf;2025052222021111813182_allobank-mcf_Applicant.jpeg
rumahjalan-mcf;2025052222021111813182_rumahjalan-mcf_Applicant.jpeg
salaryslip-mcf;2025052222021111813182_salaryslip-mcf_Applicant.jpeg
nomorrumah-mcf;2025052222021111813182_nomorrumah-mcf_Applicant.jpeg
dalamrumah-mcf;2025052222021111813182_dalamrumah-mcf_Applicant.jpeg
pricelist-mcf;2025052222021111813182_pricelist-mcf_Applicant.jpeg
buktipenghasilanusaha-mcf;2025052222021111813182_buktipenghasilanusaha-mcf_Applicant.jpeg
perizinanusaha-mcf;2025052222021111813182_perizinanusaha-mcf_Applicant.jpeg
buktikepemilikanusaha-mcf;2025052222021111813182_buktikepemilikanusaha-mcf_Applicant.jpeg
pbbrekening-mcf;2025052222024200815171_pbbrekening-mcf_Applicant.jpeg
kksuratnikah-mcf;2025052222024200815171_kksuratnikah-mcf_Applicant.jpeg
halamandepanbukutabungan-mcf;2025052222024200815171_halamandepanbukutabungan-mcf_Applicant.jpeg
fpkbelakang-mcf;2025052222024200815171_fpkbelakang-mcf_Applicant.jpeg
fpkdepan-mcf;2025052222024200815171_fpkdepan-mcf_Applicant.jpeg
tempatusahadepan-mcf;2025052222024200815171_tempatusahadepan-mcf_Applicant.jpeg
rumahdepan-mcf;2025052222024200815171_rumahdepan-mcf_Applicant.jpeg
pasanganttdcmo-mcf;2025052222024200815171_pasanganttdcmo-mcf_Applicant.jpeg
nasabahttdcmo-mcf;2025052222024200815171_nasabahttdcmo-mcf_Applicant.jpeg
nasabahttdcmo-mcf;2025052222022252549355_nasabahttdcmo-mcf_Applicant.jpeg
allobank-mcf;2025052222022252549355_allobank-mcf_Applicant.jpeg
rumahjalan-mcf;2025052222022252549355_rumahjalan-mcf_Applicant.jpeg
salaryslip-mcf;2025052222022252549355_salaryslip-mcf_Applicant.jpeg
nomorrumah-mcf;2025052222022252549355_nomorrumah-mcf_Applicant.jpeg
dalamrumah-mcf;2025052222022252549355_dalamrumah-mcf_Applicant.jpeg
pricelist-mcf;2025052222022252549355_pricelist-mcf_Applicant.jpeg
tempatusahadepan-mcf;2025052222021112634106_tempatusahadepan-mcf_Applicant.jpeg
rumahdepan-mcf;2025052222021112634106_rumahdepan-mcf_Applicant.jpeg
pasanganttdcmo-mcf;2025052222021112634106_pasanganttdcmo-mcf_Applicant.jpeg
nasabahttdcmo-mcf;2025052222021112634106_nasabahttdcmo-mcf_Applicant.jpeg
allobank-mcf;2025052222021112634106_allobank-mcf_Applicant.jpeg
rumahjalan-mcf;2025052222021112634106_rumahjalan-mcf_Applicant.jpeg
salaryslip-mcf;2025052222021112634106_salaryslip-mcf_Applicant.jpeg
nomorrumah-mcf;2025052222021112634106_nomorrumah-mcf_Applicant.jpeg
dalamrumah-mcf;2025052222021112634106_dalamrumah-mcf_Applicant.jpeg
pricelist-mcf;2025052222021112634106_pricelist-mcf_Applicant.jpeg
pbbrekening-mcf;2025052222021143148543_pbbrekening-mcf_Applicant.jpeg
kksuratnikah-mcf;2025052222021143148543_kksuratnikah-mcf_Applicant.jpeg
halamandepanbukutabungan-mcf;2025052222021143148543_halamandepanbukutabungan-mcf_Applicant.jpeg
fpkbelakang-mcf;2025052222021143148543_fpkbelakang-mcf_Applicant.jpeg
fpkdepan-mcf;2025052222021143148543_fpkdepan-mcf_Applicant.jpeg
halamandepanbukutabungan-mcf;2025052222024250431445_halamandepanbukutabungan-mcf_Applicant.jpeg
fpkbelakang-mcf;2025052222024250431445_fpkbelakang-mcf_Applicant.jpeg
fpkdepan-mcf;2025052222024250431445_fpkdepan-mcf_Applicant.jpeg
tempatusahadepan-mcf;2025052222024250431445_tempatusahadepan-mcf_Applicant.jpeg
rumahdepan-mcf;2025052222024250431445_rumahdepan-mcf_Applicant.jpeg
pasanganttdcmo-mcf;2025052222024250431445_pasanganttdcmo-mcf_Applicant.jpeg
nasabahttdcmo-mcf;2025052222024250431445_nasabahttdcmo-mcf_Applicant.jpeg
allobank-mcf;2025052222024250431445_allobank-mcf_Applicant.jpeg
rumahjalan-mcf;2025052222024250431445_rumahjalan-mcf_Applicant.jpeg
bpkbdepan-mcf;2025052222024250431445_bpkbdepan-mcf_Applicant.jpeg
bpkbbelakang-mcf;2025052222024250431445_bpkbbelakang-mcf_Applicant.jpeg
stnkpajak-mcf;2025052222024250431445_stnkpajak-mcf_Applicant.jpeg
unitdepankanan-mcf;2025052222024250431445_unitdepankanan-mcf_Applicant.jpeg
unitdepankiri-mcf;2025052222024250431445_unitdepankiri-mcf_Applicant.jpeg
salaryslip-mcf;2025052222024250431445_salaryslip-mcf_Applicant.jpeg
nomorrumah-mcf;2025052222024250431445_nomorrumah-mcf_Applicant.jpeg
dalamrumah-mcf;2025052222024250431445_dalamrumah-mcf_Applicant.jpeg
rangkanomesin-mcf;2025052222024250431445_rangkanomesin-mcf_Applicant.jpeg
pbbrekening-mcf;2025052222021112634106_pbbrekening-mcf_Applicant.jpeg
kksuratnikah-mcf;2025052222021112634106_kksuratnikah-mcf_Applicant.jpeg
halamandepanbukutabungan-mcf;2025052222021112634106_halamandepanbukutabungan-mcf_Applicant.jpeg
fpkbelakang-mcf;2025052222021112634106_fpkbelakang-mcf_Applicant.jpeg
fpkdepan-mcf;2025052222021112634106_fpkdepan-mcf_Applicant.jpeg
rumahdepan-mcf;2025052222021178773093_rumahdepan-mcf_Applicant.jpeg
pasanganttdcmo-mcf;2025052222021178773093_pasanganttdcmo-mcf_Applicant.jpeg
nasabahttdcmo-mcf;2025052222021178773093_nasabahttdcmo-mcf_Applicant.jpeg
allobank-mcf;2025052222021178773093_allobank-mcf_Applicant.jpeg
rumahjalan-mcf;2025052222021178773093_rumahjalan-mcf_Applicant.jpeg
bpkbdepan-mcf;2025052222021178773093_bpkbdepan-mcf_Applicant.jpeg
bpkbbelakang-mcf;2025052222021178773093_bpkbbelakang-mcf_Applicant.jpeg
stnkpajak-mcf;2025052222021178773093_stnkpajak-mcf_Applicant.jpeg
unitdepankanan-mcf;2025052222021178773093_unitdepankanan-mcf_Applicant.jpeg
unitdepankiri-mcf;2025052222021178773093_unitdepankiri-mcf_Applicant.jpeg
salaryslip-mcf;2025052222021178773093_salaryslip-mcf_Applicant.jpeg
nomorrumah-mcf;2025052222021178773093_nomorrumah-mcf_Applicant.jpeg
dalamrumah-mcf;2025052222021178773093_dalamrumah-mcf_Applicant.jpeg
buktipenghasilanusaha-mcf;2025052222021178773093_buktipenghasilanusaha-mcf_Applicant.jpeg
perizinanusaha-mcf;2025052222021178773093_perizinanusaha-mcf_Applicant.jpeg
buktikepemilikanusaha-mcf;2025052222021178773093_buktikepemilikanusaha-mcf_Applicant.jpeg
rangkanomesin-mcf;2025052222021178773093_rangkanomesin-mcf_Applicant.jpeg
tempatusahadepan-mcf;2025052222021143148543_tempatusahadepan-mcf_Applicant.jpeg
rumahdepan-mcf;2025052222021143148543_rumahdepan-mcf_Applicant.jpeg
pasanganttdcmo-mcf;2025052222021143148543_pasanganttdcmo-mcf_Applicant.jpeg
nasabahttdcmo-mcf;2025052222021143148543_nasabahttdcmo-mcf_Applicant.jpeg
allobank-mcf;2025052222021143148543_allobank-mcf_Applicant.jpeg
rumahjalan-mcf;2025052222021143148543_rumahjalan-mcf_Applicant.jpeg
salaryslip-mcf;2025052222021143148543_salaryslip-mcf_Applicant.jpeg
nomorrumah-mcf;2025052222021143148543_nomorrumah-mcf_Applicant.jpeg
dalamrumah-mcf;2025052222021143148543_dalamrumah-mcf_Applicant.jpeg
pricelist-mcf;2025052222021143148543_pricelist-mcf_Applicant.jpeg
pbbrekening-mcf;2025052222021178773093_pbbrekening-mcf_Applicant.jpeg
kksuratnikah-mcf;2025052222021178773093_kksuratnikah-mcf_Applicant.jpeg
halamandepanbukutabungan-mcf;2025052222021178773093_halamandepanbukutabungan-mcf_Applicant.jpeg
fpkbelakang-mcf;2025052222021178773093_fpkbelakang-mcf_Applicant.jpeg
fpkdepan-mcf;2025052222021178773093_fpkdepan-mcf_Applicant.jpeg
tempatusahadepan-mcf;2025052222021178773093_tempatusahadepan-mcf_Applicant.jpeg
pbbrekening-mcf;2025052222022543796339_pbbrekening-mcf_Applicant.jpeg
kksuratnikah-mcf;2025052222022543796339_kksuratnikah-mcf_Applicant.jpeg
halamandepanbukutabungan-mcf;2025052222022543796339_halamandepanbukutabungan-mcf_Applicant.jpeg
fpkbelakang-mcf;2025052222022543796339_fpkbelakang-mcf_Applicant.jpeg
fpkdepan-mcf;2025052222022543796339_fpkdepan-mcf_Applicant.jpeg
tempatusahadepan-mcf;2025052222022543796339_tempatusahadepan-mcf_Applicant.jpeg
rumahdepan-mcf;2025052222022543796339_rumahdepan-mcf_Applicant.jpeg
pasanganttdcmo-mcf;2025052222022543796339_pasanganttdcmo-mcf_Applicant.jpeg
nasabahttdcmo-mcf;2025052222022543796339_nasabahttdcmo-mcf_Applicant.jpeg
allobank-mcf;2025052222022543796339_allobank-mcf_Applicant.jpeg
rumahjalan-mcf;2025052222022543796339_rumahjalan-mcf_Applicant.jpeg
salaryslip-mcf;2025052222022543796339_salaryslip-mcf_Applicant.jpeg
nomorrumah-mcf;2025052222022543796339_nomorrumah-mcf_Applicant.jpeg
bpkbbelakang-mcf;20250520924513730981_bpkbbelakang-mcf_Applicant.jpeg
stnkpajak-mcf;20250520924513730981_stnkpajak-mcf_Applicant.jpeg
unitdepankanan-mcf;20250520924513730981_unitdepankanan-mcf_Applicant.jpeg
unitdepankiri-mcf;20250520924513730981_unitdepankiri-mcf_Applicant.jpeg
salaryslip-mcf;20250520924513730981_salaryslip-mcf_Applicant.jpeg
nomorrumah-mcf;20250520924513730981_nomorrumah-mcf_Applicant.jpeg
dalamrumah-mcf;20250520924513730981_dalamrumah-mcf_Applicant.jpeg
buktipenghasilanusaha-mcf;20250520924513730981_buktipenghasilanusaha-mcf_Applicant.jpeg
perizinanusaha-mcf;20250520924513730981_perizinanusaha-mcf_Applicant.jpeg
buktikepemilikanusaha-mcf;20250520924513730981_buktikepemilikanusaha-mcf_Applicant.jpeg
rangkanomesin-mcf;20250520924513730981_rangkanomesin-mcf_Applicant.jpeg
pbbrekening-mcf;20250521925006690372_pbbrekening-mcf_Applicant.jpeg
kksuratnikah-mcf;20250521925006690372_kksuratnikah-mcf_Applicant.jpeg
halamandepanbukutabungan-mcf;20250521925006690372_halamandepanbukutabungan-mcf_Applicant.jpeg
fpkbelakang-mcf;20250521925006690372_fpkbelakang-mcf_Applicant.jpeg
fpkdepan-mcf;20250521925006690372_fpkdepan-mcf_Applicant.jpeg
tempatusahadepan-mcf;20250521925006690372_tempatusahadepan-mcf_Applicant.jpeg
rumahdepan-mcf;20250521925006690372_rumahdepan-mcf_Applicant.jpeg
pasanganttdcmo-mcf;20250521925006690372_pasanganttdcmo-mcf_Applicant.jpeg
nasabahttdcmo-mcf;20250521925006690372_nasabahttdcmo-mcf_Applicant.jpeg
allobank-mcf;20250521925006690372_allobank-mcf_Applicant.jpeg
rumahjalan-mcf;20250521925006690372_rumahjalan-mcf_Applicant.jpeg
bpkbdepan-mcf;20250521925006690372_bpkbdepan-mcf_Applicant.jpeg
bpkbbelakang-mcf;20250521925006690372_bpkbbelakang-mcf_Applicant.jpeg
stnkpajak-mcf;20250521925006690372_stnkpajak-mcf_Applicant.jpeg
unitdepankanan-mcf;20250521925006690372_unitdepankanan-mcf_Applicant.jpeg
unitdepankiri-mcf;20250521925006690372_unitdepankiri-mcf_Applicant.jpeg
salaryslip-mcf;20250521925006690372_salaryslip-mcf_Applicant.jpeg
nomorrumah-mcf;20250521925006690372_nomorrumah-mcf_Applicant.jpeg
dalamrumah-mcf;20250521925006690372_dalamrumah-mcf_Applicant.jpeg
rangkanomesin-mcf;20250521925006690372_rangkanomesin-mcf_Applicant.jpeg
dalamrumah-mcf;2025052222022543796339_dalamrumah-mcf_Applicant.jpeg
pricelist-mcf;2025052222022543796339_pricelist-mcf_Applicant.jpeg
pbbrekening-mcf;20250520924513730981_pbbrekening-mcf_Applicant.jpeg
kksuratnikah-mcf;20250520924513730981_kksuratnikah-mcf_Applicant.jpeg
halamandepanbukutabungan-mcf;20250520924513730981_halamandepanbukutabungan-mcf_Applicant.jpeg
fpkbelakang-mcf;20250520924513730981_fpkbelakang-mcf_Applicant.jpeg
fpkdepan-mcf;20250520924513730981_fpkdepan-mcf_Applicant.jpeg
tempatusahadepan-mcf;20250520924513730981_tempatusahadepan-mcf_Applicant.jpeg
rumahdepan-mcf;20250520924513730981_rumahdepan-mcf_Applicant.jpeg
pasanganttdcmo-mcf;20250520924513730981_pasanganttdcmo-mcf_Applicant.jpeg
nasabahttdcmo-mcf;20250520924513730981_nasabahttdcmo-mcf_Applicant.jpeg
allobank-mcf;20250520924513730981_allobank-mcf_Applicant.jpeg
rumahjalan-mcf;20250520924513730981_rumahjalan-mcf_Applicant.jpeg
bpkbdepan-mcf;20250520924513730981_bpkbdepan-mcf_Applicant.jpeg
pbbrekening-mcf;2025051722024267612767_pbbrekening-mcf_Applicant.jpeg
kksuratnikah-mcf;2025051722024267612767_kksuratnikah-mcf_Applicant.jpeg
halamandepanbukutabungan-mcf;2025051722024267612767_halamandepanbukutabungan-mcf_Applicant.jpeg
fpkbelakang-mcf;2025051722024267612767_fpkbelakang-mcf_Applicant.jpeg
fpkdepan-mcf;2025051722024267612767_fpkdepan-mcf_Applicant.jpeg
tempatusahadepan-mcf;2025051722024267612767_tempatusahadepan-mcf_Applicant.jpeg
rumahdepan-mcf;2025051722024267612767_rumahdepan-mcf_Applicant.jpeg
pasanganttdcmo-mcf;2025051722024267612767_pasanganttdcmo-mcf_Applicant.jpeg
nasabahttdcmo-mcf;2025051722024267612767_nasabahttdcmo-mcf_Applicant.jpeg
allobank-mcf;2025051722024267612767_allobank-mcf_Applicant.jpeg
rumahjalan-mcf;2025051722024267612767_rumahjalan-mcf_Applicant.jpeg
salaryslip-mcf;2025051722024267612767_salaryslip-mcf_Applicant.jpeg
nomorrumah-mcf;2025051722024267612767_nomorrumah-mcf_Applicant.jpeg
dalamrumah-mcf;2025051722024267612767_dalamrumah-mcf_Applicant.jpeg
pricelist-mcf;2025051722024267612767_pricelist-mcf_Applicant.jpeg
pbbrekening-mcf;2025051922025629811734_pbbrekening-mcf_Applicant.jpeg
kksuratnikah-mcf;2025051922025629811734_kksuratnikah-mcf_Applicant.jpeg
halamandepanbukutabungan-mcf;2025051922025629811734_halamandepanbukutabungan-mcf_Applicant.jpeg
fpkbelakang-mcf;2025051922025629811734_fpkbelakang-mcf_Applicant.jpeg
fpkdepan-mcf;2025051922025629811734_fpkdepan-mcf_Applicant.jpeg
nasabahttdcmo-mcf;2025052722023508779710_nasabahttdcmo-mcf_Applicant.jpeg
allobank-mcf;2025052722023508779710_allobank-mcf_Applicant.jpeg
rumahjalan-mcf;2025052722023508779710_rumahjalan-mcf_Applicant.jpeg
bpkbdepan-mcf;2025052722023508779710_bpkbdepan-mcf_Applicant.jpeg
bpkbbelakang-mcf;2025052722023508779710_bpkbbelakang-mcf_Applicant.jpeg
stnkpajak-mcf;2025052722023508779710_stnkpajak-mcf_Applicant.jpeg
unitdepankanan-mcf;2025052722023508779710_unitdepankanan-mcf_Applicant.jpeg
unitdepankiri-mcf;2025052722023508779710_unitdepankiri-mcf_Applicant.jpeg
salaryslip-mcf;2025052722023508779710_salaryslip-mcf_Applicant.jpeg
nomorrumah-mcf;2025052722023508779710_nomorrumah-mcf_Applicant.jpeg
dalamrumah-mcf;2025052722023508779710_dalamrumah-mcf_Applicant.jpeg
buktipenghasilanusaha-mcf;2025052722023508779710_buktipenghasilanusaha-mcf_Applicant.jpeg
perizinanusaha-mcf;2025052722023508779710_perizinanusaha-mcf_Applicant.jpeg
buktikepemilikanusaha-mcf;2025052722023508779710_buktikepemilikanusaha-mcf_Applicant.jpeg
rangkanomesin-mcf;2025052722023508779710_rangkanomesin-mcf_Applicant.jpeg
tempatusahadepan-mcf;2025051922025629811734_tempatusahadepan-mcf_Applicant.jpeg
rumahdepan-mcf;2025051922025629811734_rumahdepan-mcf_Applicant.jpeg
pasanganttdcmo-mcf;2025051922025629811734_pasanganttdcmo-mcf_Applicant.jpeg
nasabahttdcmo-mcf;2025051922025629811734_nasabahttdcmo-mcf_Applicant.jpeg
allobank-mcf;2025051922025629811734_allobank-mcf_Applicant.jpeg
rumahjalan-mcf;2025051922025629811734_rumahjalan-mcf_Applicant.jpeg
bpkbdepan-mcf;2025051922025629811734_bpkbdepan-mcf_Applicant.jpeg
bpkbbelakang-mcf;2025051922025629811734_bpkbbelakang-mcf_Applicant.jpeg
stnkpajak-mcf;2025051922025629811734_stnkpajak-mcf_Applicant.jpeg
unitdepankanan-mcf;2025051922025629811734_unitdepankanan-mcf_Applicant.jpeg
unitdepankiri-mcf;2025051922025629811734_unitdepankiri-mcf_Applicant.jpeg
salaryslip-mcf;2025051922025629811734_salaryslip-mcf_Applicant.jpeg
nomorrumah-mcf;2025051922025629811734_nomorrumah-mcf_Applicant.jpeg
pbbrekening-mcf;2025052222020644838079_pbbrekening-mcf_Applicant.jpeg
kksuratnikah-mcf;2025052222020644838079_kksuratnikah-mcf_Applicant.jpeg
halamandepanbukutabungan-mcf;2025052222020644838079_halamandepanbukutabungan-mcf_Applicant.jpeg
fpkbelakang-mcf;2025052222020644838079_fpkbelakang-mcf_Applicant.jpeg
fpkdepan-mcf;2025052222020644838079_fpkdepan-mcf_Applicant.jpeg
tempatusahadepan-mcf;2025052222020644838079_tempatusahadepan-mcf_Applicant.jpeg
rumahdepan-mcf;2025052222020644838079_rumahdepan-mcf_Applicant.jpeg
pasanganttdcmo-mcf;2025052222020644838079_pasanganttdcmo-mcf_Applicant.jpeg
nasabahttdcmo-mcf;2025052222020644838079_nasabahttdcmo-mcf_Applicant.jpeg
rumahjalan-mcf;2025052222020644838079_rumahjalan-mcf_Applicant.jpeg
salaryslip-mcf;2025052222020644838079_salaryslip-mcf_Applicant.jpeg
nomorrumah-mcf;2025052222020644838079_nomorrumah-mcf_Applicant.jpeg
dalamrumah-mcf;2025052222020644838079_dalamrumah-mcf_Applicant.jpeg
pricelist-mcf;2025052222020644838079_pricelist-mcf_Applicant.jpeg
buktipenghasilanusaha-mcf;2025052222020644838079_buktipenghasilanusaha-mcf_Applicant.jpeg
perizinanusaha-mcf;2025052222020644838079_perizinanusaha-mcf_Applicant.jpeg
buktikepemilikanusaha-mcf;2025052222020644838079_buktikepemilikanusaha-mcf_Applicant.jpeg
pbbrekening-mcf;2025052222024005875197_pbbrekening-mcf_Applicant.jpeg
kksuratnikah-mcf;2025052222024005875197_kksuratnikah-mcf_Applicant.jpeg
halamandepanbukutabungan-mcf;2025052222024005875197_halamandepanbukutabungan-mcf_Applicant.jpeg
fpkbelakang-mcf;2025052222024005875197_fpkbelakang-mcf_Applicant.jpeg
fpkdepan-mcf;2025052222024005875197_fpkdepan-mcf_Applicant.jpeg
tempatusahadepan-mcf;2025052222024005875197_tempatusahadepan-mcf_Applicant.jpeg
rumahdepan-mcf;2025052222024005875197_rumahdepan-mcf_Applicant.jpeg
pasanganttdcmo-mcf;2025052222024005875197_pasanganttdcmo-mcf_Applicant.jpeg
nasabahttdcmo-mcf;2025052222024005875197_nasabahttdcmo-mcf_Applicant.jpeg
allobank-mcf;2025052222024005875197_allobank-mcf_Applicant.jpeg
rumahjalan-mcf;2025052222024005875197_rumahjalan-mcf_Applicant.jpeg
salaryslip-mcf;2025052222024005875197_salaryslip-mcf_Applicant.jpeg
nomorrumah-mcf;2025052222024005875197_nomorrumah-mcf_Applicant.jpeg
dalamrumah-mcf;2025052222024005875197_dalamrumah-mcf_Applicant.jpeg
pricelist-mcf;2025052222024005875197_pricelist-mcf_Applicant.jpeg
pbbrekening-mcf;2025052222022543727457_pbbrekening-mcf_Applicant.jpeg
kksuratnikah-mcf;2025052222022543727457_kksuratnikah-mcf_Applicant.jpeg
halamandepanbukutabungan-mcf;2025052222022543727457_halamandepanbukutabungan-mcf_Applicant.jpeg
fpkbelakang-mcf;2025052222022543727457_fpkbelakang-mcf_Applicant.jpeg
fpkdepan-mcf;2025052222022543727457_fpkdepan-mcf_Applicant.jpeg
tempatusahadepan-mcf;2025052222022543727457_tempatusahadepan-mcf_Applicant.jpeg
rumahdepan-mcf;2025052222022543727457_rumahdepan-mcf_Applicant.jpeg
pasanganttdcmo-mcf;2025052222022543727457_pasanganttdcmo-mcf_Applicant.jpeg
nasabahttdcmo-mcf;2025052222022543727457_nasabahttdcmo-mcf_Applicant.jpeg
allobank-mcf;2025052222022543727457_allobank-mcf_Applicant.jpeg
rumahjalan-mcf;2025052222022543727457_rumahjalan-mcf_Applicant.jpeg
salaryslip-mcf;2025052222022543727457_salaryslip-mcf_Applicant.jpeg
nomorrumah-mcf;2025052222022543727457_nomorrumah-mcf_Applicant.jpeg
dalamrumah-mcf;2025052222022543727457_dalamrumah-mcf_Applicant.jpeg
pricelist-mcf;2025052222022543727457_pricelist-mcf_Applicant.jpeg
pbbrekening-mcf;2025052222024358277511_pbbrekening-mcf_Applicant.jpeg
kksuratnikah-mcf;2025052222024358277511_kksuratnikah-mcf_Applicant.jpeg
halamandepanbukutabungan-mcf;2025052222024358277511_halamandepanbukutabungan-mcf_Applicant.jpeg
fpkbelakang-mcf;2025052222024358277511_fpkbelakang-mcf_Applicant.jpeg
fpkdepan-mcf;2025052222024358277511_fpkdepan-mcf_Applicant.jpeg
tempatusahadepan-mcf;2025052222024358277511_tempatusahadepan-mcf_Applicant.jpeg
rumahdepan-mcf;2025052222024358277511_rumahdepan-mcf_Applicant.jpeg
tempatusahadepan-mcf;2025052222024242798399_tempatusahadepan-mcf_Applicant.jpeg
rumahdepan-mcf;2025052222024242798399_rumahdepan-mcf_Applicant.jpeg
pasanganttdcmo-mcf;2025052222024242798399_pasanganttdcmo-mcf_Applicant.jpeg
nasabahttdcmo-mcf;2025052222024242798399_nasabahttdcmo-mcf_Applicant.jpeg
allobank-mcf;2025052222024242798399_allobank-mcf_Applicant.jpeg
rumahjalan-mcf;2025052222024242798399_rumahjalan-mcf_Applicant.jpeg
salaryslip-mcf;2025052222024242798399_salaryslip-mcf_Applicant.jpeg
nomorrumah-mcf;2025052222024242798399_nomorrumah-mcf_Applicant.jpeg
dalamrumah-mcf;2025052222024242798399_dalamrumah-mcf_Applicant.jpeg
pricelist-mcf;2025052222024242798399_pricelist-mcf_Applicant.jpeg
nasabahttdcmo-mcf;2025052422022252518653_nasabahttdcmo-mcf_Applicant.jpeg
allobank-mcf;2025052422022252518653_allobank-mcf_Applicant.jpeg
rumahjalan-mcf;2025052422022252518653_rumahjalan-mcf_Applicant.jpeg
salaryslip-mcf;2025052422022252518653_salaryslip-mcf_Applicant.jpeg
nomorrumah-mcf;2025052422022252518653_nomorrumah-mcf_Applicant.jpeg
dalamrumah-mcf;2025052422022252518653_dalamrumah-mcf_Applicant.jpeg
pricelist-mcf;2025052422022252518653_pricelist-mcf_Applicant.jpeg
pbbrekening-mcf;2025052422021125373879_pbbrekening-mcf_Applicant.jpeg
kksuratnikah-mcf;2025052422021125373879_kksuratnikah-mcf_Applicant.jpeg
halamandepanbukutabungan-mcf;2025052422021125373879_halamandepanbukutabungan-mcf_Applicant.jpeg
fpkbelakang-mcf;2025052422021125373879_fpkbelakang-mcf_Applicant.jpeg
fpkdepan-mcf;2025052422021125373879_fpkdepan-mcf_Applicant.jpeg
tempatusahadepan-mcf;2025052422021125373879_tempatusahadepan-mcf_Applicant.jpeg
rumahdepan-mcf;2025052422021125373879_rumahdepan-mcf_Applicant.jpeg
pasanganttdcmo-mcf;2025052422021125373879_pasanganttdcmo-mcf_Applicant.jpeg
nasabahttdcmo-mcf;2025052422021125373879_nasabahttdcmo-mcf_Applicant.jpeg
allobank-mcf;2025052422021125373879_allobank-mcf_Applicant.jpeg
rumahjalan-mcf;2025052422021125373879_rumahjalan-mcf_Applicant.jpeg
salaryslip-mcf;2025052422021125373879_salaryslip-mcf_Applicant.jpeg
nomorrumah-mcf;2025052422021125373879_nomorrumah-mcf_Applicant.jpeg
dalamrumah-mcf;2025052422021125373879_dalamrumah-mcf_Applicant.jpeg
pricelist-mcf;2025052422021125373879_pricelist-mcf_Applicant.jpeg
pbbrekening-mcf;2025052322023598529914_pbbrekening-mcf_Applicant.jpeg
kksuratnikah-mcf;2025052322023598529914_kksuratnikah-mcf_Applicant.jpeg
halamandepanbukutabungan-mcf;2025052322023598529914_halamandepanbukutabungan-mcf_Applicant.jpeg
fpkbelakang-mcf;2025052322023598529914_fpkbelakang-mcf_Applicant.jpeg
fpkdepan-mcf;2025052322023598529914_fpkdepan-mcf_Applicant.jpeg
tempatusahadepan-mcf;2025052322023598529914_tempatusahadepan-mcf_Applicant.jpeg
rumahdepan-mcf;2025052322023598529914_rumahdepan-mcf_Applicant.jpeg
dalamrumah-mcf;2025051922025629811734_dalamrumah-mcf_Applicant.jpeg
rangkanomesin-mcf;2025051922025629811734_rangkanomesin-mcf_Applicant.jpeg
pbbrekening-mcf;2025052222022661885725_pbbrekening-mcf_Applicant.jpeg
kksuratnikah-mcf;2025052222022661885725_kksuratnikah-mcf_Applicant.jpeg
halamandepanbukutabungan-mcf;2025052222022661885725_halamandepanbukutabungan-mcf_Applicant.jpeg
fpkbelakang-mcf;2025052222022661885725_fpkbelakang-mcf_Applicant.jpeg
fpkdepan-mcf;2025052222022661885725_fpkdepan-mcf_Applicant.jpeg
tempatusahadepan-mcf;2025052222022661885725_tempatusahadepan-mcf_Applicant.jpeg
rumahdepan-mcf;2025052222022661885725_rumahdepan-mcf_Applicant.jpeg
pasanganttdcmo-mcf;2025052222022661885725_pasanganttdcmo-mcf_Applicant.jpeg
nasabahttdcmo-mcf;2025052222022661885725_nasabahttdcmo-mcf_Applicant.jpeg
allobank-mcf;2025052222022661885725_allobank-mcf_Applicant.jpeg
rumahjalan-mcf;2025052222022661885725_rumahjalan-mcf_Applicant.jpeg
salaryslip-mcf;2025052222022661885725_salaryslip-mcf_Applicant.jpeg
nomorrumah-mcf;2025052222022661885725_nomorrumah-mcf_Applicant.jpeg
dalamrumah-mcf;2025052222022661885725_dalamrumah-mcf_Applicant.jpeg
pricelist-mcf;2025052222022661885725_pricelist-mcf_Applicant.jpeg
unitdepankiri-mcf;2025052222022055598749_unitdepankiri-mcf_Applicant.jpeg
salaryslip-mcf;2025052222022055598749_salaryslip-mcf_Applicant.jpeg
nomorrumah-mcf;2025052222022055598749_nomorrumah-mcf_Applicant.jpeg
dalamrumah-mcf;2025052222022055598749_dalamrumah-mcf_Applicant.jpeg
rangkanomesin-mcf;2025052222022055598749_rangkanomesin-mcf_Applicant.jpeg
pbbrekening-mcf;2025052222020644871298_pbbrekening-mcf_Applicant.jpeg
kksuratnikah-mcf;2025052222020644871298_kksuratnikah-mcf_Applicant.jpeg
halamandepanbukutabungan-mcf;2025052222020644871298_halamandepanbukutabungan-mcf_Applicant.jpeg
fpkbelakang-mcf;2025052222020644871298_fpkbelakang-mcf_Applicant.jpeg
fpkdepan-mcf;2025052222020644871298_fpkdepan-mcf_Applicant.jpeg
tempatusahadepan-mcf;2025052222020644871298_tempatusahadepan-mcf_Applicant.jpeg
rumahdepan-mcf;2025052222020644871298_rumahdepan-mcf_Applicant.jpeg
pasanganttdcmo-mcf;2025052222020644871298_pasanganttdcmo-mcf_Applicant.jpeg
pbbrekening-mcf;2025052222022055598749_pbbrekening-mcf_Applicant.jpeg
kksuratnikah-mcf;2025052222022055598749_kksuratnikah-mcf_Applicant.jpeg
halamandepanbukutabungan-mcf;2025052222022055598749_halamandepanbukutabungan-mcf_Applicant.jpeg
fpkbelakang-mcf;2025052222022055598749_fpkbelakang-mcf_Applicant.jpeg
fpkdepan-mcf;2025052222022055598749_fpkdepan-mcf_Applicant.jpeg
tempatusahadepan-mcf;2025052222022055598749_tempatusahadepan-mcf_Applicant.jpeg
rumahdepan-mcf;2025052222022055598749_rumahdepan-mcf_Applicant.jpeg
pasanganttdcmo-mcf;2025052222022055598749_pasanganttdcmo-mcf_Applicant.jpeg
nasabahttdcmo-mcf;2025052222022055598749_nasabahttdcmo-mcf_Applicant.jpeg
allobank-mcf;2025052222022055598749_allobank-mcf_Applicant.jpeg
rumahjalan-mcf;2025052222022055598749_rumahjalan-mcf_Applicant.jpeg
bpkbdepan-mcf;2025052222022055598749_bpkbdepan-mcf_Applicant.jpeg
bpkbbelakang-mcf;2025052222022055598749_bpkbbelakang-mcf_Applicant.jpeg
stnkpajak-mcf;2025052222022055598749_stnkpajak-mcf_Applicant.jpeg
unitdepankanan-mcf;2025052222022055598749_unitdepankanan-mcf_Applicant.jpeg
nasabahttdcmo-mcf;2025052222020644871298_nasabahttdcmo-mcf_Applicant.jpeg
rumahjalan-mcf;2025052222020644871298_rumahjalan-mcf_Applicant.jpeg
salaryslip-mcf;2025052222020644871298_salaryslip-mcf_Applicant.jpeg
nomorrumah-mcf;2025052222020644871298_nomorrumah-mcf_Applicant.jpeg
dalamrumah-mcf;2025052222020644871298_dalamrumah-mcf_Applicant.jpeg
pricelist-mcf;2025052222020644871298_pricelist-mcf_Applicant.jpeg
buktipenghasilanusaha-mcf;2025052222020644871298_buktipenghasilanusaha-mcf_Applicant.jpeg
perizinanusaha-mcf;2025052222020644871298_perizinanusaha-mcf_Applicant.jpeg
buktikepemilikanusaha-mcf;2025052222020644871298_buktikepemilikanusaha-mcf_Applicant.jpeg
pbbrekening-mcf;2025052122024163074994_pbbrekening-mcf_Applicant.jpeg
kksuratnikah-mcf;2025052122024163074994_kksuratnikah-mcf_Applicant.jpeg
halamandepanbukutabungan-mcf;2025052122024163074994_halamandepanbukutabungan-mcf_Applicant.jpeg
fpkbelakang-mcf;2025052122024163074994_fpkbelakang-mcf_Applicant.jpeg
fpkdepan-mcf;2025052122024163074994_fpkdepan-mcf_Applicant.jpeg
tempatusahadepan-mcf;2025052122024163074994_tempatusahadepan-mcf_Applicant.jpeg
rumahdepan-mcf;2025052122024163074994_rumahdepan-mcf_Applicant.jpeg
pasanganttdcmo-mcf;2025052122024163074994_pasanganttdcmo-mcf_Applicant.jpeg
nasabahttdcmo-mcf;2025052122024163074994_nasabahttdcmo-mcf_Applicant.jpeg
allobank-mcf;2025052122024163074994_allobank-mcf_Applicant.jpeg
rumahjalan-mcf;2025052122024163074994_rumahjalan-mcf_Applicant.jpeg
bpkbdepan-mcf;2025052122024163074994_bpkbdepan-mcf_Applicant.jpeg
bpkbbelakang-mcf;2025052122024163074994_bpkbbelakang-mcf_Applicant.jpeg
stnkpajak-mcf;2025052122024163074994_stnkpajak-mcf_Applicant.jpeg
unitdepankanan-mcf;2025052122024163074994_unitdepankanan-mcf_Applicant.jpeg
unitdepankiri-mcf;2025052122024163074994_unitdepankiri-mcf_Applicant.jpeg
salaryslip-mcf;2025052122024163074994_salaryslip-mcf_Applicant.jpeg
nomorrumah-mcf;2025052122024163074994_nomorrumah-mcf_Applicant.jpeg
dalamrumah-mcf;2025052122024163074994_dalamrumah-mcf_Applicant.jpeg
rangkanomesin-mcf;2025052122024163074994_rangkanomesin-mcf_Applicant.jpeg
pbbrekening-mcf;2025052222022698049005_pbbrekening-mcf_Applicant.jpeg
kksuratnikah-mcf;2025052222022698049005_kksuratnikah-mcf_Applicant.jpeg
halamandepanbukutabungan-mcf;2025052222022698049005_halamandepanbukutabungan-mcf_Applicant.jpeg
fpkbelakang-mcf;2025052222022698049005_fpkbelakang-mcf_Applicant.jpeg
fpkdepan-mcf;2025052222022698049005_fpkdepan-mcf_Applicant.jpeg
tempatusahadepan-mcf;2025052222022698049005_tempatusahadepan-mcf_Applicant.jpeg
rumahdepan-mcf;2025052222022698049005_rumahdepan-mcf_Applicant.jpeg
pasanganttdcmo-mcf;2025052222022698049005_pasanganttdcmo-mcf_Applicant.jpeg
nasabahttdcmo-mcf;2025052222022698049005_nasabahttdcmo-mcf_Applicant.jpeg
allobank-mcf;2025052222022698049005_allobank-mcf_Applicant.jpeg
rumahjalan-mcf;2025052222022698049005_rumahjalan-mcf_Applicant.jpeg
salaryslip-mcf;2025052222022698049005_salaryslip-mcf_Applicant.jpeg
nomorrumah-mcf;2025052222022698049005_nomorrumah-mcf_Applicant.jpeg
pbbrekening-mcf;2025052122025162390750_pbbrekening-mcf_Applicant.jpeg
kksuratnikah-mcf;2025052122025162390750_kksuratnikah-mcf_Applicant.jpeg
halamandepanbukutabungan-mcf;2025052122025162390750_halamandepanbukutabungan-mcf_Applicant.jpeg
fpkbelakang-mcf;2025052122025162390750_fpkbelakang-mcf_Applicant.jpeg
fpkdepan-mcf;2025052122025162390750_fpkdepan-mcf_Applicant.jpeg
tempatusahadepan-mcf;2025052122025162390750_tempatusahadepan-mcf_Applicant.jpeg
rumahdepan-mcf;2025052122025162390750_rumahdepan-mcf_Applicant.jpeg
pasanganttdcmo-mcf;2025052122025162390750_pasanganttdcmo-mcf_Applicant.jpeg
nasabahttdcmo-mcf;2025052122025162390750_nasabahttdcmo-mcf_Applicant.jpeg
allobank-mcf;2025052122025162390750_allobank-mcf_Applicant.jpeg
rumahjalan-mcf;2025052122025162390750_rumahjalan-mcf_Applicant.jpeg
salaryslip-mcf;2025052122025162390750_salaryslip-mcf_Applicant.jpeg
nomorrumah-mcf;2025052122025162390750_nomorrumah-mcf_Applicant.jpeg
dalamrumah-mcf;2025052122025162390750_dalamrumah-mcf_Applicant.jpeg
perizinanusaha-mcf;2025052222022615897862_perizinanusaha-mcf_Applicant.jpeg
buktikepemilikanusaha-mcf;2025052222022615897862_buktikepemilikanusaha-mcf_Applicant.jpeg
nomorrumah-mcf;2025052222024303532285_nomorrumah-mcf_Applicant.jpeg
dalamrumah-mcf;2025052222024303532285_dalamrumah-mcf_Applicant.jpeg
pricelist-mcf;2025052222024303532285_pricelist-mcf_Applicant.jpeg
pbbrekening-mcf;2025052222021041124373_pbbrekening-mcf_Applicant.jpeg
kksuratnikah-mcf;2025052222021041124373_kksuratnikah-mcf_Applicant.jpeg
halamandepanbukutabungan-mcf;2025052222021041124373_halamandepanbukutabungan-mcf_Applicant.jpeg
fpkbelakang-mcf;2025052222021041124373_fpkbelakang-mcf_Applicant.jpeg
fpkdepan-mcf;2025052222021041124373_fpkdepan-mcf_Applicant.jpeg
tempatusahadepan-mcf;2025052222021041124373_tempatusahadepan-mcf_Applicant.jpeg
rumahdepan-mcf;2025052222021041124373_rumahdepan-mcf_Applicant.jpeg
pasanganttdcmo-mcf;2025052222021041124373_pasanganttdcmo-mcf_Applicant.jpeg
nasabahttdcmo-mcf;2025052222021041124373_nasabahttdcmo-mcf_Applicant.jpeg
allobank-mcf;2025052222021041124373_allobank-mcf_Applicant.jpeg
pricelist-mcf;2025052122025162390750_pricelist-mcf_Applicant.jpeg
pbbrekening-mcf;2025052222022615897862_pbbrekening-mcf_Applicant.jpeg
kksuratnikah-mcf;2025052222022615897862_kksuratnikah-mcf_Applicant.jpeg
halamandepanbukutabungan-mcf;2025052222022615897862_halamandepanbukutabungan-mcf_Applicant.jpeg
fpkbelakang-mcf;2025052222022615897862_fpkbelakang-mcf_Applicant.jpeg
fpkdepan-mcf;2025052222022615897862_fpkdepan-mcf_Applicant.jpeg
tempatusahadepan-mcf;2025052222022615897862_tempatusahadepan-mcf_Applicant.jpeg
rumahdepan-mcf;2025052222022615897862_rumahdepan-mcf_Applicant.jpeg
pasanganttdcmo-mcf;2025052222022615897862_pasanganttdcmo-mcf_Applicant.jpeg
nasabahttdcmo-mcf;2025052222022615897862_nasabahttdcmo-mcf_Applicant.jpeg
allobank-mcf;2025052222022615897862_allobank-mcf_Applicant.jpeg
rumahjalan-mcf;2025052222022615897862_rumahjalan-mcf_Applicant.jpeg
salaryslip-mcf;2025052222022615897862_salaryslip-mcf_Applicant.jpeg
nomorrumah-mcf;2025052222022615897862_nomorrumah-mcf_Applicant.jpeg
dalamrumah-mcf;2025052222022615897862_dalamrumah-mcf_Applicant.jpeg
pricelist-mcf;2025052222022615897862_pricelist-mcf_Applicant.jpeg
buktipenghasilanusaha-mcf;2025052222022615897862_buktipenghasilanusaha-mcf_Applicant.jpeg
rumahjalan-mcf;2025052222021041124373_rumahjalan-mcf_Applicant.jpeg
salaryslip-mcf;2025052222021041124373_salaryslip-mcf_Applicant.jpeg
nomorrumah-mcf;2025052222021041124373_nomorrumah-mcf_Applicant.jpeg
dalamrumah-mcf;2025052222021041124373_dalamrumah-mcf_Applicant.jpeg
pricelist-mcf;2025052222021041124373_pricelist-mcf_Applicant.jpeg
buktipenghasilanusaha-mcf;2025052222021041124373_buktipenghasilanusaha-mcf_Applicant.jpeg
perizinanusaha-mcf;2025052222021041124373_perizinanusaha-mcf_Applicant.jpeg
buktikepemilikanusaha-mcf;2025052222021041124373_buktikepemilikanusaha-mcf_Applicant.jpeg
pbbrekening-mcf;2025052222024303532285_pbbrekening-mcf_Applicant.jpeg
kksuratnikah-mcf;2025052222024303532285_kksuratnikah-mcf_Applicant.jpeg
halamandepanbukutabungan-mcf;2025052222024303532285_halamandepanbukutabungan-mcf_Applicant.jpeg
fpkbelakang-mcf;2025052222024303532285_fpkbelakang-mcf_Applicant.jpeg
fpkdepan-mcf;2025052222024303532285_fpkdepan-mcf_Applicant.jpeg
tempatusahadepan-mcf;2025052222024303532285_tempatusahadepan-mcf_Applicant.jpeg
rumahdepan-mcf;2025052222024303532285_rumahdepan-mcf_Applicant.jpeg
pasanganttdcmo-mcf;2025052222024303532285_pasanganttdcmo-mcf_Applicant.jpeg
nasabahttdcmo-mcf;2025052222024303532285_nasabahttdcmo-mcf_Applicant.jpeg
allobank-mcf;2025052222024303532285_allobank-mcf_Applicant.jpeg
rumahjalan-mcf;2025052222024303532285_rumahjalan-mcf_Applicant.jpeg
salaryslip-mcf;2025052222024303532285_salaryslip-mcf_Applicant.jpeg
allobank-mcf;2025052222024490827146_allobank-mcf_Applicant.jpeg
rumahjalan-mcf;2025052222024490827146_rumahjalan-mcf_Applicant.jpeg
salaryslip-mcf;2025052222024490827146_salaryslip-mcf_Applicant.jpeg
nomorrumah-mcf;2025052222024490827146_nomorrumah-mcf_Applicant.jpeg
dalamrumah-mcf;2025052222024490827146_dalamrumah-mcf_Applicant.jpeg
pricelist-mcf;2025052222024490827146_pricelist-mcf_Applicant.jpeg
pbbrekening-mcf;2025052122024270263654_pbbrekening-mcf_Applicant.jpeg
kksuratnikah-mcf;2025052122024270263654_kksuratnikah-mcf_Applicant.jpeg
halamandepanbukutabungan-mcf;2025052122024270263654_halamandepanbukutabungan-mcf_Applicant.jpeg
fpkbelakang-mcf;2025052122024270263654_fpkbelakang-mcf_Applicant.jpeg
fpkdepan-mcf;2025052122024270263654_fpkdepan-mcf_Applicant.jpeg
tempatusahadepan-mcf;2025052122024270263654_tempatusahadepan-mcf_Applicant.jpeg
rumahdepan-mcf;2025052122024270263654_rumahdepan-mcf_Applicant.jpeg
pasanganttdcmo-mcf;2025052122024270263654_pasanganttdcmo-mcf_Applicant.jpeg
nasabahttdcmo-mcf;2025052122024270263654_nasabahttdcmo-mcf_Applicant.jpeg
allobank-mcf;2025052122024270263654_allobank-mcf_Applicant.jpeg
rumahjalan-mcf;2025052122024270263654_rumahjalan-mcf_Applicant.jpeg
salaryslip-mcf;2025052122024270263654_salaryslip-mcf_Applicant.jpeg
nomorrumah-mcf;2025052122024270263654_nomorrumah-mcf_Applicant.jpeg
dalamrumah-mcf;2025052122024270263654_dalamrumah-mcf_Applicant.jpeg
pbbrekening-mcf;2025052222024490827146_pbbrekening-mcf_Applicant.jpeg
kksuratnikah-mcf;2025052222024490827146_kksuratnikah-mcf_Applicant.jpeg
halamandepanbukutabungan-mcf;2025052222024490827146_halamandepanbukutabungan-mcf_Applicant.jpeg
fpkbelakang-mcf;2025052222024490827146_fpkbelakang-mcf_Applicant.jpeg
fpkdepan-mcf;2025052222024490827146_fpkdepan-mcf_Applicant.jpeg
tempatusahadepan-mcf;2025052222024490827146_tempatusahadepan-mcf_Applicant.jpeg
rumahdepan-mcf;2025052222024490827146_rumahdepan-mcf_Applicant.jpeg
pasanganttdcmo-mcf;2025052222024490827146_pasanganttdcmo-mcf_Applicant.jpeg
nasabahttdcmo-mcf;2025052222024490827146_nasabahttdcmo-mcf_Applicant.jpeg
pricelist-mcf;2025052122024270263654_pricelist-mcf_Applicant.jpeg
pricelist-mcf;2025052222022529668127_pricelist-mcf_Applicant.jpeg
buktipenghasilanusaha-mcf;2025052222022529668127_buktipenghasilanusaha-mcf_Applicant.jpeg
perizinanusaha-mcf;2025052222022529668127_perizinanusaha-mcf_Applicant.jpeg
buktikepemilikanusaha-mcf;2025052222022529668127_buktikepemilikanusaha-mcf_Applicant.jpeg
dalamrumah-mcf;2025051922023018125833_dalamrumah-mcf_Applicant.jpeg
pricelist-mcf;2025051922023018125833_pricelist-mcf_Applicant.jpeg
pbbrekening-mcf;2025052222022529668127_pbbrekening-mcf_Applicant.jpeg
kksuratnikah-mcf;2025052222022529668127_kksuratnikah-mcf_Applicant.jpeg
halamandepanbukutabungan-mcf;2025052222022529668127_halamandepanbukutabungan-mcf_Applicant.jpeg
fpkbelakang-mcf;2025052222022529668127_fpkbelakang-mcf_Applicant.jpeg
fpkdepan-mcf;2025052222022529668127_fpkdepan-mcf_Applicant.jpeg
tempatusahadepan-mcf;2025052222022529668127_tempatusahadepan-mcf_Applicant.jpeg
rumahdepan-mcf;2025052222022529668127_rumahdepan-mcf_Applicant.jpeg
pasanganttdcmo-mcf;2025052222022529668127_pasanganttdcmo-mcf_Applicant.jpeg
nasabahttdcmo-mcf;2025052222022529668127_nasabahttdcmo-mcf_Applicant.jpeg
allobank-mcf;2025052222022529668127_allobank-mcf_Applicant.jpeg
rumahjalan-mcf;2025052222022529668127_rumahjalan-mcf_Applicant.jpeg
salaryslip-mcf;2025052222022529668127_salaryslip-mcf_Applicant.jpeg
nomorrumah-mcf;2025052222022529668127_nomorrumah-mcf_Applicant.jpeg
dalamrumah-mcf;2025052222022529668127_dalamrumah-mcf_Applicant.jpeg
fpkbelakang-mcf;2025052222025048180099_fpkbelakang-mcf_Applicant.jpeg
fpkdepan-mcf;2025052222025048180099_fpkdepan-mcf_Applicant.jpeg
tempatusahadepan-mcf;2025052222025048180099_tempatusahadepan-mcf_Applicant.jpeg
rumahdepan-mcf;2025052222025048180099_rumahdepan-mcf_Applicant.jpeg
pasanganttdcmo-mcf;2025052222025048180099_pasanganttdcmo-mcf_Applicant.jpeg
nasabahttdcmo-mcf;2025052222025048180099_nasabahttdcmo-mcf_Applicant.jpeg
allobank-mcf;2025052222025048180099_allobank-mcf_Applicant.jpeg
rumahjalan-mcf;2025052222025048180099_rumahjalan-mcf_Applicant.jpeg
bpkbdepan-mcf;2025052222025048180099_bpkbdepan-mcf_Applicant.jpeg
bpkbbelakang-mcf;2025052222025048180099_bpkbbelakang-mcf_Applicant.jpeg
stnkpajak-mcf;2025052222025048180099_stnkpajak-mcf_Applicant.jpeg
unitdepankanan-mcf;2025052222025048180099_unitdepankanan-mcf_Applicant.jpeg
unitdepankiri-mcf;2025052222025048180099_unitdepankiri-mcf_Applicant.jpeg
salaryslip-mcf;2025052222025048180099_salaryslip-mcf_Applicant.jpeg
nomorrumah-mcf;2025052222025048180099_nomorrumah-mcf_Applicant.jpeg
pbbrekening-mcf;2025052222022615868125_pbbrekening-mcf_Applicant.jpeg
kksuratnikah-mcf;2025052222022615868125_kksuratnikah-mcf_Applicant.jpeg
halamandepanbukutabungan-mcf;2025052222022615868125_halamandepanbukutabungan-mcf_Applicant.jpeg
fpkbelakang-mcf;2025052222022615868125_fpkbelakang-mcf_Applicant.jpeg
fpkdepan-mcf;2025052222022615868125_fpkdepan-mcf_Applicant.jpeg
tempatusahadepan-mcf;2025052222022615868125_tempatusahadepan-mcf_Applicant.jpeg
rumahdepan-mcf;2025052222022615868125_rumahdepan-mcf_Applicant.jpeg
pasanganttdcmo-mcf;2025052222022615868125_pasanganttdcmo-mcf_Applicant.jpeg
nasabahttdcmo-mcf;2025052222022615868125_nasabahttdcmo-mcf_Applicant.jpeg
allobank-mcf;2025052222022615868125_allobank-mcf_Applicant.jpeg
rumahjalan-mcf;2025052222022615868125_rumahjalan-mcf_Applicant.jpeg
salaryslip-mcf;2025052222022615868125_salaryslip-mcf_Applicant.jpeg
nomorrumah-mcf;2025052222022615868125_nomorrumah-mcf_Applicant.jpeg
dalamrumah-mcf;2025052222022615868125_dalamrumah-mcf_Applicant.jpeg
pricelist-mcf;2025052222022615868125_pricelist-mcf_Applicant.jpeg
rumahjalan-mcf;2025052122025051955542_rumahjalan-mcf_Applicant.jpeg
salaryslip-mcf;2025052122025051955542_salaryslip-mcf_Applicant.jpeg
nomorrumah-mcf;2025052122025051955542_nomorrumah-mcf_Applicant.jpeg
dalamrumah-mcf;2025052122025051955542_dalamrumah-mcf_Applicant.jpeg
pricelist-mcf;2025052122025051955542_pricelist-mcf_Applicant.jpeg
pbbrekening-mcf;2025052222023518499795_pbbrekening-mcf_Applicant.jpeg
kksuratnikah-mcf;2025052222023518499795_kksuratnikah-mcf_Applicant.jpeg
halamandepanbukutabungan-mcf;2025052222023518499795_halamandepanbukutabungan-mcf_Applicant.jpeg
fpkbelakang-mcf;2025052222023518499795_fpkbelakang-mcf_Applicant.jpeg
fpkdepan-mcf;2025052222023518499795_fpkdepan-mcf_Applicant.jpeg
tempatusahadepan-mcf;2025052222023518499795_tempatusahadepan-mcf_Applicant.jpeg
rumahdepan-mcf;2025052222023518499795_rumahdepan-mcf_Applicant.jpeg
pasanganttdcmo-mcf;2025052222023518499795_pasanganttdcmo-mcf_Applicant.jpeg
nasabahttdcmo-mcf;2025052222023518499795_nasabahttdcmo-mcf_Applicant.jpeg
allobank-mcf;2025052222023518499795_allobank-mcf_Applicant.jpeg
rumahjalan-mcf;2025052222023518499795_rumahjalan-mcf_Applicant.jpeg
rumahjalan-mcf;2025052022023186334744_rumahjalan-mcf_Applicant.jpeg
salaryslip-mcf;2025052022023186334744_salaryslip-mcf_Applicant.jpeg
nomorrumah-mcf;2025052022023186334744_nomorrumah-mcf_Applicant.jpeg
dalamrumah-mcf;2025052022023186334744_dalamrumah-mcf_Applicant.jpeg
pricelist-mcf;2025052022023186334744_pricelist-mcf_Applicant.jpeg
pbbrekening-mcf;2025052122025051955542_pbbrekening-mcf_Applicant.jpeg
kksuratnikah-mcf;2025052122025051955542_kksuratnikah-mcf_Applicant.jpeg
halamandepanbukutabungan-mcf;2025052122025051955542_halamandepanbukutabungan-mcf_Applicant.jpeg
fpkbelakang-mcf;2025052122025051955542_fpkbelakang-mcf_Applicant.jpeg
fpkdepan-mcf;2025052122025051955542_fpkdepan-mcf_Applicant.jpeg
tempatusahadepan-mcf;2025052122025051955542_tempatusahadepan-mcf_Applicant.jpeg
rumahdepan-mcf;2025052122025051955542_rumahdepan-mcf_Applicant.jpeg
pasanganttdcmo-mcf;2025052122025051955542_pasanganttdcmo-mcf_Applicant.jpeg
nasabahttdcmo-mcf;2025052122025051955542_nasabahttdcmo-mcf_Applicant.jpeg
allobank-mcf;2025052122025051955542_allobank-mcf_Applicant.jpeg
salaryslip-mcf;2025052222023518499795_salaryslip-mcf_Applicant.jpeg
nomorrumah-mcf;2025052222023518499795_nomorrumah-mcf_Applicant.jpeg
dalamrumah-mcf;2025052222023518499795_dalamrumah-mcf_Applicant.jpeg
pricelist-mcf;2025052222023518499795_pricelist-mcf_Applicant.jpeg
buktipenghasilanusaha-mcf;2025052222023518499795_buktipenghasilanusaha-mcf_Applicant.jpeg
perizinanusaha-mcf;2025052222023518499795_perizinanusaha-mcf_Applicant.jpeg
buktikepemilikanusaha-mcf;2025052222023518499795_buktikepemilikanusaha-mcf_Applicant.jpeg
pbbrekening-mcf;2025052022023186334744_pbbrekening-mcf_Applicant.jpeg
kksuratnikah-mcf;2025052022023186334744_kksuratnikah-mcf_Applicant.jpeg
halamandepanbukutabungan-mcf;2025052022023186334744_halamandepanbukutabungan-mcf_Applicant.jpeg
fpkbelakang-mcf;2025052022023186334744_fpkbelakang-mcf_Applicant.jpeg
fpkdepan-mcf;2025052022023186334744_fpkdepan-mcf_Applicant.jpeg
tempatusahadepan-mcf;2025052022023186334744_tempatusahadepan-mcf_Applicant.jpeg
rumahdepan-mcf;2025052022023186334744_rumahdepan-mcf_Applicant.jpeg
pasanganttdcmo-mcf;2025052022023186334744_pasanganttdcmo-mcf_Applicant.jpeg
nasabahttdcmo-mcf;2025052022023186334744_nasabahttdcmo-mcf_Applicant.jpeg
allobank-mcf;2025052022023186334744_allobank-mcf_Applicant.jpeg
pbbrekening-mcf;2025052122022204762499_pbbrekening-mcf_Applicant.jpeg
kksuratnikah-mcf;2025052122022204762499_kksuratnikah-mcf_Applicant.jpeg
halamandepanbukutabungan-mcf;2025052122022204762499_halamandepanbukutabungan-mcf_Applicant.jpeg
fpkbelakang-mcf;2025052122022204762499_fpkbelakang-mcf_Applicant.jpeg
fpkdepan-mcf;2025052122022204762499_fpkdepan-mcf_Applicant.jpeg
tempatusahadepan-mcf;2025052122022204762499_tempatusahadepan-mcf_Applicant.jpeg
rumahdepan-mcf;2025052122022698083244_rumahdepan-mcf_Applicant.jpeg
pasanganttdcmo-mcf;2025052122022698083244_pasanganttdcmo-mcf_Applicant.jpeg
nasabahttdcmo-mcf;2025052122022698083244_nasabahttdcmo-mcf_Applicant.jpeg
allobank-mcf;2025052122022698083244_allobank-mcf_Applicant.jpeg
rumahjalan-mcf;2025052122022698083244_rumahjalan-mcf_Applicant.jpeg
salaryslip-mcf;2025052122022698083244_salaryslip-mcf_Applicant.jpeg
nomorrumah-mcf;2025052122022698083244_nomorrumah-mcf_Applicant.jpeg
dalamrumah-mcf;2025052122022698083244_dalamrumah-mcf_Applicant.jpeg
pricelist-mcf;2025052122022698083244_pricelist-mcf_Applicant.jpeg
pbbrekening-mcf;2025052222022529683861_pbbrekening-mcf_Applicant.jpeg
kksuratnikah-mcf;2025052222022529683861_kksuratnikah-mcf_Applicant.jpeg
halamandepanbukutabungan-mcf;2025052222022529683861_halamandepanbukutabungan-mcf_Applicant.jpeg
fpkbelakang-mcf;2025052222022529683861_fpkbelakang-mcf_Applicant.jpeg
fpkdepan-mcf;2025052222022529683861_fpkdepan-mcf_Applicant.jpeg
tempatusahadepan-mcf;2025052222022529683861_tempatusahadepan-mcf_Applicant.jpeg
pasanganttdcmo-mcf;2025051622021143127261_pasanganttdcmo-mcf_Applicant.jpeg
nasabahttdcmo-mcf;2025051622021143127261_nasabahttdcmo-mcf_Applicant.jpeg
allobank-mcf;2025051622021143127261_allobank-mcf_Applicant.jpeg
rumahjalan-mcf;2025051622021143127261_rumahjalan-mcf_Applicant.jpeg
salaryslip-mcf;2025051622021143127261_salaryslip-mcf_Applicant.jpeg
nomorrumah-mcf;2025051622021143127261_nomorrumah-mcf_Applicant.jpeg
dalamrumah-mcf;2025051622021143127261_dalamrumah-mcf_Applicant.jpeg
pricelist-mcf;2025051622021143127261_pricelist-mcf_Applicant.jpeg
pbbrekening-mcf;2025052222025093059159_pbbrekening-mcf_Applicant.jpeg
kksuratnikah-mcf;2025052222025093059159_kksuratnikah-mcf_Applicant.jpeg
halamandepanbukutabungan-mcf;2025052222025093059159_halamandepanbukutabungan-mcf_Applicant.jpeg
fpkbelakang-mcf;2025052222025093059159_fpkbelakang-mcf_Applicant.jpeg
fpkdepan-mcf;2025052222025093059159_fpkdepan-mcf_Applicant.jpeg
tempatusahadepan-mcf;2025052222025093059159_tempatusahadepan-mcf_Applicant.jpeg
rumahdepan-mcf;2025052222025093059159_rumahdepan-mcf_Applicant.jpeg
pasanganttdcmo-mcf;2025052222025093059159_pasanganttdcmo-mcf_Applicant.jpeg
nasabahttdcmo-mcf;2025052222025093059159_nasabahttdcmo-mcf_Applicant.jpeg
allobank-mcf;2025052222025093059159_allobank-mcf_Applicant.jpeg
rumahjalan-mcf;2025052222025093059159_rumahjalan-mcf_Applicant.jpeg
salaryslip-mcf;2025052222025093059159_salaryslip-mcf_Applicant.jpeg
nomorrumah-mcf;2025052222025093059159_nomorrumah-mcf_Applicant.jpeg
dalamrumah-mcf;2025052222025093059159_dalamrumah-mcf_Applicant.jpeg
pricelist-mcf;2025052222025093059159_pricelist-mcf_Applicant.jpeg
buktipenghasilanusaha-mcf;2025052222025093059159_buktipenghasilanusaha-mcf_Applicant.jpeg
perizinanusaha-mcf;2025052222025093059159_perizinanusaha-mcf_Applicant.jpeg
buktikepemilikanusaha-mcf;2025052222025093059159_buktikepemilikanusaha-mcf_Applicant.jpeg
pbbrekening-mcf;2025052522024492029248_pbbrekening-mcf_Applicant.jpeg
kksuratnikah-mcf;2025052522024492029248_kksuratnikah-mcf_Applicant.jpeg
halamandepanbukutabungan-mcf;2025052522024492029248_halamandepanbukutabungan-mcf_Applicant.jpeg
fpkbelakang-mcf;2025052522024492029248_fpkbelakang-mcf_Applicant.jpeg
fpkdepan-mcf;2025052522024492029248_fpkdepan-mcf_Applicant.jpeg
tempatusahadepan-mcf;2025052522024492029248_tempatusahadepan-mcf_Applicant.jpeg
rumahdepan-mcf;2025052522024492029248_rumahdepan-mcf_Applicant.jpeg
pasanganttdcmo-mcf;2025052522024492029248_pasanganttdcmo-mcf_Applicant.jpeg
nasabahttdcmo-mcf;2025052522024492029248_nasabahttdcmo-mcf_Applicant.jpeg
allobank-mcf;2025052522024492029248_allobank-mcf_Applicant.jpeg
rumahjalan-mcf;2025052522024492029248_rumahjalan-mcf_Applicant.jpeg
salaryslip-mcf;2025052522024492029248_salaryslip-mcf_Applicant.jpeg
nomorrumah-mcf;2025052522024492029248_nomorrumah-mcf_Applicant.jpeg
dalamrumah-mcf;2025052522024492029248_dalamrumah-mcf_Applicant.jpeg
pricelist-mcf;2025052522024492029248_pricelist-mcf_Applicant.jpeg
pbbrekening-mcf;2025052422025629826695_pbbrekening-mcf_Applicant.jpeg
kksuratnikah-mcf;2025052422025629826695_kksuratnikah-mcf_Applicant.jpeg
halamandepanbukutabungan-mcf;2025052422025629826695_halamandepanbukutabungan-mcf_Applicant.jpeg
fpkbelakang-mcf;2025052422025629826695_fpkbelakang-mcf_Applicant.jpeg
fpkdepan-mcf;2025052422025629826695_fpkdepan-mcf_Applicant.jpeg
tempatusahadepan-mcf;2025052422025629826695_tempatusahadepan-mcf_Applicant.jpeg
rumahdepan-mcf;2025052422025629826695_rumahdepan-mcf_Applicant.jpeg
pasanganttdcmo-mcf;2025052422025629826695_pasanganttdcmo-mcf_Applicant.jpeg
nasabahttdcmo-mcf;2025052422025629826695_nasabahttdcmo-mcf_Applicant.jpeg
allobank-mcf;2025052422025629826695_allobank-mcf_Applicant.jpeg
rumahjalan-mcf;2025052422025629826695_rumahjalan-mcf_Applicant.jpeg
bpkbdepan-mcf;2025052422025629826695_bpkbdepan-mcf_Applicant.jpeg
bpkbbelakang-mcf;2025052422025629826695_bpkbbelakang-mcf_Applicant.jpeg
stnkpajak-mcf;2025052422025629826695_stnkpajak-mcf_Applicant.jpeg
fpkdepan-mcf;2025052522023375165065_fpkdepan-mcf_Applicant.jpeg
tempatusahadepan-mcf;2025052522023375165065_tempatusahadepan-mcf_Applicant.jpeg
rumahdepan-mcf;2025052522023375165065_rumahdepan-mcf_Applicant.jpeg
pasanganttdcmo-mcf;2025052522023375165065_pasanganttdcmo-mcf_Applicant.jpeg
nasabahttdcmo-mcf;2025052522023375165065_nasabahttdcmo-mcf_Applicant.jpeg
allobank-mcf;2025052522023375165065_allobank-mcf_Applicant.jpeg
rumahjalan-mcf;2025052522023375165065_rumahjalan-mcf_Applicant.jpeg
salaryslip-mcf;2025052522023375165065_salaryslip-mcf_Applicant.jpeg
nomorrumah-mcf;2025052522023375165065_nomorrumah-mcf_Applicant.jpeg
dalamrumah-mcf;2025052522023375165065_dalamrumah-mcf_Applicant.jpeg
pricelist-mcf;2025052522023375165065_pricelist-mcf_Applicant.jpeg
unitdepankanan-mcf;2025052422025629826695_unitdepankanan-mcf_Applicant.jpeg
unitdepankiri-mcf;2025052422025629826695_unitdepankiri-mcf_Applicant.jpeg
salaryslip-mcf;2025052422025629826695_salaryslip-mcf_Applicant.jpeg
nomorrumah-mcf;2025052422025629826695_nomorrumah-mcf_Applicant.jpeg
dalamrumah-mcf;2025052422025629826695_dalamrumah-mcf_Applicant.jpeg
buktipenghasilanusaha-mcf;2025052422025629826695_buktipenghasilanusaha-mcf_Applicant.jpeg
perizinanusaha-mcf;2025052422025629826695_perizinanusaha-mcf_Applicant.jpeg
buktikepemilikanusaha-mcf;2025052422025629826695_buktikepemilikanusaha-mcf_Applicant.jpeg
rangkanomesin-mcf;2025052422025629826695_rangkanomesin-mcf_Applicant.jpeg
pbbrekening-mcf;2025052322025022084812_pbbrekening-mcf_Applicant.jpeg
kksuratnikah-mcf;2025052322025022084812_kksuratnikah-mcf_Applicant.jpeg
halamandepanbukutabungan-mcf;2025052322025022084812_halamandepanbukutabungan-mcf_Applicant.jpeg
fpkbelakang-mcf;2025052322025022084812_fpkbelakang-mcf_Applicant.jpeg
fpkdepan-mcf;2025052322025022084812_fpkdepan-mcf_Applicant.jpeg
tempatusahadepan-mcf;2025052322025022084812_tempatusahadepan-mcf_Applicant.jpeg
rumahdepan-mcf;2025052322025022084812_rumahdepan-mcf_Applicant.jpeg
pasanganttdcmo-mcf;2025052322025022084812_pasanganttdcmo-mcf_Applicant.jpeg
nasabahttdcmo-mcf;2025052322025022084812_nasabahttdcmo-mcf_Applicant.jpeg
rumahjalan-mcf;2025052322025022084812_rumahjalan-mcf_Applicant.jpeg
salaryslip-mcf;2025052322025022084812_salaryslip-mcf_Applicant.jpeg
nomorrumah-mcf;2025052322025022084812_nomorrumah-mcf_Applicant.jpeg
dalamrumah-mcf;2025052322025022084812_dalamrumah-mcf_Applicant.jpeg
pricelist-mcf;2025052322025022084812_pricelist-mcf_Applicant.jpeg
pbbrekening-mcf;2025052522023375165065_pbbrekening-mcf_Applicant.jpeg
kksuratnikah-mcf;2025052522023375165065_kksuratnikah-mcf_Applicant.jpeg
halamandepanbukutabungan-mcf;2025052522023375165065_halamandepanbukutabungan-mcf_Applicant.jpeg
fpkbelakang-mcf;2025052522023375165065_fpkbelakang-mcf_Applicant.jpeg
pbbrekening-mcf;2025052522021383413107_pbbrekening-mcf_Applicant.jpeg
kksuratnikah-mcf;2025052522021383413107_kksuratnikah-mcf_Applicant.jpeg
halamandepanbukutabungan-mcf;2025052522021383413107_halamandepanbukutabungan-mcf_Applicant.jpeg
fpkbelakang-mcf;2025052522021383413107_fpkbelakang-mcf_Applicant.jpeg
fpkdepan-mcf;2025052522021383413107_fpkdepan-mcf_Applicant.jpeg
tempatusahadepan-mcf;2025052522021383413107_tempatusahadepan-mcf_Applicant.jpeg
rumahdepan-mcf;2025052522021383413107_rumahdepan-mcf_Applicant.jpeg
pasanganttdcmo-mcf;2025052522021383413107_pasanganttdcmo-mcf_Applicant.jpeg
nasabahttdcmo-mcf;2025052522021383413107_nasabahttdcmo-mcf_Applicant.jpeg
allobank-mcf;2025052522021383413107_allobank-mcf_Applicant.jpeg
rumahjalan-mcf;2025052522021383413107_rumahjalan-mcf_Applicant.jpeg
salaryslip-mcf;2025052522021383413107_salaryslip-mcf_Applicant.jpeg
nomorrumah-mcf;2025052522021383413107_nomorrumah-mcf_Applicant.jpeg
dalamrumah-mcf;2025052522021383413107_dalamrumah-mcf_Applicant.jpeg
pricelist-mcf;2025052522021383413107_pricelist-mcf_Applicant.jpeg
pbbrekening-mcf;2025052522021383497258_pbbrekening-mcf_Applicant.jpeg
kksuratnikah-mcf;2025052522021383497258_kksuratnikah-mcf_Applicant.jpeg
halamandepanbukutabungan-mcf;2025052522021383497258_halamandepanbukutabungan-mcf_Applicant.jpeg
fpkbelakang-mcf;2025052522021383497258_fpkbelakang-mcf_Applicant.jpeg
fpkdepan-mcf;2025052522021383497258_fpkdepan-mcf_Applicant.jpeg
tempatusahadepan-mcf;2025052522021383497258_tempatusahadepan-mcf_Applicant.jpeg
rumahdepan-mcf;2025052522021383497258_rumahdepan-mcf_Applicant.jpeg
pasanganttdcmo-mcf;2025052522021383497258_pasanganttdcmo-mcf_Applicant.jpeg
nasabahttdcmo-mcf;2025052522021383497258_nasabahttdcmo-mcf_Applicant.jpeg
allobank-mcf;2025052522021383497258_allobank-mcf_Applicant.jpeg
rumahjalan-mcf;2025052522021383497258_rumahjalan-mcf_Applicant.jpeg
salaryslip-mcf;2025052522021383497258_salaryslip-mcf_Applicant.jpeg
nomorrumah-mcf;2025052522021383497258_nomorrumah-mcf_Applicant.jpeg
dalamrumah-mcf;2025052522021383497258_dalamrumah-mcf_Applicant.jpeg
pricelist-mcf;2025052522021383497258_pricelist-mcf_Applicant.jpeg
buktipenghasilanusaha-mcf;2025052522021383497258_buktipenghasilanusaha-mcf_Applicant.jpeg
perizinanusaha-mcf;2025052522021383497258_perizinanusaha-mcf_Applicant.jpeg
buktikepemilikanusaha-mcf;2025052522021383497258_buktikepemilikanusaha-mcf_Applicant.jpeg
pbbrekening-mcf;2025052522023375189066_pbbrekening-mcf_Applicant.jpeg
kksuratnikah-mcf;2025052522023375189066_kksuratnikah-mcf_Applicant.jpeg
halamandepanbukutabungan-mcf;2025052522023375189066_halamandepanbukutabungan-mcf_Applicant.jpeg
fpkbelakang-mcf;2025052522023375189066_fpkbelakang-mcf_Applicant.jpeg
fpkdepan-mcf;2025052522023375189066_fpkdepan-mcf_Applicant.jpeg
tempatusahadepan-mcf;2025052522023375189066_tempatusahadepan-mcf_Applicant.jpeg
rumahdepan-mcf;2025052522023375189066_rumahdepan-mcf_Applicant.jpeg
tempatusahadepan-mcf;2025052522023375192222_tempatusahadepan-mcf_Applicant.jpeg
rumahdepan-mcf;2025052522023375192222_rumahdepan-mcf_Applicant.jpeg
pasanganttdcmo-mcf;2025052522023375192222_pasanganttdcmo-mcf_Applicant.jpeg
nasabahttdcmo-mcf;2025052522023375192222_nasabahttdcmo-mcf_Applicant.jpeg
allobank-mcf;2025052522023375192222_allobank-mcf_Applicant.jpeg
rumahjalan-mcf;2025052522023375192222_rumahjalan-mcf_Applicant.jpeg
salaryslip-mcf;2025052522023375192222_salaryslip-mcf_Applicant.jpeg
nomorrumah-mcf;2025052522023375192222_nomorrumah-mcf_Applicant.jpeg
dalamrumah-mcf;2025052522023375192222_dalamrumah-mcf_Applicant.jpeg
pricelist-mcf;2025052522023375192222_pricelist-mcf_Applicant.jpeg
pasanganttdcmo-mcf;2025052522023375189066_pasanganttdcmo-mcf_Applicant.jpeg
nasabahttdcmo-mcf;2025052522023375189066_nasabahttdcmo-mcf_Applicant.jpeg
allobank-mcf;2025052522023375189066_allobank-mcf_Applicant.jpeg
rumahjalan-mcf;2025052522023375189066_rumahjalan-mcf_Applicant.jpeg
salaryslip-mcf;2025052522023375189066_salaryslip-mcf_Applicant.jpeg
nomorrumah-mcf;2025052522023375189066_nomorrumah-mcf_Applicant.jpeg
dalamrumah-mcf;2025052522023375189066_dalamrumah-mcf_Applicant.jpeg
pricelist-mcf;2025052522023375189066_pricelist-mcf_Applicant.jpeg
pbbrekening-mcf;2025052522023375192222_pbbrekening-mcf_Applicant.jpeg
kksuratnikah-mcf;2025052522023375192222_kksuratnikah-mcf_Applicant.jpeg
halamandepanbukutabungan-mcf;2025052522023375192222_halamandepanbukutabungan-mcf_Applicant.jpeg
fpkbelakang-mcf;2025052522023375192222_fpkbelakang-mcf_Applicant.jpeg
fpkdepan-mcf;2025052522023375192222_fpkdepan-mcf_Applicant.jpeg
pricelist-mcf;2025052222021355435792_pricelist-mcf_Applicant.jpeg
buktipenghasilanusaha-mcf;2025052222021355435792_buktipenghasilanusaha-mcf_Applicant.jpeg
perizinanusaha-mcf;2025052222021355435792_perizinanusaha-mcf_Applicant.jpeg
buktikepemilikanusaha-mcf;2025052222021355435792_buktikepemilikanusaha-mcf_Applicant.jpeg
pbbrekening-mcf;2025052222025631560889_pbbrekening-mcf_Applicant.jpeg
kksuratnikah-mcf;2025052222025631560889_kksuratnikah-mcf_Applicant.jpeg
halamandepanbukutabungan-mcf;2025052222025631560889_halamandepanbukutabungan-mcf_Applicant.jpeg
fpkbelakang-mcf;2025052222025631560889_fpkbelakang-mcf_Applicant.jpeg
fpkdepan-mcf;2025052222025631560889_fpkdepan-mcf_Applicant.jpeg
tempatusahadepan-mcf;2025052222025631560889_tempatusahadepan-mcf_Applicant.jpeg
rumahdepan-mcf;2025052222025631560889_rumahdepan-mcf_Applicant.jpeg
pasanganttdcmo-mcf;2025052222025631560889_pasanganttdcmo-mcf_Applicant.jpeg
nasabahttdcmo-mcf;2025052222025631560889_nasabahttdcmo-mcf_Applicant.jpeg
allobank-mcf;2025052222025631560889_allobank-mcf_Applicant.jpeg
rumahjalan-mcf;2025052222025631560889_rumahjalan-mcf_Applicant.jpeg
salaryslip-mcf;2025052222025631560889_salaryslip-mcf_Applicant.jpeg
nomorrumah-mcf;2025052222025631560889_nomorrumah-mcf_Applicant.jpeg
pbbrekening-mcf;2025052222021355435792_pbbrekening-mcf_Applicant.jpeg
kksuratnikah-mcf;2025052222021355435792_kksuratnikah-mcf_Applicant.jpeg
halamandepanbukutabungan-mcf;2025052222021355435792_halamandepanbukutabungan-mcf_Applicant.jpeg
fpkbelakang-mcf;2025052222021355435792_fpkbelakang-mcf_Applicant.jpeg
fpkdepan-mcf;2025052222021355435792_fpkdepan-mcf_Applicant.jpeg
tempatusahadepan-mcf;2025052222021355435792_tempatusahadepan-mcf_Applicant.jpeg
rumahdepan-mcf;2025052222021355435792_rumahdepan-mcf_Applicant.jpeg
pasanganttdcmo-mcf;2025052222021355435792_pasanganttdcmo-mcf_Applicant.jpeg
nasabahttdcmo-mcf;2025052222021355435792_nasabahttdcmo-mcf_Applicant.jpeg
allobank-mcf;2025052222021355435792_allobank-mcf_Applicant.jpeg
rumahjalan-mcf;2025052222021355435792_rumahjalan-mcf_Applicant.jpeg
salaryslip-mcf;2025052222021355435792_salaryslip-mcf_Applicant.jpeg
nomorrumah-mcf;2025052222021355435792_nomorrumah-mcf_Applicant.jpeg
dalamrumah-mcf;2025052222021355435792_dalamrumah-mcf_Applicant.jpeg
dalamrumah-mcf;2025052222025631560889_dalamrumah-mcf_Applicant.jpeg
pricelist-mcf;2025052222025631560889_pricelist-mcf_Applicant.jpeg
pbbrekening-mcf;2025052222015188489169_pbbrekening-mcf_Applicant.jpeg
kksuratnikah-mcf;2025052222015188489169_kksuratnikah-mcf_Applicant.jpeg
halamandepanbukutabungan-mcf;2025052222015188489169_halamandepanbukutabungan-mcf_Applicant.jpeg
fpkbelakang-mcf;2025052222015188489169_fpkbelakang-mcf_Applicant.jpeg
fpkdepan-mcf;2025052222015188489169_fpkdepan-mcf_Applicant.jpeg
tempatusahadepan-mcf;2025052222015188489169_tempatusahadepan-mcf_Applicant.jpeg
rumahdepan-mcf;2025052222015188489169_rumahdepan-mcf_Applicant.jpeg
pasanganttdcmo-mcf;2025052222015188489169_pasanganttdcmo-mcf_Applicant.jpeg
nasabahttdcmo-mcf;2025052222015188489169_nasabahttdcmo-mcf_Applicant.jpeg
allobank-mcf;2025052222015188489169_allobank-mcf_Applicant.jpeg
rumahjalan-mcf;2025052222015188489169_rumahjalan-mcf_Applicant.jpeg
salaryslip-mcf;2025052222015188489169_salaryslip-mcf_Applicant.jpeg
nomorrumah-mcf;2025052222015188489169_nomorrumah-mcf_Applicant.jpeg
dalamrumah-mcf;2025052222015188489169_dalamrumah-mcf_Applicant.jpeg
pricelist-mcf;2025052222015188489169_pricelist-mcf_Applicant.jpeg
halamandepanbukutabungan-mcf;2025052222024200834647_halamandepanbukutabungan-mcf_Applicant.jpeg
fpkbelakang-mcf;2025052222024200834647_fpkbelakang-mcf_Applicant.jpeg
fpkdepan-mcf;2025052222024200834647_fpkdepan-mcf_Applicant.jpeg
tempatusahadepan-mcf;2025052222024200834647_tempatusahadepan-mcf_Applicant.jpeg
rumahdepan-mcf;2025052222024200834647_rumahdepan-mcf_Applicant.jpeg
pasanganttdcmo-mcf;2025052222024200834647_pasanganttdcmo-mcf_Applicant.jpeg
nasabahttdcmo-mcf;2025052222024200834647_nasabahttdcmo-mcf_Applicant.jpeg
allobank-mcf;2025052222024200834647_allobank-mcf_Applicant.jpeg
rumahjalan-mcf;2025052222024200834647_rumahjalan-mcf_Applicant.jpeg
salaryslip-mcf;2025052222024200834647_salaryslip-mcf_Applicant.jpeg
nomorrumah-mcf;2025052222024200834647_nomorrumah-mcf_Applicant.jpeg
dalamrumah-mcf;2025052222024200834647_dalamrumah-mcf_Applicant.jpeg
pricelist-mcf;2025052222024200834647_pricelist-mcf_Applicant.jpeg
buktipenghasilanusaha-mcf;2025052222024200834647_buktipenghasilanusaha-mcf_Applicant.jpeg
perizinanusaha-mcf;2025052222024200834647_perizinanusaha-mcf_Applicant.jpeg
buktikepemilikanusaha-mcf;2025052222024200834647_buktikepemilikanusaha-mcf_Applicant.jpeg
pbbrekening-mcf;2025052222023281249326_pbbrekening-mcf_Applicant.jpeg
kksuratnikah-mcf;2025052222023281249326_kksuratnikah-mcf_Applicant.jpeg
halamandepanbukutabungan-mcf;2025052222023281249326_halamandepanbukutabungan-mcf_Applicant.jpeg
fpkbelakang-mcf;2025052222023281249326_fpkbelakang-mcf_Applicant.jpeg
fpkdepan-mcf;2025052222023281249326_fpkdepan-mcf_Applicant.jpeg
tempatusahadepan-mcf;2025052222023281249326_tempatusahadepan-mcf_Applicant.jpeg
rumahdepan-mcf;2025052222023281249326_rumahdepan-mcf_Applicant.jpeg
pasanganttdcmo-mcf;2025052222023281249326_pasanganttdcmo-mcf_Applicant.jpeg
nasabahttdcmo-mcf;2025052222023281249326_nasabahttdcmo-mcf_Applicant.jpeg
allobank-mcf;2025052222023281249326_allobank-mcf_Applicant.jpeg
rumahjalan-mcf;2025052222023281249326_rumahjalan-mcf_Applicant.jpeg
bpkbdepan-mcf;2025052222023281249326_bpkbdepan-mcf_Applicant.jpeg
bpkbbelakang-mcf;2025052222023281249326_bpkbbelakang-mcf_Applicant.jpeg
stnkpajak-mcf;2025052222023281249326_stnkpajak-mcf_Applicant.jpeg
unitdepankanan-mcf;2025052222023281249326_unitdepankanan-mcf_Applicant.jpeg
unitdepankiri-mcf;2025052222023281249326_unitdepankiri-mcf_Applicant.jpeg
salaryslip-mcf;2025052222023281249326_salaryslip-mcf_Applicant.jpeg
nomorrumah-mcf;2025052222023281249326_nomorrumah-mcf_Applicant.jpeg
dalamrumah-mcf;2025052222023281249326_dalamrumah-mcf_Applicant.jpeg
buktipenghasilanusaha-mcf;2025052222023281249326_buktipenghasilanusaha-mcf_Applicant.jpeg
perizinanusaha-mcf;2025052222023281249326_perizinanusaha-mcf_Applicant.jpeg
buktikepemilikanusaha-mcf;2025052222023281249326_buktikepemilikanusaha-mcf_Applicant.jpeg
rangkanomesin-mcf;2025052222023281249326_rangkanomesin-mcf_Applicant.jpeg
pbbrekening-mcf;2025052122022372027023_pbbrekening-mcf_Applicant.jpeg
kksuratnikah-mcf;2025052122022372027023_kksuratnikah-mcf_Applicant.jpeg
halamandepanbukutabungan-mcf;2025052122022372027023_halamandepanbukutabungan-mcf_Applicant.jpeg
fpkbelakang-mcf;2025052122022372027023_fpkbelakang-mcf_Applicant.jpeg
fpkdepan-mcf;2025052122022372027023_fpkdepan-mcf_Applicant.jpeg
tempatusahadepan-mcf;2025052122022372027023_tempatusahadepan-mcf_Applicant.jpeg
rumahdepan-mcf;2025052122022372027023_rumahdepan-mcf_Applicant.jpeg
pasanganttdcmo-mcf;2025052122022372027023_pasanganttdcmo-mcf_Applicant.jpeg
nasabahttdcmo-mcf;2025052122022372027023_nasabahttdcmo-mcf_Applicant.jpeg
allobank-mcf;2025052122022372027023_allobank-mcf_Applicant.jpeg
rumahjalan-mcf;2025052122022372027023_rumahjalan-mcf_Applicant.jpeg
salaryslip-mcf;2025052122022372027023_salaryslip-mcf_Applicant.jpeg
nomorrumah-mcf;2025052122022372027023_nomorrumah-mcf_Applicant.jpeg
dalamrumah-mcf;2025052122022372027023_dalamrumah-mcf_Applicant.jpeg
pricelist-mcf;2025052122022372027023_pricelist-mcf_Applicant.jpeg
pbbrekening-mcf;2025052222024545782611_pbbrekening-mcf_Applicant.png
kksuratnikah-mcf;2025052222024545782611_kksuratnikah-mcf_Applicant.jpeg
halamandepanbukutabungan-mcf;2025052222024545782611_halamandepanbukutabungan-mcf_Applicant.png
fpkbelakang-mcf;2025052222024545782611_fpkbelakang-mcf_Applicant.jpeg
fpkdepan-mcf;2025052222024545782611_fpkdepan-mcf_Applicant.jpeg
tempatusahadepan-mcf;2025052222024545782611_tempatusahadepan-mcf_Applicant.jpeg
rumahdepan-mcf;2025052222024545782611_rumahdepan-mcf_Applicant.jpeg
pasanganttdcmo-mcf;2025052222024545782611_pasanganttdcmo-mcf_Applicant.jpeg
nasabahttdcmo-mcf;2025052222024545782611_nasabahttdcmo-mcf_Applicant.jpeg
allobank-mcf;2025052222024545782611_allobank-mcf_Applicant.png
rumahjalan-mcf;2025052222024545782611_rumahjalan-mcf_Applicant.jpeg
bpkbdepan-mcf;2025052222024545782611_bpkbdepan-mcf_Applicant.jpeg
bpkbbelakang-mcf;2025052222024545782611_bpkbbelakang-mcf_Applicant.jpeg
stnkpajak-mcf;2025052222024545782611_stnkpajak-mcf_Applicant.jpeg
unitdepankanan-mcf;2025052222024545782611_unitdepankanan-mcf_Applicant.jpeg
unitdepankiri-mcf;2025052222024545782611_unitdepankiri-mcf_Applicant.jpeg
salaryslip-mcf;2025052222024545782611_salaryslip-mcf_Applicant.jpeg
nomorrumah-mcf;2025052222024545782611_nomorrumah-mcf_Applicant.jpeg
dalamrumah-mcf;2025052222024545782611_dalamrumah-mcf_Applicant.jpeg
buktipenghasilanusaha-mcf;2025052222024545782611_buktipenghasilanusaha-mcf_Applicant.jpeg
perizinanusaha-mcf;2025052222024545782611_perizinanusaha-mcf_Applicant.jpeg
buktikepemilikanusaha-mcf;2025052222024545782611_buktikepemilikanusaha-mcf_Applicant.png
rangkanomesin-mcf;2025052222024545782611_rangkanomesin-mcf_Applicant.jpeg
pbbrekening-mcf;2025052222023598594701_pbbrekening-mcf_Applicant.jpeg
kksuratnikah-mcf;2025052222023598594701_kksuratnikah-mcf_Applicant.jpeg
halamandepanbukutabungan-mcf;2025052222023598594701_halamandepanbukutabungan-mcf_Applicant.jpeg
fpkbelakang-mcf;2025052222023598594701_fpkbelakang-mcf_Applicant.jpeg
fpkdepan-mcf;2025052222023598594701_fpkdepan-mcf_Applicant.jpeg
tempatusahadepan-mcf;2025052222023598594701_tempatusahadepan-mcf_Applicant.jpeg
rumahdepan-mcf;2025052222023598594701_rumahdepan-mcf_Applicant.jpeg
pasanganttdcmo-mcf;2025052222023598594701_pasanganttdcmo-mcf_Applicant.jpeg
nasabahttdcmo-mcf;2025052222023598594701_nasabahttdcmo-mcf_Applicant.jpeg
allobank-mcf;2025052222023598594701_allobank-mcf_Applicant.jpeg
rumahjalan-mcf;2025052222023598594701_rumahjalan-mcf_Applicant.jpeg
bpkbdepan-mcf;2025052222023598594701_bpkbdepan-mcf_Applicant.jpeg
bpkbbelakang-mcf;2025052222023598594701_bpkbbelakang-mcf_Applicant.jpeg
stnkpajak-mcf;2025052222023598594701_stnkpajak-mcf_Applicant.jpeg
unitdepankanan-mcf;2025052222023598594701_unitdepankanan-mcf_Applicant.jpeg
unitdepankiri-mcf;2025052222023598594701_unitdepankiri-mcf_Applicant.jpeg
salaryslip-mcf;2025052222023598594701_salaryslip-mcf_Applicant.jpeg
nomorrumah-mcf;2025052222023598594701_nomorrumah-mcf_Applicant.jpeg
dalamrumah-mcf;2025052222023598594701_dalamrumah-mcf_Applicant.jpeg
rangkanomesin-mcf;2025052222023598594701_rangkanomesin-mcf_Applicant.jpeg
pbbrekening-mcf;2025052022023548413090_pbbrekening-mcf_Applicant.jpeg
kksuratnikah-mcf;2025052022023548413090_kksuratnikah-mcf_Applicant.jpeg
halamandepanbukutabungan-mcf;2025052022023548413090_halamandepanbukutabungan-mcf_Applicant.jpeg
fpkbelakang-mcf;2025052022023548413090_fpkbelakang-mcf_Applicant.jpeg
fpkdepan-mcf;2025052022023548413090_fpkdepan-mcf_Applicant.jpeg
tempatusahadepan-mcf;2025052022023548413090_tempatusahadepan-mcf_Applicant.jpeg
rumahdepan-mcf;2025052022023548413090_rumahdepan-mcf_Applicant.jpeg
pasanganttdcmo-mcf;2025052022023548413090_pasanganttdcmo-mcf_Applicant.jpeg
nasabahttdcmo-mcf;2025052022023548413090_nasabahttdcmo-mcf_Applicant.jpeg
allobank-mcf;2025052022023548413090_allobank-mcf_Applicant.jpeg
rumahjalan-mcf;2025052022023548413090_rumahjalan-mcf_Applicant.jpeg
salaryslip-mcf;2025052022023548413090_salaryslip-mcf_Applicant.jpeg
nomorrumah-mcf;2025052022023548413090_nomorrumah-mcf_Applicant.jpeg
dalamrumah-mcf;2025052022023548413090_dalamrumah-mcf_Applicant.jpeg
pricelist-mcf;2025052022023548413090_pricelist-mcf_Applicant.jpeg
buktipenghasilanusaha-mcf;2025052022023548413090_buktipenghasilanusaha-mcf_Applicant.jpeg
perizinanusaha-mcf;2025052022023548413090_perizinanusaha-mcf_Applicant.jpeg
buktikepemilikanusaha-mcf;2025052022023548413090_buktikepemilikanusaha-mcf_Applicant.jpeg
pricelist-mcf;2025052022020652736924_pricelist-mcf_Applicant.jpeg
pbbrekening-mcf;2025051922024212078893_pbbrekening-mcf_Applicant.jpeg
kksuratnikah-mcf;2025051922024212078893_kksuratnikah-mcf_Applicant.jpeg
halamandepanbukutabungan-mcf;2025051922024212078893_halamandepanbukutabungan-mcf_Applicant.jpeg
fpkbelakang-mcf;2025051922024212078893_fpkbelakang-mcf_Applicant.jpeg
fpkdepan-mcf;2025051922024212078893_fpkdepan-mcf_Applicant.jpeg
tempatusahadepan-mcf;2025051922024212078893_tempatusahadepan-mcf_Applicant.jpeg
rumahdepan-mcf;2025051922024212078893_rumahdepan-mcf_Applicant.jpeg
pasanganttdcmo-mcf;2025051922024212078893_pasanganttdcmo-mcf_Applicant.jpeg
nasabahttdcmo-mcf;2025051922024212078893_nasabahttdcmo-mcf_Applicant.jpeg
allobank-mcf;2025051922024212078893_allobank-mcf_Applicant.jpeg
rumahjalan-mcf;2025051922024212078893_rumahjalan-mcf_Applicant.jpeg
salaryslip-mcf;2025051922024212078893_salaryslip-mcf_Applicant.jpeg
nomorrumah-mcf;2025051922024212078893_nomorrumah-mcf_Applicant.jpeg
dalamrumah-mcf;2025051922024212078893_dalamrumah-mcf_Applicant.jpeg
pricelist-mcf;2025051922024212078893_pricelist-mcf_Applicant.jpeg
buktipenghasilanusaha-mcf;2025051922024212078893_buktipenghasilanusaha-mcf_Applicant.jpeg
pbbrekening-mcf;2025052022025100439097_pbbrekening-mcf_Applicant.jpeg
kksuratnikah-mcf;2025052022025100439097_kksuratnikah-mcf_Applicant.jpeg
halamandepanbukutabungan-mcf;2025052022025100439097_halamandepanbukutabungan-mcf_Applicant.jpeg
fpkbelakang-mcf;2025052022025100439097_fpkbelakang-mcf_Applicant.jpeg
fpkdepan-mcf;2025052022025100439097_fpkdepan-mcf_Applicant.jpeg
tempatusahadepan-mcf;2025052022025100439097_tempatusahadepan-mcf_Applicant.jpeg
rumahdepan-mcf;2025052022025100439097_rumahdepan-mcf_Applicant.jpeg
pasanganttdcmo-mcf;2025052022025100439097_pasanganttdcmo-mcf_Applicant.jpeg
nasabahttdcmo-mcf;2025052022025100439097_nasabahttdcmo-mcf_Applicant.jpeg
allobank-mcf;2025052022025100439097_allobank-mcf_Applicant.jpeg
rumahjalan-mcf;2025052022025100439097_rumahjalan-mcf_Applicant.jpeg
bpkbdepan-mcf;2025052022025100439097_bpkbdepan-mcf_Applicant.jpeg
bpkbbelakang-mcf;2025052022025100439097_bpkbbelakang-mcf_Applicant.jpeg
stnkpajak-mcf;2025052022025100439097_stnkpajak-mcf_Applicant.jpeg
unitdepankanan-mcf;2025052022025100439097_unitdepankanan-mcf_Applicant.jpeg
unitdepankiri-mcf;2025052022025100439097_unitdepankiri-mcf_Applicant.jpeg
salaryslip-mcf;2025052022025100439097_salaryslip-mcf_Applicant.jpeg
nomorrumah-mcf;2025052022025100439097_nomorrumah-mcf_Applicant.jpeg
dalamrumah-mcf;2025052022025100439097_dalamrumah-mcf_Applicant.jpeg
rangkanomesin-mcf;2025052022025100439097_rangkanomesin-mcf_Applicant.jpeg
pbbrekening-mcf;2025052222022173360094_pbbrekening-mcf_Applicant.jpeg
kksuratnikah-mcf;2025052222022173360094_kksuratnikah-mcf_Applicant.jpeg
halamandepanbukutabungan-mcf;2025052222022173360094_halamandepanbukutabungan-mcf_Applicant.jpeg
fpkbelakang-mcf;2025052222022173360094_fpkbelakang-mcf_Applicant.jpeg
fpkdepan-mcf;2025052222022173360094_fpkdepan-mcf_Applicant.jpeg
tempatusahadepan-mcf;2025052222022173360094_tempatusahadepan-mcf_Applicant.jpeg
pbbrekening-mcf;2025052222025012639998_pbbrekening-mcf_Applicant.jpeg
kksuratnikah-mcf;2025052222025012639998_kksuratnikah-mcf_Applicant.jpeg
halamandepanbukutabungan-mcf;2025052222025012639998_halamandepanbukutabungan-mcf_Applicant.jpeg
fpkbelakang-mcf;2025052222025012639998_fpkbelakang-mcf_Applicant.jpeg
fpkdepan-mcf;2025052222025012639998_fpkdepan-mcf_Applicant.jpeg
tempatusahadepan-mcf;2025052222025012639998_tempatusahadepan-mcf_Applicant.jpeg
rumahdepan-mcf;2025052222025012639998_rumahdepan-mcf_Applicant.jpeg
pasanganttdcmo-mcf;2025052222025012639998_pasanganttdcmo-mcf_Applicant.jpeg
nasabahttdcmo-mcf;2025052222025012639998_nasabahttdcmo-mcf_Applicant.jpeg
allobank-mcf;2025052222025012639998_allobank-mcf_Applicant.jpeg
rumahjalan-mcf;2025052222025012639998_rumahjalan-mcf_Applicant.jpeg
bpkbdepan-mcf;2025052222025012639998_bpkbdepan-mcf_Applicant.jpeg
bpkbbelakang-mcf;2025052222025012639998_bpkbbelakang-mcf_Applicant.jpeg
stnkpajak-mcf;2025052222025012639998_stnkpajak-mcf_Applicant.jpeg
unitdepankanan-mcf;2025052222025012639998_unitdepankanan-mcf_Applicant.jpeg
unitdepankiri-mcf;2025052222025012639998_unitdepankiri-mcf_Applicant.jpeg
salaryslip-mcf;2025052222025012639998_salaryslip-mcf_Applicant.jpeg
nomorrumah-mcf;2025052222025012639998_nomorrumah-mcf_Applicant.jpeg
dalamrumah-mcf;2025052222025012639998_dalamrumah-mcf_Applicant.jpeg
rangkanomesin-mcf;2025052222025012639998_rangkanomesin-mcf_Applicant.jpeg
pbbrekening-mcf;2025052022021258174143_pbbrekening-mcf_Applicant.jpeg
pbbrekening-mcf;2025052222024039734892_pbbrekening-mcf_Applicant.jpeg
kksuratnikah-mcf;2025052222024039734892_kksuratnikah-mcf_Applicant.jpeg
halamandepanbukutabungan-mcf;2025052222024039734892_halamandepanbukutabungan-mcf_Applicant.jpeg
fpkbelakang-mcf;2025052222024039734892_fpkbelakang-mcf_Applicant.jpeg
fpkdepan-mcf;2025052222024039734892_fpkdepan-mcf_Applicant.jpeg
tempatusahadepan-mcf;2025052222024039734892_tempatusahadepan-mcf_Applicant.jpeg
rumahdepan-mcf;2025052222024039734892_rumahdepan-mcf_Applicant.jpeg
pasanganttdcmo-mcf;2025052222024039734892_pasanganttdcmo-mcf_Applicant.jpeg
nasabahttdcmo-mcf;2025052222024039734892_nasabahttdcmo-mcf_Applicant.jpeg
allobank-mcf;2025052222024039734892_allobank-mcf_Applicant.jpeg
rumahjalan-mcf;2025052222024039734892_rumahjalan-mcf_Applicant.jpeg
bpkbdepan-mcf;2025052222024039734892_bpkbdepan-mcf_Applicant.jpeg
bpkbbelakang-mcf;2025052222024039734892_bpkbbelakang-mcf_Applicant.jpeg
stnkpajak-mcf;2025052222024039734892_stnkpajak-mcf_Applicant.jpeg
unitdepankanan-mcf;2025052222024039734892_unitdepankanan-mcf_Applicant.jpeg
unitdepankiri-mcf;2025052222024039734892_unitdepankiri-mcf_Applicant.jpeg
salaryslip-mcf;2025052222024039734892_salaryslip-mcf_Applicant.jpeg
nomorrumah-mcf;2025052222024039734892_nomorrumah-mcf_Applicant.jpeg
dalamrumah-mcf;2025052222024039734892_dalamrumah-mcf_Applicant.jpeg
rangkanomesin-mcf;2025052222024039734892_rangkanomesin-mcf_Applicant.jpeg
kksuratnikah-mcf;2025052022021258174143_kksuratnikah-mcf_Applicant.jpeg
halamandepanbukutabungan-mcf;2025052022021258174143_halamandepanbukutabungan-mcf_Applicant.jpeg
fpkbelakang-mcf;2025052022021258174143_fpkbelakang-mcf_Applicant.jpeg
fpkdepan-mcf;2025052022021258174143_fpkdepan-mcf_Applicant.jpeg
tempatusahadepan-mcf;2025052022021258174143_tempatusahadepan-mcf_Applicant.jpeg
rumahdepan-mcf;2025052022021258174143_rumahdepan-mcf_Applicant.jpeg
pasanganttdcmo-mcf;2025052022021258174143_pasanganttdcmo-mcf_Applicant.jpeg
nasabahttdcmo-mcf;2025052022021258174143_nasabahttdcmo-mcf_Applicant.jpeg
allobank-mcf;2025052022021258174143_allobank-mcf_Applicant.jpeg
rumahjalan-mcf;2025052022021258174143_rumahjalan-mcf_Applicant.jpeg
salaryslip-mcf;2025052022021258174143_salaryslip-mcf_Applicant.jpeg
nomorrumah-mcf;2025052022021258174143_nomorrumah-mcf_Applicant.jpeg
dalamrumah-mcf;2025052022021258174143_dalamrumah-mcf_Applicant.jpeg
pricelist-mcf;2025052022021258174143_pricelist-mcf_Applicant.jpeg
buktipenghasilanusaha-mcf;2025052022021258174143_buktipenghasilanusaha-mcf_Applicant.jpeg
perizinanusaha-mcf;2025052022021258174143_perizinanusaha-mcf_Applicant.jpeg
buktikepemilikanusaha-mcf;2025052022021258174143_buktikepemilikanusaha-mcf_Applicant.jpeg
pbbrekening-mcf;2025052222024447782763_pbbrekening-mcf_Applicant.jpeg
kksuratnikah-mcf;2025052222024447782763_kksuratnikah-mcf_Applicant.jpeg
halamandepanbukutabungan-mcf;2025052222024447782763_halamandepanbukutabungan-mcf_Applicant.jpeg
fpkbelakang-mcf;2025052222024447782763_fpkbelakang-mcf_Applicant.jpeg
fpkdepan-mcf;2025052222024447782763_fpkdepan-mcf_Applicant.jpeg
tempatusahadepan-mcf;2025052222024447782763_tempatusahadepan-mcf_Applicant.jpeg
rumahdepan-mcf;2025052222024447782763_rumahdepan-mcf_Applicant.jpeg
pasanganttdcmo-mcf;2025052222024447782763_pasanganttdcmo-mcf_Applicant.jpeg
nasabahttdcmo-mcf;2025052222024447782763_nasabahttdcmo-mcf_Applicant.jpeg
allobank-mcf;2025052222024447782763_allobank-mcf_Applicant.jpeg
rumahjalan-mcf;2025052222024447782763_rumahjalan-mcf_Applicant.jpeg
bpkbdepan-mcf;2025052222024447782763_bpkbdepan-mcf_Applicant.jpeg
bpkbbelakang-mcf;2025052222024447782763_bpkbbelakang-mcf_Applicant.jpeg
stnkpajak-mcf;2025052222024447782763_stnkpajak-mcf_Applicant.jpeg
unitdepankanan-mcf;2025052222024447782763_unitdepankanan-mcf_Applicant.jpeg
unitdepankiri-mcf;2025052222024447782763_unitdepankiri-mcf_Applicant.jpeg
salaryslip-mcf;2025052222024447782763_salaryslip-mcf_Applicant.jpeg
nomorrumah-mcf;2025052222024447782763_nomorrumah-mcf_Applicant.jpeg
dalamrumah-mcf;2025052222024447782763_dalamrumah-mcf_Applicant.jpeg
buktipenghasilanusaha-mcf;2025052222024447782763_buktipenghasilanusaha-mcf_Applicant.jpeg
perizinanusaha-mcf;2025052222024447782763_perizinanusaha-mcf_Applicant.jpeg
buktikepemilikanusaha-mcf;2025052222024447782763_buktikepemilikanusaha-mcf_Applicant.jpeg
rangkanomesin-mcf;2025052222024447782763_rangkanomesin-mcf_Applicant.jpeg
pbbrekening-mcf;2025052222024358224085_pbbrekening-mcf_Applicant.jpeg
kksuratnikah-mcf;2025052222024358224085_kksuratnikah-mcf_Applicant.jpeg
halamandepanbukutabungan-mcf;2025052222024358224085_halamandepanbukutabungan-mcf_Applicant.jpeg
fpkbelakang-mcf;2025052222024358224085_fpkbelakang-mcf_Applicant.jpeg
fpkdepan-mcf;2025052222024358224085_fpkdepan-mcf_Applicant.jpeg
tempatusahadepan-mcf;2025052222024358224085_tempatusahadepan-mcf_Applicant.jpeg
rumahdepan-mcf;2025052222024358224085_rumahdepan-mcf_Applicant.jpeg
pasanganttdcmo-mcf;2025052222024358224085_pasanganttdcmo-mcf_Applicant.jpeg
nasabahttdcmo-mcf;2025052222024358224085_nasabahttdcmo-mcf_Applicant.jpeg
allobank-mcf;2025052222024358224085_allobank-mcf_Applicant.jpeg
rumahjalan-mcf;2025052222024358224085_rumahjalan-mcf_Applicant.jpeg
salaryslip-mcf;2025052222024358224085_salaryslip-mcf_Applicant.jpeg
nomorrumah-mcf;2025052222024358224085_nomorrumah-mcf_Applicant.jpeg
dalamrumah-mcf;2025052222024358224085_dalamrumah-mcf_Applicant.jpeg
pricelist-mcf;2025052222024358224085_pricelist-mcf_Applicant.jpeg
buktipenghasilanusaha-mcf;2025052222024358224085_buktipenghasilanusaha-mcf_Applicant.jpeg
perizinanusaha-mcf;2025052222024358224085_perizinanusaha-mcf_Applicant.jpeg
buktikepemilikanusaha-mcf;2025052222024358224085_buktikepemilikanusaha-mcf_Applicant.jpeg
pbbrekening-mcf;2025052122021111843130_pbbrekening-mcf_Applicant.jpeg
kksuratnikah-mcf;2025052122021111843130_kksuratnikah-mcf_Applicant.jpeg
halamandepanbukutabungan-mcf;2025052122021111843130_halamandepanbukutabungan-mcf_Applicant.jpeg
fpkbelakang-mcf;2025052122021111843130_fpkbelakang-mcf_Applicant.jpeg
fpkdepan-mcf;2025052122021111843130_fpkdepan-mcf_Applicant.jpeg
tempatusahadepan-mcf;2025052122021111843130_tempatusahadepan-mcf_Applicant.jpeg
rumahdepan-mcf;2025052122021111843130_rumahdepan-mcf_Applicant.jpeg
pasanganttdcmo-mcf;2025052122021111843130_pasanganttdcmo-mcf_Applicant.jpeg
nasabahttdcmo-mcf;2025052122021111843130_nasabahttdcmo-mcf_Applicant.jpeg
allobank-mcf;2025052122021111843130_allobank-mcf_Applicant.jpeg
rumahjalan-mcf;2025052122021111843130_rumahjalan-mcf_Applicant.jpeg
salaryslip-mcf;2025052122021111843130_salaryslip-mcf_Applicant.jpeg
nomorrumah-mcf;2025052122021111843130_nomorrumah-mcf_Applicant.jpeg
dalamrumah-mcf;2025052122021111843130_dalamrumah-mcf_Applicant.jpeg
pricelist-mcf;2025052122021111843130_pricelist-mcf_Applicant.jpeg
pbbrekening-mcf;2025052122021111876092_pbbrekening-mcf_Applicant.jpeg
kksuratnikah-mcf;2025052122021111876092_kksuratnikah-mcf_Applicant.jpeg
halamandepanbukutabungan-mcf;2025052122021111876092_halamandepanbukutabungan-mcf_Applicant.jpeg
fpkbelakang-mcf;2025052122021111876092_fpkbelakang-mcf_Applicant.jpeg
fpkdepan-mcf;2025052122021111876092_fpkdepan-mcf_Applicant.jpeg
tempatusahadepan-mcf;2025052122021111876092_tempatusahadepan-mcf_Applicant.jpeg
rumahdepan-mcf;2025052122021111876092_rumahdepan-mcf_Applicant.jpeg
buktipenghasilanusaha-mcf;2025052022022252515256_buktipenghasilanusaha-mcf_Applicant.jpeg
perizinanusaha-mcf;2025052022022252515256_perizinanusaha-mcf_Applicant.jpeg
buktikepemilikanusaha-mcf;2025052022022252515256_buktikepemilikanusaha-mcf_Applicant.jpeg
pbbrekening-mcf;2025052222025142455850_pbbrekening-mcf_Applicant.jpeg
kksuratnikah-mcf;2025052222025142455850_kksuratnikah-mcf_Applicant.jpeg
halamandepanbukutabungan-mcf;2025052222025142455850_halamandepanbukutabungan-mcf_Applicant.jpeg
fpkbelakang-mcf;2025052222025142455850_fpkbelakang-mcf_Applicant.jpeg
fpkdepan-mcf;2025052222025142455850_fpkdepan-mcf_Applicant.jpeg
tempatusahadepan-mcf;2025052222025142455850_tempatusahadepan-mcf_Applicant.jpeg
rumahdepan-mcf;2025052222025142455850_rumahdepan-mcf_Applicant.jpeg
pasanganttdcmo-mcf;2025052222025142455850_pasanganttdcmo-mcf_Applicant.jpeg
nasabahttdcmo-mcf;2025052222025142455850_nasabahttdcmo-mcf_Applicant.jpeg
allobank-mcf;2025052222025142455850_allobank-mcf_Applicant.jpeg
rumahjalan-mcf;2025052222025142455850_rumahjalan-mcf_Applicant.jpeg
salaryslip-mcf;2025052222025142455850_salaryslip-mcf_Applicant.jpeg
nomorrumah-mcf;2025052222025142455850_nomorrumah-mcf_Applicant.jpeg
dalamrumah-mcf;2025052222025142455850_dalamrumah-mcf_Applicant.jpeg
pricelist-mcf;2025052222025142455850_pricelist-mcf_Applicant.jpeg
nomorrumah-mcf;2025052222023281244260_nomorrumah-mcf_Applicant.jpeg
dalamrumah-mcf;2025052222023281244260_dalamrumah-mcf_Applicant.jpeg
buktipenghasilanusaha-mcf;2025052222023281244260_buktipenghasilanusaha-mcf_Applicant.jpeg
perizinanusaha-mcf;2025052222023281244260_perizinanusaha-mcf_Applicant.jpeg
buktikepemilikanusaha-mcf;2025052222023281244260_buktikepemilikanusaha-mcf_Applicant.jpeg
rangkanomesin-mcf;2025052222023281244260_rangkanomesin-mcf_Applicant.jpeg
pbbrekening-mcf;2025052222025093027132_pbbrekening-mcf_Applicant.jpeg
kksuratnikah-mcf;2025052222025093027132_kksuratnikah-mcf_Applicant.jpeg
halamandepanbukutabungan-mcf;2025052222025093027132_halamandepanbukutabungan-mcf_Applicant.jpeg
fpkbelakang-mcf;2025052222025093027132_fpkbelakang-mcf_Applicant.jpeg
fpkdepan-mcf;2025052222025093027132_fpkdepan-mcf_Applicant.jpeg
tempatusahadepan-mcf;2025052222025093027132_tempatusahadepan-mcf_Applicant.jpeg
rumahdepan-mcf;2025052222025093027132_rumahdepan-mcf_Applicant.jpeg
pasanganttdcmo-mcf;2025052222025093027132_pasanganttdcmo-mcf_Applicant.jpeg
nasabahttdcmo-mcf;2025052222025093027132_nasabahttdcmo-mcf_Applicant.jpeg
allobank-mcf;2025052222025093027132_allobank-mcf_Applicant.jpeg
rumahjalan-mcf;2025052222025093027132_rumahjalan-mcf_Applicant.jpeg
salaryslip-mcf;2025052222025093027132_salaryslip-mcf_Applicant.jpeg
nomorrumah-mcf;2025052222025093027132_nomorrumah-mcf_Applicant.jpeg
dalamrumah-mcf;2025052222025093027132_dalamrumah-mcf_Applicant.jpeg
pricelist-mcf;2025052222025093027132_pricelist-mcf_Applicant.jpeg
pbbrekening-mcf;2025052222025007871229_pbbrekening-mcf_Applicant.jpeg
kksuratnikah-mcf;2025052222025007871229_kksuratnikah-mcf_Applicant.jpeg
halamandepanbukutabungan-mcf;2025052222025007871229_halamandepanbukutabungan-mcf_Applicant.jpeg
fpkbelakang-mcf;2025052222025007871229_fpkbelakang-mcf_Applicant.jpeg
fpkdepan-mcf;2025052222025007871229_fpkdepan-mcf_Applicant.jpeg
pbbrekening-mcf;2025052222024161118732_pbbrekening-mcf_Applicant.jpeg
kksuratnikah-mcf;2025052222024161118732_kksuratnikah-mcf_Applicant.jpeg
halamandepanbukutabungan-mcf;2025052222024161118732_halamandepanbukutabungan-mcf_Applicant.jpeg
fpkbelakang-mcf;2025052222024161118732_fpkbelakang-mcf_Applicant.jpeg
fpkdepan-mcf;2025052222024161118732_fpkdepan-mcf_Applicant.jpeg
tempatusahadepan-mcf;2025052222024161118732_tempatusahadepan-mcf_Applicant.jpeg
rumahdepan-mcf;2025052222024161118732_rumahdepan-mcf_Applicant.jpeg
pasanganttdcmo-mcf;2025052222024161118732_pasanganttdcmo-mcf_Applicant.jpeg
nasabahttdcmo-mcf;2025052222024161118732_nasabahttdcmo-mcf_Applicant.jpeg
allobank-mcf;2025052222024161118732_allobank-mcf_Applicant.jpeg
rumahjalan-mcf;2025052222024161118732_rumahjalan-mcf_Applicant.jpeg
salaryslip-mcf;2025052222024161118732_salaryslip-mcf_Applicant.jpeg
nomorrumah-mcf;2025052222024161118732_nomorrumah-mcf_Applicant.jpeg
dalamrumah-mcf;2025052222024161118732_dalamrumah-mcf_Applicant.jpeg
pricelist-mcf;2025052222024161118732_pricelist-mcf_Applicant.jpeg
buktipenghasilanusaha-mcf;2025052222024161118732_buktipenghasilanusaha-mcf_Applicant.jpeg
perizinanusaha-mcf;2025052222024161118732_perizinanusaha-mcf_Applicant.jpeg
buktikepemilikanusaha-mcf;2025052222024161118732_buktikepemilikanusaha-mcf_Applicant.jpeg
pbbrekening-mcf;2025052222025063560292_pbbrekening-mcf_Applicant.jpeg
kksuratnikah-mcf;2025052222025063560292_kksuratnikah-mcf_Applicant.jpeg
halamandepanbukutabungan-mcf;2025052222025063560292_halamandepanbukutabungan-mcf_Applicant.jpeg
fpkbelakang-mcf;2025052222025063560292_fpkbelakang-mcf_Applicant.jpeg
fpkdepan-mcf;2025052222025063560292_fpkdepan-mcf_Applicant.jpeg
tempatusahadepan-mcf;2025052222025063560292_tempatusahadepan-mcf_Applicant.jpeg
rumahdepan-mcf;2025052222025063560292_rumahdepan-mcf_Applicant.jpeg
pasanganttdcmo-mcf;2025052222025063560292_pasanganttdcmo-mcf_Applicant.jpeg
nasabahttdcmo-mcf;2025052222025063560292_nasabahttdcmo-mcf_Applicant.jpeg
allobank-mcf;2025052222025063560292_allobank-mcf_Applicant.jpeg
rumahjalan-mcf;2025052222025063560292_rumahjalan-mcf_Applicant.jpeg
salaryslip-mcf;2025052222025063560292_salaryslip-mcf_Applicant.jpeg
nomorrumah-mcf;2025052222025063560292_nomorrumah-mcf_Applicant.jpeg
dalamrumah-mcf;2025052222025063560292_dalamrumah-mcf_Applicant.jpeg
pricelist-mcf;2025052222025063560292_pricelist-mcf_Applicant.jpeg
pbbrekening-mcf;2025052222022613896374_pbbrekening-mcf_Applicant.jpeg
kksuratnikah-mcf;2025052222022613896374_kksuratnikah-mcf_Applicant.jpeg
halamandepanbukutabungan-mcf;2025052222022613896374_halamandepanbukutabungan-mcf_Applicant.jpeg
fpkbelakang-mcf;2025052222022613896374_fpkbelakang-mcf_Applicant.jpeg
fpkdepan-mcf;2025052222022613896374_fpkdepan-mcf_Applicant.jpeg
tempatusahadepan-mcf;2025052222022613896374_tempatusahadepan-mcf_Applicant.jpeg
rumahdepan-mcf;2025052222022613896374_rumahdepan-mcf_Applicant.jpeg
pasanganttdcmo-mcf;2025052222022613896374_pasanganttdcmo-mcf_Applicant.jpeg
nasabahttdcmo-mcf;2025052222022613896374_nasabahttdcmo-mcf_Applicant.jpeg
allobank-mcf;2025052222022613896374_allobank-mcf_Applicant.jpeg
rumahjalan-mcf;2025052222022613896374_rumahjalan-mcf_Applicant.jpeg
salaryslip-mcf;2025052222022613896374_salaryslip-mcf_Applicant.jpeg
nomorrumah-mcf;2025052222022613896374_nomorrumah-mcf_Applicant.jpeg
dalamrumah-mcf;2025052222022613896374_dalamrumah-mcf_Applicant.jpeg
pricelist-mcf;2025052222022613896374_pricelist-mcf_Applicant.jpeg
buktipenghasilanusaha-mcf;2025052222022613896374_buktipenghasilanusaha-mcf_Applicant.jpeg
pricelist-mcf;2025052222023518457789_pricelist-mcf_Applicant.jpeg
buktipenghasilanusaha-mcf;2025052222023518457789_buktipenghasilanusaha-mcf_Applicant.jpeg
perizinanusaha-mcf;2025052222023518457789_perizinanusaha-mcf_Applicant.jpeg
buktikepemilikanusaha-mcf;2025052222023518457789_buktikepemilikanusaha-mcf_Applicant.jpeg
pbbrekening-mcf;2025052222024376330594_pbbrekening-mcf_Applicant.jpeg
kksuratnikah-mcf;2025052222024376330594_kksuratnikah-mcf_Applicant.jpeg
halamandepanbukutabungan-mcf;2025052222024376330594_halamandepanbukutabungan-mcf_Applicant.jpeg
fpkbelakang-mcf;2025052222024376330594_fpkbelakang-mcf_Applicant.jpeg
fpkdepan-mcf;2025052222024376330594_fpkdepan-mcf_Applicant.jpeg
tempatusahadepan-mcf;2025052222024376330594_tempatusahadepan-mcf_Applicant.jpeg
rumahdepan-mcf;2025052222024376330594_rumahdepan-mcf_Applicant.jpeg
pasanganttdcmo-mcf;2025052222024376330594_pasanganttdcmo-mcf_Applicant.jpeg
nasabahttdcmo-mcf;2025052222024376330594_nasabahttdcmo-mcf_Applicant.jpeg
allobank-mcf;2025052222024376330594_allobank-mcf_Applicant.jpeg
rumahjalan-mcf;2025052222024376330594_rumahjalan-mcf_Applicant.jpeg
salaryslip-mcf;2025052222024376330594_salaryslip-mcf_Applicant.jpeg
nomorrumah-mcf;2025052222024376330594_nomorrumah-mcf_Applicant.jpeg
dalamrumah-mcf;2025052222024376330594_dalamrumah-mcf_Applicant.jpeg
pricelist-mcf;2025052222024376330594_pricelist-mcf_Applicant.jpeg
perizinanusaha-mcf;2025052222022613896374_perizinanusaha-mcf_Applicant.jpeg
buktikepemilikanusaha-mcf;2025052222022613896374_buktikepemilikanusaha-mcf_Applicant.jpeg
pbbrekening-mcf;2025052222023518457789_pbbrekening-mcf_Applicant.jpeg
kksuratnikah-mcf;2025052222023518457789_kksuratnikah-mcf_Applicant.jpeg
halamandepanbukutabungan-mcf;2025052222023518457789_halamandepanbukutabungan-mcf_Applicant.jpeg
fpkbelakang-mcf;2025052222023518457789_fpkbelakang-mcf_Applicant.jpeg
fpkdepan-mcf;2025052222023518457789_fpkdepan-mcf_Applicant.jpeg
tempatusahadepan-mcf;2025052222023518457789_tempatusahadepan-mcf_Applicant.jpeg
rumahdepan-mcf;2025052222023518457789_rumahdepan-mcf_Applicant.jpeg
pasanganttdcmo-mcf;2025052222023518457789_pasanganttdcmo-mcf_Applicant.jpeg
nasabahttdcmo-mcf;2025052222023518457789_nasabahttdcmo-mcf_Applicant.jpeg
allobank-mcf;2025052222023518457789_allobank-mcf_Applicant.jpeg
rumahjalan-mcf;2025052222023518457789_rumahjalan-mcf_Applicant.jpeg
salaryslip-mcf;2025052222023518457789_salaryslip-mcf_Applicant.jpeg
nomorrumah-mcf;2025052222023518457789_nomorrumah-mcf_Applicant.jpeg
dalamrumah-mcf;2025052222023518457789_dalamrumah-mcf_Applicant.jpeg
pbbrekening-mcf;2025052222025126242300_pbbrekening-mcf_Applicant.jpeg
kksuratnikah-mcf;2025052222025126242300_kksuratnikah-mcf_Applicant.jpeg
halamandepanbukutabungan-mcf;2025052222025126242300_halamandepanbukutabungan-mcf_Applicant.jpeg
fpkbelakang-mcf;2025052222025126242300_fpkbelakang-mcf_Applicant.jpeg
fpkdepan-mcf;2025052222025126242300_fpkdepan-mcf_Applicant.jpeg
tempatusahadepan-mcf;2025052222025126242300_tempatusahadepan-mcf_Applicant.jpeg
rumahdepan-mcf;2025052222025126242300_rumahdepan-mcf_Applicant.jpeg
pasanganttdcmo-mcf;2025052222025126242300_pasanganttdcmo-mcf_Applicant.jpeg
nasabahttdcmo-mcf;2025052222025126242300_nasabahttdcmo-mcf_Applicant.jpeg
allobank-mcf;2025052222025126242300_allobank-mcf_Applicant.jpeg
rumahjalan-mcf;2025052222025126242300_rumahjalan-mcf_Applicant.jpeg
bpkbdepan-mcf;2025052222025126242300_bpkbdepan-mcf_Applicant.jpeg
bpkbbelakang-mcf;2025052222025126242300_bpkbbelakang-mcf_Applicant.jpeg
stnkpajak-mcf;2025052222025126242300_stnkpajak-mcf_Applicant.jpeg
unitdepankanan-mcf;2025052222025126242300_unitdepankanan-mcf_Applicant.jpeg
unitdepankiri-mcf;2025052222025126242300_unitdepankiri-mcf_Applicant.jpeg
salaryslip-mcf;2025052222025126242300_salaryslip-mcf_Applicant.jpeg
nomorrumah-mcf;2025052222025126242300_nomorrumah-mcf_Applicant.jpeg
dalamrumah-mcf;2025052222025126242300_dalamrumah-mcf_Applicant.jpeg
buktipenghasilanusaha-mcf;2025052222025126242300_buktipenghasilanusaha-mcf_Applicant.jpeg
perizinanusaha-mcf;2025052222025126242300_perizinanusaha-mcf_Applicant.jpeg
buktikepemilikanusaha-mcf;2025052222025126242300_buktikepemilikanusaha-mcf_Applicant.jpeg
rangkanomesin-mcf;2025052222025126242300_rangkanomesin-mcf_Applicant.jpeg
pbbrekening-mcf;2025052222022698012112_pbbrekening-mcf_Applicant.jpeg
kksuratnikah-mcf;2025052222022698012112_kksuratnikah-mcf_Applicant.jpeg
halamandepanbukutabungan-mcf;2025052222022698012112_halamandepanbukutabungan-mcf_Applicant.jpeg
fpkbelakang-mcf;2025052222022698012112_fpkbelakang-mcf_Applicant.jpeg
fpkdepan-mcf;2025052222022698012112_fpkdepan-mcf_Applicant.jpeg
tempatusahadepan-mcf;2025052222022698012112_tempatusahadepan-mcf_Applicant.jpeg
rumahdepan-mcf;2025052222022698012112_rumahdepan-mcf_Applicant.jpeg
pasanganttdcmo-mcf;2025052222022698012112_pasanganttdcmo-mcf_Applicant.jpeg
nasabahttdcmo-mcf;2025052222022698012112_nasabahttdcmo-mcf_Applicant.jpeg
allobank-mcf;2025052222022698012112_allobank-mcf_Applicant.jpeg
rumahjalan-mcf;2025052222022698012112_rumahjalan-mcf_Applicant.jpeg
salaryslip-mcf;2025052222022698012112_salaryslip-mcf_Applicant.jpeg
nomorrumah-mcf;2025052222022698012112_nomorrumah-mcf_Applicant.jpeg
dalamrumah-mcf;2025052222022698012112_dalamrumah-mcf_Applicant.jpeg
pricelist-mcf;2025052222022698012112_pricelist-mcf_Applicant.jpeg
pbbrekening-mcf;2025052222024482080073_pbbrekening-mcf_Applicant.jpeg
kksuratnikah-mcf;2025052222024482080073_kksuratnikah-mcf_Applicant.jpeg
halamandepanbukutabungan-mcf;2025052222024482080073_halamandepanbukutabungan-mcf_Applicant.jpeg
fpkbelakang-mcf;2025052222024482080073_fpkbelakang-mcf_Applicant.jpeg
fpkdepan-mcf;2025052222024482080073_fpkdepan-mcf_Applicant.jpeg
tempatusahadepan-mcf;2025052222024482080073_tempatusahadepan-mcf_Applicant.jpeg
nomorrumah-mcf;2025052222024482080073_nomorrumah-mcf_Applicant.jpeg
pasanganttdcmo-mcf;2025052222024482080073_pasanganttdcmo-mcf_Applicant.jpeg
nasabahttdcmo-mcf;2025052222024482080073_nasabahttdcmo-mcf_Applicant.jpeg
allobank-mcf;2025052222024482080073_allobank-mcf_Applicant.jpeg
rumahjalan-mcf;2025052222024482080073_rumahjalan-mcf_Applicant.jpeg
salaryslip-mcf;2025052222024482080073_salaryslip-mcf_Applicant.jpeg
nomorrumah-mcf;2025052222024482080073_nomorrumah-mcf_Applicant.jpeg
dalamrumah-mcf;2025052222024482080073_dalamrumah-mcf_Applicant.jpeg
pricelist-mcf;2025052222024482080073_pricelist-mcf_Applicant.jpeg
salaryslip-mcf;2025052322023253995849_salaryslip-mcf_Applicant.jpeg
nomorrumah-mcf;2025052322023253995849_nomorrumah-mcf_Applicant.jpeg
dalamrumah-mcf;2025052322023253995849_dalamrumah-mcf_Applicant.jpeg
pricelist-mcf;2025052322023253995849_pricelist-mcf_Applicant.jpeg
pbbrekening-mcf;2025052322023253995849_pbbrekening-mcf_Applicant.jpeg
kksuratnikah-mcf;2025052322023253995849_kksuratnikah-mcf_Applicant.jpeg
halamandepanbukutabungan-mcf;2025052322023253995849_halamandepanbukutabungan-mcf_Applicant.jpeg
fpkbelakang-mcf;2025052322023253995849_fpkbelakang-mcf_Applicant.jpeg
fpkdepan-mcf;2025052322023253995849_fpkdepan-mcf_Applicant.jpeg
tempatusahadepan-mcf;2025052322023253995849_tempatusahadepan-mcf_Applicant.jpeg
rumahdepan-mcf;2025052322023253995849_rumahdepan-mcf_Applicant.jpeg
pasanganttdcmo-mcf;2025052322023253995849_pasanganttdcmo-mcf_Applicant.jpeg
nasabahttdcmo-mcf;2025052322023253995849_nasabahttdcmo-mcf_Applicant.jpeg
allobank-mcf;2025052322023253995849_allobank-mcf_Applicant.jpeg
rumahjalan-mcf;2025052322023253995849_rumahjalan-mcf_Applicant.jpeg
pbbrekening-mcf;2025052322025076016621_pbbrekening-mcf_Applicant.jpeg
kksuratnikah-mcf;2025052322025076016621_kksuratnikah-mcf_Applicant.jpeg
halamandepanbukutabungan-mcf;2025052322025076016621_halamandepanbukutabungan-mcf_Applicant.jpeg
fpkbelakang-mcf;2025052322025076016621_fpkbelakang-mcf_Applicant.jpeg
fpkdepan-mcf;2025052322025076016621_fpkdepan-mcf_Applicant.jpeg
tempatusahadepan-mcf;2025052322025076016621_tempatusahadepan-mcf_Applicant.jpeg
rumahdepan-mcf;2025052122022204762499_rumahdepan-mcf_Applicant.jpeg
pasanganttdcmo-mcf;2025052122022204762499_pasanganttdcmo-mcf_Applicant.jpeg
nasabahttdcmo-mcf;2025052122022204762499_nasabahttdcmo-mcf_Applicant.jpeg
allobank-mcf;2025052122022204762499_allobank-mcf_Applicant.jpeg
rumahjalan-mcf;2025052122022204762499_rumahjalan-mcf_Applicant.jpeg
salaryslip-mcf;2025052122022204762499_salaryslip-mcf_Applicant.jpeg
nomorrumah-mcf;2025052122022204762499_nomorrumah-mcf_Applicant.jpeg
dalamrumah-mcf;2025052122022204762499_dalamrumah-mcf_Applicant.jpeg
pricelist-mcf;2025052122022204762499_pricelist-mcf_Applicant.jpeg
pbbrekening-mcf;2025052122022698083244_pbbrekening-mcf_Applicant.jpeg
kksuratnikah-mcf;2025052122022698083244_kksuratnikah-mcf_Applicant.jpeg
halamandepanbukutabungan-mcf;2025052122022698083244_halamandepanbukutabungan-mcf_Applicant.jpeg
fpkbelakang-mcf;2025052122022698083244_fpkbelakang-mcf_Applicant.jpeg
fpkdepan-mcf;2025052122022698083244_fpkdepan-mcf_Applicant.jpeg
tempatusahadepan-mcf;2025052122022698083244_tempatusahadepan-mcf_Applicant.jpeg
rangkanomesin-mcf;20250523925006672599_rangkanomesin-mcf_Applicant.jpeg
pbbrekening-mcf;2025052222021112613002_pbbrekening-mcf_Applicant.jpeg
kksuratnikah-mcf;2025052222021112613002_kksuratnikah-mcf_Applicant.jpeg
halamandepanbukutabungan-mcf;2025052222021112613002_halamandepanbukutabungan-mcf_Applicant.jpeg
fpkbelakang-mcf;2025052222021112613002_fpkbelakang-mcf_Applicant.jpeg
fpkdepan-mcf;2025052222021112613002_fpkdepan-mcf_Applicant.jpeg
tempatusahadepan-mcf;2025052222021112613002_tempatusahadepan-mcf_Applicant.jpeg
rumahdepan-mcf;2025052222021112613002_rumahdepan-mcf_Applicant.jpeg
pasanganttdcmo-mcf;2025052222021112613002_pasanganttdcmo-mcf_Applicant.jpeg
nasabahttdcmo-mcf;2025052222021112613002_nasabahttdcmo-mcf_Applicant.jpeg
allobank-mcf;2025052222021112613002_allobank-mcf_Applicant.jpeg
rumahjalan-mcf;2025052222021112613002_rumahjalan-mcf_Applicant.jpeg
salaryslip-mcf;2025052222021112613002_salaryslip-mcf_Applicant.jpeg
nomorrumah-mcf;2025052222021112613002_nomorrumah-mcf_Applicant.jpeg
dalamrumah-mcf;2025052222021112613002_dalamrumah-mcf_Applicant.jpeg
pricelist-mcf;2025052222021112613002_pricelist-mcf_Applicant.jpeg
rumahdepan-mcf;2025052322025076016621_rumahdepan-mcf_Applicant.jpeg
pasanganttdcmo-mcf;2025052322025076016621_pasanganttdcmo-mcf_Applicant.jpeg
nasabahttdcmo-mcf;2025052322025076016621_nasabahttdcmo-mcf_Applicant.jpeg
allobank-mcf;2025052322025076016621_allobank-mcf_Applicant.jpeg
rumahjalan-mcf;2025052322025076016621_rumahjalan-mcf_Applicant.jpeg
salaryslip-mcf;2025052322025076016621_salaryslip-mcf_Applicant.jpeg
nomorrumah-mcf;2025052322025076016621_nomorrumah-mcf_Applicant.jpeg
dalamrumah-mcf;2025052322025076016621_dalamrumah-mcf_Applicant.jpeg
pricelist-mcf;2025052322025076016621_pricelist-mcf_Applicant.jpeg
pbbrekening-mcf;2025052322022543760520_pbbrekening-mcf_Applicant.jpeg
kksuratnikah-mcf;2025052322022543760520_kksuratnikah-mcf_Applicant.jpeg
halamandepanbukutabungan-mcf;2025052322022543760520_halamandepanbukutabungan-mcf_Applicant.jpeg
fpkbelakang-mcf;2025052322022543760520_fpkbelakang-mcf_Applicant.jpeg
fpkdepan-mcf;2025052322022543760520_fpkdepan-mcf_Applicant.jpeg
tempatusahadepan-mcf;2025052322022543760520_tempatusahadepan-mcf_Applicant.jpeg
rumahdepan-mcf;2025052322022543760520_rumahdepan-mcf_Applicant.jpeg
pasanganttdcmo-mcf;2025052322022543760520_pasanganttdcmo-mcf_Applicant.jpeg
nasabahttdcmo-mcf;2025052322022543760520_nasabahttdcmo-mcf_Applicant.jpeg
allobank-mcf;2025052322022543760520_allobank-mcf_Applicant.jpeg
rumahjalan-mcf;2025052322022543760520_rumahjalan-mcf_Applicant.jpeg
salaryslip-mcf;2025052322022543760520_salaryslip-mcf_Applicant.jpeg
salaryslip-mcf;2025052122024267647177_salaryslip-mcf_Applicant.jpeg
nomorrumah-mcf;2025052122024267647177_nomorrumah-mcf_Applicant.jpeg
dalamrumah-mcf;2025052122024267647177_dalamrumah-mcf_Applicant.jpeg
pricelist-mcf;2025052122024267647177_pricelist-mcf_Applicant.jpeg
buktipenghasilanusaha-mcf;2025052122024267647177_buktipenghasilanusaha-mcf_Applicant.jpeg
perizinanusaha-mcf;2025052122024267647177_perizinanusaha-mcf_Applicant.jpeg
buktikepemilikanusaha-mcf;2025052122024267647177_buktikepemilikanusaha-mcf_Applicant.jpeg
pbbrekening-mcf;2025052222023427817644_pbbrekening-mcf_Applicant.jpeg
pbbrekening-mcf;2025052122024305841097_pbbrekening-mcf_Applicant.jpeg
kksuratnikah-mcf;2025052122024305841097_kksuratnikah-mcf_Applicant.jpeg
halamandepanbukutabungan-mcf;2025052122024305841097_halamandepanbukutabungan-mcf_Applicant.jpeg
fpkbelakang-mcf;2025052122024305841097_fpkbelakang-mcf_Applicant.jpeg
fpkdepan-mcf;2025052122024305841097_fpkdepan-mcf_Applicant.jpeg
tempatusahadepan-mcf;2025052122024305841097_tempatusahadepan-mcf_Applicant.jpeg
rumahdepan-mcf;2025052122024305841097_rumahdepan-mcf_Applicant.jpeg
pasanganttdcmo-mcf;2025052122024305841097_pasanganttdcmo-mcf_Applicant.jpeg
nasabahttdcmo-mcf;2025052122024305841097_nasabahttdcmo-mcf_Applicant.jpeg
allobank-mcf;2025052122024305841097_allobank-mcf_Applicant.jpeg
rumahjalan-mcf;2025052122024305841097_rumahjalan-mcf_Applicant.jpeg
bpkbdepan-mcf;2025052122024305841097_bpkbdepan-mcf_Applicant.jpeg
bpkbbelakang-mcf;2025052122024305841097_bpkbbelakang-mcf_Applicant.jpeg
stnkpajak-mcf;2025052122024305841097_stnkpajak-mcf_Applicant.jpeg
unitdepankanan-mcf;2025052122024305841097_unitdepankanan-mcf_Applicant.jpeg
kksuratnikah-mcf;2025052222023427817644_kksuratnikah-mcf_Applicant.jpeg
halamandepanbukutabungan-mcf;2025052222023427817644_halamandepanbukutabungan-mcf_Applicant.jpeg
fpkbelakang-mcf;2025052222023427817644_fpkbelakang-mcf_Applicant.jpeg
fpkdepan-mcf;2025052222023427817644_fpkdepan-mcf_Applicant.jpeg
tempatusahadepan-mcf;2025052222023427817644_tempatusahadepan-mcf_Applicant.jpeg
nomorrumah-mcf;2025052222023427817644_nomorrumah-mcf_Applicant.jpeg
pasanganttdcmo-mcf;2025052222023427817644_pasanganttdcmo-mcf_Applicant.jpeg
nasabahttdcmo-mcf;2025052222023427817644_nasabahttdcmo-mcf_Applicant.jpeg
allobank-mcf;2025052222023427817644_allobank-mcf_Applicant.jpeg
rumahjalan-mcf;2025052222023427817644_rumahjalan-mcf_Applicant.jpeg
salaryslip-mcf;2025052222023427817644_salaryslip-mcf_Applicant.jpeg
nomorrumah-mcf;2025052222023427817644_nomorrumah-mcf_Applicant.jpeg
dalamrumah-mcf;2025052222023427817644_dalamrumah-mcf_Applicant.jpeg
pricelist-mcf;2025052222023427817644_pricelist-mcf_Applicant.jpeg
pbbrekening-mcf;2025052222025057650581_pbbrekening-mcf_Applicant.jpeg
kksuratnikah-mcf;2025052222025057650581_kksuratnikah-mcf_Applicant.jpeg
halamandepanbukutabungan-mcf;2025052222025057650581_halamandepanbukutabungan-mcf_Applicant.jpeg
fpkbelakang-mcf;2025052222025057650581_fpkbelakang-mcf_Applicant.jpeg
fpkdepan-mcf;2025052222025057650581_fpkdepan-mcf_Applicant.jpeg
tempatusahadepan-mcf;2025052222025057650581_tempatusahadepan-mcf_Applicant.jpeg
rumahdepan-mcf;2025052222025057650581_rumahdepan-mcf_Applicant.jpeg
pasanganttdcmo-mcf;2025052222025057650581_pasanganttdcmo-mcf_Applicant.jpeg
nasabahttdcmo-mcf;2025052222025057650581_nasabahttdcmo-mcf_Applicant.jpeg
allobank-mcf;2025052222025057650581_allobank-mcf_Applicant.jpeg
rumahjalan-mcf;2025052222025057650581_rumahjalan-mcf_Applicant.jpeg
bpkbdepan-mcf;2025052222025057650581_bpkbdepan-mcf_Applicant.jpeg
bpkbbelakang-mcf;2025052222025057650581_bpkbbelakang-mcf_Applicant.jpeg
stnkpajak-mcf;2025052222025057650581_stnkpajak-mcf_Applicant.jpeg
unitdepankanan-mcf;2025052222025057650581_unitdepankanan-mcf_Applicant.jpeg
unitdepankiri-mcf;2025052222025057650581_unitdepankiri-mcf_Applicant.jpeg
salaryslip-mcf;2025052222025057650581_salaryslip-mcf_Applicant.jpeg
nomorrumah-mcf;2025052222025057650581_nomorrumah-mcf_Applicant.jpeg
dalamrumah-mcf;2025052222025057650581_dalamrumah-mcf_Applicant.jpeg
buktipenghasilanusaha-mcf;2025052222025057650581_buktipenghasilanusaha-mcf_Applicant.jpeg
perizinanusaha-mcf;2025052222025057650581_perizinanusaha-mcf_Applicant.jpeg
buktikepemilikanusaha-mcf;2025052222025057650581_buktikepemilikanusaha-mcf_Applicant.jpeg
rangkanomesin-mcf;2025052222025057650581_rangkanomesin-mcf_Applicant.jpeg
pbbrekening-mcf;2025052322024121986109_pbbrekening-mcf_Applicant.jpeg
kksuratnikah-mcf;2025052322024121986109_kksuratnikah-mcf_Applicant.jpeg
halamandepanbukutabungan-mcf;2025052322024121986109_halamandepanbukutabungan-mcf_Applicant.jpeg
fpkbelakang-mcf;2025052322024121986109_fpkbelakang-mcf_Applicant.jpeg
fpkdepan-mcf;2025052322024121986109_fpkdepan-mcf_Applicant.jpeg
tempatusahadepan-mcf;2025052322024121986109_tempatusahadepan-mcf_Applicant.jpeg
rumahdepan-mcf;2025052322024121986109_rumahdepan-mcf_Applicant.jpeg
pasanganttdcmo-mcf;2025052322024121986109_pasanganttdcmo-mcf_Applicant.jpeg
nasabahttdcmo-mcf;2025052322024121986109_nasabahttdcmo-mcf_Applicant.jpeg
allobank-mcf;2025052322024121986109_allobank-mcf_Applicant.jpeg
rumahjalan-mcf;2025052322024121986109_rumahjalan-mcf_Applicant.jpeg
salaryslip-mcf;2025052322024121986109_salaryslip-mcf_Applicant.jpeg
nomorrumah-mcf;2025052322024121986109_nomorrumah-mcf_Applicant.jpeg
dalamrumah-mcf;2025052322024121986109_dalamrumah-mcf_Applicant.jpeg
pricelist-mcf;2025052322024121986109_pricelist-mcf_Applicant.jpeg
pbbrekening-mcf;2025052322024492033206_pbbrekening-mcf_Applicant.jpeg
kksuratnikah-mcf;2025052322024492033206_kksuratnikah-mcf_Applicant.jpeg
halamandepanbukutabungan-mcf;2025052322024492033206_halamandepanbukutabungan-mcf_Applicant.jpeg
fpkbelakang-mcf;2025052322024492033206_fpkbelakang-mcf_Applicant.jpeg
fpkdepan-mcf;2025052322024492033206_fpkdepan-mcf_Applicant.jpeg
tempatusahadepan-mcf;2025052322024492033206_tempatusahadepan-mcf_Applicant.jpeg
rumahdepan-mcf;2025052322024492033206_rumahdepan-mcf_Applicant.jpeg
pasanganttdcmo-mcf;2025052322024492033206_pasanganttdcmo-mcf_Applicant.jpeg
nasabahttdcmo-mcf;2025052322024492033206_nasabahttdcmo-mcf_Applicant.jpeg
allobank-mcf;2025052322024492033206_allobank-mcf_Applicant.jpeg
rumahjalan-mcf;2025052322024492033206_rumahjalan-mcf_Applicant.jpeg
salaryslip-mcf;2025052322024492033206_salaryslip-mcf_Applicant.jpeg
nomorrumah-mcf;2025052322024492033206_nomorrumah-mcf_Applicant.jpeg
dalamrumah-mcf;2025052322024492033206_dalamrumah-mcf_Applicant.jpeg
pricelist-mcf;2025052322024492033206_pricelist-mcf_Applicant.jpeg
pbbrekening-mcf;2025051922025063462318_pbbrekening-mcf_Applicant.jpeg
kksuratnikah-mcf;2025051922025063462318_kksuratnikah-mcf_Applicant.jpeg
halamandepanbukutabungan-mcf;2025051922025063462318_halamandepanbukutabungan-mcf_Applicant.jpeg
fpkbelakang-mcf;2025051922025063462318_fpkbelakang-mcf_Applicant.jpeg
fpkdepan-mcf;2025051922025063462318_fpkdepan-mcf_Applicant.jpeg
tempatusahadepan-mcf;2025051922025063462318_tempatusahadepan-mcf_Applicant.jpeg
rumahdepan-mcf;2025051922025063462318_rumahdepan-mcf_Applicant.jpeg
tempatusahadepan-mcf;2025052222025007871229_tempatusahadepan-mcf_Applicant.jpeg
rumahdepan-mcf;2025052222025007871229_rumahdepan-mcf_Applicant.jpeg
pasanganttdcmo-mcf;2025052222025007871229_pasanganttdcmo-mcf_Applicant.jpeg
nasabahttdcmo-mcf;2025052222025007871229_nasabahttdcmo-mcf_Applicant.jpeg
allobank-mcf;2025052222025007871229_allobank-mcf_Applicant.jpeg
rumahjalan-mcf;2025052222025007871229_rumahjalan-mcf_Applicant.jpeg
salaryslip-mcf;2025052222025007871229_salaryslip-mcf_Applicant.jpeg
nomorrumah-mcf;2025052222025007871229_nomorrumah-mcf_Applicant.jpeg
dalamrumah-mcf;2025052222025007871229_dalamrumah-mcf_Applicant.jpeg
pricelist-mcf;2025052222025007871229_pricelist-mcf_Applicant.jpeg
pasanganttdcmo-mcf;2025051922025063462318_pasanganttdcmo-mcf_Applicant.jpeg
nasabahttdcmo-mcf;2025051922025063462318_nasabahttdcmo-mcf_Applicant.jpeg
allobank-mcf;2025051922025063462318_allobank-mcf_Applicant.jpeg
rumahjalan-mcf;2025051922025063462318_rumahjalan-mcf_Applicant.jpeg
salaryslip-mcf;2025051922025063462318_salaryslip-mcf_Applicant.jpeg
nomorrumah-mcf;2025051922025063462318_nomorrumah-mcf_Applicant.jpeg
dalamrumah-mcf;2025051922025063462318_dalamrumah-mcf_Applicant.jpeg
pricelist-mcf;2025051922025063462318_pricelist-mcf_Applicant.jpeg
pbbrekening-mcf;20250523925006672599_pbbrekening-mcf_Applicant.jpeg
kksuratnikah-mcf;20250523925006672599_kksuratnikah-mcf_Applicant.jpeg
halamandepanbukutabungan-mcf;20250523925006672599_halamandepanbukutabungan-mcf_Applicant.jpeg
fpkbelakang-mcf;20250523925006672599_fpkbelakang-mcf_Applicant.jpeg
fpkdepan-mcf;20250523925006672599_fpkdepan-mcf_Applicant.jpeg
tempatusahadepan-mcf;20250523925006672599_tempatusahadepan-mcf_Applicant.jpeg
rumahdepan-mcf;20250523925006672599_rumahdepan-mcf_Applicant.jpeg
pasanganttdcmo-mcf;20250523925006672599_pasanganttdcmo-mcf_Applicant.jpeg
nasabahttdcmo-mcf;20250523925006672599_nasabahttdcmo-mcf_Applicant.jpeg
allobank-mcf;20250523925006672599_allobank-mcf_Applicant.jpeg
rumahjalan-mcf;20250523925006672599_rumahjalan-mcf_Applicant.jpeg
bpkbdepan-mcf;20250523925006672599_bpkbdepan-mcf_Applicant.jpeg
bpkbbelakang-mcf;20250523925006672599_bpkbbelakang-mcf_Applicant.jpeg
stnkpajak-mcf;20250523925006672599_stnkpajak-mcf_Applicant.jpeg
unitdepankanan-mcf;20250523925006672599_unitdepankanan-mcf_Applicant.jpeg
unitdepankiri-mcf;20250523925006672599_unitdepankiri-mcf_Applicant.jpeg
salaryslip-mcf;20250523925006672599_salaryslip-mcf_Applicant.jpeg
nomorrumah-mcf;20250523925006672599_nomorrumah-mcf_Applicant.jpeg
dalamrumah-mcf;20250523925006672599_dalamrumah-mcf_Applicant.jpeg
buktipenghasilanusaha-mcf;20250523925006672599_buktipenghasilanusaha-mcf_Applicant.jpeg
perizinanusaha-mcf;20250523925006672599_perizinanusaha-mcf_Applicant.jpeg
buktikepemilikanusaha-mcf;20250523925006672599_buktikepemilikanusaha-mcf_Applicant.jpeg
pbbrekening-mcf;2025052322025100059568_pbbrekening-mcf_Applicant.jpeg
kksuratnikah-mcf;2025052322025100059568_kksuratnikah-mcf_Applicant.jpeg
halamandepanbukutabungan-mcf;2025052322025100059568_halamandepanbukutabungan-mcf_Applicant.jpeg
fpkbelakang-mcf;2025052322025100059568_fpkbelakang-mcf_Applicant.jpeg
fpkdepan-mcf;2025052322025100059568_fpkdepan-mcf_Applicant.jpeg
tempatusahadepan-mcf;2025052322025100059568_tempatusahadepan-mcf_Applicant.jpeg
rumahdepan-mcf;2025052322025100059568_rumahdepan-mcf_Applicant.jpeg
pasanganttdcmo-mcf;2025052322025100059568_pasanganttdcmo-mcf_Applicant.jpeg
nasabahttdcmo-mcf;2025052322025100059568_nasabahttdcmo-mcf_Applicant.jpeg
allobank-mcf;2025052322025100059568_allobank-mcf_Applicant.jpeg
rumahjalan-mcf;2025052322025100059568_rumahjalan-mcf_Applicant.jpeg
bpkbdepan-mcf;2025052322025100059568_bpkbdepan-mcf_Applicant.jpeg
bpkbbelakang-mcf;2025052322025100059568_bpkbbelakang-mcf_Applicant.jpeg
stnkpajak-mcf;2025052322025100059568_stnkpajak-mcf_Applicant.jpeg
unitdepankanan-mcf;2025052322025100059568_unitdepankanan-mcf_Applicant.jpeg
allobank-mcf;2025052322022615871240_allobank-mcf_Applicant.jpeg
rumahjalan-mcf;2025052322022615871240_rumahjalan-mcf_Applicant.jpeg
salaryslip-mcf;2025052322022615871240_salaryslip-mcf_Applicant.jpeg
nomorrumah-mcf;2025052322022615871240_nomorrumah-mcf_Applicant.jpeg
dalamrumah-mcf;2025052322022615871240_dalamrumah-mcf_Applicant.jpeg
pricelist-mcf;2025052322022615871240_pricelist-mcf_Applicant.jpeg
pbbrekening-mcf;2025052222024004563072_pbbrekening-mcf_Applicant.jpeg
kksuratnikah-mcf;2025052222024004563072_kksuratnikah-mcf_Applicant.jpeg
halamandepanbukutabungan-mcf;2025052222024004563072_halamandepanbukutabungan-mcf_Applicant.jpeg
fpkbelakang-mcf;2025052222024004563072_fpkbelakang-mcf_Applicant.jpeg
fpkdepan-mcf;2025052222024004563072_fpkdepan-mcf_Applicant.jpeg
tempatusahadepan-mcf;2025052222024004563072_tempatusahadepan-mcf_Applicant.jpeg
rumahdepan-mcf;2025052222024004563072_rumahdepan-mcf_Applicant.jpeg
pasanganttdcmo-mcf;2025052222024004563072_pasanganttdcmo-mcf_Applicant.jpeg
nasabahttdcmo-mcf;2025052222024004563072_nasabahttdcmo-mcf_Applicant.jpeg
allobank-mcf;2025052222024004563072_allobank-mcf_Applicant.jpeg
rumahjalan-mcf;2025052222024004563072_rumahjalan-mcf_Applicant.jpeg
salaryslip-mcf;2025052222024004563072_salaryslip-mcf_Applicant.jpeg
nomorrumah-mcf;2025052222024004563072_nomorrumah-mcf_Applicant.jpeg
dalamrumah-mcf;2025052222024004563072_dalamrumah-mcf_Applicant.jpeg
pricelist-mcf;2025052222024004563072_pricelist-mcf_Applicant.jpeg
pbbrekening-mcf;2025052322022615871240_pbbrekening-mcf_Applicant.jpeg
kksuratnikah-mcf;2025052322022615871240_kksuratnikah-mcf_Applicant.jpeg
halamandepanbukutabungan-mcf;2025052322022615871240_halamandepanbukutabungan-mcf_Applicant.jpeg
fpkbelakang-mcf;2025052322022615871240_fpkbelakang-mcf_Applicant.jpeg
fpkdepan-mcf;2025052322022615871240_fpkdepan-mcf_Applicant.jpeg
tempatusahadepan-mcf;2025052322022615871240_tempatusahadepan-mcf_Applicant.jpeg
rumahdepan-mcf;2025052322022615871240_rumahdepan-mcf_Applicant.jpeg
pasanganttdcmo-mcf;2025052322022615871240_pasanganttdcmo-mcf_Applicant.jpeg
nasabahttdcmo-mcf;2025052322022615871240_nasabahttdcmo-mcf_Applicant.jpeg
salaryslip-mcf;2025052222023018158243_salaryslip-mcf_Applicant.jpeg
nomorrumah-mcf;2025052222023018158243_nomorrumah-mcf_Applicant.jpeg
dalamrumah-mcf;2025052222023018158243_dalamrumah-mcf_Applicant.jpeg
pricelist-mcf;2025052222023018158243_pricelist-mcf_Applicant.jpeg
buktipenghasilanusaha-mcf;2025052222023018158243_buktipenghasilanusaha-mcf_Applicant.jpeg
perizinanusaha-mcf;2025052222023018158243_perizinanusaha-mcf_Applicant.jpeg
buktikepemilikanusaha-mcf;2025052222023018158243_buktikepemilikanusaha-mcf_Applicant.jpeg
pbbrekening-mcf;2025052322021111887772_pbbrekening-mcf_Applicant.jpeg
kksuratnikah-mcf;2025052322021111887772_kksuratnikah-mcf_Applicant.jpeg
halamandepanbukutabungan-mcf;2025052322021111887772_halamandepanbukutabungan-mcf_Applicant.jpeg
fpkbelakang-mcf;2025052322021111887772_fpkbelakang-mcf_Applicant.jpeg
fpkdepan-mcf;2025052322021111887772_fpkdepan-mcf_Applicant.jpeg
tempatusahadepan-mcf;2025052322021111887772_tempatusahadepan-mcf_Applicant.jpeg
rumahdepan-mcf;2025052322021111887772_rumahdepan-mcf_Applicant.jpeg
pasanganttdcmo-mcf;2025052322021111887772_pasanganttdcmo-mcf_Applicant.jpeg
nasabahttdcmo-mcf;2025052322021111887772_nasabahttdcmo-mcf_Applicant.jpeg
allobank-mcf;2025052322021111887772_allobank-mcf_Applicant.jpeg
unitdepankiri-mcf;2025052322025100059568_unitdepankiri-mcf_Applicant.jpeg
salaryslip-mcf;2025052322025100059568_salaryslip-mcf_Applicant.jpeg
nomorrumah-mcf;2025052322025100059568_nomorrumah-mcf_Applicant.jpeg
dalamrumah-mcf;2025052322025100059568_dalamrumah-mcf_Applicant.jpeg
rangkanomesin-mcf;2025052322025100059568_rangkanomesin-mcf_Applicant.jpeg
pbbrekening-mcf;2025052222023018158243_pbbrekening-mcf_Applicant.jpeg
kksuratnikah-mcf;2025052222023018158243_kksuratnikah-mcf_Applicant.jpeg
halamandepanbukutabungan-mcf;2025052222023018158243_halamandepanbukutabungan-mcf_Applicant.jpeg
fpkbelakang-mcf;2025052222023018158243_fpkbelakang-mcf_Applicant.jpeg
fpkdepan-mcf;2025052222023018158243_fpkdepan-mcf_Applicant.jpeg
tempatusahadepan-mcf;2025052222023018158243_tempatusahadepan-mcf_Applicant.jpeg
rumahdepan-mcf;2025052222023018158243_rumahdepan-mcf_Applicant.jpeg
pasanganttdcmo-mcf;2025052222023018158243_pasanganttdcmo-mcf_Applicant.jpeg
nasabahttdcmo-mcf;2025052222023018158243_nasabahttdcmo-mcf_Applicant.jpeg
allobank-mcf;2025052222023018158243_allobank-mcf_Applicant.jpeg
rumahjalan-mcf;2025052222023018158243_rumahjalan-mcf_Applicant.jpeg
rumahjalan-mcf;2025052322021111887772_rumahjalan-mcf_Applicant.jpeg
salaryslip-mcf;2025052322021111887772_salaryslip-mcf_Applicant.jpeg
nomorrumah-mcf;2025052322021111887772_nomorrumah-mcf_Applicant.jpeg
dalamrumah-mcf;2025052322021111887772_dalamrumah-mcf_Applicant.jpeg
pricelist-mcf;2025052322021111887772_pricelist-mcf_Applicant.jpeg
halamandepanbukutabungan-mcf;2025052322024465274833_halamandepanbukutabungan-mcf_Applicant.jpeg
fpkbelakang-mcf;2025052322024465274833_fpkbelakang-mcf_Applicant.jpeg
fpkdepan-mcf;2025052322024465274833_fpkdepan-mcf_Applicant.jpeg
tempatusahadepan-mcf;2025052322024465274833_tempatusahadepan-mcf_Applicant.jpeg
rumahdepan-mcf;2025052322024465274833_rumahdepan-mcf_Applicant.jpeg
pasanganttdcmo-mcf;2025052322024465274833_pasanganttdcmo-mcf_Applicant.jpeg
nasabahttdcmo-mcf;2025052322024465274833_nasabahttdcmo-mcf_Applicant.jpeg
allobank-mcf;2025052322024465274833_allobank-mcf_Applicant.jpeg
rumahjalan-mcf;2025052322024465274833_rumahjalan-mcf_Applicant.jpeg
salaryslip-mcf;2025052322024465274833_salaryslip-mcf_Applicant.jpeg
nomorrumah-mcf;2025052322024465274833_nomorrumah-mcf_Applicant.jpeg
dalamrumah-mcf;2025052322024465274833_dalamrumah-mcf_Applicant.jpeg
pricelist-mcf;2025052322024465274833_pricelist-mcf_Applicant.jpeg
pbbrekening-mcf;2025052322025063554785_pbbrekening-mcf_Applicant.jpeg
kksuratnikah-mcf;2025052322025063554785_kksuratnikah-mcf_Applicant.jpeg
halamandepanbukutabungan-mcf;2025052322025063554785_halamandepanbukutabungan-mcf_Applicant.jpeg
fpkbelakang-mcf;2025052322025063554785_fpkbelakang-mcf_Applicant.jpeg
fpkdepan-mcf;2025052322025063554785_fpkdepan-mcf_Applicant.jpeg
tempatusahadepan-mcf;2025052322025063554785_tempatusahadepan-mcf_Applicant.jpeg
rumahdepan-mcf;2025052322025063554785_rumahdepan-mcf_Applicant.jpeg
pasanganttdcmo-mcf;2025052322025063554785_pasanganttdcmo-mcf_Applicant.jpeg
nasabahttdcmo-mcf;2025052322025063554785_nasabahttdcmo-mcf_Applicant.jpeg
allobank-mcf;2025052322025063554785_allobank-mcf_Applicant.jpeg
rumahjalan-mcf;2025052322025063554785_rumahjalan-mcf_Applicant.jpeg
salaryslip-mcf;2025052322025063554785_salaryslip-mcf_Applicant.jpeg
nomorrumah-mcf;2025052322025063554785_nomorrumah-mcf_Applicant.jpeg
dalamrumah-mcf;2025052322025063554785_dalamrumah-mcf_Applicant.jpeg
pricelist-mcf;2025052322025063554785_pricelist-mcf_Applicant.jpeg
buktipenghasilanusaha-mcf;2025052322025063554785_buktipenghasilanusaha-mcf_Applicant.jpeg
perizinanusaha-mcf;2025052322025063554785_perizinanusaha-mcf_Applicant.jpeg
buktikepemilikanusaha-mcf;2025052322025063554785_buktikepemilikanusaha-mcf_Applicant.jpeg
rumahdepan-mcf;2025052222025063483512_rumahdepan-mcf_Applicant.jpeg
pasanganttdcmo-mcf;2025052222025063483512_pasanganttdcmo-mcf_Applicant.jpeg
nasabahttdcmo-mcf;2025052222025063483512_nasabahttdcmo-mcf_Applicant.jpeg
allobank-mcf;2025052222025063483512_allobank-mcf_Applicant.jpeg
rumahjalan-mcf;2025052222025063483512_rumahjalan-mcf_Applicant.jpeg
salaryslip-mcf;2025052222025063483512_salaryslip-mcf_Applicant.jpeg
nomorrumah-mcf;2025052222025063483512_nomorrumah-mcf_Applicant.jpeg
dalamrumah-mcf;2025052222025063483512_dalamrumah-mcf_Applicant.jpeg
pricelist-mcf;2025052222025063483512_pricelist-mcf_Applicant.jpeg
buktipenghasilanusaha-mcf;2025052222025063483512_buktipenghasilanusaha-mcf_Applicant.jpeg
perizinanusaha-mcf;2025052222025063483512_perizinanusaha-mcf_Applicant.jpeg
buktikepemilikanusaha-mcf;2025052222025063483512_buktikepemilikanusaha-mcf_Applicant.jpeg
pbbrekening-mcf;2025052622025059766484_pbbrekening-mcf_Applicant.jpeg
kksuratnikah-mcf;2025052622025059766484_kksuratnikah-mcf_Applicant.jpeg
halamandepanbukutabungan-mcf;2025052622025059766484_halamandepanbukutabungan-mcf_Applicant.jpeg
pasanganttdcmo-mcf;2025052322023010836060_pasanganttdcmo-mcf_Applicant.jpeg
nasabahttdcmo-mcf;2025052322023010836060_nasabahttdcmo-mcf_Applicant.jpeg
allobank-mcf;2025052322023010836060_allobank-mcf_Applicant.jpeg
rumahjalan-mcf;2025052322023010836060_rumahjalan-mcf_Applicant.jpeg
bpkbdepan-mcf;2025052322023010836060_bpkbdepan-mcf_Applicant.jpeg
bpkbbelakang-mcf;2025052322023010836060_bpkbbelakang-mcf_Applicant.jpeg
stnkpajak-mcf;2025052322023010836060_stnkpajak-mcf_Applicant.jpeg
unitdepankanan-mcf;2025052322023010836060_unitdepankanan-mcf_Applicant.jpeg
unitdepankiri-mcf;2025052322023010836060_unitdepankiri-mcf_Applicant.jpeg
salaryslip-mcf;2025052322023010836060_salaryslip-mcf_Applicant.jpeg
nomorrumah-mcf;2025052322023010836060_nomorrumah-mcf_Applicant.jpeg
dalamrumah-mcf;2025052322023010836060_dalamrumah-mcf_Applicant.jpeg
buktipenghasilanusaha-mcf;2025052322023010836060_buktipenghasilanusaha-mcf_Applicant.jpeg
perizinanusaha-mcf;2025052322023010836060_perizinanusaha-mcf_Applicant.jpeg
buktikepemilikanusaha-mcf;2025052322023010836060_buktikepemilikanusaha-mcf_Applicant.jpeg
rangkanomesin-mcf;2025052322023010836060_rangkanomesin-mcf_Applicant.jpeg
pbbrekening-mcf;2025052322023010836060_pbbrekening-mcf_Applicant.jpeg
kksuratnikah-mcf;2025052322023010836060_kksuratnikah-mcf_Applicant.jpeg
halamandepanbukutabungan-mcf;2025052322023010836060_halamandepanbukutabungan-mcf_Applicant.jpeg
fpkbelakang-mcf;2025052322023010836060_fpkbelakang-mcf_Applicant.jpeg
fpkdepan-mcf;2025052322023010836060_fpkdepan-mcf_Applicant.jpeg
tempatusahadepan-mcf;2025052322023010836060_tempatusahadepan-mcf_Applicant.jpeg
rumahdepan-mcf;2025052322023010836060_rumahdepan-mcf_Applicant.jpeg
pbbrekening-mcf;2025052322024121958398_pbbrekening-mcf_Applicant.jpeg
kksuratnikah-mcf;2025052322024121958398_kksuratnikah-mcf_Applicant.jpeg
halamandepanbukutabungan-mcf;2025052322024121958398_halamandepanbukutabungan-mcf_Applicant.jpeg
fpkbelakang-mcf;2025052322024121958398_fpkbelakang-mcf_Applicant.jpeg
fpkdepan-mcf;2025052322024121958398_fpkdepan-mcf_Applicant.jpeg
tempatusahadepan-mcf;2025052322024121958398_tempatusahadepan-mcf_Applicant.jpeg
rumahdepan-mcf;2025052322024121958398_rumahdepan-mcf_Applicant.jpeg
pasanganttdcmo-mcf;2025052322024121958398_pasanganttdcmo-mcf_Applicant.jpeg
nasabahttdcmo-mcf;2025052322024121958398_nasabahttdcmo-mcf_Applicant.jpeg
allobank-mcf;2025052322024121958398_allobank-mcf_Applicant.jpeg
rumahjalan-mcf;2025052322024121958398_rumahjalan-mcf_Applicant.jpeg
salaryslip-mcf;2025052322024121958398_salaryslip-mcf_Applicant.jpeg
nomorrumah-mcf;2025052322024121958398_nomorrumah-mcf_Applicant.jpeg
dalamrumah-mcf;2025052322024121958398_dalamrumah-mcf_Applicant.jpeg
pricelist-mcf;2025052322024121958398_pricelist-mcf_Applicant.jpeg
buktipenghasilanusaha-mcf;2025052322024121958398_buktipenghasilanusaha-mcf_Applicant.jpeg
perizinanusaha-mcf;2025052322024121958398_perizinanusaha-mcf_Applicant.jpeg
buktikepemilikanusaha-mcf;2025052322024121958398_buktikepemilikanusaha-mcf_Applicant.jpeg
pbbrekening-mcf;2025052322025010657367_pbbrekening-mcf_Applicant.jpeg
kksuratnikah-mcf;2025052322025010657367_kksuratnikah-mcf_Applicant.jpeg
halamandepanbukutabungan-mcf;2025052322025010657367_halamandepanbukutabungan-mcf_Applicant.jpeg
fpkbelakang-mcf;2025052322025010657367_fpkbelakang-mcf_Applicant.jpeg
fpkdepan-mcf;2025052322025010657367_fpkdepan-mcf_Applicant.jpeg
tempatusahadepan-mcf;2025052322025010657367_tempatusahadepan-mcf_Applicant.jpeg
rumahdepan-mcf;2025052322025010657367_rumahdepan-mcf_Applicant.jpeg
pasanganttdcmo-mcf;2025052322025010657367_pasanganttdcmo-mcf_Applicant.jpeg
pbbrekening-mcf;2025052222022204719172_pbbrekening-mcf_Applicant.jpeg
kksuratnikah-mcf;2025052222022204719172_kksuratnikah-mcf_Applicant.jpeg
halamandepanbukutabungan-mcf;2025052222022204719172_halamandepanbukutabungan-mcf_Applicant.jpeg
fpkbelakang-mcf;2025052222022204719172_fpkbelakang-mcf_Applicant.jpeg
fpkdepan-mcf;2025052222022204719172_fpkdepan-mcf_Applicant.jpeg
tempatusahadepan-mcf;2025052222022204719172_tempatusahadepan-mcf_Applicant.jpeg
rumahdepan-mcf;2025052222022204719172_rumahdepan-mcf_Applicant.jpeg
pasanganttdcmo-mcf;2025052222022204719172_pasanganttdcmo-mcf_Applicant.jpeg
nasabahttdcmo-mcf;2025052222022204719172_nasabahttdcmo-mcf_Applicant.jpeg
allobank-mcf;2025052222022204719172_allobank-mcf_Applicant.jpeg
rumahjalan-mcf;2025052222022204719172_rumahjalan-mcf_Applicant.jpeg
salaryslip-mcf;2025052222022204719172_salaryslip-mcf_Applicant.jpeg
nomorrumah-mcf;2025052222022204719172_nomorrumah-mcf_Applicant.jpeg
dalamrumah-mcf;2025052222022204719172_dalamrumah-mcf_Applicant.jpeg
pricelist-mcf;2025052222022204719172_pricelist-mcf_Applicant.jpeg
pbbrekening-mcf;2025052322025100066078_pbbrekening-mcf_Applicant.jpeg
kksuratnikah-mcf;2025052322025100066078_kksuratnikah-mcf_Applicant.jpeg
halamandepanbukutabungan-mcf;2025052322025100066078_halamandepanbukutabungan-mcf_Applicant.jpeg
fpkbelakang-mcf;2025052322025100066078_fpkbelakang-mcf_Applicant.jpeg
fpkdepan-mcf;2025052322025100066078_fpkdepan-mcf_Applicant.jpeg
tempatusahadepan-mcf;2025052322025100066078_tempatusahadepan-mcf_Applicant.jpeg
rumahdepan-mcf;2025052322025100066078_rumahdepan-mcf_Applicant.jpeg
pasanganttdcmo-mcf;2025052322025100066078_pasanganttdcmo-mcf_Applicant.jpeg
nasabahttdcmo-mcf;2025052322025100066078_nasabahttdcmo-mcf_Applicant.jpeg
allobank-mcf;2025052322025100066078_allobank-mcf_Applicant.jpeg
rumahjalan-mcf;2025052322025100066078_rumahjalan-mcf_Applicant.jpeg
bpkbdepan-mcf;2025052322025100066078_bpkbdepan-mcf_Applicant.jpeg
bpkbbelakang-mcf;2025052322025100066078_bpkbbelakang-mcf_Applicant.jpeg
stnkpajak-mcf;2025052322025100066078_stnkpajak-mcf_Applicant.jpeg
unitdepankanan-mcf;2025052322025100066078_unitdepankanan-mcf_Applicant.jpeg
unitdepankiri-mcf;2025052322025100066078_unitdepankiri-mcf_Applicant.jpeg
salaryslip-mcf;2025052322025100066078_salaryslip-mcf_Applicant.jpeg
nomorrumah-mcf;2025052322025100066078_nomorrumah-mcf_Applicant.jpeg
pbbrekening-mcf;2025052322022698016575_pbbrekening-mcf_Applicant.jpeg
kksuratnikah-mcf;2025052322022698016575_kksuratnikah-mcf_Applicant.jpeg
halamandepanbukutabungan-mcf;2025052322022698016575_halamandepanbukutabungan-mcf_Applicant.jpeg
fpkbelakang-mcf;2025052322022698016575_fpkbelakang-mcf_Applicant.jpeg
fpkdepan-mcf;2025052322022698016575_fpkdepan-mcf_Applicant.jpeg
tempatusahadepan-mcf;2025052322022698016575_tempatusahadepan-mcf_Applicant.jpeg
rumahdepan-mcf;2025052322022698016575_rumahdepan-mcf_Applicant.jpeg
pasanganttdcmo-mcf;2025052322022698016575_pasanganttdcmo-mcf_Applicant.jpeg
nasabahttdcmo-mcf;2025052322022698016575_nasabahttdcmo-mcf_Applicant.jpeg
allobank-mcf;2025052322022698016575_allobank-mcf_Applicant.jpeg
rumahjalan-mcf;2025052322022698016575_rumahjalan-mcf_Applicant.jpeg
salaryslip-mcf;2025052322022698016575_salaryslip-mcf_Applicant.jpeg
nomorrumah-mcf;2025052322022698016575_nomorrumah-mcf_Applicant.jpeg
dalamrumah-mcf;2025052322022698016575_dalamrumah-mcf_Applicant.jpeg
pricelist-mcf;2025052322022698016575_pricelist-mcf_Applicant.jpeg
dalamrumah-mcf;2025052322025100066078_dalamrumah-mcf_Applicant.jpeg
buktipenghasilanusaha-mcf;2025052322025100066078_buktipenghasilanusaha-mcf_Applicant.jpeg
perizinanusaha-mcf;2025052322025100066078_perizinanusaha-mcf_Applicant.jpeg
buktikepemilikanusaha-mcf;2025052322025100066078_buktikepemilikanusaha-mcf_Applicant.jpeg
rangkanomesin-mcf;2025052322025100066078_rangkanomesin-mcf_Applicant.jpeg
pbbrekening-mcf;2025052322022267613616_pbbrekening-mcf_Applicant.jpeg
kksuratnikah-mcf;2025052322022267613616_kksuratnikah-mcf_Applicant.jpeg
halamandepanbukutabungan-mcf;2025052322022267613616_halamandepanbukutabungan-mcf_Applicant.jpeg
fpkbelakang-mcf;2025052322022267613616_fpkbelakang-mcf_Applicant.jpeg
fpkdepan-mcf;2025052322022267613616_fpkdepan-mcf_Applicant.jpeg
tempatusahadepan-mcf;2025052322022267613616_tempatusahadepan-mcf_Applicant.jpeg
rumahdepan-mcf;2025052322022267613616_rumahdepan-mcf_Applicant.jpeg
pasanganttdcmo-mcf;2025052322022267613616_pasanganttdcmo-mcf_Applicant.jpeg
nasabahttdcmo-mcf;2025052322022267613616_nasabahttdcmo-mcf_Applicant.jpeg
allobank-mcf;2025052322022267613616_allobank-mcf_Applicant.jpeg
rumahjalan-mcf;2025052322022267613616_rumahjalan-mcf_Applicant.jpeg
salaryslip-mcf;2025052322022267613616_salaryslip-mcf_Applicant.jpeg
nomorrumah-mcf;2025052322022267613616_nomorrumah-mcf_Applicant.jpeg
dalamrumah-mcf;2025052322022267613616_dalamrumah-mcf_Applicant.jpeg
pricelist-mcf;2025052322022267613616_pricelist-mcf_Applicant.jpeg
pbbrekening-mcf;2025052322024121912282_pbbrekening-mcf_Applicant.jpeg
kksuratnikah-mcf;2025052322024121912282_kksuratnikah-mcf_Applicant.jpeg
halamandepanbukutabungan-mcf;2025052322024121912282_halamandepanbukutabungan-mcf_Applicant.jpeg
rumahjalan-mcf;2025052322022529633034_rumahjalan-mcf_Applicant.jpeg
salaryslip-mcf;2025052322022529633034_salaryslip-mcf_Applicant.jpeg
nomorrumah-mcf;2025052322022529633034_nomorrumah-mcf_Applicant.jpeg
dalamrumah-mcf;2025052322022529633034_dalamrumah-mcf_Applicant.jpeg
pricelist-mcf;2025052322022529633034_pricelist-mcf_Applicant.jpeg
buktipenghasilanusaha-mcf;2025052322022529633034_buktipenghasilanusaha-mcf_Applicant.jpeg
perizinanusaha-mcf;2025052322022529633034_perizinanusaha-mcf_Applicant.jpeg
buktikepemilikanusaha-mcf;2025052322022529633034_buktikepemilikanusaha-mcf_Applicant.jpeg
pbbrekening-mcf;2025052322022529633034_pbbrekening-mcf_Applicant.jpeg
kksuratnikah-mcf;2025052322022529633034_kksuratnikah-mcf_Applicant.jpeg
halamandepanbukutabungan-mcf;2025052322022529633034_halamandepanbukutabungan-mcf_Applicant.jpeg
fpkbelakang-mcf;2025052322022529633034_fpkbelakang-mcf_Applicant.jpeg
fpkdepan-mcf;2025052322022529633034_fpkdepan-mcf_Applicant.jpeg
tempatusahadepan-mcf;2025052322022529633034_tempatusahadepan-mcf_Applicant.jpeg
rumahdepan-mcf;2025052322022529633034_rumahdepan-mcf_Applicant.jpeg
pasanganttdcmo-mcf;2025052322022529633034_pasanganttdcmo-mcf_Applicant.jpeg
nasabahttdcmo-mcf;2025052322022529633034_nasabahttdcmo-mcf_Applicant.jpeg
allobank-mcf;2025052322022529633034_allobank-mcf_Applicant.jpeg
pbbrekening-mcf;2025052322024251053137_pbbrekening-mcf_Applicant.jpeg
kksuratnikah-mcf;2025052322024251053137_kksuratnikah-mcf_Applicant.jpeg
halamandepanbukutabungan-mcf;2025052322024251053137_halamandepanbukutabungan-mcf_Applicant.webp
fpkbelakang-mcf;2025052322024251053137_fpkbelakang-mcf_Applicant.jpeg
fpkdepan-mcf;2025052322024251053137_fpkdepan-mcf_Applicant.jpeg
tempatusahadepan-mcf;2025052322024251053137_tempatusahadepan-mcf_Applicant.jpeg
rumahdepan-mcf;2025052322024251053137_rumahdepan-mcf_Applicant.jpeg
pasanganttdcmo-mcf;2025052322024251053137_pasanganttdcmo-mcf_Applicant.jpeg
nasabahttdcmo-mcf;2025052322024251053137_nasabahttdcmo-mcf_Applicant.jpeg
allobank-mcf;2025052322024251053137_allobank-mcf_Applicant.jpeg
rumahjalan-mcf;2025052322024251053137_rumahjalan-mcf_Applicant.jpeg
salaryslip-mcf;2025052322024251053137_salaryslip-mcf_Applicant.jpeg
nomorrumah-mcf;2025052322024251053137_nomorrumah-mcf_Applicant.jpeg
dalamrumah-mcf;2025052322024251053137_dalamrumah-mcf_Applicant.jpeg
pricelist-mcf;2025052322024251053137_pricelist-mcf_Applicant.jpeg
pbbrekening-mcf;2025052322014705049873_pbbrekening-mcf_Applicant.jpeg
kksuratnikah-mcf;2025052322014705049873_kksuratnikah-mcf_Applicant.jpeg
halamandepanbukutabungan-mcf;2025052322014705049873_halamandepanbukutabungan-mcf_Applicant.jpeg
fpkbelakang-mcf;2025052322014705049873_fpkbelakang-mcf_Applicant.jpeg
fpkdepan-mcf;2025052322014705049873_fpkdepan-mcf_Applicant.jpeg
tempatusahadepan-mcf;2025052322014705049873_tempatusahadepan-mcf_Applicant.jpeg
rumahdepan-mcf;2025052322014705049873_rumahdepan-mcf_Applicant.jpeg
pasanganttdcmo-mcf;2025052322014705049873_pasanganttdcmo-mcf_Applicant.jpeg
nasabahttdcmo-mcf;2025052322014705049873_nasabahttdcmo-mcf_Applicant.jpeg
allobank-mcf;2025052322014705049873_allobank-mcf_Applicant.jpeg
rumahjalan-mcf;2025052322014705049873_rumahjalan-mcf_Applicant.jpeg
salaryslip-mcf;2025052322014705049873_salaryslip-mcf_Applicant.jpeg
nomorrumah-mcf;2025052322014705049873_nomorrumah-mcf_Applicant.jpeg
dalamrumah-mcf;2025052322014705049873_dalamrumah-mcf_Applicant.jpeg
pricelist-mcf;2025052322014705049873_pricelist-mcf_Applicant.jpeg
pbbrekening-mcf;2025052122023375123443_pbbrekening-mcf_Applicant.jpeg
kksuratnikah-mcf;2025052122023375123443_kksuratnikah-mcf_Applicant.jpeg
halamandepanbukutabungan-mcf;2025052122023375123443_halamandepanbukutabungan-mcf_Applicant.jpeg
fpkbelakang-mcf;2025052122023375123443_fpkbelakang-mcf_Applicant.jpeg
fpkdepan-mcf;2025052122023375123443_fpkdepan-mcf_Applicant.jpeg
tempatusahadepan-mcf;2025052122023375123443_tempatusahadepan-mcf_Applicant.jpeg
nomorrumah-mcf;2025052122023375123443_nomorrumah-mcf_Applicant.jpeg
pasanganttdcmo-mcf;2025052122023375123443_pasanganttdcmo-mcf_Applicant.jpeg
nasabahttdcmo-mcf;2025052122023375123443_nasabahttdcmo-mcf_Applicant.jpeg
allobank-mcf;2025052122023375123443_allobank-mcf_Applicant.jpeg
rumahjalan-mcf;2025052122023375123443_rumahjalan-mcf_Applicant.jpeg
salaryslip-mcf;2025052122023375123443_salaryslip-mcf_Applicant.jpeg
nomorrumah-mcf;2025052122023375123443_nomorrumah-mcf_Applicant.jpeg
dalamrumah-mcf;2025052122023375123443_dalamrumah-mcf_Applicant.jpeg
pricelist-mcf;2025052122023375123443_pricelist-mcf_Applicant.jpeg
buktipenghasilanusaha-mcf;2025052122023375123443_buktipenghasilanusaha-mcf_Applicant.jpeg
perizinanusaha-mcf;2025052122023375123443_perizinanusaha-mcf_Applicant.jpeg
buktikepemilikanusaha-mcf;2025052122023375123443_buktikepemilikanusaha-mcf_Applicant.jpeg
pbbrekening-mcf;2025052322024200817882_pbbrekening-mcf_Applicant.jpeg
kksuratnikah-mcf;2025052322024200817882_kksuratnikah-mcf_Applicant.jpeg
pbbrekening-mcf;2025052322025072326852_pbbrekening-mcf_Applicant.jpeg
kksuratnikah-mcf;2025052322025072326852_kksuratnikah-mcf_Applicant.jpeg
halamandepanbukutabungan-mcf;2025052322025072326852_halamandepanbukutabungan-mcf_Applicant.jpeg
fpkbelakang-mcf;2025052322025072326852_fpkbelakang-mcf_Applicant.jpeg
fpkdepan-mcf;2025052322025072326852_fpkdepan-mcf_Applicant.jpeg
tempatusahadepan-mcf;2025052322025072326852_tempatusahadepan-mcf_Applicant.jpeg
rumahdepan-mcf;2025052322025072326852_rumahdepan-mcf_Applicant.jpeg
pasanganttdcmo-mcf;2025052322025072326852_pasanganttdcmo-mcf_Applicant.jpeg
nasabahttdcmo-mcf;2025052322025072326852_nasabahttdcmo-mcf_Applicant.jpeg
allobank-mcf;2025052322025072326852_allobank-mcf_Applicant.jpeg
rumahjalan-mcf;2025052322025072326852_rumahjalan-mcf_Applicant.jpeg
salaryslip-mcf;2025052322025072326852_salaryslip-mcf_Applicant.jpeg
nomorrumah-mcf;2025052322025072326852_nomorrumah-mcf_Applicant.jpeg
dalamrumah-mcf;2025052322025072326852_dalamrumah-mcf_Applicant.jpeg
pricelist-mcf;2025052322025072326852_pricelist-mcf_Applicant.jpeg
pbbrekening-mcf;2025052322025102850590_pbbrekening-mcf_Applicant.jpeg
kksuratnikah-mcf;2025052322025102850590_kksuratnikah-mcf_Applicant.jpeg
halamandepanbukutabungan-mcf;2025052322025102850590_halamandepanbukutabungan-mcf_Applicant.jpeg
fpkbelakang-mcf;2025052322025102850590_fpkbelakang-mcf_Applicant.jpeg
fpkdepan-mcf;2025052322025102850590_fpkdepan-mcf_Applicant.jpeg
tempatusahadepan-mcf;2025052322025102850590_tempatusahadepan-mcf_Applicant.jpeg
rumahdepan-mcf;2025052322025102850590_rumahdepan-mcf_Applicant.jpeg
pasanganttdcmo-mcf;2025052322025102850590_pasanganttdcmo-mcf_Applicant.jpeg
nasabahttdcmo-mcf;2025052322025102850590_nasabahttdcmo-mcf_Applicant.jpeg
allobank-mcf;2025052322025102850590_allobank-mcf_Applicant.jpeg
rumahjalan-mcf;2025052322025102850590_rumahjalan-mcf_Applicant.jpeg
salaryslip-mcf;2025052322025102850590_salaryslip-mcf_Applicant.jpeg
nomorrumah-mcf;2025052322025102850590_nomorrumah-mcf_Applicant.jpeg
dalamrumah-mcf;2025052322025102850590_dalamrumah-mcf_Applicant.jpeg
pricelist-mcf;2025052322025102850590_pricelist-mcf_Applicant.jpeg
pbbrekening-mcf;2025052222024270264959_pbbrekening-mcf_Applicant.jpeg
kksuratnikah-mcf;2025052222024270264959_kksuratnikah-mcf_Applicant.jpeg
halamandepanbukutabungan-mcf;2025052222024270264959_halamandepanbukutabungan-mcf_Applicant.jpeg
fpkbelakang-mcf;2025052222024270264959_fpkbelakang-mcf_Applicant.jpeg
fpkdepan-mcf;2025052222024270264959_fpkdepan-mcf_Applicant.jpeg
tempatusahadepan-mcf;2025052222024270264959_tempatusahadepan-mcf_Applicant.jpeg
rumahdepan-mcf;2025052222024270264959_rumahdepan-mcf_Applicant.jpeg
pasanganttdcmo-mcf;2025052222024270264959_pasanganttdcmo-mcf_Applicant.jpeg
nasabahttdcmo-mcf;2025052222024270264959_nasabahttdcmo-mcf_Applicant.jpeg
allobank-mcf;2025052222024270264959_allobank-mcf_Applicant.jpeg
allobank-mcf;2025052322024242782443_allobank-mcf_Applicant.jpeg
rumahjalan-mcf;2025052322024242782443_rumahjalan-mcf_Applicant.jpeg
salaryslip-mcf;2025052322024242782443_salaryslip-mcf_Applicant.jpeg
nomorrumah-mcf;2025052322024242782443_nomorrumah-mcf_Applicant.jpeg
dalamrumah-mcf;2025052322024242782443_dalamrumah-mcf_Applicant.jpeg
pricelist-mcf;2025052322024242782443_pricelist-mcf_Applicant.jpeg
rumahjalan-mcf;2025052322023277473983_rumahjalan-mcf_Applicant.jpeg
salaryslip-mcf;2025052322023277473983_salaryslip-mcf_Applicant.jpeg
nomorrumah-mcf;2025052322023277473983_nomorrumah-mcf_Applicant.jpeg
dalamrumah-mcf;2025052322023277473983_dalamrumah-mcf_Applicant.jpeg
pricelist-mcf;2025052322023277473983_pricelist-mcf_Applicant.jpeg
pbbrekening-mcf;2025052322024242782443_pbbrekening-mcf_Applicant.jpeg
kksuratnikah-mcf;2025052322024242782443_kksuratnikah-mcf_Applicant.jpeg
halamandepanbukutabungan-mcf;2025052322024242782443_halamandepanbukutabungan-mcf_Applicant.jpeg
fpkbelakang-mcf;2025052322024242782443_fpkbelakang-mcf_Applicant.jpeg
fpkdepan-mcf;2025052322024242782443_fpkdepan-mcf_Applicant.jpeg
tempatusahadepan-mcf;2025052322024242782443_tempatusahadepan-mcf_Applicant.jpeg
rumahdepan-mcf;2025052322024242782443_rumahdepan-mcf_Applicant.jpeg
pasanganttdcmo-mcf;2025052322024242782443_pasanganttdcmo-mcf_Applicant.jpeg
nasabahttdcmo-mcf;2025052322024242782443_nasabahttdcmo-mcf_Applicant.jpeg
pbbrekening-mcf;2025052322021143185483_pbbrekening-mcf_Applicant.jpeg
kksuratnikah-mcf;2025052322021143185483_kksuratnikah-mcf_Applicant.jpeg
halamandepanbukutabungan-mcf;2025052322021143185483_halamandepanbukutabungan-mcf_Applicant.jpeg
fpkbelakang-mcf;2025052322021143185483_fpkbelakang-mcf_Applicant.jpeg
fpkdepan-mcf;2025052322021143185483_fpkdepan-mcf_Applicant.jpeg
tempatusahadepan-mcf;2025052322021143185483_tempatusahadepan-mcf_Applicant.jpeg
rumahdepan-mcf;2025052322021143185483_rumahdepan-mcf_Applicant.jpeg
pasanganttdcmo-mcf;2025052322021143185483_pasanganttdcmo-mcf_Applicant.jpeg
nasabahttdcmo-mcf;2025052322021143185483_nasabahttdcmo-mcf_Applicant.jpeg
allobank-mcf;2025052322021143185483_allobank-mcf_Applicant.jpeg
rumahjalan-mcf;2025052322021143185483_rumahjalan-mcf_Applicant.jpeg
salaryslip-mcf;2025052322021143185483_salaryslip-mcf_Applicant.jpeg
nomorrumah-mcf;2025052322021143185483_nomorrumah-mcf_Applicant.jpeg
dalamrumah-mcf;2025052322021143185483_dalamrumah-mcf_Applicant.jpeg
pricelist-mcf;2025052322021143185483_pricelist-mcf_Applicant.jpeg
pbbrekening-mcf;2025052322024577767739_pbbrekening-mcf_Applicant.jpeg
kksuratnikah-mcf;2025052322024577767739_kksuratnikah-mcf_Applicant.jpeg
halamandepanbukutabungan-mcf;2025052322024577767739_halamandepanbukutabungan-mcf_Applicant.jpeg
fpkbelakang-mcf;2025052322024577767739_fpkbelakang-mcf_Applicant.jpeg
fpkdepan-mcf;2025052322024577767739_fpkdepan-mcf_Applicant.jpeg
tempatusahadepan-mcf;2025052322024577767739_tempatusahadepan-mcf_Applicant.jpeg
rumahdepan-mcf;2025052322024577767739_rumahdepan-mcf_Applicant.jpeg
pasanganttdcmo-mcf;2025052322024577767739_pasanganttdcmo-mcf_Applicant.jpeg
nasabahttdcmo-mcf;2025052322024577767739_nasabahttdcmo-mcf_Applicant.jpeg
allobank-mcf;2025052322024577767739_allobank-mcf_Applicant.jpeg
rumahjalan-mcf;2025052322024577767739_rumahjalan-mcf_Applicant.jpeg
salaryslip-mcf;2025052322024577767739_salaryslip-mcf_Applicant.jpeg
nomorrumah-mcf;2025052322024577767739_nomorrumah-mcf_Applicant.jpeg
dalamrumah-mcf;2025052322024577767739_dalamrumah-mcf_Applicant.jpeg
pricelist-mcf;2025052322024577767739_pricelist-mcf_Applicant.jpeg
pbbrekening-mcf;2025052222024566268217_pbbrekening-mcf_Applicant.jpeg
kksuratnikah-mcf;2025052222024566268217_kksuratnikah-mcf_Applicant.jpeg
halamandepanbukutabungan-mcf;2025052222024566268217_halamandepanbukutabungan-mcf_Applicant.jpeg
fpkbelakang-mcf;2025052222024566268217_fpkbelakang-mcf_Applicant.jpeg
fpkdepan-mcf;2025052222024566268217_fpkdepan-mcf_Applicant.jpeg
tempatusahadepan-mcf;2025052222024566268217_tempatusahadepan-mcf_Applicant.jpeg
rumahdepan-mcf;2025052222024566268217_rumahdepan-mcf_Applicant.jpeg
pasanganttdcmo-mcf;2025052222024566268217_pasanganttdcmo-mcf_Applicant.jpeg
nasabahttdcmo-mcf;2025052222024566268217_nasabahttdcmo-mcf_Applicant.jpeg
allobank-mcf;2025052222024566268217_allobank-mcf_Applicant.jpeg
rumahjalan-mcf;2025052222024566268217_rumahjalan-mcf_Applicant.jpeg
salaryslip-mcf;2025052222024566268217_salaryslip-mcf_Applicant.jpeg
nomorrumah-mcf;2025052222024566268217_nomorrumah-mcf_Applicant.jpeg
dalamrumah-mcf;2025052222024566268217_dalamrumah-mcf_Applicant.jpeg
pricelist-mcf;2025052222024566268217_pricelist-mcf_Applicant.jpeg
buktipenghasilanusaha-mcf;2025052222024566268217_buktipenghasilanusaha-mcf_Applicant.jpeg
perizinanusaha-mcf;2025052222024566268217_perizinanusaha-mcf_Applicant.jpeg
buktikepemilikanusaha-mcf;2025052222024566268217_buktikepemilikanusaha-mcf_Applicant.jpeg
pbbrekening-mcf;2025052322024545739700_pbbrekening-mcf_Applicant.jpeg
kksuratnikah-mcf;2025052322024545739700_kksuratnikah-mcf_Applicant.jpeg
halamandepanbukutabungan-mcf;2025052322024545739700_halamandepanbukutabungan-mcf_Applicant.jpeg
fpkbelakang-mcf;2025052322024545739700_fpkbelakang-mcf_Applicant.jpeg
fpkdepan-mcf;2025052322024545739700_fpkdepan-mcf_Applicant.jpeg
tempatusahadepan-mcf;2025052322024545739700_tempatusahadepan-mcf_Applicant.jpeg
rumahdepan-mcf;2025052322024545739700_rumahdepan-mcf_Applicant.jpeg
pasanganttdcmo-mcf;2025052322024545739700_pasanganttdcmo-mcf_Applicant.jpeg
nasabahttdcmo-mcf;2025052322024545739700_nasabahttdcmo-mcf_Applicant.jpeg
allobank-mcf;2025052322024545739700_allobank-mcf_Applicant.jpeg
rumahjalan-mcf;2025052322024545739700_rumahjalan-mcf_Applicant.jpeg
bpkbdepan-mcf;2025052322024545739700_bpkbdepan-mcf_Applicant.jpeg
bpkbbelakang-mcf;2025052322024545739700_bpkbbelakang-mcf_Applicant.jpeg
stnkpajak-mcf;2025052322024545739700_stnkpajak-mcf_Applicant.jpeg
unitdepankanan-mcf;2025052322024545739700_unitdepankanan-mcf_Applicant.jpeg
unitdepankiri-mcf;2025052322024545739700_unitdepankiri-mcf_Applicant.jpeg
salaryslip-mcf;2025052322024545739700_salaryslip-mcf_Applicant.jpeg
nomorrumah-mcf;2025052322024545739700_nomorrumah-mcf_Applicant.jpeg
dalamrumah-mcf;2025052322024545739700_dalamrumah-mcf_Applicant.jpeg
buktipenghasilanusaha-mcf;2025052322024545739700_buktipenghasilanusaha-mcf_Applicant.jpeg
perizinanusaha-mcf;2025052322024545739700_perizinanusaha-mcf_Applicant.jpeg
buktikepemilikanusaha-mcf;2025052322024545739700_buktikepemilikanusaha-mcf_Applicant.jpeg
rangkanomesin-mcf;2025052322024545739700_rangkanomesin-mcf_Applicant.jpeg
dalamrumah-mcf;2025052622022613845462_dalamrumah-mcf_Applicant.jpeg
pricelist-mcf;2025052622022613845462_pricelist-mcf_Applicant.webp
nasabahttdcmo-mcf;2025052322022543754972_nasabahttdcmo-mcf_Applicant.jpeg
allobank-mcf;2025052322022543754972_allobank-mcf_Applicant.jpeg
rumahjalan-mcf;2025052322022543754972_rumahjalan-mcf_Applicant.jpeg
salaryslip-mcf;2025052322022543754972_salaryslip-mcf_Applicant.jpeg
nomorrumah-mcf;2025052322022543754972_nomorrumah-mcf_Applicant.jpeg
dalamrumah-mcf;2025052322022543754972_dalamrumah-mcf_Applicant.jpeg
pricelist-mcf;2025052322022543754972_pricelist-mcf_Applicant.jpeg
buktipenghasilanusaha-mcf;2025052322022543754972_buktipenghasilanusaha-mcf_Applicant.jpeg
perizinanusaha-mcf;2025052322022543754972_perizinanusaha-mcf_Applicant.jpeg
buktikepemilikanusaha-mcf;2025052322022543754972_buktikepemilikanusaha-mcf_Applicant.jpeg
pbbrekening-mcf;2025052322025126226135_pbbrekening-mcf_Applicant.jpeg
kksuratnikah-mcf;2025052322025126226135_kksuratnikah-mcf_Applicant.jpeg
halamandepanbukutabungan-mcf;2025052322025126226135_halamandepanbukutabungan-mcf_Applicant.jpeg
fpkbelakang-mcf;2025052322025126226135_fpkbelakang-mcf_Applicant.jpeg
fpkdepan-mcf;2025052322025126226135_fpkdepan-mcf_Applicant.jpeg
tempatusahadepan-mcf;2025052322025126226135_tempatusahadepan-mcf_Applicant.jpeg
rumahdepan-mcf;2025052322025126226135_rumahdepan-mcf_Applicant.jpeg
pasanganttdcmo-mcf;2025052322025126226135_pasanganttdcmo-mcf_Applicant.jpeg
nasabahttdcmo-mcf;2025052322025126226135_nasabahttdcmo-mcf_Applicant.jpeg
allobank-mcf;2025052322025126226135_allobank-mcf_Applicant.jpeg
rumahjalan-mcf;2025052322025126226135_rumahjalan-mcf_Applicant.jpeg
bpkbdepan-mcf;2025052322025126226135_bpkbdepan-mcf_Applicant.jpeg
bpkbbelakang-mcf;2025052322025126226135_bpkbbelakang-mcf_Applicant.jpeg
stnkpajak-mcf;2025052322025126226135_stnkpajak-mcf_Applicant.jpeg
unitdepankanan-mcf;2025052322025126226135_unitdepankanan-mcf_Applicant.jpeg
unitdepankiri-mcf;2025052322025126226135_unitdepankiri-mcf_Applicant.jpeg
salaryslip-mcf;2025052322025126226135_salaryslip-mcf_Applicant.jpeg
nomorrumah-mcf;2025052322025126226135_nomorrumah-mcf_Applicant.jpeg
dalamrumah-mcf;2025052322025126226135_dalamrumah-mcf_Applicant.jpeg
buktipenghasilanusaha-mcf;2025052322025126226135_buktipenghasilanusaha-mcf_Applicant.jpeg
perizinanusaha-mcf;2025052322025126226135_perizinanusaha-mcf_Applicant.jpeg
buktikepemilikanusaha-mcf;2025052322025126226135_buktikepemilikanusaha-mcf_Applicant.jpeg
nasabahttdcmo-mcf;2025052322021143159840_nasabahttdcmo-mcf_Applicant.jpeg
allobank-mcf;2025052322021143159840_allobank-mcf_Applicant.jpeg
rumahjalan-mcf;2025052322021143159840_rumahjalan-mcf_Applicant.jpeg
salaryslip-mcf;2025052322021143159840_salaryslip-mcf_Applicant.jpeg
nomorrumah-mcf;2025052322021143159840_nomorrumah-mcf_Applicant.jpeg
dalamrumah-mcf;2025052322021143159840_dalamrumah-mcf_Applicant.jpeg
pricelist-mcf;2025052322021143159840_pricelist-mcf_Applicant.jpeg
pbbrekening-mcf;2025052322022543754972_pbbrekening-mcf_Applicant.jpeg
kksuratnikah-mcf;2025052322022543754972_kksuratnikah-mcf_Applicant.jpeg
halamandepanbukutabungan-mcf;2025052322022543754972_halamandepanbukutabungan-mcf_Applicant.jpeg
fpkbelakang-mcf;2025052322022543754972_fpkbelakang-mcf_Applicant.jpeg
fpkdepan-mcf;2025052322022543754972_fpkdepan-mcf_Applicant.jpeg
tempatusahadepan-mcf;2025052322022543754972_tempatusahadepan-mcf_Applicant.jpeg
rumahdepan-mcf;2025052322022543754972_rumahdepan-mcf_Applicant.jpeg
pasanganttdcmo-mcf;2025052322022543754972_pasanganttdcmo-mcf_Applicant.jpeg
rangkanomesin-mcf;2025052322025126226135_rangkanomesin-mcf_Applicant.jpeg
pbbrekening-mcf;2025052222021355460614_pbbrekening-mcf_Applicant.jpeg
kksuratnikah-mcf;2025052222021355460614_kksuratnikah-mcf_Applicant.jpeg
halamandepanbukutabungan-mcf;2025052222021355460614_halamandepanbukutabungan-mcf_Applicant.jpeg
fpkbelakang-mcf;2025052222021355460614_fpkbelakang-mcf_Applicant.jpeg
fpkdepan-mcf;2025052222021355460614_fpkdepan-mcf_Applicant.jpeg
tempatusahadepan-mcf;2025052222021355460614_tempatusahadepan-mcf_Applicant.jpeg
rumahdepan-mcf;2025052222021355460614_rumahdepan-mcf_Applicant.jpeg
pasanganttdcmo-mcf;2025052222021355460614_pasanganttdcmo-mcf_Applicant.jpeg
nasabahttdcmo-mcf;2025052222021355460614_nasabahttdcmo-mcf_Applicant.jpeg
allobank-mcf;2025052222021355460614_allobank-mcf_Applicant.jpeg
rumahjalan-mcf;2025052222021355460614_rumahjalan-mcf_Applicant.jpeg
salaryslip-mcf;2025052222021355460614_salaryslip-mcf_Applicant.jpeg
nomorrumah-mcf;2025052222021355460614_nomorrumah-mcf_Applicant.jpeg
dalamrumah-mcf;2025052222021355460614_dalamrumah-mcf_Applicant.jpeg
pricelist-mcf;2025052222021355460614_pricelist-mcf_Applicant.jpeg
allobank-mcf;2025052322024358249120_allobank-mcf_Applicant.jpeg
rumahjalan-mcf;2025052322024358249120_rumahjalan-mcf_Applicant.jpeg
salaryslip-mcf;2025052322024358249120_salaryslip-mcf_Applicant.jpeg
nomorrumah-mcf;2025052322024358249120_nomorrumah-mcf_Applicant.jpeg
dalamrumah-mcf;2025052322024358249120_dalamrumah-mcf_Applicant.jpeg
pricelist-mcf;2025052322024358249120_pricelist-mcf_Applicant.jpeg
buktipenghasilanusaha-mcf;2025052322024358249120_buktipenghasilanusaha-mcf_Applicant.jpeg
perizinanusaha-mcf;2025052322024358249120_perizinanusaha-mcf_Applicant.jpeg
buktikepemilikanusaha-mcf;2025052322024358249120_buktikepemilikanusaha-mcf_Applicant.jpeg
fpkbelakang-mcf;2025052322025100334549_fpkbelakang-mcf_Applicant.jpeg
fpkdepan-mcf;2025052322025100334549_fpkdepan-mcf_Applicant.jpeg
tempatusahadepan-mcf;2025052322025100334549_tempatusahadepan-mcf_Applicant.jpeg
rumahdepan-mcf;2025052322025100334549_rumahdepan-mcf_Applicant.jpeg
pasanganttdcmo-mcf;2025052322025100334549_pasanganttdcmo-mcf_Applicant.jpeg
nasabahttdcmo-mcf;2025052322025100334549_nasabahttdcmo-mcf_Applicant.jpeg
allobank-mcf;2025052322025100334549_allobank-mcf_Applicant.jpeg
rumahjalan-mcf;2025052322025100334549_rumahjalan-mcf_Applicant.jpeg
salaryslip-mcf;2025052322025100334549_salaryslip-mcf_Applicant.jpeg
nomorrumah-mcf;2025052322025100334549_nomorrumah-mcf_Applicant.jpeg
dalamrumah-mcf;2025052322025100334549_dalamrumah-mcf_Applicant.jpeg
pricelist-mcf;2025052322025100334549_pricelist-mcf_Applicant.jpeg
pbbrekening-mcf;2025052322024242755050_pbbrekening-mcf_Applicant.jpeg
kksuratnikah-mcf;2025052322024242755050_kksuratnikah-mcf_Applicant.jpeg
halamandepanbukutabungan-mcf;2025052322024242755050_halamandepanbukutabungan-mcf_Applicant.jpeg
fpkbelakang-mcf;2025052322024242755050_fpkbelakang-mcf_Applicant.jpeg
tempatusahadepan-mcf;2025052422024224922270_tempatusahadepan-mcf_Applicant.jpeg
rumahdepan-mcf;2025052422024224922270_rumahdepan-mcf_Applicant.jpeg
pasanganttdcmo-mcf;2025052422024224922270_pasanganttdcmo-mcf_Applicant.jpeg
nasabahttdcmo-mcf;2025052422024224922270_nasabahttdcmo-mcf_Applicant.jpeg
allobank-mcf;2025052422024224922270_allobank-mcf_Applicant.jpeg
rumahjalan-mcf;2025052422024224922270_rumahjalan-mcf_Applicant.jpeg
bpkbdepan-mcf;2025052422024224922270_bpkbdepan-mcf_Applicant.jpeg
bpkbbelakang-mcf;2025052422024224922270_bpkbbelakang-mcf_Applicant.jpeg
stnkpajak-mcf;2025052422024224922270_stnkpajak-mcf_Applicant.jpeg
unitdepankanan-mcf;2025052422024224922270_unitdepankanan-mcf_Applicant.jpeg
unitdepankiri-mcf;2025052422024224922270_unitdepankiri-mcf_Applicant.jpeg
salaryslip-mcf;2025052422024224922270_salaryslip-mcf_Applicant.jpeg
nomorrumah-mcf;2025052422024224922270_nomorrumah-mcf_Applicant.jpeg
dalamrumah-mcf;2025052422024224922270_dalamrumah-mcf_Applicant.jpeg
fpkdepan-mcf;2025052322024242755050_fpkdepan-mcf_Applicant.jpeg
tempatusahadepan-mcf;2025052322024242755050_tempatusahadepan-mcf_Applicant.jpeg
rumahdepan-mcf;2025052322024242755050_rumahdepan-mcf_Applicant.jpeg
pasanganttdcmo-mcf;2025052322024242755050_pasanganttdcmo-mcf_Applicant.jpeg
nasabahttdcmo-mcf;2025052322024242755050_nasabahttdcmo-mcf_Applicant.jpeg
allobank-mcf;2025052322024242755050_allobank-mcf_Applicant.jpeg
rumahjalan-mcf;2025052322024242755050_rumahjalan-mcf_Applicant.jpeg
salaryslip-mcf;2025052322024242755050_salaryslip-mcf_Applicant.jpeg
nomorrumah-mcf;2025052322024242755050_nomorrumah-mcf_Applicant.jpeg
dalamrumah-mcf;2025052322024242755050_dalamrumah-mcf_Applicant.jpeg
pricelist-mcf;2025052322024242755050_pricelist-mcf_Applicant.jpeg
dalamrumah-mcf;2025052322025010656730_dalamrumah-mcf_Applicant.jpeg
pricelist-mcf;2025052322025010656730_pricelist-mcf_Applicant.jpeg
buktipenghasilanusaha-mcf;2025052322025010656730_buktipenghasilanusaha-mcf_Applicant.jpeg
perizinanusaha-mcf;2025052322025010656730_perizinanusaha-mcf_Applicant.jpeg
buktikepemilikanusaha-mcf;2025052322025010656730_buktikepemilikanusaha-mcf_Applicant.jpeg
pbbrekening-mcf;2025052222022204782703_pbbrekening-mcf_Applicant.jpeg
kksuratnikah-mcf;2025052222022204782703_kksuratnikah-mcf_Applicant.jpeg
halamandepanbukutabungan-mcf;2025052222022204782703_halamandepanbukutabungan-mcf_Applicant.jpeg
fpkbelakang-mcf;2025052222022204782703_fpkbelakang-mcf_Applicant.jpeg
fpkdepan-mcf;2025052222022204782703_fpkdepan-mcf_Applicant.jpeg
tempatusahadepan-mcf;2025052222022204782703_tempatusahadepan-mcf_Applicant.jpeg
rumahdepan-mcf;2025052222022204782703_rumahdepan-mcf_Applicant.jpeg
pasanganttdcmo-mcf;2025052222022204782703_pasanganttdcmo-mcf_Applicant.jpeg
nasabahttdcmo-mcf;2025052222022204782703_nasabahttdcmo-mcf_Applicant.jpeg
allobank-mcf;2025052222022204782703_allobank-mcf_Applicant.jpeg
rumahjalan-mcf;2025052222022204782703_rumahjalan-mcf_Applicant.jpeg
salaryslip-mcf;2025052222022204782703_salaryslip-mcf_Applicant.jpeg
nomorrumah-mcf;2025052222022204782703_nomorrumah-mcf_Applicant.jpeg
dalamrumah-mcf;2025052222022204782703_dalamrumah-mcf_Applicant.jpeg
pricelist-mcf;2025052222022204782703_pricelist-mcf_Applicant.jpeg
buktipenghasilanusaha-mcf;2025052222022204782703_buktipenghasilanusaha-mcf_Applicant.jpeg
perizinanusaha-mcf;2025052222022204782703_perizinanusaha-mcf_Applicant.jpeg
buktikepemilikanusaha-mcf;2025052222022204782703_buktikepemilikanusaha-mcf_Applicant.jpeg
pbbrekening-mcf;2025052322025010656730_pbbrekening-mcf_Applicant.jpeg
kksuratnikah-mcf;2025052322025010656730_kksuratnikah-mcf_Applicant.jpeg
halamandepanbukutabungan-mcf;2025052322025010656730_halamandepanbukutabungan-mcf_Applicant.jpeg
fpkbelakang-mcf;2025052322025010656730_fpkbelakang-mcf_Applicant.jpeg
fpkdepan-mcf;2025052322025010656730_fpkdepan-mcf_Applicant.jpeg
tempatusahadepan-mcf;2025052322025010656730_tempatusahadepan-mcf_Applicant.jpeg
rumahdepan-mcf;2025052322025010656730_rumahdepan-mcf_Applicant.jpeg
pasanganttdcmo-mcf;2025052322025010656730_pasanganttdcmo-mcf_Applicant.jpeg
nasabahttdcmo-mcf;2025052322025010656730_nasabahttdcmo-mcf_Applicant.jpeg
allobank-mcf;2025052322025010656730_allobank-mcf_Applicant.jpeg
rumahjalan-mcf;2025052322025010656730_rumahjalan-mcf_Applicant.jpeg
salaryslip-mcf;2025052322025010656730_salaryslip-mcf_Applicant.jpeg
nomorrumah-mcf;2025052322025010656730_nomorrumah-mcf_Applicant.jpeg
pbbrekening-mcf;2025052222024077810959_pbbrekening-mcf_Applicant.jpeg
kksuratnikah-mcf;2025052222024077810959_kksuratnikah-mcf_Applicant.jpeg
halamandepanbukutabungan-mcf;2025052222024077810959_halamandepanbukutabungan-mcf_Applicant.jpeg
fpkbelakang-mcf;2025052222024077810959_fpkbelakang-mcf_Applicant.jpeg
fpkdepan-mcf;2025052222024077810959_fpkdepan-mcf_Applicant.jpeg
tempatusahadepan-mcf;2025052222024077810959_tempatusahadepan-mcf_Applicant.jpeg
rumahdepan-mcf;2025052222024077810959_rumahdepan-mcf_Applicant.jpeg
pasanganttdcmo-mcf;2025052222024077810959_pasanganttdcmo-mcf_Applicant.jpeg
nasabahttdcmo-mcf;2025052222024077810959_nasabahttdcmo-mcf_Applicant.jpeg
allobank-mcf;2025052222024077810959_allobank-mcf_Applicant.jpeg
rumahjalan-mcf;2025052222024077810959_rumahjalan-mcf_Applicant.jpeg
salaryslip-mcf;2025052222024077810959_salaryslip-mcf_Applicant.jpeg
nomorrumah-mcf;2025052222024077810959_nomorrumah-mcf_Applicant.jpeg
dalamrumah-mcf;2025052222024077810959_dalamrumah-mcf_Applicant.jpeg
pricelist-mcf;2025052222024077810959_pricelist-mcf_Applicant.jpeg
pbbrekening-mcf;2025052322022252564797_pbbrekening-mcf_Applicant.jpeg
kksuratnikah-mcf;2025052322022252564797_kksuratnikah-mcf_Applicant.jpeg
halamandepanbukutabungan-mcf;2025052322022252564797_halamandepanbukutabungan-mcf_Applicant.jpeg
fpkbelakang-mcf;2025052322022252564797_fpkbelakang-mcf_Applicant.jpeg
fpkdepan-mcf;2025052322022252564797_fpkdepan-mcf_Applicant.jpeg
tempatusahadepan-mcf;2025052322022252564797_tempatusahadepan-mcf_Applicant.jpeg
rumahdepan-mcf;2025052322022252564797_rumahdepan-mcf_Applicant.jpeg
pasanganttdcmo-mcf;2025052322022252564797_pasanganttdcmo-mcf_Applicant.jpeg
nasabahttdcmo-mcf;2025052322022252564797_nasabahttdcmo-mcf_Applicant.jpeg
allobank-mcf;2025052322022252564797_allobank-mcf_Applicant.jpeg
rumahjalan-mcf;2025052322022252564797_rumahjalan-mcf_Applicant.jpeg
salaryslip-mcf;2025052322022252564797_salaryslip-mcf_Applicant.jpeg
nomorrumah-mcf;2025052322022252564797_nomorrumah-mcf_Applicant.jpeg
dalamrumah-mcf;2025052322022252564797_dalamrumah-mcf_Applicant.jpeg
pricelist-mcf;2025052322022252564797_pricelist-mcf_Applicant.jpeg
buktipenghasilanusaha-mcf;2025052322022252564797_buktipenghasilanusaha-mcf_Applicant.jpeg
perizinanusaha-mcf;2025052322022252564797_perizinanusaha-mcf_Applicant.jpeg
buktikepemilikanusaha-mcf;2025052322022252564797_buktikepemilikanusaha-mcf_Applicant.jpeg
pbbrekening-mcf;2025052322024251073456_pbbrekening-mcf_Applicant.jpeg
kksuratnikah-mcf;2025052322024251073456_kksuratnikah-mcf_Applicant.jpeg
halamandepanbukutabungan-mcf;2025052322024251073456_halamandepanbukutabungan-mcf_Applicant.webp
fpkbelakang-mcf;2025052322024251073456_fpkbelakang-mcf_Applicant.jpeg
fpkdepan-mcf;2025052322024251073456_fpkdepan-mcf_Applicant.jpeg
tempatusahadepan-mcf;2025052322024251073456_tempatusahadepan-mcf_Applicant.jpeg
rumahdepan-mcf;2025052322024251073456_rumahdepan-mcf_Applicant.jpeg
pasanganttdcmo-mcf;2025052322024251073456_pasanganttdcmo-mcf_Applicant.jpeg
nasabahttdcmo-mcf;2025052322024251073456_nasabahttdcmo-mcf_Applicant.jpeg
allobank-mcf;2025052322024251073456_allobank-mcf_Applicant.jpeg
rumahjalan-mcf;2025052322024251073456_rumahjalan-mcf_Applicant.jpeg
salaryslip-mcf;2025052322024251073456_salaryslip-mcf_Applicant.jpeg
nomorrumah-mcf;2025052322024251073456_nomorrumah-mcf_Applicant.jpeg
dalamrumah-mcf;2025052322024251073456_dalamrumah-mcf_Applicant.jpeg
pricelist-mcf;2025052322024251073456_pricelist-mcf_Applicant.jpeg
buktipenghasilanusaha-mcf;2025052322024251073456_buktipenghasilanusaha-mcf_Applicant.jpeg
perizinanusaha-mcf;2025052322024251073456_perizinanusaha-mcf_Applicant.jpeg
buktikepemilikanusaha-mcf;2025052322024251073456_buktikepemilikanusaha-mcf_Applicant.jpeg
pbbrekening-mcf;2025052122024077898015_pbbrekening-mcf_Applicant.jpeg
kksuratnikah-mcf;2025052122024077898015_kksuratnikah-mcf_Applicant.jpeg
halamandepanbukutabungan-mcf;2025052122024077898015_halamandepanbukutabungan-mcf_Applicant.jpeg
fpkbelakang-mcf;2025052122024077898015_fpkbelakang-mcf_Applicant.jpeg
fpkdepan-mcf;2025052122024077898015_fpkdepan-mcf_Applicant.jpeg
tempatusahadepan-mcf;2025052122024077898015_tempatusahadepan-mcf_Applicant.jpeg
rumahdepan-mcf;2025052122024077898015_rumahdepan-mcf_Applicant.jpeg
pasanganttdcmo-mcf;2025052122024077898015_pasanganttdcmo-mcf_Applicant.jpeg
nasabahttdcmo-mcf;2025052122024077898015_nasabahttdcmo-mcf_Applicant.jpeg
allobank-mcf;2025052122024077898015_allobank-mcf_Applicant.jpeg
rumahjalan-mcf;2025052122024077898015_rumahjalan-mcf_Applicant.jpeg
salaryslip-mcf;2025052122024077898015_salaryslip-mcf_Applicant.jpeg
nomorrumah-mcf;2025052122024077898015_nomorrumah-mcf_Applicant.jpeg
dalamrumah-mcf;2025052122024077898015_dalamrumah-mcf_Applicant.jpeg
pricelist-mcf;2025052122024077898015_pricelist-mcf_Applicant.jpeg
halamandepanbukutabungan-mcf;2025052622024270296798_halamandepanbukutabungan-mcf_Applicant.jpeg
fpkbelakang-mcf;2025052622024270296798_fpkbelakang-mcf_Applicant.jpeg
fpkdepan-mcf;2025052622024270296798_fpkdepan-mcf_Applicant.jpeg
tempatusahadepan-mcf;2025052622024270296798_tempatusahadepan-mcf_Applicant.jpeg
rumahdepan-mcf;2025052622024270296798_rumahdepan-mcf_Applicant.jpeg
pasanganttdcmo-mcf;2025052622024270296798_pasanganttdcmo-mcf_Applicant.jpeg
nasabahttdcmo-mcf;2025052622024270296798_nasabahttdcmo-mcf_Applicant.jpeg
allobank-mcf;2025052622024270296798_allobank-mcf_Applicant.jpeg
rumahjalan-mcf;2025052622024270296798_rumahjalan-mcf_Applicant.jpeg
salaryslip-mcf;2025052622024270296798_salaryslip-mcf_Applicant.jpeg
nomorrumah-mcf;2025052622024270296798_nomorrumah-mcf_Applicant.jpeg
dalamrumah-mcf;2025052622024270296798_dalamrumah-mcf_Applicant.jpeg
pricelist-mcf;2025052622024270296798_pricelist-mcf_Applicant.jpeg
pbbrekening-mcf;2025052622025142497876_pbbrekening-mcf_Applicant.jpeg
kksuratnikah-mcf;2025052622025142497876_kksuratnikah-mcf_Applicant.jpeg
halamandepanbukutabungan-mcf;2025052622025142497876_halamandepanbukutabungan-mcf_Applicant.jpeg
fpkbelakang-mcf;2025052622025142497876_fpkbelakang-mcf_Applicant.jpeg
fpkdepan-mcf;2025052622025142497876_fpkdepan-mcf_Applicant.jpeg
tempatusahadepan-mcf;2025052622025142497876_tempatusahadepan-mcf_Applicant.jpeg
rumahdepan-mcf;2025052622025142497876_rumahdepan-mcf_Applicant.jpeg
pasanganttdcmo-mcf;2025052622025142497876_pasanganttdcmo-mcf_Applicant.jpeg
nasabahttdcmo-mcf;2025052622025142497876_nasabahttdcmo-mcf_Applicant.jpeg
allobank-mcf;2025052622025142497876_allobank-mcf_Applicant.jpeg
rumahjalan-mcf;2025052622025142497876_rumahjalan-mcf_Applicant.jpeg
salaryslip-mcf;2025052622025142497876_salaryslip-mcf_Applicant.jpeg
nomorrumah-mcf;2025052622025142497876_nomorrumah-mcf_Applicant.jpeg
dalamrumah-mcf;2025052622025142497876_dalamrumah-mcf_Applicant.jpeg
pricelist-mcf;2025052622025142497876_pricelist-mcf_Applicant.jpeg
pbbrekening-mcf;2025052322024251040583_pbbrekening-mcf_Applicant.jpeg
kksuratnikah-mcf;2025052322024251040583_kksuratnikah-mcf_Applicant.jpeg
halamandepanbukutabungan-mcf;2025052322024251040583_halamandepanbukutabungan-mcf_Applicant.webp
fpkbelakang-mcf;2025052322024251040583_fpkbelakang-mcf_Applicant.jpeg
fpkdepan-mcf;2025052322024251040583_fpkdepan-mcf_Applicant.jpeg
tempatusahadepan-mcf;2025052322024251040583_tempatusahadepan-mcf_Applicant.jpeg
rumahdepan-mcf;2025052322024251040583_rumahdepan-mcf_Applicant.jpeg
pasanganttdcmo-mcf;2025052322024251040583_pasanganttdcmo-mcf_Applicant.jpeg
nasabahttdcmo-mcf;2025052322024251040583_nasabahttdcmo-mcf_Applicant.jpeg
allobank-mcf;2025052322024251040583_allobank-mcf_Applicant.jpeg
rumahjalan-mcf;2025052322024251040583_rumahjalan-mcf_Applicant.jpeg
salaryslip-mcf;2025052322024251040583_salaryslip-mcf_Applicant.jpeg
nomorrumah-mcf;2025052322024251040583_nomorrumah-mcf_Applicant.jpeg
dalamrumah-mcf;2025052322024251040583_dalamrumah-mcf_Applicant.jpeg
pricelist-mcf;2025052322024251040583_pricelist-mcf_Applicant.jpeg
pbbrekening-mcf;2025052322021041151786_pbbrekening-mcf_Applicant.jpeg
kksuratnikah-mcf;2025052322021041151786_kksuratnikah-mcf_Applicant.jpeg
halamandepanbukutabungan-mcf;2025052322021041151786_halamandepanbukutabungan-mcf_Applicant.jpeg
fpkbelakang-mcf;2025052322021041151786_fpkbelakang-mcf_Applicant.jpeg
fpkdepan-mcf;2025052322021041151786_fpkdepan-mcf_Applicant.jpeg
tempatusahadepan-mcf;2025052322021041151786_tempatusahadepan-mcf_Applicant.jpeg
rumahdepan-mcf;2025052322021041151786_rumahdepan-mcf_Applicant.jpeg
pasanganttdcmo-mcf;2025052322021041151786_pasanganttdcmo-mcf_Applicant.jpeg
nasabahttdcmo-mcf;2025052322021041151786_nasabahttdcmo-mcf_Applicant.jpeg
allobank-mcf;2025052322021041151786_allobank-mcf_Applicant.jpeg
rumahjalan-mcf;2025052322021041151786_rumahjalan-mcf_Applicant.jpeg
salaryslip-mcf;2025052322021041151786_salaryslip-mcf_Applicant.jpeg
nomorrumah-mcf;2025052322021041151786_nomorrumah-mcf_Applicant.jpeg
dalamrumah-mcf;2025052322021041151786_dalamrumah-mcf_Applicant.jpeg
pricelist-mcf;2025052322021041151786_pricelist-mcf_Applicant.jpeg
rumahdepan-mcf;2025052322021143124519_rumahdepan-mcf_Applicant.jpeg
pasanganttdcmo-mcf;2025052322021143124519_pasanganttdcmo-mcf_Applicant.jpeg
nasabahttdcmo-mcf;2025052322021143124519_nasabahttdcmo-mcf_Applicant.jpeg
allobank-mcf;2025052322021143124519_allobank-mcf_Applicant.jpeg
rumahjalan-mcf;2025052322021143124519_rumahjalan-mcf_Applicant.jpeg
salaryslip-mcf;2025052322021143124519_salaryslip-mcf_Applicant.jpeg
nomorrumah-mcf;2025052322021143124519_nomorrumah-mcf_Applicant.jpeg
dalamrumah-mcf;2025052322021143124519_dalamrumah-mcf_Applicant.jpeg
pricelist-mcf;2025052322021143124519_pricelist-mcf_Applicant.jpeg
pbbrekening-mcf;2025052322021258163286_pbbrekening-mcf_Applicant.jpeg
kksuratnikah-mcf;2025052322021258163286_kksuratnikah-mcf_Applicant.jpeg
halamandepanbukutabungan-mcf;2025052322021258163286_halamandepanbukutabungan-mcf_Applicant.jpeg
fpkbelakang-mcf;2025052322021258163286_fpkbelakang-mcf_Applicant.jpeg
fpkdepan-mcf;2025052322021258163286_fpkdepan-mcf_Applicant.jpeg
tempatusahadepan-mcf;2025052322021258163286_tempatusahadepan-mcf_Applicant.jpeg
pbbrekening-mcf;2025052122022613839709_pbbrekening-mcf_Applicant.jpeg
kksuratnikah-mcf;2025052122022613839709_kksuratnikah-mcf_Applicant.jpeg
halamandepanbukutabungan-mcf;2025052122022613839709_halamandepanbukutabungan-mcf_Applicant.jpeg
fpkbelakang-mcf;2025052122022613839709_fpkbelakang-mcf_Applicant.jpeg
fpkdepan-mcf;2025052122022613839709_fpkdepan-mcf_Applicant.jpeg
tempatusahadepan-mcf;2025052122022613839709_tempatusahadepan-mcf_Applicant.jpeg
rumahdepan-mcf;2025052122022613839709_rumahdepan-mcf_Applicant.jpeg
pasanganttdcmo-mcf;2025052122022613839709_pasanganttdcmo-mcf_Applicant.jpeg
nasabahttdcmo-mcf;2025052122022613839709_nasabahttdcmo-mcf_Applicant.jpeg
allobank-mcf;2025052122022613839709_allobank-mcf_Applicant.jpeg
rumahjalan-mcf;2025052122022613839709_rumahjalan-mcf_Applicant.jpeg
salaryslip-mcf;2025052122022613839709_salaryslip-mcf_Applicant.jpeg
nomorrumah-mcf;2025052122022613839709_nomorrumah-mcf_Applicant.jpeg
dalamrumah-mcf;2025052122022613839709_dalamrumah-mcf_Applicant.jpeg
pricelist-mcf;2025052122022613839709_pricelist-mcf_Applicant.jpeg
pbbrekening-mcf;2025052322025100334549_pbbrekening-mcf_Applicant.jpeg
kksuratnikah-mcf;2025052322025100334549_kksuratnikah-mcf_Applicant.jpeg
halamandepanbukutabungan-mcf;2025052322025100334549_halamandepanbukutabungan-mcf_Applicant.jpeg
tempatusahadepan-mcf;2025052222023528928402_tempatusahadepan-mcf_Applicant.jpeg
rumahdepan-mcf;2025052222023528928402_rumahdepan-mcf_Applicant.jpeg
pasanganttdcmo-mcf;2025052222023528928402_pasanganttdcmo-mcf_Applicant.jpeg
nasabahttdcmo-mcf;2025052222023528928402_nasabahttdcmo-mcf_Applicant.jpeg
allobank-mcf;2025052222023528928402_allobank-mcf_Applicant.jpeg
rumahjalan-mcf;2025052222023528928402_rumahjalan-mcf_Applicant.jpeg
salaryslip-mcf;2025052222023528928402_salaryslip-mcf_Applicant.jpeg
nomorrumah-mcf;2025052222023528928402_nomorrumah-mcf_Applicant.jpeg
dalamrumah-mcf;2025052222023528928402_dalamrumah-mcf_Applicant.jpeg
pricelist-mcf;2025052222023528928402_pricelist-mcf_Applicant.jpeg
bpkbbelakang-mcf;2025052322025042025027_bpkbbelakang-mcf_Applicant.jpeg
stnkpajak-mcf;2025052322025042025027_stnkpajak-mcf_Applicant.jpeg
unitdepankanan-mcf;2025052322025042025027_unitdepankanan-mcf_Applicant.jpeg
unitdepankiri-mcf;2025052322025042025027_unitdepankiri-mcf_Applicant.jpeg
salaryslip-mcf;2025052322025042025027_salaryslip-mcf_Applicant.jpeg
nomorrumah-mcf;2025052322025042025027_nomorrumah-mcf_Applicant.jpeg
dalamrumah-mcf;2025052322025042025027_dalamrumah-mcf_Applicant.jpeg
buktipenghasilanusaha-mcf;2025052322025042025027_buktipenghasilanusaha-mcf_Applicant.jpeg
perizinanusaha-mcf;2025052322025042025027_perizinanusaha-mcf_Applicant.jpeg
buktikepemilikanusaha-mcf;2025052322025042025027_buktikepemilikanusaha-mcf_Applicant.jpeg
rangkanomesin-mcf;2025052322025042025027_rangkanomesin-mcf_Applicant.jpeg
pbbrekening-mcf;2025052022024305834417_pbbrekening-mcf_Applicant.jpeg
kksuratnikah-mcf;2025052022024305834417_kksuratnikah-mcf_Applicant.jpeg
halamandepanbukutabungan-mcf;2025052022024305834417_halamandepanbukutabungan-mcf_Applicant.jpeg
fpkbelakang-mcf;2025052022024305834417_fpkbelakang-mcf_Applicant.jpeg
fpkdepan-mcf;2025052022024305834417_fpkdepan-mcf_Applicant.jpeg
tempatusahadepan-mcf;2025052022024305834417_tempatusahadepan-mcf_Applicant.jpeg
rumahdepan-mcf;2025052022024305834417_rumahdepan-mcf_Applicant.jpeg
pasanganttdcmo-mcf;2025052022024305834417_pasanganttdcmo-mcf_Applicant.jpeg
nasabahttdcmo-mcf;2025052022024305834417_nasabahttdcmo-mcf_Applicant.jpeg
allobank-mcf;2025052022024305834417_allobank-mcf_Applicant.jpeg
rumahjalan-mcf;2025052022024305834417_rumahjalan-mcf_Applicant.jpeg
bpkbdepan-mcf;2025052022024305834417_bpkbdepan-mcf_Applicant.jpeg
bpkbbelakang-mcf;2025052022024305834417_bpkbbelakang-mcf_Applicant.jpeg
stnkpajak-mcf;2025052022024305834417_stnkpajak-mcf_Applicant.jpeg
unitdepankanan-mcf;2025052022024305834417_unitdepankanan-mcf_Applicant.jpeg
unitdepankiri-mcf;2025052022024305834417_unitdepankiri-mcf_Applicant.jpeg
salaryslip-mcf;2025052022024305834417_salaryslip-mcf_Applicant.jpeg
nomorrumah-mcf;2025052022024305834417_nomorrumah-mcf_Applicant.jpeg
dalamrumah-mcf;2025052022024305834417_dalamrumah-mcf_Applicant.jpeg
pbbrekening-mcf;2025052322025042025027_pbbrekening-mcf_Applicant.jpeg
kksuratnikah-mcf;2025052322025042025027_kksuratnikah-mcf_Applicant.jpeg
halamandepanbukutabungan-mcf;2025052322025042025027_halamandepanbukutabungan-mcf_Applicant.jpeg
fpkbelakang-mcf;2025052322025042025027_fpkbelakang-mcf_Applicant.jpeg
fpkdepan-mcf;2025052322025042025027_fpkdepan-mcf_Applicant.jpeg
tempatusahadepan-mcf;2025052322025042025027_tempatusahadepan-mcf_Applicant.jpeg
rumahdepan-mcf;2025052322025042025027_rumahdepan-mcf_Applicant.jpeg
pasanganttdcmo-mcf;2025052322025042025027_pasanganttdcmo-mcf_Applicant.jpeg
nasabahttdcmo-mcf;2025052322025042025027_nasabahttdcmo-mcf_Applicant.jpeg
allobank-mcf;2025052322025042025027_allobank-mcf_Applicant.jpeg
rumahjalan-mcf;2025052322025042025027_rumahjalan-mcf_Applicant.jpeg
bpkbdepan-mcf;2025052322025042025027_bpkbdepan-mcf_Applicant.jpeg
rangkanomesin-mcf;2025052022024305834417_rangkanomesin-mcf_Applicant.jpeg
pbbrekening-mcf;2025052122025084928326_pbbrekening-mcf_Applicant.jpeg
kksuratnikah-mcf;2025052122025084928326_kksuratnikah-mcf_Applicant.jpeg
halamandepanbukutabungan-mcf;2025052122025084928326_halamandepanbukutabungan-mcf_Applicant.jpeg
fpkbelakang-mcf;2025052122025084928326_fpkbelakang-mcf_Applicant.jpeg
fpkdepan-mcf;2025052122025084928326_fpkdepan-mcf_Applicant.jpeg
tempatusahadepan-mcf;2025052122025084928326_tempatusahadepan-mcf_Applicant.jpeg
rumahdepan-mcf;2025052122025084928326_rumahdepan-mcf_Applicant.jpeg
pasanganttdcmo-mcf;2025052122025084928326_pasanganttdcmo-mcf_Applicant.jpeg
nasabahttdcmo-mcf;2025052122025084928326_nasabahttdcmo-mcf_Applicant.jpeg
allobank-mcf;2025052122025084928326_allobank-mcf_Applicant.jpeg
rumahjalan-mcf;2025052122025084928326_rumahjalan-mcf_Applicant.jpeg
salaryslip-mcf;2025052122025084928326_salaryslip-mcf_Applicant.jpeg
nomorrumah-mcf;2025052122025084928326_nomorrumah-mcf_Applicant.jpeg
pbbrekening-mcf;2025052222024224997713_pbbrekening-mcf_Applicant.jpeg
kksuratnikah-mcf;2025052222024224997713_kksuratnikah-mcf_Applicant.jpeg
halamandepanbukutabungan-mcf;2025052222024224997713_halamandepanbukutabungan-mcf_Applicant.jpeg
fpkbelakang-mcf;2025052222024224997713_fpkbelakang-mcf_Applicant.jpeg
fpkdepan-mcf;2025052222024224997713_fpkdepan-mcf_Applicant.jpeg
tempatusahadepan-mcf;2025052222024224997713_tempatusahadepan-mcf_Applicant.jpeg
rumahdepan-mcf;2025052222024224997713_rumahdepan-mcf_Applicant.jpeg
pasanganttdcmo-mcf;2025052222024224997713_pasanganttdcmo-mcf_Applicant.jpeg
nasabahttdcmo-mcf;2025052222024224997713_nasabahttdcmo-mcf_Applicant.jpeg
allobank-mcf;2025052222024224997713_allobank-mcf_Applicant.jpeg
rumahjalan-mcf;2025052222024224997713_rumahjalan-mcf_Applicant.jpeg
bpkbdepan-mcf;2025052222024224997713_bpkbdepan-mcf_Applicant.jpeg
bpkbbelakang-mcf;2025052222024224997713_bpkbbelakang-mcf_Applicant.jpeg
stnkpajak-mcf;2025052222024224997713_stnkpajak-mcf_Applicant.jpeg
unitdepankanan-mcf;2025052222024224997713_unitdepankanan-mcf_Applicant.jpeg
unitdepankiri-mcf;2025052222024224997713_unitdepankiri-mcf_Applicant.jpeg
salaryslip-mcf;2025052222024224997713_salaryslip-mcf_Applicant.jpeg
nomorrumah-mcf;2025052222024224997713_nomorrumah-mcf_Applicant.jpeg
dalamrumah-mcf;2025052222024224997713_dalamrumah-mcf_Applicant.jpeg
rangkanomesin-mcf;2025052222024224997713_rangkanomesin-mcf_Applicant.jpeg
pbbrekening-mcf;2025052222023528928402_pbbrekening-mcf_Applicant.jpeg
kksuratnikah-mcf;2025052222023528928402_kksuratnikah-mcf_Applicant.jpeg
halamandepanbukutabungan-mcf;2025052222023528928402_halamandepanbukutabungan-mcf_Applicant.jpeg
fpkbelakang-mcf;2025052222023528928402_fpkbelakang-mcf_Applicant.jpeg
fpkdepan-mcf;2025052222023528928402_fpkdepan-mcf_Applicant.jpeg
salaryslip-mcf;2025052222022016889127_salaryslip-mcf_Applicant.jpeg
nomorrumah-mcf;2025052222022016889127_nomorrumah-mcf_Applicant.jpeg
dalamrumah-mcf;2025052222022016889127_dalamrumah-mcf_Applicant.jpeg
pricelist-mcf;2025052222022016889127_pricelist-mcf_Applicant.jpeg
pbbrekening-mcf;2025052222024005846168_pbbrekening-mcf_Applicant.jpeg
kksuratnikah-mcf;2025052222024005846168_kksuratnikah-mcf_Applicant.jpeg
halamandepanbukutabungan-mcf;2025052222024005846168_halamandepanbukutabungan-mcf_Applicant.jpeg
fpkbelakang-mcf;2025052222024005846168_fpkbelakang-mcf_Applicant.jpeg
fpkdepan-mcf;2025052222024005846168_fpkdepan-mcf_Applicant.jpeg
tempatusahadepan-mcf;2025052222024005846168_tempatusahadepan-mcf_Applicant.jpeg
rumahdepan-mcf;2025052222024005846168_rumahdepan-mcf_Applicant.jpeg
pasanganttdcmo-mcf;2025052222024005846168_pasanganttdcmo-mcf_Applicant.jpeg
nasabahttdcmo-mcf;2025052222024005846168_nasabahttdcmo-mcf_Applicant.jpeg
allobank-mcf;2025052222024005846168_allobank-mcf_Applicant.jpeg
rumahjalan-mcf;2025052222024005846168_rumahjalan-mcf_Applicant.jpeg
salaryslip-mcf;2025052222024005846168_salaryslip-mcf_Applicant.jpeg
bpkbdepan-mcf;2025052322022055550310_bpkbdepan-mcf_Applicant.jpeg
bpkbbelakang-mcf;2025052322022055550310_bpkbbelakang-mcf_Applicant.jpeg
stnkpajak-mcf;2025052322022055550310_stnkpajak-mcf_Applicant.jpeg
unitdepankanan-mcf;2025052322022055550310_unitdepankanan-mcf_Applicant.jpeg
unitdepankiri-mcf;2025052322022055550310_unitdepankiri-mcf_Applicant.jpeg
salaryslip-mcf;2025052322022055550310_salaryslip-mcf_Applicant.jpeg
nomorrumah-mcf;2025052322022055550310_nomorrumah-mcf_Applicant.jpeg
dalamrumah-mcf;2025052322022055550310_dalamrumah-mcf_Applicant.jpeg
rangkanomesin-mcf;2025052322022055550310_rangkanomesin-mcf_Applicant.jpeg
pbbrekening-mcf;2025052222023575490340_pbbrekening-mcf_Applicant.jpeg
kksuratnikah-mcf;2025052222023575490340_kksuratnikah-mcf_Applicant.jpeg
halamandepanbukutabungan-mcf;2025052222023575490340_halamandepanbukutabungan-mcf_Applicant.jpeg
fpkbelakang-mcf;2025052222023575490340_fpkbelakang-mcf_Applicant.jpeg
fpkdepan-mcf;2025052222023575490340_fpkdepan-mcf_Applicant.jpeg
unitdepankiri-mcf;2025052122024305841097_unitdepankiri-mcf_Applicant.jpeg
salaryslip-mcf;2025052122024305841097_salaryslip-mcf_Applicant.jpeg
nomorrumah-mcf;2025052122024305841097_nomorrumah-mcf_Applicant.jpeg
dalamrumah-mcf;2025052122024305841097_dalamrumah-mcf_Applicant.jpeg
rangkanomesin-mcf;2025052122024305841097_rangkanomesin-mcf_Applicant.jpeg
pbbrekening-mcf;2025052222022016889127_pbbrekening-mcf_Applicant.jpeg
kksuratnikah-mcf;2025052222022016889127_kksuratnikah-mcf_Applicant.jpeg
halamandepanbukutabungan-mcf;2025052222022016889127_halamandepanbukutabungan-mcf_Applicant.jpeg
fpkbelakang-mcf;2025052222022016889127_fpkbelakang-mcf_Applicant.jpeg
fpkdepan-mcf;2025052222022016889127_fpkdepan-mcf_Applicant.jpeg
tempatusahadepan-mcf;2025052222022016889127_tempatusahadepan-mcf_Applicant.jpeg
rumahdepan-mcf;2025052222022016889127_rumahdepan-mcf_Applicant.jpeg
pasanganttdcmo-mcf;2025052222022016889127_pasanganttdcmo-mcf_Applicant.jpeg
nasabahttdcmo-mcf;2025052222022016889127_nasabahttdcmo-mcf_Applicant.jpeg
allobank-mcf;2025052222022016889127_allobank-mcf_Applicant.jpeg
rumahjalan-mcf;2025052222022016889127_rumahjalan-mcf_Applicant.jpeg
tempatusahadepan-mcf;2025052222023575490340_tempatusahadepan-mcf_Applicant.jpeg
rumahdepan-mcf;2025052222023575490340_rumahdepan-mcf_Applicant.jpeg
pasanganttdcmo-mcf;2025052222023575490340_pasanganttdcmo-mcf_Applicant.jpeg
nasabahttdcmo-mcf;2025052222023575490340_nasabahttdcmo-mcf_Applicant.jpeg
allobank-mcf;2025052222023575490340_allobank-mcf_Applicant.jpeg
rumahjalan-mcf;2025052222023575490340_rumahjalan-mcf_Applicant.jpeg
salaryslip-mcf;2025052222023575490340_salaryslip-mcf_Applicant.jpeg
nomorrumah-mcf;2025052222023575490340_nomorrumah-mcf_Applicant.jpeg
dalamrumah-mcf;2025052222023575490340_dalamrumah-mcf_Applicant.jpeg
pricelist-mcf;2025052222023575490340_pricelist-mcf_Applicant.jpeg
pbbrekening-mcf;2025052322022252520270_pbbrekening-mcf_Applicant.jpeg
kksuratnikah-mcf;2025052322022252520270_kksuratnikah-mcf_Applicant.jpeg
halamandepanbukutabungan-mcf;2025052322022252520270_halamandepanbukutabungan-mcf_Applicant.jpeg
fpkbelakang-mcf;2025052322022252520270_fpkbelakang-mcf_Applicant.jpeg
fpkdepan-mcf;2025052322022252520270_fpkdepan-mcf_Applicant.jpeg
tempatusahadepan-mcf;2025052322022252520270_tempatusahadepan-mcf_Applicant.jpeg
rumahdepan-mcf;2025052322022252520270_rumahdepan-mcf_Applicant.jpeg
pasanganttdcmo-mcf;2025052322022252520270_pasanganttdcmo-mcf_Applicant.jpeg
nasabahttdcmo-mcf;2025052322022252520270_nasabahttdcmo-mcf_Applicant.jpeg
allobank-mcf;2025052322022252520270_allobank-mcf_Applicant.jpeg
rumahjalan-mcf;2025052322022252520270_rumahjalan-mcf_Applicant.jpeg
salaryslip-mcf;2025052322022252520270_salaryslip-mcf_Applicant.jpeg
nomorrumah-mcf;2025052322022252520270_nomorrumah-mcf_Applicant.jpeg
dalamrumah-mcf;2025052322022252520270_dalamrumah-mcf_Applicant.jpeg
pricelist-mcf;2025052322022252520270_pricelist-mcf_Applicant.jpeg
buktipenghasilanusaha-mcf;2025052322022252520270_buktipenghasilanusaha-mcf_Applicant.jpeg
perizinanusaha-mcf;2025052322022252520270_perizinanusaha-mcf_Applicant.jpeg
buktikepemilikanusaha-mcf;2025052322022252520270_buktikepemilikanusaha-mcf_Applicant.jpeg
pbbrekening-mcf;20250521925093226353_pbbrekening-mcf_Applicant.jpeg
kksuratnikah-mcf;20250521925093226353_kksuratnikah-mcf_Applicant.jpeg
halamandepanbukutabungan-mcf;20250521925093226353_halamandepanbukutabungan-mcf_Applicant.jpeg
fpkbelakang-mcf;20250521925093226353_fpkbelakang-mcf_Applicant.jpeg
fpkdepan-mcf;20250521925093226353_fpkdepan-mcf_Applicant.jpeg
tempatusahadepan-mcf;20250521925093226353_tempatusahadepan-mcf_Applicant.jpeg
rumahdepan-mcf;20250521925093226353_rumahdepan-mcf_Applicant.jpeg
pasanganttdcmo-mcf;20250521925093226353_pasanganttdcmo-mcf_Applicant.jpeg
nasabahttdcmo-mcf;20250521925093226353_nasabahttdcmo-mcf_Applicant.jpeg
allobank-mcf;20250521925093226353_allobank-mcf_Applicant.jpeg
rumahjalan-mcf;20250521925093226353_rumahjalan-mcf_Applicant.jpeg
salaryslip-mcf;20250521925093226353_salaryslip-mcf_Applicant.jpeg
nomorrumah-mcf;20250521925093226353_nomorrumah-mcf_Applicant.jpeg
dalamrumah-mcf;20250521925093226353_dalamrumah-mcf_Applicant.jpeg
pricelist-mcf;20250521925093226353_pricelist-mcf_Applicant.jpeg
pbbrekening-mcf;2025052222024305865340_pbbrekening-mcf_Applicant.jpeg
nomorrumah-mcf;2025052222024305865340_nomorrumah-mcf_Applicant.jpeg
dalamrumah-mcf;2025052222024305865340_dalamrumah-mcf_Applicant.jpeg
buktipenghasilanusaha-mcf;2025052222024305865340_buktipenghasilanusaha-mcf_Applicant.jpeg
perizinanusaha-mcf;2025052222024305865340_perizinanusaha-mcf_Applicant.jpeg
buktikepemilikanusaha-mcf;2025052222024305865340_buktikepemilikanusaha-mcf_Applicant.jpeg
rangkanomesin-mcf;2025052222024305865340_rangkanomesin-mcf_Applicant.jpeg
pbbrekening-mcf;2025052322025084944979_pbbrekening-mcf_Applicant.jpeg
kksuratnikah-mcf;2025052322025084944979_kksuratnikah-mcf_Applicant.jpeg
halamandepanbukutabungan-mcf;2025052322025084944979_halamandepanbukutabungan-mcf_Applicant.jpeg
fpkbelakang-mcf;2025052322025084944979_fpkbelakang-mcf_Applicant.jpeg
fpkdepan-mcf;2025052322025084944979_fpkdepan-mcf_Applicant.jpeg
tempatusahadepan-mcf;2025052322025084944979_tempatusahadepan-mcf_Applicant.jpeg
rumahdepan-mcf;2025052322025084944979_rumahdepan-mcf_Applicant.jpeg
pasanganttdcmo-mcf;2025052322025084944979_pasanganttdcmo-mcf_Applicant.jpeg
nasabahttdcmo-mcf;2025052322025084944979_nasabahttdcmo-mcf_Applicant.jpeg
allobank-mcf;2025052322025084944979_allobank-mcf_Applicant.jpeg
rumahjalan-mcf;2025052322025084944979_rumahjalan-mcf_Applicant.jpeg
salaryslip-mcf;2025052322025084944979_salaryslip-mcf_Applicant.jpeg
nomorrumah-mcf;2025052322025084944979_nomorrumah-mcf_Applicant.jpeg
dalamrumah-mcf;2025052322025084944979_dalamrumah-mcf_Applicant.jpeg
pricelist-mcf;2025052322025084944979_pricelist-mcf_Applicant.jpeg
pbbrekening-mcf;2025052022023598535683_pbbrekening-mcf_Applicant.jpeg
kksuratnikah-mcf;2025052022023598535683_kksuratnikah-mcf_Applicant.jpeg
halamandepanbukutabungan-mcf;2025052022023598535683_halamandepanbukutabungan-mcf_Applicant.jpeg
fpkbelakang-mcf;2025052022023598535683_fpkbelakang-mcf_Applicant.jpeg
fpkdepan-mcf;2025052022023598535683_fpkdepan-mcf_Applicant.jpeg
tempatusahadepan-mcf;2025052022023598535683_tempatusahadepan-mcf_Applicant.jpeg
rumahdepan-mcf;2025052022023598535683_rumahdepan-mcf_Applicant.jpeg
pasanganttdcmo-mcf;2025052022023598535683_pasanganttdcmo-mcf_Applicant.jpeg
nasabahttdcmo-mcf;2025052022023598535683_nasabahttdcmo-mcf_Applicant.jpeg
allobank-mcf;2025052022023598535683_allobank-mcf_Applicant.jpeg
rumahjalan-mcf;2025052022023598535683_rumahjalan-mcf_Applicant.jpeg
bpkbdepan-mcf;2025052022023598535683_bpkbdepan-mcf_Applicant.jpeg
bpkbbelakang-mcf;2025052022023598535683_bpkbbelakang-mcf_Applicant.jpeg
stnkpajak-mcf;2025052022023598535683_stnkpajak-mcf_Applicant.jpeg
unitdepankanan-mcf;2025052022023598535683_unitdepankanan-mcf_Applicant.jpeg
unitdepankiri-mcf;2025052022023598535683_unitdepankiri-mcf_Applicant.jpeg
salaryslip-mcf;2025052022023598535683_salaryslip-mcf_Applicant.jpeg
nomorrumah-mcf;2025052022023598535683_nomorrumah-mcf_Applicant.jpeg
dalamrumah-mcf;2025052022023598535683_dalamrumah-mcf_Applicant.jpeg
rangkanomesin-mcf;2025052022023598535683_rangkanomesin-mcf_Applicant.jpeg
pbbrekening-mcf;2025052322024465274833_pbbrekening-mcf_Applicant.jpeg
kksuratnikah-mcf;2025052322024465274833_kksuratnikah-mcf_Applicant.jpeg
pbbrekening-mcf;2025052322025164332095_pbbrekening-mcf_Applicant.jpeg
kksuratnikah-mcf;2025052322025164332095_kksuratnikah-mcf_Applicant.jpeg
halamandepanbukutabungan-mcf;2025052322025164332095_halamandepanbukutabungan-mcf_Applicant.jpeg
fpkbelakang-mcf;2025052322025164332095_fpkbelakang-mcf_Applicant.jpeg
fpkdepan-mcf;2025052322025164332095_fpkdepan-mcf_Applicant.jpeg
tempatusahadepan-mcf;2025052322025164332095_tempatusahadepan-mcf_Applicant.jpeg
rumahdepan-mcf;2025052322025164332095_rumahdepan-mcf_Applicant.jpeg
pasanganttdcmo-mcf;2025052322025164332095_pasanganttdcmo-mcf_Applicant.jpeg
nasabahttdcmo-mcf;2025052322025164332095_nasabahttdcmo-mcf_Applicant.jpeg
allobank-mcf;2025052322025164332095_allobank-mcf_Applicant.jpeg
rumahjalan-mcf;2025052322025164332095_rumahjalan-mcf_Applicant.jpeg
salaryslip-mcf;2025052322025164332095_salaryslip-mcf_Applicant.jpeg
nomorrumah-mcf;2025052322025164332095_nomorrumah-mcf_Applicant.jpeg
dalamrumah-mcf;2025052322025164332095_dalamrumah-mcf_Applicant.jpeg
pricelist-mcf;2025052322025164332095_pricelist-mcf_Applicant.jpeg
pbbrekening-mcf;2025052022023518440129_pbbrekening-mcf_Applicant.jpeg
kksuratnikah-mcf;2025052022023518440129_kksuratnikah-mcf_Applicant.jpeg
halamandepanbukutabungan-mcf;2025052022023518440129_halamandepanbukutabungan-mcf_Applicant.jpeg
fpkbelakang-mcf;2025052022023518440129_fpkbelakang-mcf_Applicant.jpeg
fpkdepan-mcf;2025052022023518440129_fpkdepan-mcf_Applicant.jpeg
tempatusahadepan-mcf;2025052022023518440129_tempatusahadepan-mcf_Applicant.jpeg
rumahdepan-mcf;2025052022023518440129_rumahdepan-mcf_Applicant.jpeg
pasanganttdcmo-mcf;2025052022023518440129_pasanganttdcmo-mcf_Applicant.jpeg
nasabahttdcmo-mcf;2025052022023518440129_nasabahttdcmo-mcf_Applicant.jpeg
allobank-mcf;2025052022023518440129_allobank-mcf_Applicant.jpeg
rumahjalan-mcf;2025052022023518440129_rumahjalan-mcf_Applicant.jpeg
salaryslip-mcf;2025052022023518440129_salaryslip-mcf_Applicant.jpeg
nomorrumah-mcf;2025052022023518440129_nomorrumah-mcf_Applicant.jpeg
dalamrumah-mcf;2025052022023518440129_dalamrumah-mcf_Applicant.jpeg
pricelist-mcf;2025052022023518440129_pricelist-mcf_Applicant.jpeg
buktipenghasilanusaha-mcf;2025052022023518440129_buktipenghasilanusaha-mcf_Applicant.jpeg
perizinanusaha-mcf;2025052022023518440129_perizinanusaha-mcf_Applicant.jpeg
buktikepemilikanusaha-mcf;2025052022023518440129_buktikepemilikanusaha-mcf_Applicant.jpeg
pbbrekening-mcf;2025052322023508760490_pbbrekening-mcf_Applicant.jpeg
kksuratnikah-mcf;2025052322023508760490_kksuratnikah-mcf_Applicant.jpeg
halamandepanbukutabungan-mcf;2025052322023508760490_halamandepanbukutabungan-mcf_Applicant.jpeg
fpkbelakang-mcf;2025052322023508760490_fpkbelakang-mcf_Applicant.jpeg
fpkdepan-mcf;2025052322023508760490_fpkdepan-mcf_Applicant.jpeg
tempatusahadepan-mcf;2025052322023508760490_tempatusahadepan-mcf_Applicant.jpeg
rumahdepan-mcf;2025052322023508760490_rumahdepan-mcf_Applicant.jpeg
pasanganttdcmo-mcf;2025052322023508760490_pasanganttdcmo-mcf_Applicant.jpeg
nasabahttdcmo-mcf;2025052322023508760490_nasabahttdcmo-mcf_Applicant.jpeg
rumahjalan-mcf;2025052322023508760490_rumahjalan-mcf_Applicant.jpeg
bpkbdepan-mcf;2025052322023508760490_bpkbdepan-mcf_Applicant.jpeg
bpkbbelakang-mcf;2025052322023508760490_bpkbbelakang-mcf_Applicant.jpeg
stnkpajak-mcf;2025052322023508760490_stnkpajak-mcf_Applicant.jpeg
nasabahttdcmo-mcf;2025052322023186348812_nasabahttdcmo-mcf_Applicant.jpeg
allobank-mcf;2025052322023186348812_allobank-mcf_Applicant.jpeg
rumahjalan-mcf;2025052322023186348812_rumahjalan-mcf_Applicant.jpeg
salaryslip-mcf;2025052322023186348812_salaryslip-mcf_Applicant.jpeg
nomorrumah-mcf;2025052322023186348812_nomorrumah-mcf_Applicant.jpeg
dalamrumah-mcf;2025052322023186348812_dalamrumah-mcf_Applicant.jpeg
pricelist-mcf;2025052322023186348812_pricelist-mcf_Applicant.jpeg
buktipenghasilanusaha-mcf;2025052322023186348812_buktipenghasilanusaha-mcf_Applicant.jpeg
perizinanusaha-mcf;2025052322023186348812_perizinanusaha-mcf_Applicant.jpeg
buktikepemilikanusaha-mcf;2025052322023186348812_buktikepemilikanusaha-mcf_Applicant.jpeg
pbbrekening-mcf;2025052322024289857868_pbbrekening-mcf_Applicant.jpeg
kksuratnikah-mcf;2025052322024289857868_kksuratnikah-mcf_Applicant.jpeg
halamandepanbukutabungan-mcf;2025052322024289857868_halamandepanbukutabungan-mcf_Applicant.jpeg
fpkbelakang-mcf;2025052322024289857868_fpkbelakang-mcf_Applicant.jpeg
fpkdepan-mcf;2025052322024289857868_fpkdepan-mcf_Applicant.jpeg
tempatusahadepan-mcf;2025052322024289857868_tempatusahadepan-mcf_Applicant.jpeg
rumahdepan-mcf;2025052322024289857868_rumahdepan-mcf_Applicant.jpeg
pasanganttdcmo-mcf;2025052322024289857868_pasanganttdcmo-mcf_Applicant.jpeg
nasabahttdcmo-mcf;2025052322024289857868_nasabahttdcmo-mcf_Applicant.jpeg
allobank-mcf;2025052322024289857868_allobank-mcf_Applicant.jpeg
rumahjalan-mcf;2025052322024289857868_rumahjalan-mcf_Applicant.jpeg
buktipenghasilanusaha-mcf;2025052322024289857868_buktipenghasilanusaha-mcf_Applicant.jpeg
nomorrumah-mcf;2025052322024289857868_nomorrumah-mcf_Applicant.jpeg
dalamrumah-mcf;2025052322024289857868_dalamrumah-mcf_Applicant.jpeg
pricelist-mcf;2025052322024289857868_pricelist-mcf_Applicant.jpeg
buktipenghasilanusaha-mcf;2025052322024289857868_buktipenghasilanusaha-mcf_Applicant.jpeg
perizinanusaha-mcf;2025052322024289857868_perizinanusaha-mcf_Applicant.jpeg
buktikepemilikanusaha-mcf;2025052322024289857868_buktikepemilikanusaha-mcf_Applicant.jpeg
pbbrekening-mcf;2025052322024600033757_pbbrekening-mcf_Applicant.jpeg
kksuratnikah-mcf;2025052322024600033757_kksuratnikah-mcf_Applicant.jpeg
halamandepanbukutabungan-mcf;2025052322024600033757_halamandepanbukutabungan-mcf_Applicant.jpeg
unitdepankanan-mcf;2025052322023508760490_unitdepankanan-mcf_Applicant.jpeg
unitdepankiri-mcf;2025052322023508760490_unitdepankiri-mcf_Applicant.jpeg
salaryslip-mcf;2025052322023508760490_salaryslip-mcf_Applicant.jpeg
nomorrumah-mcf;2025052322023508760490_nomorrumah-mcf_Applicant.jpeg
dalamrumah-mcf;2025052322023508760490_dalamrumah-mcf_Applicant.jpeg
rangkanomesin-mcf;2025052322023508760490_rangkanomesin-mcf_Applicant.jpeg
pbbrekening-mcf;2025052322023186348812_pbbrekening-mcf_Applicant.jpeg
kksuratnikah-mcf;2025052322023186348812_kksuratnikah-mcf_Applicant.jpeg
halamandepanbukutabungan-mcf;2025052322023186348812_halamandepanbukutabungan-mcf_Applicant.jpeg
fpkbelakang-mcf;2025052322023186348812_fpkbelakang-mcf_Applicant.jpeg
fpkdepan-mcf;2025052322023186348812_fpkdepan-mcf_Applicant.jpeg
tempatusahadepan-mcf;2025052322023186348812_tempatusahadepan-mcf_Applicant.jpeg
rumahdepan-mcf;2025052322023186348812_rumahdepan-mcf_Applicant.jpeg
pasanganttdcmo-mcf;2025052322023186348812_pasanganttdcmo-mcf_Applicant.jpeg
dalamrumah-mcf;2025052322024600033757_dalamrumah-mcf_Applicant.jpeg
rangkanomesin-mcf;2025052322024600033757_rangkanomesin-mcf_Applicant.jpeg
fpkbelakang-mcf;2025052322024600033757_fpkbelakang-mcf_Applicant.jpeg
fpkdepan-mcf;2025052322024600033757_fpkdepan-mcf_Applicant.jpeg
tempatusahadepan-mcf;2025052322024600033757_tempatusahadepan-mcf_Applicant.jpeg
rumahdepan-mcf;2025052322024600033757_rumahdepan-mcf_Applicant.jpeg
pasanganttdcmo-mcf;2025052322024600033757_pasanganttdcmo-mcf_Applicant.jpeg
nasabahttdcmo-mcf;2025052322024600033757_nasabahttdcmo-mcf_Applicant.jpeg
allobank-mcf;2025052322024600033757_allobank-mcf_Applicant.jpeg
rumahjalan-mcf;2025052322024600033757_rumahjalan-mcf_Applicant.jpeg
bpkbdepan-mcf;2025052322024600033757_bpkbdepan-mcf_Applicant.jpeg
bpkbbelakang-mcf;2025052322024600033757_bpkbbelakang-mcf_Applicant.jpeg
stnkpajak-mcf;2025052322024600033757_stnkpajak-mcf_Applicant.jpeg
unitdepankanan-mcf;2025052322024600033757_unitdepankanan-mcf_Applicant.jpeg
unitdepankiri-mcf;2025052322024600033757_unitdepankiri-mcf_Applicant.jpeg
salaryslip-mcf;2025052322024600033757_salaryslip-mcf_Applicant.jpeg
nomorrumah-mcf;2025052322024600033757_nomorrumah-mcf_Applicant.jpeg
rumahjalan-mcf;2025052322024289865376_rumahjalan-mcf_Applicant.jpeg
salaryslip-mcf;2025052322024289865376_salaryslip-mcf_Applicant.jpeg
nomorrumah-mcf;2025052322024289865376_nomorrumah-mcf_Applicant.jpeg
dalamrumah-mcf;2025052322024289865376_dalamrumah-mcf_Applicant.jpeg
pricelist-mcf;2025052322024289865376_pricelist-mcf_Applicant.jpeg
buktipenghasilanusaha-mcf;2025052322024289865376_buktipenghasilanusaha-mcf_Applicant.jpeg
perizinanusaha-mcf;2025052322024289865376_perizinanusaha-mcf_Applicant.jpeg
buktikepemilikanusaha-mcf;2025052322024289865376_buktikepemilikanusaha-mcf_Applicant.jpeg
pbbrekening-mcf;2025052322015188446478_pbbrekening-mcf_Applicant.jpeg
kksuratnikah-mcf;2025052322015188446478_kksuratnikah-mcf_Applicant.jpeg
halamandepanbukutabungan-mcf;2025052322015188446478_halamandepanbukutabungan-mcf_Applicant.jpeg
fpkbelakang-mcf;2025052322015188446478_fpkbelakang-mcf_Applicant.jpeg
fpkdepan-mcf;2025052322015188446478_fpkdepan-mcf_Applicant.jpeg
tempatusahadepan-mcf;2025052322015188446478_tempatusahadepan-mcf_Applicant.jpeg
rumahdepan-mcf;2025052322015188446478_rumahdepan-mcf_Applicant.jpeg
pasanganttdcmo-mcf;2025052322015188446478_pasanganttdcmo-mcf_Applicant.jpeg
nasabahttdcmo-mcf;2025052322015188446478_nasabahttdcmo-mcf_Applicant.jpeg
allobank-mcf;2025052322015188446478_allobank-mcf_Applicant.jpeg
bpkbdepan-mcf;2025052322024262945244_bpkbdepan-mcf_Applicant.jpeg
bpkbbelakang-mcf;2025052322024262945244_bpkbbelakang-mcf_Applicant.jpeg
stnkpajak-mcf;2025052322024262945244_stnkpajak-mcf_Applicant.jpeg
unitdepankanan-mcf;2025052322024262945244_unitdepankanan-mcf_Applicant.jpeg
unitdepankiri-mcf;2025052322024262945244_unitdepankiri-mcf_Applicant.jpeg
salaryslip-mcf;2025052322024262945244_salaryslip-mcf_Applicant.jpeg
nomorrumah-mcf;2025052322024262945244_nomorrumah-mcf_Applicant.jpeg
dalamrumah-mcf;2025052322024262945244_dalamrumah-mcf_Applicant.jpeg
buktipenghasilanusaha-mcf;2025052322024262945244_buktipenghasilanusaha-mcf_Applicant.jpeg
perizinanusaha-mcf;2025052322024262945244_perizinanusaha-mcf_Applicant.jpeg
buktikepemilikanusaha-mcf;2025052322024262945244_buktikepemilikanusaha-mcf_Applicant.jpeg
rangkanomesin-mcf;2025052322024262945244_rangkanomesin-mcf_Applicant.jpeg
rumahjalan-mcf;2025052322015188446478_rumahjalan-mcf_Applicant.jpeg
salaryslip-mcf;2025052322015188446478_salaryslip-mcf_Applicant.jpeg
nomorrumah-mcf;2025052322015188446478_nomorrumah-mcf_Applicant.jpeg
dalamrumah-mcf;2025052322015188446478_dalamrumah-mcf_Applicant.jpeg
pricelist-mcf;2025052322015188446478_pricelist-mcf_Applicant.jpeg
buktipenghasilanusaha-mcf;2025052322015188446478_buktipenghasilanusaha-mcf_Applicant.jpeg
perizinanusaha-mcf;2025052322015188446478_perizinanusaha-mcf_Applicant.jpeg
buktikepemilikanusaha-mcf;2025052322015188446478_buktikepemilikanusaha-mcf_Applicant.jpeg
pbbrekening-mcf;2025052322024262945244_pbbrekening-mcf_Applicant.jpeg
kksuratnikah-mcf;2025052322024262945244_kksuratnikah-mcf_Applicant.jpeg
halamandepanbukutabungan-mcf;2025052322024262945244_halamandepanbukutabungan-mcf_Applicant.jpeg
fpkbelakang-mcf;2025052322024262945244_fpkbelakang-mcf_Applicant.jpeg
fpkdepan-mcf;2025052322024262945244_fpkdepan-mcf_Applicant.jpeg
tempatusahadepan-mcf;2025052322024262945244_tempatusahadepan-mcf_Applicant.jpeg
rumahdepan-mcf;2025052322024262945244_rumahdepan-mcf_Applicant.jpeg
pasanganttdcmo-mcf;2025052322024262945244_pasanganttdcmo-mcf_Applicant.jpeg
nasabahttdcmo-mcf;2025052322024262945244_nasabahttdcmo-mcf_Applicant.jpeg
allobank-mcf;2025052322024262945244_allobank-mcf_Applicant.jpeg
rumahjalan-mcf;2025052322024262945244_rumahjalan-mcf_Applicant.jpeg
pbbrekening-mcf;2025052322025084980220_pbbrekening-mcf_Applicant.jpeg
kksuratnikah-mcf;2025052322025084980220_kksuratnikah-mcf_Applicant.jpeg
halamandepanbukutabungan-mcf;2025052322025084980220_halamandepanbukutabungan-mcf_Applicant.jpeg
fpkbelakang-mcf;2025052322025084980220_fpkbelakang-mcf_Applicant.jpeg
fpkdepan-mcf;2025052322025084980220_fpkdepan-mcf_Applicant.jpeg
tempatusahadepan-mcf;2025052322025084980220_tempatusahadepan-mcf_Applicant.jpeg
rumahdepan-mcf;2025052322025084980220_rumahdepan-mcf_Applicant.jpeg
pasanganttdcmo-mcf;2025052322025084980220_pasanganttdcmo-mcf_Applicant.jpeg
nasabahttdcmo-mcf;2025052322025084980220_nasabahttdcmo-mcf_Applicant.jpeg
allobank-mcf;2025052322025084980220_allobank-mcf_Applicant.jpeg
rumahjalan-mcf;2025052322025084980220_rumahjalan-mcf_Applicant.jpeg
salaryslip-mcf;2025052322025084980220_salaryslip-mcf_Applicant.jpeg
nomorrumah-mcf;2025052322025084980220_nomorrumah-mcf_Applicant.jpeg
dalamrumah-mcf;2025052322025084980220_dalamrumah-mcf_Applicant.jpeg
pricelist-mcf;2025052322025084980220_pricelist-mcf_Applicant.jpeg
pbbrekening-mcf;2025052322024077876983_pbbrekening-mcf_Applicant.jpeg
kksuratnikah-mcf;2025052322024077876983_kksuratnikah-mcf_Applicant.jpeg
halamandepanbukutabungan-mcf;2025052322024077876983_halamandepanbukutabungan-mcf_Applicant.jpeg
fpkbelakang-mcf;2025052322024077876983_fpkbelakang-mcf_Applicant.jpeg
fpkdepan-mcf;2025052322024077876983_fpkdepan-mcf_Applicant.jpeg
tempatusahadepan-mcf;2025052322024077876983_tempatusahadepan-mcf_Applicant.jpeg
nomorrumah-mcf;2025052322024077876983_nomorrumah-mcf_Applicant.jpeg
pasanganttdcmo-mcf;2025052322024077876983_pasanganttdcmo-mcf_Applicant.jpeg
nasabahttdcmo-mcf;2025052322024077876983_nasabahttdcmo-mcf_Applicant.jpeg
allobank-mcf;2025052322024077876983_allobank-mcf_Applicant.jpeg
rumahjalan-mcf;2025052322024077876983_rumahjalan-mcf_Applicant.jpeg
salaryslip-mcf;2025052322024077876983_salaryslip-mcf_Applicant.jpeg
nomorrumah-mcf;2025052322024077876983_nomorrumah-mcf_Applicant.jpeg
dalamrumah-mcf;2025052322024077876983_dalamrumah-mcf_Applicant.jpeg
pricelist-mcf;2025052322024077876983_pricelist-mcf_Applicant.jpeg
fpkdepan-mcf;2025052322021112614569_fpkdepan-mcf_Applicant.jpeg
tempatusahadepan-mcf;2025052322021112614569_tempatusahadepan-mcf_Applicant.jpeg
rumahdepan-mcf;2025052322021112614569_rumahdepan-mcf_Applicant.jpeg
pasanganttdcmo-mcf;2025052322021112614569_pasanganttdcmo-mcf_Applicant.jpeg
nasabahttdcmo-mcf;2025052322021112614569_nasabahttdcmo-mcf_Applicant.jpeg
allobank-mcf;2025052322021112614569_allobank-mcf_Applicant.jpeg
rumahjalan-mcf;2025052322021112614569_rumahjalan-mcf_Applicant.jpeg
salaryslip-mcf;2025052322021112614569_salaryslip-mcf_Applicant.jpeg
nomorrumah-mcf;2025052322021112614569_nomorrumah-mcf_Applicant.jpeg
dalamrumah-mcf;2025052322021112614569_dalamrumah-mcf_Applicant.jpeg
pricelist-mcf;2025052322021112614569_pricelist-mcf_Applicant.jpeg
nomorrumah-mcf;2025052622022303685846_nomorrumah-mcf_Applicant.jpeg
dalamrumah-mcf;2025052622022303685846_dalamrumah-mcf_Applicant.jpeg
pricelist-mcf;2025052622022303685846_pricelist-mcf_Applicant.jpeg
buktipenghasilanusaha-mcf;2025052622022303685846_buktipenghasilanusaha-mcf_Applicant.jpeg
perizinanusaha-mcf;2025052622022303685846_perizinanusaha-mcf_Applicant.jpeg
buktikepemilikanusaha-mcf;2025052622022303685846_buktikepemilikanusaha-mcf_Applicant.jpeg
pasanganttdcmo-mcf;2025052622022204774277_pasanganttdcmo-mcf_Applicant.jpeg
nasabahttdcmo-mcf;2025052622022204774277_nasabahttdcmo-mcf_Applicant.jpeg
allobank-mcf;2025052622022204774277_allobank-mcf_Applicant.jpeg
rumahjalan-mcf;2025052622022204774277_rumahjalan-mcf_Applicant.jpeg
salaryslip-mcf;2025052622022204774277_salaryslip-mcf_Applicant.jpeg
nomorrumah-mcf;2025052622022204774277_nomorrumah-mcf_Applicant.jpeg
dalamrumah-mcf;2025052622022204774277_dalamrumah-mcf_Applicant.jpeg
pricelist-mcf;2025052622022204774277_pricelist-mcf_Applicant.jpeg
buktipenghasilanusaha-mcf;2025052622022204774277_buktipenghasilanusaha-mcf_Applicant.jpeg
perizinanusaha-mcf;2025052622022204774277_perizinanusaha-mcf_Applicant.jpeg
buktikepemilikanusaha-mcf;2025052622022204774277_buktikepemilikanusaha-mcf_Applicant.jpeg
pbbrekening-mcf;2025052622025162342285_pbbrekening-mcf_Applicant.jpeg
kksuratnikah-mcf;2025052622025162342285_kksuratnikah-mcf_Applicant.jpeg
halamandepanbukutabungan-mcf;2025052622025162342285_halamandepanbukutabungan-mcf_Applicant.jpeg
allobank-mcf;2025052722023598369950_allobank-mcf_Applicant.jpeg
halamandepanbukutabungan-mcf;2025052722023598369950_halamandepanbukutabungan-mcf_Applicant.jpeg
fpkdepan-mcf;2025052722023598369950_fpkdepan-mcf_Applicant.jpeg
nomorrumah-mcf;2025052722023598369950_nomorrumah-mcf_Applicant.jpeg
rumahjalan-mcf;2025052722023598369950_rumahjalan-mcf_Applicant.jpeg
fpkbelakang-mcf;2025052722023598369950_fpkbelakang-mcf_Applicant.jpeg
dalamrumah-mcf;2025052722023598369950_dalamrumah-mcf_Applicant.jpeg
tempatusahadepan-mcf;2025052722023598369950_tempatusahadepan-mcf_Applicant.jpeg
pricelist-mcf;2025052722023598369950_pricelist-mcf_Applicant.jpeg
pasanganttdcmo-mcf;2025052722023598369950_pasanganttdcmo-mcf_Applicant.jpeg
nasabahttdcmo-mcf;2025052722023598369950_nasabahttdcmo-mcf_Applicant.jpeg
pbbrekening-mcf;2025052722023186359393_pbbrekening-mcf_Applicant.jpeg
kksuratnikah-mcf;2025052722023186359393_kksuratnikah-mcf_Applicant.jpeg
salaryslip-mcf;2025052722023186359393_salaryslip-mcf_Applicant.jpeg
pbbrekening-mcf;2025052722024241563032_pbbrekening-mcf_Applicant.jpeg
pricelist-mcf;2025052722023186359393_pricelist-mcf_Applicant.jpeg
kksuratnikah-mcf;2025052722024241563032_kksuratnikah-mcf_Applicant.jpeg
buktikepemilikanusaha-mcf;2025052622022613881883_buktikepemilikanusaha-mcf_Applicant.jpeg
pbbrekening-mcf;2025052622021111829665_pbbrekening-mcf_Applicant.jpeg
kksuratnikah-mcf;2025052622021111829665_kksuratnikah-mcf_Applicant.jpeg
halamandepanbukutabungan-mcf;2025052622021111829665_halamandepanbukutabungan-mcf_Applicant.jpeg
fpkbelakang-mcf;2025052622021111829665_fpkbelakang-mcf_Applicant.jpeg
fpkdepan-mcf;2025052622021111829665_fpkdepan-mcf_Applicant.jpeg
tempatusahadepan-mcf;2025052622021111829665_tempatusahadepan-mcf_Applicant.jpeg
rumahdepan-mcf;2025052622021111829665_rumahdepan-mcf_Applicant.jpeg
pasanganttdcmo-mcf;2025052622021111829665_pasanganttdcmo-mcf_Applicant.jpeg
nasabahttdcmo-mcf;2025052622021111829665_nasabahttdcmo-mcf_Applicant.jpeg
allobank-mcf;2025052622021111829665_allobank-mcf_Applicant.jpeg
rumahjalan-mcf;2025052622021111829665_rumahjalan-mcf_Applicant.jpeg
salaryslip-mcf;2025052622021111829665_salaryslip-mcf_Applicant.jpeg
nomorrumah-mcf;2025052622021111829665_nomorrumah-mcf_Applicant.jpeg
dalamrumah-mcf;2025052622021111829665_dalamrumah-mcf_Applicant.jpeg
pricelist-mcf;2025052622021111829665_pricelist-mcf_Applicant.jpeg
pbbrekening-mcf;2025052622022543745776_pbbrekening-mcf_Applicant.jpeg
kksuratnikah-mcf;2025052622022543745776_kksuratnikah-mcf_Applicant.jpeg
halamandepanbukutabungan-mcf;2025052622022543745776_halamandepanbukutabungan-mcf_Applicant.jpeg
fpkbelakang-mcf;2025052622022543745776_fpkbelakang-mcf_Applicant.jpeg
fpkdepan-mcf;2025052622022543745776_fpkdepan-mcf_Applicant.jpeg
tempatusahadepan-mcf;2025052622022543745776_tempatusahadepan-mcf_Applicant.jpeg
rumahdepan-mcf;2025052622022543745776_rumahdepan-mcf_Applicant.jpeg
pasanganttdcmo-mcf;2025052622022543745776_pasanganttdcmo-mcf_Applicant.jpeg
nasabahttdcmo-mcf;2025052622022543745776_nasabahttdcmo-mcf_Applicant.jpeg
allobank-mcf;2025052622022543745776_allobank-mcf_Applicant.jpeg
rumahjalan-mcf;2025052622022543745776_rumahjalan-mcf_Applicant.jpeg
salaryslip-mcf;2025052622022543745776_salaryslip-mcf_Applicant.jpeg
nomorrumah-mcf;2025052622022543745776_nomorrumah-mcf_Applicant.jpeg
dalamrumah-mcf;2025052622022543745776_dalamrumah-mcf_Applicant.jpeg
pricelist-mcf;2025052622022543745776_pricelist-mcf_Applicant.jpeg
pbbrekening-mcf;2025052522021383496323_pbbrekening-mcf_Applicant.jpeg
kksuratnikah-mcf;2025052522021383496323_kksuratnikah-mcf_Applicant.jpeg
halamandepanbukutabungan-mcf;2025052522021383496323_halamandepanbukutabungan-mcf_Applicant.jpeg
fpkbelakang-mcf;2025052522021383496323_fpkbelakang-mcf_Applicant.jpeg
fpkdepan-mcf;2025052522021383496323_fpkdepan-mcf_Applicant.jpeg
pbbrekening-mcf;2025052622022613881883_pbbrekening-mcf_Applicant.jpeg
kksuratnikah-mcf;2025052622022613881883_kksuratnikah-mcf_Applicant.jpeg
halamandepanbukutabungan-mcf;2025052622022613881883_halamandepanbukutabungan-mcf_Applicant.jpeg
fpkbelakang-mcf;2025052622022613881883_fpkbelakang-mcf_Applicant.jpeg
fpkdepan-mcf;2025052622022613881883_fpkdepan-mcf_Applicant.jpeg
tempatusahadepan-mcf;2025052622022613881883_tempatusahadepan-mcf_Applicant.jpeg
rumahdepan-mcf;2025052622022613881883_rumahdepan-mcf_Applicant.jpeg
pasanganttdcmo-mcf;2025052622022613881883_pasanganttdcmo-mcf_Applicant.jpeg
nasabahttdcmo-mcf;2025052622022613881883_nasabahttdcmo-mcf_Applicant.jpeg
allobank-mcf;2025052622022613881883_allobank-mcf_Applicant.jpeg
rumahjalan-mcf;2025052622022613881883_rumahjalan-mcf_Applicant.jpeg
salaryslip-mcf;2025052622022613881883_salaryslip-mcf_Applicant.jpeg
nomorrumah-mcf;2025052622022613881883_nomorrumah-mcf_Applicant.jpeg
dalamrumah-mcf;2025052622022613881883_dalamrumah-mcf_Applicant.jpeg
pricelist-mcf;2025052622022613881883_pricelist-mcf_Applicant.jpeg
buktipenghasilanusaha-mcf;2025052622022613881883_buktipenghasilanusaha-mcf_Applicant.jpeg
perizinanusaha-mcf;2025052622022613881883_perizinanusaha-mcf_Applicant.jpeg
tempatusahadepan-mcf;2025052522021383496323_tempatusahadepan-mcf_Applicant.jpeg
rumahdepan-mcf;2025052522021383496323_rumahdepan-mcf_Applicant.jpeg
pasanganttdcmo-mcf;2025052522021383496323_pasanganttdcmo-mcf_Applicant.jpeg
nasabahttdcmo-mcf;2025052522021383496323_nasabahttdcmo-mcf_Applicant.jpeg
allobank-mcf;2025052522021383496323_allobank-mcf_Applicant.jpeg
rumahjalan-mcf;2025052522021383496323_rumahjalan-mcf_Applicant.jpeg
salaryslip-mcf;2025052522021383496323_salaryslip-mcf_Applicant.jpeg
nomorrumah-mcf;2025052522021383496323_nomorrumah-mcf_Applicant.jpeg
dalamrumah-mcf;2025052522021383496323_dalamrumah-mcf_Applicant.jpeg
pricelist-mcf;2025052522021383496323_pricelist-mcf_Applicant.jpeg
buktipenghasilanusaha-mcf;2025052522021383496323_buktipenghasilanusaha-mcf_Applicant.jpeg
perizinanusaha-mcf;2025052522021383496323_perizinanusaha-mcf_Applicant.jpeg
buktikepemilikanusaha-mcf;2025052522021383496323_buktikepemilikanusaha-mcf_Applicant.jpeg
pbbrekening-mcf;2025052522021178738018_pbbrekening-mcf_Applicant.jpeg
kksuratnikah-mcf;2025052522021178738018_kksuratnikah-mcf_Applicant.jpeg
pbbrekening-mcf;2025052522022275655310_pbbrekening-mcf_Applicant.jpeg
kksuratnikah-mcf;2025052522022275655310_kksuratnikah-mcf_Applicant.jpeg
halamandepanbukutabungan-mcf;2025052522022275655310_halamandepanbukutabungan-mcf_Applicant.jpeg
fpkbelakang-mcf;2025052522022275655310_fpkbelakang-mcf_Applicant.jpeg
fpkdepan-mcf;2025052522022275655310_fpkdepan-mcf_Applicant.jpeg
tempatusahadepan-mcf;2025052522022275655310_tempatusahadepan-mcf_Applicant.jpeg
rumahdepan-mcf;2025052522022275655310_rumahdepan-mcf_Applicant.jpeg
pasanganttdcmo-mcf;2025052522022275655310_pasanganttdcmo-mcf_Applicant.jpeg
nasabahttdcmo-mcf;2025052522022275655310_nasabahttdcmo-mcf_Applicant.jpeg
allobank-mcf;2025052522022275655310_allobank-mcf_Applicant.jpeg
rumahjalan-mcf;2025052522022275655310_rumahjalan-mcf_Applicant.jpeg
salaryslip-mcf;2025052522022275655310_salaryslip-mcf_Applicant.jpeg
nomorrumah-mcf;2025052522022275655310_nomorrumah-mcf_Applicant.jpeg
dalamrumah-mcf;2025052522022275655310_dalamrumah-mcf_Applicant.jpeg
pricelist-mcf;2025052522022275655310_pricelist-mcf_Applicant.jpeg
rumahjalan-mcf;2025052522023253949156_rumahjalan-mcf_Applicant.jpeg
salaryslip-mcf;2025052522023253949156_salaryslip-mcf_Applicant.jpeg
nomorrumah-mcf;2025052522023253949156_nomorrumah-mcf_Applicant.jpeg
dalamrumah-mcf;2025052522023253949156_dalamrumah-mcf_Applicant.jpeg
pricelist-mcf;2025052522023253949156_pricelist-mcf_Applicant.jpeg
pbbrekening-mcf;2025052522023253949156_pbbrekening-mcf_Applicant.jpeg
kksuratnikah-mcf;2025052522023253949156_kksuratnikah-mcf_Applicant.jpeg
halamandepanbukutabungan-mcf;2025052522023253949156_halamandepanbukutabungan-mcf_Applicant.jpeg
fpkbelakang-mcf;2025052522023253949156_fpkbelakang-mcf_Applicant.jpeg
fpkdepan-mcf;2025052522023253949156_fpkdepan-mcf_Applicant.jpeg
tempatusahadepan-mcf;2025052522023253949156_tempatusahadepan-mcf_Applicant.jpeg
rumahdepan-mcf;2025052522023253949156_rumahdepan-mcf_Applicant.jpeg
pasanganttdcmo-mcf;2025052522023253949156_pasanganttdcmo-mcf_Applicant.jpeg
nasabahttdcmo-mcf;2025052522023253949156_nasabahttdcmo-mcf_Applicant.jpeg
allobank-mcf;2025052522023253949156_allobank-mcf_Applicant.jpeg
pbbrekening-mcf;2025052522024005825877_pbbrekening-mcf_Applicant.jpeg
kksuratnikah-mcf;2025052522024005825877_kksuratnikah-mcf_Applicant.jpeg
halamandepanbukutabungan-mcf;2025052522024005825877_halamandepanbukutabungan-mcf_Applicant.jpeg
fpkbelakang-mcf;2025052522024005825877_fpkbelakang-mcf_Applicant.jpeg
fpkdepan-mcf;2025052522024005825877_fpkdepan-mcf_Applicant.jpeg
tempatusahadepan-mcf;2025052522024005825877_tempatusahadepan-mcf_Applicant.jpeg
rumahdepan-mcf;2025052522024005825877_rumahdepan-mcf_Applicant.jpeg
pasanganttdcmo-mcf;2025052522024005825877_pasanganttdcmo-mcf_Applicant.jpeg
nasabahttdcmo-mcf;2025052522024005825877_nasabahttdcmo-mcf_Applicant.jpeg
allobank-mcf;2025052522024005825877_allobank-mcf_Applicant.jpeg
rumahjalan-mcf;2025052522024005825877_rumahjalan-mcf_Applicant.jpeg
salaryslip-mcf;2025052522024005825877_salaryslip-mcf_Applicant.jpeg
nomorrumah-mcf;2025052522024005825877_nomorrumah-mcf_Applicant.jpeg
dalamrumah-mcf;2025052522024005825877_dalamrumah-mcf_Applicant.jpeg
pricelist-mcf;2025052522024005825877_pricelist-mcf_Applicant.jpeg
pbbrekening-mcf;2025052622024121940120_pbbrekening-mcf_Applicant.jpeg
kksuratnikah-mcf;2025052622024121940120_kksuratnikah-mcf_Applicant.jpeg
halamandepanbukutabungan-mcf;2025052622024121940120_halamandepanbukutabungan-mcf_Applicant.jpeg
fpkbelakang-mcf;2025052622024121940120_fpkbelakang-mcf_Applicant.jpeg
fpkdepan-mcf;2025052622024121940120_fpkdepan-mcf_Applicant.jpeg
tempatusahadepan-mcf;2025052622024121940120_tempatusahadepan-mcf_Applicant.jpeg
rumahdepan-mcf;2025052622024121940120_rumahdepan-mcf_Applicant.jpeg
pasanganttdcmo-mcf;2025052622024121940120_pasanganttdcmo-mcf_Applicant.jpeg
nasabahttdcmo-mcf;2025052622024121940120_nasabahttdcmo-mcf_Applicant.jpeg
allobank-mcf;2025052622024121940120_allobank-mcf_Applicant.jpeg
rumahjalan-mcf;2025052622024121940120_rumahjalan-mcf_Applicant.jpeg
salaryslip-mcf;2025052622024121940120_salaryslip-mcf_Applicant.jpeg
nomorrumah-mcf;2025052622024121940120_nomorrumah-mcf_Applicant.jpeg
dalamrumah-mcf;2025052622024121940120_dalamrumah-mcf_Applicant.jpeg
pricelist-mcf;2025052622024121940120_pricelist-mcf_Applicant.jpeg
pbbrekening-mcf;2025052522021111869894_pbbrekening-mcf_Applicant.jpeg
pbbrekening-mcf;2025052322015343936668_pbbrekening-mcf_Applicant.jpeg
kksuratnikah-mcf;2025052322015343936668_kksuratnikah-mcf_Applicant.jpeg
halamandepanbukutabungan-mcf;2025052322015343936668_halamandepanbukutabungan-mcf_Applicant.jpeg
fpkbelakang-mcf;2025052322015343936668_fpkbelakang-mcf_Applicant.jpeg
fpkdepan-mcf;2025052322015343936668_fpkdepan-mcf_Applicant.jpeg
pbbrekening-mcf;2025052522022204761087_pbbrekening-mcf_Applicant.jpeg
kksuratnikah-mcf;2025052522022204761087_kksuratnikah-mcf_Applicant.jpeg
halamandepanbukutabungan-mcf;2025052522022204761087_halamandepanbukutabungan-mcf_Applicant.jpeg
fpkbelakang-mcf;2025052522022204761087_fpkbelakang-mcf_Applicant.jpeg
fpkdepan-mcf;2025052522022204761087_fpkdepan-mcf_Applicant.jpeg
tempatusahadepan-mcf;2025052522022204761087_tempatusahadepan-mcf_Applicant.jpeg
rumahdepan-mcf;2025052522022204761087_rumahdepan-mcf_Applicant.jpeg
pasanganttdcmo-mcf;2025052522022204761087_pasanganttdcmo-mcf_Applicant.jpeg
nasabahttdcmo-mcf;2025052522022204761087_nasabahttdcmo-mcf_Applicant.jpeg
allobank-mcf;2025052522022204761087_allobank-mcf_Applicant.jpeg
rumahjalan-mcf;2025052522022204761087_rumahjalan-mcf_Applicant.jpeg
salaryslip-mcf;2025052522022204761087_salaryslip-mcf_Applicant.jpeg
nomorrumah-mcf;2025052522022204761087_nomorrumah-mcf_Applicant.jpeg
dalamrumah-mcf;2025052522022204761087_dalamrumah-mcf_Applicant.jpeg
pricelist-mcf;2025052522022204761087_pricelist-mcf_Applicant.jpeg
kksuratnikah-mcf;2025052522021111869894_kksuratnikah-mcf_Applicant.jpeg
halamandepanbukutabungan-mcf;2025052522021111869894_halamandepanbukutabungan-mcf_Applicant.jpeg
fpkbelakang-mcf;2025052522021111869894_fpkbelakang-mcf_Applicant.jpeg
fpkdepan-mcf;2025052522021111869894_fpkdepan-mcf_Applicant.jpeg
tempatusahadepan-mcf;2025052522021111869894_tempatusahadepan-mcf_Applicant.jpeg
rumahdepan-mcf;2025052522021111869894_rumahdepan-mcf_Applicant.jpeg
pasanganttdcmo-mcf;2025052522021111869894_pasanganttdcmo-mcf_Applicant.jpeg
nasabahttdcmo-mcf;2025052522021111869894_nasabahttdcmo-mcf_Applicant.jpeg
allobank-mcf;2025052522021111869894_allobank-mcf_Applicant.jpeg
rumahjalan-mcf;2025052522021111869894_rumahjalan-mcf_Applicant.jpeg
salaryslip-mcf;2025052522021111869894_salaryslip-mcf_Applicant.jpeg
nomorrumah-mcf;2025052522021111869894_nomorrumah-mcf_Applicant.jpeg
dalamrumah-mcf;2025052522021111869894_dalamrumah-mcf_Applicant.jpeg
pricelist-mcf;2025052522021111869894_pricelist-mcf_Applicant.jpeg
buktipenghasilanusaha-mcf;2025052522021111869894_buktipenghasilanusaha-mcf_Applicant.jpeg
perizinanusaha-mcf;2025052522021111869894_perizinanusaha-mcf_Applicant.jpeg
buktikepemilikanusaha-mcf;2025052522021111869894_buktikepemilikanusaha-mcf_Applicant.jpeg
pbbrekening-mcf;2025052622021112627450_pbbrekening-mcf_Applicant.jpeg
kksuratnikah-mcf;2025052622021112627450_kksuratnikah-mcf_Applicant.jpeg
halamandepanbukutabungan-mcf;2025052622021112627450_halamandepanbukutabungan-mcf_Applicant.jpeg
fpkbelakang-mcf;2025052622021112627450_fpkbelakang-mcf_Applicant.jpeg
fpkdepan-mcf;2025052622021112627450_fpkdepan-mcf_Applicant.jpeg
rumahdepan-mcf;2025052622023365186215_rumahdepan-mcf_Applicant.jpeg
pasanganttdcmo-mcf;2025052622023365186215_pasanganttdcmo-mcf_Applicant.jpeg
nasabahttdcmo-mcf;2025052622023365186215_nasabahttdcmo-mcf_Applicant.jpeg
allobank-mcf;2025052622023365186215_allobank-mcf_Applicant.jpeg
rumahjalan-mcf;2025052622023365186215_rumahjalan-mcf_Applicant.jpeg
salaryslip-mcf;2025052622023365186215_salaryslip-mcf_Applicant.jpeg
nomorrumah-mcf;2025052622023365186215_nomorrumah-mcf_Applicant.jpeg
dalamrumah-mcf;2025052622023365186215_dalamrumah-mcf_Applicant.jpeg
pricelist-mcf;2025052622023365186215_pricelist-mcf_Applicant.jpeg
pbbrekening-mcf;2025052522022612777993_pbbrekening-mcf_Applicant.jpeg
kksuratnikah-mcf;2025052522022612777993_kksuratnikah-mcf_Applicant.jpeg
halamandepanbukutabungan-mcf;2025052522022612777993_halamandepanbukutabungan-mcf_Applicant.jpeg
dalamrumah-mcf;2025052522022612777993_dalamrumah-mcf_Applicant.jpeg
buktipenghasilanusaha-mcf;2025052522022612777993_buktipenghasilanusaha-mcf_Applicant.jpeg
perizinanusaha-mcf;2025052522022612777993_perizinanusaha-mcf_Applicant.jpeg
buktikepemilikanusaha-mcf;2025052522022612777993_buktikepemilikanusaha-mcf_Applicant.jpeg
rangkanomesin-mcf;2025052522022612777993_rangkanomesin-mcf_Applicant.jpeg
pbbrekening-mcf;2025052622021281898884_pbbrekening-mcf_Applicant.jpeg
kksuratnikah-mcf;2025052622021281898884_kksuratnikah-mcf_Applicant.jpeg
halamandepanbukutabungan-mcf;2025052622021281898884_halamandepanbukutabungan-mcf_Applicant.jpeg
fpkbelakang-mcf;2025052622021281898884_fpkbelakang-mcf_Applicant.jpeg
fpkdepan-mcf;2025052622021281898884_fpkdepan-mcf_Applicant.jpeg
tempatusahadepan-mcf;2025052622021281898884_tempatusahadepan-mcf_Applicant.jpeg
rumahdepan-mcf;2025052622021281898884_rumahdepan-mcf_Applicant.jpeg
fpkdepan-mcf;2025052522022275695899_fpkdepan-mcf_Applicant.jpeg
tempatusahadepan-mcf;2025052522022275695899_tempatusahadepan-mcf_Applicant.jpeg
rumahdepan-mcf;2025052522022275695899_rumahdepan-mcf_Applicant.jpeg
pasanganttdcmo-mcf;2025052522022275695899_pasanganttdcmo-mcf_Applicant.jpeg
nasabahttdcmo-mcf;2025052522022275695899_nasabahttdcmo-mcf_Applicant.jpeg
allobank-mcf;2025052522022275695899_allobank-mcf_Applicant.jpeg
rumahjalan-mcf;2025052522022275695899_rumahjalan-mcf_Applicant.jpeg
salaryslip-mcf;2025052522022275695899_salaryslip-mcf_Applicant.jpeg
nomorrumah-mcf;2025052522022275695899_nomorrumah-mcf_Applicant.jpeg
dalamrumah-mcf;2025052522022275695899_dalamrumah-mcf_Applicant.jpeg
pricelist-mcf;2025052522022275695899_pricelist-mcf_Applicant.jpeg
pbbrekening-mcf;2025052322021281885128_pbbrekening-mcf_Applicant.jpeg
kksuratnikah-mcf;2025052322021281885128_kksuratnikah-mcf_Applicant.jpeg
halamandepanbukutabungan-mcf;2025052322021281885128_halamandepanbukutabungan-mcf_Applicant.jpeg
fpkbelakang-mcf;2025052322021281885128_fpkbelakang-mcf_Applicant.jpeg
fpkdepan-mcf;2025052322021281885128_fpkdepan-mcf_Applicant.jpeg
tempatusahadepan-mcf;2025052322021281885128_tempatusahadepan-mcf_Applicant.jpeg
rumahdepan-mcf;2025052322021281885128_rumahdepan-mcf_Applicant.jpeg
pasanganttdcmo-mcf;2025052322021281885128_pasanganttdcmo-mcf_Applicant.jpeg
nasabahttdcmo-mcf;2025052322021281885128_nasabahttdcmo-mcf_Applicant.jpeg
allobank-mcf;2025052322021281885128_allobank-mcf_Applicant.jpeg
rumahjalan-mcf;2025052322021281885128_rumahjalan-mcf_Applicant.jpeg
salaryslip-mcf;2025052322021281885128_salaryslip-mcf_Applicant.jpeg
nomorrumah-mcf;2025052322021281885128_nomorrumah-mcf_Applicant.jpeg
dalamrumah-mcf;2025052322021281885128_dalamrumah-mcf_Applicant.jpeg
pricelist-mcf;2025052322021281885128_pricelist-mcf_Applicant.jpeg
buktipenghasilanusaha-mcf;2025052322021281885128_buktipenghasilanusaha-mcf_Applicant.jpeg
perizinanusaha-mcf;2025052322021281885128_perizinanusaha-mcf_Applicant.jpeg
buktikepemilikanusaha-mcf;2025052322021281885128_buktikepemilikanusaha-mcf_Applicant.jpeg
pbbrekening-mcf;2025052622024121990576_pbbrekening-mcf_Applicant.jpeg
pbbrekening-mcf;2025052622024250436303_pbbrekening-mcf_Applicant.jpeg
kksuratnikah-mcf;2025052622024250436303_kksuratnikah-mcf_Applicant.jpeg
halamandepanbukutabungan-mcf;2025052622024250436303_halamandepanbukutabungan-mcf_Applicant.jpeg
fpkbelakang-mcf;2025052622024250436303_fpkbelakang-mcf_Applicant.jpeg
fpkdepan-mcf;2025052622024250436303_fpkdepan-mcf_Applicant.jpeg
tempatusahadepan-mcf;2025052622024250436303_tempatusahadepan-mcf_Applicant.jpeg
rumahdepan-mcf;2025052622024250436303_rumahdepan-mcf_Applicant.jpeg
pasanganttdcmo-mcf;2025052622024250436303_pasanganttdcmo-mcf_Applicant.jpeg
nasabahttdcmo-mcf;2025052622024250436303_nasabahttdcmo-mcf_Applicant.jpeg
allobank-mcf;2025052622024250436303_allobank-mcf_Applicant.jpeg
rumahjalan-mcf;2025052622024250436303_rumahjalan-mcf_Applicant.jpeg
bpkbdepan-mcf;2025052622024250436303_bpkbdepan-mcf_Applicant.jpeg
bpkbbelakang-mcf;2025052622024250436303_bpkbbelakang-mcf_Applicant.jpeg
stnkpajak-mcf;2025052622024250436303_stnkpajak-mcf_Applicant.jpeg
unitdepankanan-mcf;2025052622024250436303_unitdepankanan-mcf_Applicant.jpeg
unitdepankiri-mcf;2025052622024250436303_unitdepankiri-mcf_Applicant.jpeg
salaryslip-mcf;2025052622024250436303_salaryslip-mcf_Applicant.jpeg
nomorrumah-mcf;2025052622024250436303_nomorrumah-mcf_Applicant.jpeg
dalamrumah-mcf;2025052622024250436303_dalamrumah-mcf_Applicant.jpeg
rangkanomesin-mcf;2025052622024250436303_rangkanomesin-mcf_Applicant.jpeg
fpkbelakang-mcf;2025052522022612777993_fpkbelakang-mcf_Applicant.jpeg
fpkdepan-mcf;2025052522022612777993_fpkdepan-mcf_Applicant.jpeg
tempatusahadepan-mcf;2025052522022612777993_tempatusahadepan-mcf_Applicant.jpeg
rumahdepan-mcf;2025052522022612777993_rumahdepan-mcf_Applicant.jpeg
pasanganttdcmo-mcf;2025052522022612777993_pasanganttdcmo-mcf_Applicant.jpeg
nasabahttdcmo-mcf;2025052522022612777993_nasabahttdcmo-mcf_Applicant.jpeg
allobank-mcf;2025052522022612777993_allobank-mcf_Applicant.jpeg
rumahjalan-mcf;2025052522022612777993_rumahjalan-mcf_Applicant.jpeg
bpkbdepan-mcf;2025052522022612777993_bpkbdepan-mcf_Applicant.jpeg
bpkbbelakang-mcf;2025052522022612777993_bpkbbelakang-mcf_Applicant.jpeg
stnkpajak-mcf;2025052522022612777993_stnkpajak-mcf_Applicant.jpeg
unitdepankanan-mcf;2025052522022612777993_unitdepankanan-mcf_Applicant.jpeg
unitdepankiri-mcf;2025052522022612777993_unitdepankiri-mcf_Applicant.jpeg
salaryslip-mcf;2025052522022612777993_salaryslip-mcf_Applicant.jpeg
nomorrumah-mcf;2025052522022612777993_nomorrumah-mcf_Applicant.jpeg
kksuratnikah-mcf;2025052622024121990576_kksuratnikah-mcf_Applicant.jpeg
halamandepanbukutabungan-mcf;2025052622024121990576_halamandepanbukutabungan-mcf_Applicant.jpeg
fpkbelakang-mcf;2025052622024121990576_fpkbelakang-mcf_Applicant.jpeg
fpkdepan-mcf;2025052622024121990576_fpkdepan-mcf_Applicant.jpeg
tempatusahadepan-mcf;2025052622024121990576_tempatusahadepan-mcf_Applicant.jpeg
rumahdepan-mcf;2025052622024121990576_rumahdepan-mcf_Applicant.jpeg
pasanganttdcmo-mcf;2025052622024121990576_pasanganttdcmo-mcf_Applicant.jpeg
nasabahttdcmo-mcf;2025052622024121990576_nasabahttdcmo-mcf_Applicant.jpeg
allobank-mcf;2025052622024121990576_allobank-mcf_Applicant.jpeg
rumahjalan-mcf;2025052622024121990576_rumahjalan-mcf_Applicant.jpeg
salaryslip-mcf;2025052622024121990576_salaryslip-mcf_Applicant.jpeg
nomorrumah-mcf;2025052622024121990576_nomorrumah-mcf_Applicant.jpeg
dalamrumah-mcf;2025052622024121990576_dalamrumah-mcf_Applicant.jpeg
pricelist-mcf;2025052622024121990576_pricelist-mcf_Applicant.jpeg
buktipenghasilanusaha-mcf;2025052622024121990576_buktipenghasilanusaha-mcf_Applicant.jpeg
perizinanusaha-mcf;2025052622024121990576_perizinanusaha-mcf_Applicant.jpeg
buktikepemilikanusaha-mcf;2025052622024121990576_buktikepemilikanusaha-mcf_Applicant.jpeg
pbbrekening-mcf;2025052622023018199594_pbbrekening-mcf_Applicant.jpeg
kksuratnikah-mcf;2025052622023018199594_kksuratnikah-mcf_Applicant.jpeg
halamandepanbukutabungan-mcf;2025052622023018199594_halamandepanbukutabungan-mcf_Applicant.jpeg
perizinanusaha-mcf;2025052522024272160850_perizinanusaha-mcf_Applicant.jpeg
buktikepemilikanusaha-mcf;2025052522024272160850_buktikepemilikanusaha-mcf_Applicant.jpeg
pbbrekening-mcf;2025052222024212019195_pbbrekening-mcf_Applicant.jpeg
kksuratnikah-mcf;2025052222024212019195_kksuratnikah-mcf_Applicant.jpeg
halamandepanbukutabungan-mcf;2025052222024212019195_halamandepanbukutabungan-mcf_Applicant.jpeg
fpkbelakang-mcf;2025052222024212019195_fpkbelakang-mcf_Applicant.jpeg
fpkdepan-mcf;2025052222024212019195_fpkdepan-mcf_Applicant.jpeg
tempatusahadepan-mcf;2025052222024212019195_tempatusahadepan-mcf_Applicant.jpeg
rumahdepan-mcf;2025052222024212019195_rumahdepan-mcf_Applicant.jpeg
pasanganttdcmo-mcf;2025052222024212019195_pasanganttdcmo-mcf_Applicant.jpeg
nasabahttdcmo-mcf;2025052222024212019195_nasabahttdcmo-mcf_Applicant.jpeg
allobank-mcf;2025052222024212019195_allobank-mcf_Applicant.jpeg
rumahjalan-mcf;2025052222024212019195_rumahjalan-mcf_Applicant.jpeg
salaryslip-mcf;2025052222024212019195_salaryslip-mcf_Applicant.jpeg
nomorrumah-mcf;2025052222024212019195_nomorrumah-mcf_Applicant.jpeg
dalamrumah-mcf;2025052222024212019195_dalamrumah-mcf_Applicant.jpeg
pricelist-mcf;2025052222024212019195_pricelist-mcf_Applicant.jpeg
buktipenghasilanusaha-mcf;2025052222024212019195_buktipenghasilanusaha-mcf_Applicant.jpeg
perizinanusaha-mcf;2025052222024212019195_perizinanusaha-mcf_Applicant.jpeg
pbbrekening-mcf;2025052522024272160850_pbbrekening-mcf_Applicant.jpeg
kksuratnikah-mcf;2025052522024272160850_kksuratnikah-mcf_Applicant.jpeg
halamandepanbukutabungan-mcf;2025052522024272160850_halamandepanbukutabungan-mcf_Applicant.jpeg
fpkbelakang-mcf;2025052522024272160850_fpkbelakang-mcf_Applicant.jpeg
fpkdepan-mcf;2025052522024272160850_fpkdepan-mcf_Applicant.jpeg
tempatusahadepan-mcf;2025052522024272160850_tempatusahadepan-mcf_Applicant.jpeg
rumahdepan-mcf;2025052522024272160850_rumahdepan-mcf_Applicant.jpeg
pasanganttdcmo-mcf;2025052522024272160850_pasanganttdcmo-mcf_Applicant.jpeg
nasabahttdcmo-mcf;2025052522024272160850_nasabahttdcmo-mcf_Applicant.jpeg
allobank-mcf;2025052522024272160850_allobank-mcf_Applicant.jpeg
rumahjalan-mcf;2025052522024272160850_rumahjalan-mcf_Applicant.jpeg
salaryslip-mcf;2025052522024272160850_salaryslip-mcf_Applicant.jpeg
nomorrumah-mcf;2025052522024272160850_nomorrumah-mcf_Applicant.jpeg
dalamrumah-mcf;2025052522024272160850_dalamrumah-mcf_Applicant.jpeg
pricelist-mcf;2025052522024272160850_pricelist-mcf_Applicant.jpeg
buktipenghasilanusaha-mcf;2025052522024272160850_buktipenghasilanusaha-mcf_Applicant.jpeg
kksuratnikah-mcf;2025051922024490835254_kksuratnikah-mcf_Applicant.jpeg
halamandepanbukutabungan-mcf;2025051922024490835254_halamandepanbukutabungan-mcf_Applicant.jpeg
fpkbelakang-mcf;2025051922024490835254_fpkbelakang-mcf_Applicant.jpeg
fpkdepan-mcf;2025051922024490835254_fpkdepan-mcf_Applicant.jpeg
tempatusahadepan-mcf;2025051922024490835254_tempatusahadepan-mcf_Applicant.jpeg
rumahdepan-mcf;2025051922024490835254_rumahdepan-mcf_Applicant.jpeg
pasanganttdcmo-mcf;2025051922024490835254_pasanganttdcmo-mcf_Applicant.jpeg
nasabahttdcmo-mcf;2025051922024490835254_nasabahttdcmo-mcf_Applicant.jpeg
allobank-mcf;2025051922024490835254_allobank-mcf_Applicant.jpeg
rumahjalan-mcf;2025051922024490835254_rumahjalan-mcf_Applicant.jpeg
salaryslip-mcf;2025051922024490835254_salaryslip-mcf_Applicant.jpeg
nomorrumah-mcf;2025051922024490835254_nomorrumah-mcf_Applicant.jpeg
dalamrumah-mcf;2025051922024490835254_dalamrumah-mcf_Applicant.jpeg
pricelist-mcf;2025051922024490835254_pricelist-mcf_Applicant.jpeg
pbbrekening-mcf;2025051722025007525913_pbbrekening-mcf_Applicant.jpeg
kksuratnikah-mcf;2025051722025007525913_kksuratnikah-mcf_Applicant.jpeg
halamandepanbukutabungan-mcf;2025051722025007525913_halamandepanbukutabungan-mcf_Applicant.jpeg
buktikepemilikanusaha-mcf;2025052222024212019195_buktikepemilikanusaha-mcf_Applicant.jpeg
pbbrekening-mcf;2025052622022698016508_pbbrekening-mcf_Applicant.jpeg
kksuratnikah-mcf;2025052622022698016508_kksuratnikah-mcf_Applicant.jpeg
halamandepanbukutabungan-mcf;2025052622022698016508_halamandepanbukutabungan-mcf_Applicant.jpeg
fpkbelakang-mcf;2025052622022698016508_fpkbelakang-mcf_Applicant.jpeg
fpkdepan-mcf;2025052622022698016508_fpkdepan-mcf_Applicant.jpeg
tempatusahadepan-mcf;2025052622022698016508_tempatusahadepan-mcf_Applicant.jpeg
rumahdepan-mcf;2025052622022698016508_rumahdepan-mcf_Applicant.jpeg
pasanganttdcmo-mcf;2025052622022698016508_pasanganttdcmo-mcf_Applicant.jpeg
nasabahttdcmo-mcf;2025052622022698016508_nasabahttdcmo-mcf_Applicant.jpeg
allobank-mcf;2025052622022698016508_allobank-mcf_Applicant.jpeg
rumahjalan-mcf;2025052622022698016508_rumahjalan-mcf_Applicant.jpeg
salaryslip-mcf;2025052622022698016508_salaryslip-mcf_Applicant.jpeg
nomorrumah-mcf;2025052622022698016508_nomorrumah-mcf_Applicant.jpeg
dalamrumah-mcf;2025052622022698016508_dalamrumah-mcf_Applicant.jpeg
pbbrekening-mcf;2025052622024200862646_pbbrekening-mcf_Applicant.jpeg
kksuratnikah-mcf;2025052622024200862646_kksuratnikah-mcf_Applicant.jpeg
halamandepanbukutabungan-mcf;2025052622024200862646_halamandepanbukutabungan-mcf_Applicant.jpeg
fpkbelakang-mcf;2025052622024200862646_fpkbelakang-mcf_Applicant.jpeg
fpkdepan-mcf;2025052622024200862646_fpkdepan-mcf_Applicant.jpeg
tempatusahadepan-mcf;2025052622024200862646_tempatusahadepan-mcf_Applicant.jpeg
rumahdepan-mcf;2025052622024200862646_rumahdepan-mcf_Applicant.jpeg
pasanganttdcmo-mcf;2025052622024200862646_pasanganttdcmo-mcf_Applicant.jpeg
nasabahttdcmo-mcf;2025052622024200862646_nasabahttdcmo-mcf_Applicant.jpeg
allobank-mcf;2025052622024200862646_allobank-mcf_Applicant.jpeg
rumahjalan-mcf;2025052622024200862646_rumahjalan-mcf_Applicant.jpeg
salaryslip-mcf;2025052622024200862646_salaryslip-mcf_Applicant.jpeg
pbbrekening-mcf;2025052622024219023469_pbbrekening-mcf_Applicant.jpeg
kksuratnikah-mcf;2025052622024219023469_kksuratnikah-mcf_Applicant.jpeg
pbbrekening-mcf;2025052622025103892178_pbbrekening-mcf_Applicant.jpeg
kksuratnikah-mcf;2025052622025103892178_kksuratnikah-mcf_Applicant.jpeg
halamandepanbukutabungan-mcf;2025052622025103892178_halamandepanbukutabungan-mcf_Applicant.jpeg
fpkbelakang-mcf;2025052622025103892178_fpkbelakang-mcf_Applicant.jpeg
fpkdepan-mcf;2025052622025103892178_fpkdepan-mcf_Applicant.jpeg
tempatusahadepan-mcf;2025052622025103892178_tempatusahadepan-mcf_Applicant.jpeg
rumahdepan-mcf;2025052622025103892178_rumahdepan-mcf_Applicant.jpeg
pasanganttdcmo-mcf;2025052622025103892178_pasanganttdcmo-mcf_Applicant.jpeg
nasabahttdcmo-mcf;2025052622025103892178_nasabahttdcmo-mcf_Applicant.jpeg
allobank-mcf;2025052622025103892178_allobank-mcf_Applicant.jpeg
rumahjalan-mcf;2025052622025103892178_rumahjalan-mcf_Applicant.jpeg
salaryslip-mcf;2025052622025103892178_salaryslip-mcf_Applicant.jpeg
nomorrumah-mcf;2025052622025103892178_nomorrumah-mcf_Applicant.jpeg
dalamrumah-mcf;2025052622025103892178_dalamrumah-mcf_Applicant.jpeg
pricelist-mcf;2025052622025103892178_pricelist-mcf_Applicant.jpeg
pbbrekening-mcf;2025052622021112626608_pbbrekening-mcf_Applicant.jpeg
kksuratnikah-mcf;2025052622021112626608_kksuratnikah-mcf_Applicant.jpeg
halamandepanbukutabungan-mcf;2025052622021112626608_halamandepanbukutabungan-mcf_Applicant.jpeg
fpkbelakang-mcf;2025052622021112626608_fpkbelakang-mcf_Applicant.jpeg
fpkdepan-mcf;2025052622021112626608_fpkdepan-mcf_Applicant.jpeg
tempatusahadepan-mcf;2025052622021112626608_tempatusahadepan-mcf_Applicant.jpeg
rumahdepan-mcf;2025052622021112626608_rumahdepan-mcf_Applicant.jpeg
pasanganttdcmo-mcf;2025052622021112626608_pasanganttdcmo-mcf_Applicant.jpeg
nasabahttdcmo-mcf;2025052622021112626608_nasabahttdcmo-mcf_Applicant.jpeg
allobank-mcf;2025052622021112626608_allobank-mcf_Applicant.jpeg
rumahjalan-mcf;2025052622021112626608_rumahjalan-mcf_Applicant.jpeg
salaryslip-mcf;2025052622021112626608_salaryslip-mcf_Applicant.jpeg
nomorrumah-mcf;2025052622021112626608_nomorrumah-mcf_Applicant.jpeg
dalamrumah-mcf;2025052622021112626608_dalamrumah-mcf_Applicant.jpeg
pricelist-mcf;2025052622021112626608_pricelist-mcf_Applicant.jpeg
buktipenghasilanusaha-mcf;2025052622021112626608_buktipenghasilanusaha-mcf_Applicant.jpeg
perizinanusaha-mcf;2025052622021112626608_perizinanusaha-mcf_Applicant.jpeg
buktikepemilikanusaha-mcf;2025052622021112626608_buktikepemilikanusaha-mcf_Applicant.jpeg
pbbrekening-mcf;2025052422020652723799_pbbrekening-mcf_Applicant.jpeg
kksuratnikah-mcf;2025052422020652723799_kksuratnikah-mcf_Applicant.jpeg
halamandepanbukutabungan-mcf;2025052422020652723799_halamandepanbukutabungan-mcf_Applicant.jpeg
fpkbelakang-mcf;2025052422020652723799_fpkbelakang-mcf_Applicant.jpeg
fpkdepan-mcf;2025052422020652723799_fpkdepan-mcf_Applicant.jpeg
tempatusahadepan-mcf;2025052422020652723799_tempatusahadepan-mcf_Applicant.jpeg
rumahdepan-mcf;2025052422020652723799_rumahdepan-mcf_Applicant.jpeg
pasanganttdcmo-mcf;2025052422020652723799_pasanganttdcmo-mcf_Applicant.jpeg
nasabahttdcmo-mcf;2025052422020652723799_nasabahttdcmo-mcf_Applicant.jpeg
allobank-mcf;2025052422020652723799_allobank-mcf_Applicant.jpeg
rumahjalan-mcf;2025052422020652723799_rumahjalan-mcf_Applicant.jpeg
salaryslip-mcf;2025052422020652723799_salaryslip-mcf_Applicant.jpeg
nomorrumah-mcf;2025052422020652723799_nomorrumah-mcf_Applicant.jpeg
dalamrumah-mcf;2025052422020652723799_dalamrumah-mcf_Applicant.jpeg
pricelist-mcf;2025052422020652723799_pricelist-mcf_Applicant.jpeg
buktipenghasilanusaha-mcf;2025052422020652723799_buktipenghasilanusaha-mcf_Applicant.jpeg
perizinanusaha-mcf;2025052422020652723799_perizinanusaha-mcf_Applicant.jpeg
buktikepemilikanusaha-mcf;2025052422020652723799_buktikepemilikanusaha-mcf_Applicant.jpeg
pbbrekening-mcf;2025052322021178766526_pbbrekening-mcf_Applicant.jpeg
kksuratnikah-mcf;2025052322021178766526_kksuratnikah-mcf_Applicant.jpeg
halamandepanbukutabungan-mcf;2025052322021178766526_halamandepanbukutabungan-mcf_Applicant.jpeg
fpkbelakang-mcf;2025052322021178766526_fpkbelakang-mcf_Applicant.jpeg
fpkdepan-mcf;2025052322021178766526_fpkdepan-mcf_Applicant.jpeg
tempatusahadepan-mcf;2025052322021178766526_tempatusahadepan-mcf_Applicant.jpeg
rumahdepan-mcf;2025052322021178766526_rumahdepan-mcf_Applicant.jpeg
pasanganttdcmo-mcf;2025052322021178766526_pasanganttdcmo-mcf_Applicant.jpeg
nasabahttdcmo-mcf;2025052322021178766526_nasabahttdcmo-mcf_Applicant.jpeg
allobank-mcf;2025052322021178766526_allobank-mcf_Applicant.jpeg
rumahjalan-mcf;2025052322021178766526_rumahjalan-mcf_Applicant.jpeg
bpkbdepan-mcf;2025052322021178766526_bpkbdepan-mcf_Applicant.jpeg
bpkbbelakang-mcf;2025052322021178766526_bpkbbelakang-mcf_Applicant.jpeg
stnkpajak-mcf;2025052322021178766526_stnkpajak-mcf_Applicant.jpeg
unitdepankanan-mcf;2025052322021178766526_unitdepankanan-mcf_Applicant.jpeg
unitdepankiri-mcf;2025052322021178766526_unitdepankiri-mcf_Applicant.jpeg
salaryslip-mcf;2025052322021178766526_salaryslip-mcf_Applicant.jpeg
nomorrumah-mcf;2025052322021178766526_nomorrumah-mcf_Applicant.jpeg
dalamrumah-mcf;2025052322021178766526_dalamrumah-mcf_Applicant.jpeg
rangkanomesin-mcf;2025052322021178766526_rangkanomesin-mcf_Applicant.jpeg
pricelist-mcf;2025052622022613820342_pricelist-mcf_Applicant.jpeg
pbbrekening-mcf;2025052422023277412483_pbbrekening-mcf_Applicant.jpeg
kksuratnikah-mcf;2025052422023277412483_kksuratnikah-mcf_Applicant.jpeg
halamandepanbukutabungan-mcf;2025052422023277412483_halamandepanbukutabungan-mcf_Applicant.jpeg
fpkbelakang-mcf;2025052422023277412483_fpkbelakang-mcf_Applicant.jpeg
fpkdepan-mcf;2025052422023277412483_fpkdepan-mcf_Applicant.jpeg
tempatusahadepan-mcf;2025052422023277412483_tempatusahadepan-mcf_Applicant.jpeg
rumahdepan-mcf;2025052422023277412483_rumahdepan-mcf_Applicant.jpeg
pasanganttdcmo-mcf;2025052422023277412483_pasanganttdcmo-mcf_Applicant.jpeg
nasabahttdcmo-mcf;2025052422023277412483_nasabahttdcmo-mcf_Applicant.jpeg
pricelist-mcf;2025052622022698016508_pricelist-mcf_Applicant.jpeg
pbbrekening-mcf;2025052622022252572911_pbbrekening-mcf_Applicant.jpeg
kksuratnikah-mcf;2025052622022252572911_kksuratnikah-mcf_Applicant.jpeg
halamandepanbukutabungan-mcf;2025052622022252572911_halamandepanbukutabungan-mcf_Applicant.jpeg
fpkbelakang-mcf;2025052622022252572911_fpkbelakang-mcf_Applicant.jpeg
fpkdepan-mcf;2025052622022252572911_fpkdepan-mcf_Applicant.jpeg
tempatusahadepan-mcf;2025052622022252572911_tempatusahadepan-mcf_Applicant.jpeg
rumahdepan-mcf;2025052622022252572911_rumahdepan-mcf_Applicant.jpeg
pasanganttdcmo-mcf;2025052622022252572911_pasanganttdcmo-mcf_Applicant.jpeg
nasabahttdcmo-mcf;2025052622022252572911_nasabahttdcmo-mcf_Applicant.jpeg
allobank-mcf;2025052622022252572911_allobank-mcf_Applicant.jpeg
rumahjalan-mcf;2025052622022252572911_rumahjalan-mcf_Applicant.jpeg
salaryslip-mcf;2025052622022252572911_salaryslip-mcf_Applicant.jpeg
nomorrumah-mcf;2025052622022252572911_nomorrumah-mcf_Applicant.jpeg
dalamrumah-mcf;2025052622022252572911_dalamrumah-mcf_Applicant.jpeg
pricelist-mcf;2025052622022252572911_pricelist-mcf_Applicant.jpeg
pbbrekening-mcf;2025052622022613820342_pbbrekening-mcf_Applicant.jpeg
kksuratnikah-mcf;2025052622022613820342_kksuratnikah-mcf_Applicant.jpeg
halamandepanbukutabungan-mcf;2025052622022613820342_halamandepanbukutabungan-mcf_Applicant.jpeg
fpkbelakang-mcf;2025052622022613820342_fpkbelakang-mcf_Applicant.jpeg
fpkdepan-mcf;2025052622022613820342_fpkdepan-mcf_Applicant.jpeg
tempatusahadepan-mcf;2025052622022613820342_tempatusahadepan-mcf_Applicant.jpeg
nomorrumah-mcf;2025052622022613820342_nomorrumah-mcf_Applicant.jpeg
pasanganttdcmo-mcf;2025052622022613820342_pasanganttdcmo-mcf_Applicant.jpeg
nasabahttdcmo-mcf;2025052622022613820342_nasabahttdcmo-mcf_Applicant.jpeg
allobank-mcf;2025052622022613820342_allobank-mcf_Applicant.jpeg
rumahjalan-mcf;2025052622022613820342_rumahjalan-mcf_Applicant.jpeg
salaryslip-mcf;2025052622022613820342_salaryslip-mcf_Applicant.jpeg
nomorrumah-mcf;2025052622022613820342_nomorrumah-mcf_Applicant.jpeg
dalamrumah-mcf;2025052622022613820342_dalamrumah-mcf_Applicant.jpeg
nasabahttdcmo-mcf;2025052622025631550333_nasabahttdcmo-mcf_Applicant.jpeg
allobank-mcf;2025052622025631550333_allobank-mcf_Applicant.jpeg
rumahjalan-mcf;2025052622025631550333_rumahjalan-mcf_Applicant.jpeg
salaryslip-mcf;2025052622025631550333_salaryslip-mcf_Applicant.jpeg
nomorrumah-mcf;2025052622025631550333_nomorrumah-mcf_Applicant.jpeg
dalamrumah-mcf;2025052622025631550333_dalamrumah-mcf_Applicant.jpeg
pricelist-mcf;2025052622025631550333_pricelist-mcf_Applicant.jpeg
dalamrumah-mcf;2025052722024219015902_dalamrumah-mcf_Applicant.jpeg
pricelist-mcf;2025052722024219015902_pricelist-mcf_Applicant.jpeg
dalamrumah-mcf;2025052622022275632685_dalamrumah-mcf_Applicant.jpeg
tempatusahadepan-mcf;2025052622022275632685_tempatusahadepan-mcf_Applicant.jpeg
pricelist-mcf;2025052622022275632685_pricelist-mcf_Applicant.jpeg
pasanganttdcmo-mcf;2025052622022275632685_pasanganttdcmo-mcf_Applicant.jpeg
nasabahttdcmo-mcf;2025052622022275632685_nasabahttdcmo-mcf_Applicant.jpeg
pbbrekening-mcf;2025052622024289869643_pbbrekening-mcf_Applicant.jpeg
kksuratnikah-mcf;2025052622024289869643_kksuratnikah-mcf_Applicant.jpeg
halamandepanbukutabungan-mcf;2025052622024289869643_halamandepanbukutabungan-mcf_Applicant.jpeg
fpkbelakang-mcf;2025052622024289869643_fpkbelakang-mcf_Applicant.jpeg
fpkdepan-mcf;2025052622024289869643_fpkdepan-mcf_Applicant.jpeg
tempatusahadepan-mcf;2025052622024289869643_tempatusahadepan-mcf_Applicant.jpeg
rumahdepan-mcf;2025052622024289869643_rumahdepan-mcf_Applicant.jpeg
pasanganttdcmo-mcf;2025052622024289869643_pasanganttdcmo-mcf_Applicant.jpeg
nasabahttdcmo-mcf;2025052622024289869643_nasabahttdcmo-mcf_Applicant.jpeg
allobank-mcf;2025052622024289869643_allobank-mcf_Applicant.jpeg
rumahjalan-mcf;2025052622024289869643_rumahjalan-mcf_Applicant.jpeg
salaryslip-mcf;2025052622024289869643_salaryslip-mcf_Applicant.jpeg
nomorrumah-mcf;2025052622024289869643_nomorrumah-mcf_Applicant.jpeg
dalamrumah-mcf;2025052622024289869643_dalamrumah-mcf_Applicant.jpeg
pricelist-mcf;2025052622024289869643_pricelist-mcf_Applicant.jpeg
buktipenghasilanusaha-mcf;2025052622024289869643_buktipenghasilanusaha-mcf_Applicant.jpeg
perizinanusaha-mcf;2025052622024289869643_perizinanusaha-mcf_Applicant.jpeg
buktikepemilikanusaha-mcf;2025052622024289869643_buktikepemilikanusaha-mcf_Applicant.jpeg
pbbrekening-mcf;2025052722023277438630_pbbrekening-mcf_Applicant.jpeg
kksuratnikah-mcf;2025052722023277438630_kksuratnikah-mcf_Applicant.jpeg
halamandepanbukutabungan-mcf;2025052722023277438630_halamandepanbukutabungan-mcf_Applicant.jpeg
fpkbelakang-mcf;2025052722023277438630_fpkbelakang-mcf_Applicant.jpeg
fpkdepan-mcf;2025052722023277438630_fpkdepan-mcf_Applicant.jpeg
pbbrekening-mcf;2025052522025126217964_pbbrekening-mcf_Applicant.jpeg
pbbrekening-mcf;2025052622023375123019_pbbrekening-mcf_Applicant.jpeg
kksuratnikah-mcf;2025052622023375123019_kksuratnikah-mcf_Applicant.jpeg
halamandepanbukutabungan-mcf;2025052622023375123019_halamandepanbukutabungan-mcf_Applicant.jpeg
fpkbelakang-mcf;2025052622023375123019_fpkbelakang-mcf_Applicant.jpeg
fpkdepan-mcf;2025052622023375123019_fpkdepan-mcf_Applicant.jpeg
tempatusahadepan-mcf;2025052622023375123019_tempatusahadepan-mcf_Applicant.jpeg
rumahdepan-mcf;2025052622023375123019_rumahdepan-mcf_Applicant.jpeg
pasanganttdcmo-mcf;2025052622023375123019_pasanganttdcmo-mcf_Applicant.jpeg
nasabahttdcmo-mcf;2025052622023375123019_nasabahttdcmo-mcf_Applicant.jpeg
allobank-mcf;2025052622023375123019_allobank-mcf_Applicant.jpeg
rumahjalan-mcf;2025052622023375123019_rumahjalan-mcf_Applicant.jpeg
salaryslip-mcf;2025052622023375123019_salaryslip-mcf_Applicant.jpeg
nomorrumah-mcf;2025052622023375123019_nomorrumah-mcf_Applicant.jpeg
dalamrumah-mcf;2025052622023375123019_dalamrumah-mcf_Applicant.jpeg
pricelist-mcf;2025052622023375123019_pricelist-mcf_Applicant.jpeg
tempatusahadepan-mcf;2025052422022698049308_tempatusahadepan-mcf_Applicant.jpeg
rumahdepan-mcf;2025052422022698049308_rumahdepan-mcf_Applicant.jpeg
pasanganttdcmo-mcf;2025052422022698049308_pasanganttdcmo-mcf_Applicant.jpeg
nasabahttdcmo-mcf;2025052422022698049308_nasabahttdcmo-mcf_Applicant.jpeg
allobank-mcf;2025052422022698049308_allobank-mcf_Applicant.jpeg
rumahjalan-mcf;2025052422022698049308_rumahjalan-mcf_Applicant.jpeg
salaryslip-mcf;2025052422022698049308_salaryslip-mcf_Applicant.jpeg
nomorrumah-mcf;2025052422022698049308_nomorrumah-mcf_Applicant.jpeg
dalamrumah-mcf;2025052422022698049308_dalamrumah-mcf_Applicant.jpeg
pricelist-mcf;2025052422022698049308_pricelist-mcf_Applicant.jpeg
buktipenghasilanusaha-mcf;2025052422022698049308_buktipenghasilanusaha-mcf_Applicant.jpeg
perizinanusaha-mcf;2025052422022698049308_perizinanusaha-mcf_Applicant.jpeg
buktikepemilikanusaha-mcf;2025052422022698049308_buktikepemilikanusaha-mcf_Applicant.jpeg
pbbrekening-mcf;2025052622024121985051_pbbrekening-mcf_Applicant.jpeg
kksuratnikah-mcf;2025052622024121985051_kksuratnikah-mcf_Applicant.jpeg
halamandepanbukutabungan-mcf;2025052622024121985051_halamandepanbukutabungan-mcf_Applicant.jpeg
kksuratnikah-mcf;2025052622024267660333_kksuratnikah-mcf_Applicant.jpeg
halamandepanbukutabungan-mcf;2025052622024267660333_halamandepanbukutabungan-mcf_Applicant.jpeg
fpkbelakang-mcf;2025052622024267660333_fpkbelakang-mcf_Applicant.jpeg
fpkdepan-mcf;2025052622024267660333_fpkdepan-mcf_Applicant.jpeg
tempatusahadepan-mcf;2025052622024267660333_tempatusahadepan-mcf_Applicant.jpeg
rumahdepan-mcf;2025052622024267660333_rumahdepan-mcf_Applicant.jpeg
pasanganttdcmo-mcf;2025052622024267660333_pasanganttdcmo-mcf_Applicant.jpeg
nasabahttdcmo-mcf;2025052622024267660333_nasabahttdcmo-mcf_Applicant.jpeg
allobank-mcf;2025052622024267660333_allobank-mcf_Applicant.jpeg
rumahjalan-mcf;2025052622024267660333_rumahjalan-mcf_Applicant.jpeg
salaryslip-mcf;2025052622024267660333_salaryslip-mcf_Applicant.jpeg
nomorrumah-mcf;2025052622024267660333_nomorrumah-mcf_Applicant.jpeg
dalamrumah-mcf;2025052622024267660333_dalamrumah-mcf_Applicant.jpeg
pricelist-mcf;2025052622024267660333_pricelist-mcf_Applicant.jpeg
fpkbelakang-mcf;2025052622024121985051_fpkbelakang-mcf_Applicant.jpeg
fpkdepan-mcf;2025052622024121985051_fpkdepan-mcf_Applicant.jpeg
tempatusahadepan-mcf;2025052622024121985051_tempatusahadepan-mcf_Applicant.jpeg
rumahdepan-mcf;2025052622024121985051_rumahdepan-mcf_Applicant.jpeg
pasanganttdcmo-mcf;2025052622024121985051_pasanganttdcmo-mcf_Applicant.jpeg
nasabahttdcmo-mcf;2025052622024121985051_nasabahttdcmo-mcf_Applicant.jpeg
allobank-mcf;2025052622024121985051_allobank-mcf_Applicant.jpeg
rumahjalan-mcf;2025052622024121985051_rumahjalan-mcf_Applicant.jpeg
salaryslip-mcf;2025052622024121985051_salaryslip-mcf_Applicant.jpeg
nomorrumah-mcf;2025052622024121985051_nomorrumah-mcf_Applicant.jpeg
dalamrumah-mcf;2025052622024121985051_dalamrumah-mcf_Applicant.jpeg
pricelist-mcf;2025052622024121985051_pricelist-mcf_Applicant.jpeg
buktipenghasilanusaha-mcf;2025052622024121985051_buktipenghasilanusaha-mcf_Applicant.jpeg
perizinanusaha-mcf;2025052622024121985051_perizinanusaha-mcf_Applicant.jpeg
buktikepemilikanusaha-mcf;2025052622024121985051_buktikepemilikanusaha-mcf_Applicant.jpeg
pbbrekening-mcf;2025052622024267660333_pbbrekening-mcf_Applicant.jpeg
buktikepemilikanusaha-mcf;2025052322023548473567_buktikepemilikanusaha-mcf_Applicant.jpeg
kksuratnikah-mcf;2025052322023548473567_kksuratnikah-mcf_Applicant.jpeg
halamandepanbukutabungan-mcf;2025052322023548473567_halamandepanbukutabungan-mcf_Applicant.jpeg
fpkbelakang-mcf;2025052322023548473567_fpkbelakang-mcf_Applicant.jpeg
fpkdepan-mcf;2025052322023548473567_fpkdepan-mcf_Applicant.jpeg
tempatusahadepan-mcf;2025052322023548473567_tempatusahadepan-mcf_Applicant.jpeg
rumahdepan-mcf;2025052322023548473567_rumahdepan-mcf_Applicant.jpeg
pasanganttdcmo-mcf;2025052322023548473567_pasanganttdcmo-mcf_Applicant.jpeg
nasabahttdcmo-mcf;2025052322023548473567_nasabahttdcmo-mcf_Applicant.jpeg
allobank-mcf;2025052322023548473567_allobank-mcf_Applicant.jpeg
rumahjalan-mcf;2025052322023548473567_rumahjalan-mcf_Applicant.jpeg
buktipenghasilanusaha-mcf;2025052322023548473567_buktipenghasilanusaha-mcf_Applicant.jpeg
nomorrumah-mcf;2025052322023548473567_nomorrumah-mcf_Applicant.jpeg
fpkbelakang-mcf;2025052622025144352888_fpkbelakang-mcf_Applicant.jpeg
fpkdepan-mcf;2025052622025144352888_fpkdepan-mcf_Applicant.jpeg
tempatusahadepan-mcf;2025052622025144352888_tempatusahadepan-mcf_Applicant.jpeg
rumahdepan-mcf;2025052622025144352888_rumahdepan-mcf_Applicant.jpeg
pasanganttdcmo-mcf;2025052622025144352888_pasanganttdcmo-mcf_Applicant.jpeg
nasabahttdcmo-mcf;2025052622025144352888_nasabahttdcmo-mcf_Applicant.jpeg
allobank-mcf;2025052622025144352888_allobank-mcf_Applicant.jpeg
rumahjalan-mcf;2025052622025144352888_rumahjalan-mcf_Applicant.jpeg
salaryslip-mcf;2025052622025144352888_salaryslip-mcf_Applicant.jpeg
nomorrumah-mcf;2025052622025144352888_nomorrumah-mcf_Applicant.jpeg
dalamrumah-mcf;2025052622025144352888_dalamrumah-mcf_Applicant.jpeg
pricelist-mcf;2025052622025144352888_pricelist-mcf_Applicant.jpeg
nomorrumah-mcf;2025052422024077886434_nomorrumah-mcf_Applicant.jpeg
dalamrumah-mcf;2025052422024077886434_dalamrumah-mcf_Applicant.jpeg
pricelist-mcf;2025052422024077886434_pricelist-mcf_Applicant.jpeg
pbbrekening-mcf;2025052622022698010965_pbbrekening-mcf_Applicant.jpeg
kksuratnikah-mcf;2025052622022698010965_kksuratnikah-mcf_Applicant.jpeg
halamandepanbukutabungan-mcf;2025052622022698010965_halamandepanbukutabungan-mcf_Applicant.jpeg
fpkbelakang-mcf;2025052622022698010965_fpkbelakang-mcf_Applicant.jpeg
fpkdepan-mcf;2025052622022698010965_fpkdepan-mcf_Applicant.jpeg
tempatusahadepan-mcf;2025052622022698010965_tempatusahadepan-mcf_Applicant.jpeg
rumahdepan-mcf;2025052622022698010965_rumahdepan-mcf_Applicant.jpeg
pasanganttdcmo-mcf;2025052622022698010965_pasanganttdcmo-mcf_Applicant.jpeg
nasabahttdcmo-mcf;2025052622022698010965_nasabahttdcmo-mcf_Applicant.jpeg
allobank-mcf;2025052622022698010965_allobank-mcf_Applicant.jpeg
rumahjalan-mcf;2025052622022698010965_rumahjalan-mcf_Applicant.jpeg
salaryslip-mcf;2025052622022698010965_salaryslip-mcf_Applicant.jpeg
buktikepemilikanusaha-mcf;2025052622022683637484_buktikepemilikanusaha-mcf_Applicant.jpeg
kksuratnikah-mcf;2025052622022683637484_kksuratnikah-mcf_Applicant.jpeg
halamandepanbukutabungan-mcf;2025052622022683637484_halamandepanbukutabungan-mcf_Applicant.jpeg
fpkbelakang-mcf;2025052622022683637484_fpkbelakang-mcf_Applicant.jpeg
fpkdepan-mcf;2025052622022683637484_fpkdepan-mcf_Applicant.jpeg
tempatusahadepan-mcf;2025052622022683637484_tempatusahadepan-mcf_Applicant.jpeg
nomorrumah-mcf;2025052622022683637484_nomorrumah-mcf_Applicant.jpeg
pasanganttdcmo-mcf;2025052622022683637484_pasanganttdcmo-mcf_Applicant.jpeg
nasabahttdcmo-mcf;2025052622022683637484_nasabahttdcmo-mcf_Applicant.jpeg
allobank-mcf;2025052622022683637484_allobank-mcf_Applicant.jpeg
rumahjalan-mcf;2025052622022683637484_rumahjalan-mcf_Applicant.jpeg
nomorrumah-mcf;2025052622022698010965_nomorrumah-mcf_Applicant.jpeg
dalamrumah-mcf;2025052622022698010965_dalamrumah-mcf_Applicant.jpeg
pricelist-mcf;2025052622022698010965_pricelist-mcf_Applicant.jpeg
pricelist-mcf;2025052622024212083157_pricelist-mcf_Applicant.jpeg
pbbrekening-mcf;2025052622024262967029_pbbrekening-mcf_Applicant.jpeg
kksuratnikah-mcf;2025052622024262967029_kksuratnikah-mcf_Applicant.jpeg
halamandepanbukutabungan-mcf;2025052622024262967029_halamandepanbukutabungan-mcf_Applicant.jpeg
fpkbelakang-mcf;2025052622024262967029_fpkbelakang-mcf_Applicant.jpeg
fpkdepan-mcf;2025052622024262967029_fpkdepan-mcf_Applicant.jpeg
tempatusahadepan-mcf;2025052622024262967029_tempatusahadepan-mcf_Applicant.jpeg
rumahdepan-mcf;2025052622024262967029_rumahdepan-mcf_Applicant.jpeg
pasanganttdcmo-mcf;2025052622024262967029_pasanganttdcmo-mcf_Applicant.jpeg
nasabahttdcmo-mcf;2025052622024262967029_nasabahttdcmo-mcf_Applicant.jpeg
allobank-mcf;2025052622024262967029_allobank-mcf_Applicant.jpeg
rumahjalan-mcf;2025052622024262967029_rumahjalan-mcf_Applicant.jpeg
bpkbdepan-mcf;2025052622024262967029_bpkbdepan-mcf_Applicant.jpeg
bpkbbelakang-mcf;2025052622024262967029_bpkbbelakang-mcf_Applicant.jpeg
stnkpajak-mcf;2025052622024262967029_stnkpajak-mcf_Applicant.jpeg
unitdepankanan-mcf;2025052622024262967029_unitdepankanan-mcf_Applicant.jpeg
buktipenghasilanusaha-mcf;2025052622022683637484_buktipenghasilanusaha-mcf_Applicant.jpeg
nomorrumah-mcf;2025052622022683637484_nomorrumah-mcf_Applicant.jpeg
dalamrumah-mcf;2025052622022683637484_dalamrumah-mcf_Applicant.jpeg
pricelist-mcf;2025052622022683637484_pricelist-mcf_Applicant.jpeg
buktipenghasilanusaha-mcf;2025052622022683637484_buktipenghasilanusaha-mcf_Applicant.jpeg
perizinanusaha-mcf;2025052622022683637484_perizinanusaha-mcf_Applicant.jpeg
buktikepemilikanusaha-mcf;2025052622022683637484_buktikepemilikanusaha-mcf_Applicant.jpeg
pbbrekening-mcf;2025052622024212083157_pbbrekening-mcf_Applicant.jpeg
kksuratnikah-mcf;2025052622024212083157_kksuratnikah-mcf_Applicant.jpeg
halamandepanbukutabungan-mcf;2025052622024212083157_halamandepanbukutabungan-mcf_Applicant.jpeg
fpkbelakang-mcf;2025052622024212083157_fpkbelakang-mcf_Applicant.jpeg
fpkdepan-mcf;2025052622024212083157_fpkdepan-mcf_Applicant.jpeg
tempatusahadepan-mcf;2025052622024212083157_tempatusahadepan-mcf_Applicant.jpeg
rumahdepan-mcf;2025052622024212083157_rumahdepan-mcf_Applicant.jpeg
pasanganttdcmo-mcf;2025052622024212083157_pasanganttdcmo-mcf_Applicant.jpeg
nasabahttdcmo-mcf;2025052622024212083157_nasabahttdcmo-mcf_Applicant.jpeg
allobank-mcf;2025052622024212083157_allobank-mcf_Applicant.jpeg
rumahjalan-mcf;2025052622024212083157_rumahjalan-mcf_Applicant.jpeg
salaryslip-mcf;2025052622024212083157_salaryslip-mcf_Applicant.jpeg
nomorrumah-mcf;2025052622024212083157_nomorrumah-mcf_Applicant.jpeg
dalamrumah-mcf;2025052622024212083157_dalamrumah-mcf_Applicant.jpeg
nasabahttdcmo-mcf;2025052422025144388725_nasabahttdcmo-mcf_Applicant.jpeg
allobank-mcf;2025052422025144388725_allobank-mcf_Applicant.jpeg
rumahjalan-mcf;2025052422025144388725_rumahjalan-mcf_Applicant.jpeg
salaryslip-mcf;2025052422025144388725_salaryslip-mcf_Applicant.jpeg
nomorrumah-mcf;2025052422025144388725_nomorrumah-mcf_Applicant.jpeg
dalamrumah-mcf;2025052422025144388725_dalamrumah-mcf_Applicant.jpeg
pricelist-mcf;2025052422025144388725_pricelist-mcf_Applicant.jpeg
pbbrekening-mcf;2025052222025063483512_pbbrekening-mcf_Applicant.jpeg
kksuratnikah-mcf;2025052222025063483512_kksuratnikah-mcf_Applicant.jpeg
halamandepanbukutabungan-mcf;2025052222025063483512_halamandepanbukutabungan-mcf_Applicant.jpeg
fpkbelakang-mcf;2025052222025063483512_fpkbelakang-mcf_Applicant.jpeg
fpkdepan-mcf;2025052222025063483512_fpkdepan-mcf_Applicant.jpeg
tempatusahadepan-mcf;2025052222025063483512_tempatusahadepan-mcf_Applicant.jpeg
kksuratnikah-mcf;2025052622025103824857_kksuratnikah-mcf_Applicant.jpeg
halamandepanbukutabungan-mcf;2025052622025103824857_halamandepanbukutabungan-mcf_Applicant.jpeg
fpkbelakang-mcf;2025052622025103824857_fpkbelakang-mcf_Applicant.jpeg
fpkdepan-mcf;2025052622025103824857_fpkdepan-mcf_Applicant.jpeg
tempatusahadepan-mcf;2025052622025103824857_tempatusahadepan-mcf_Applicant.jpeg
rumahdepan-mcf;2025052622025103824857_rumahdepan-mcf_Applicant.jpeg
pasanganttdcmo-mcf;2025052622025103824857_pasanganttdcmo-mcf_Applicant.jpeg
nasabahttdcmo-mcf;2025052622025103824857_nasabahttdcmo-mcf_Applicant.jpeg
rumahjalan-mcf;2025052622025103824857_rumahjalan-mcf_Applicant.jpeg
salaryslip-mcf;2025052622025103824857_salaryslip-mcf_Applicant.jpeg
nomorrumah-mcf;2025052622025103824857_nomorrumah-mcf_Applicant.jpeg
dalamrumah-mcf;2025052622025103824857_dalamrumah-mcf_Applicant.jpeg
pricelist-mcf;2025052622025103824857_pricelist-mcf_Applicant.jpeg
pbbrekening-mcf;2025052622021383461501_pbbrekening-mcf_Applicant.jpeg
kksuratnikah-mcf;2025052622021383461501_kksuratnikah-mcf_Applicant.jpeg
halamandepanbukutabungan-mcf;2025052622015343939754_halamandepanbukutabungan-mcf_Applicant.jpeg
fpkbelakang-mcf;2025052622015343939754_fpkbelakang-mcf_Applicant.jpeg
fpkdepan-mcf;2025052622015343939754_fpkdepan-mcf_Applicant.jpeg
tempatusahadepan-mcf;2025052622015343939754_tempatusahadepan-mcf_Applicant.jpeg
rumahdepan-mcf;2025052622015343939754_rumahdepan-mcf_Applicant.jpeg
pasanganttdcmo-mcf;2025052622015343939754_pasanganttdcmo-mcf_Applicant.jpeg
nasabahttdcmo-mcf;2025052622015343939754_nasabahttdcmo-mcf_Applicant.jpeg
allobank-mcf;2025052622015343939754_allobank-mcf_Applicant.jpeg
rumahjalan-mcf;2025052622015343939754_rumahjalan-mcf_Applicant.jpeg
salaryslip-mcf;2025052622015343939754_salaryslip-mcf_Applicant.jpeg
nomorrumah-mcf;2025052622015343939754_nomorrumah-mcf_Applicant.jpeg
dalamrumah-mcf;2025052622015343939754_dalamrumah-mcf_Applicant.jpeg
pricelist-mcf;2025052622015343939754_pricelist-mcf_Applicant.jpeg
pbbrekening-mcf;2025052622025103824857_pbbrekening-mcf_Applicant.jpeg
pbbrekening-mcf;2025052622021281829426_pbbrekening-mcf_Applicant.jpeg
kksuratnikah-mcf;2025052622021281829426_kksuratnikah-mcf_Applicant.jpeg
halamandepanbukutabungan-mcf;2025052622021281829426_halamandepanbukutabungan-mcf_Applicant.jpeg
fpkbelakang-mcf;2025052622021281829426_fpkbelakang-mcf_Applicant.jpeg
fpkdepan-mcf;2025052622021281829426_fpkdepan-mcf_Applicant.jpeg
tempatusahadepan-mcf;2025052622021281829426_tempatusahadepan-mcf_Applicant.jpeg
rumahdepan-mcf;2025052622021281829426_rumahdepan-mcf_Applicant.jpeg
pasanganttdcmo-mcf;2025052622021281829426_pasanganttdcmo-mcf_Applicant.jpeg
nasabahttdcmo-mcf;2025052622021281829426_nasabahttdcmo-mcf_Applicant.jpeg
allobank-mcf;2025052622021281829426_allobank-mcf_Applicant.jpeg
rumahjalan-mcf;2025052622021281829426_rumahjalan-mcf_Applicant.jpeg
salaryslip-mcf;2025052622021281829426_salaryslip-mcf_Applicant.jpeg
nomorrumah-mcf;2025052622021281829426_nomorrumah-mcf_Applicant.jpeg
dalamrumah-mcf;2025052622021281829426_dalamrumah-mcf_Applicant.jpeg
pricelist-mcf;2025052622021281829426_pricelist-mcf_Applicant.jpeg
pbbrekening-mcf;2025052622025062674871_pbbrekening-mcf_Applicant.png
kksuratnikah-mcf;2025052622025062674871_kksuratnikah-mcf_Applicant.jpeg
halamandepanbukutabungan-mcf;2025052622025062674871_halamandepanbukutabungan-mcf_Applicant.jpeg
fpkbelakang-mcf;2025052622025062674871_fpkbelakang-mcf_Applicant.jpeg
fpkdepan-mcf;2025052622025062674871_fpkdepan-mcf_Applicant.jpeg
tempatusahadepan-mcf;2025052622025062674871_tempatusahadepan-mcf_Applicant.jpeg
rumahdepan-mcf;2025052622025062674871_rumahdepan-mcf_Applicant.jpeg
pasanganttdcmo-mcf;2025052622025062674871_pasanganttdcmo-mcf_Applicant.jpeg
nasabahttdcmo-mcf;2025052622025062674871_nasabahttdcmo-mcf_Applicant.jpeg
allobank-mcf;2025052622025062674871_allobank-mcf_Applicant.jpeg
rumahjalan-mcf;2025052622025062674871_rumahjalan-mcf_Applicant.jpeg
salaryslip-mcf;2025052622025062674871_salaryslip-mcf_Applicant.jpeg
pbbrekening-mcf;2025052622022661869788_pbbrekening-mcf_Applicant.jpeg
kksuratnikah-mcf;2025052622022661869788_kksuratnikah-mcf_Applicant.jpeg
halamandepanbukutabungan-mcf;2025052622022661869788_halamandepanbukutabungan-mcf_Applicant.jpeg
fpkbelakang-mcf;2025052622022661869788_fpkbelakang-mcf_Applicant.jpeg
fpkdepan-mcf;2025052622022661869788_fpkdepan-mcf_Applicant.jpeg
tempatusahadepan-mcf;2025052622022661869788_tempatusahadepan-mcf_Applicant.jpeg
rumahdepan-mcf;2025052622022661869788_rumahdepan-mcf_Applicant.jpeg
pasanganttdcmo-mcf;2025052622022661869788_pasanganttdcmo-mcf_Applicant.jpeg
nasabahttdcmo-mcf;2025052622022661869788_nasabahttdcmo-mcf_Applicant.jpeg
allobank-mcf;2025052622022661869788_allobank-mcf_Applicant.jpeg
rumahjalan-mcf;2025052622022661869788_rumahjalan-mcf_Applicant.jpeg
salaryslip-mcf;2025052622022661869788_salaryslip-mcf_Applicant.jpeg
nomorrumah-mcf;2025052622022661869788_nomorrumah-mcf_Applicant.jpeg
dalamrumah-mcf;2025052622022661869788_dalamrumah-mcf_Applicant.jpeg
pricelist-mcf;2025052622022661869788_pricelist-mcf_Applicant.jpeg
pbbrekening-mcf;2025052522025093098271_pbbrekening-mcf_Applicant.jpeg
kksuratnikah-mcf;2025052522025093098271_kksuratnikah-mcf_Applicant.jpeg
halamandepanbukutabungan-mcf;2025052522025093098271_halamandepanbukutabungan-mcf_Applicant.jpeg
fpkbelakang-mcf;2025052522025093098271_fpkbelakang-mcf_Applicant.jpeg
fpkdepan-mcf;2025052522025093098271_fpkdepan-mcf_Applicant.jpeg
tempatusahadepan-mcf;2025052522025093098271_tempatusahadepan-mcf_Applicant.jpeg
rumahdepan-mcf;2025052522025093098271_rumahdepan-mcf_Applicant.jpeg
pasanganttdcmo-mcf;2025052522025093098271_pasanganttdcmo-mcf_Applicant.jpeg
nasabahttdcmo-mcf;2025052522025093098271_nasabahttdcmo-mcf_Applicant.jpeg
allobank-mcf;2025052522025093098271_allobank-mcf_Applicant.jpeg
rumahjalan-mcf;2025052522025093098271_rumahjalan-mcf_Applicant.jpeg
salaryslip-mcf;2025052522025093098271_salaryslip-mcf_Applicant.jpeg
nomorrumah-mcf;2025052522025093098271_nomorrumah-mcf_Applicant.jpeg
dalamrumah-mcf;2025052522025093098271_dalamrumah-mcf_Applicant.jpeg
pricelist-mcf;2025052522025093098271_pricelist-mcf_Applicant.jpeg
nomorrumah-mcf;2025052622025062674871_nomorrumah-mcf_Applicant.jpeg
dalamrumah-mcf;2025052622025062674871_dalamrumah-mcf_Applicant.jpeg
pricelist-mcf;2025052622025062674871_pricelist-mcf_Applicant.jpeg
nomorrumah-mcf;2025052522025126217964_nomorrumah-mcf_Applicant.jpeg
dalamrumah-mcf;2025052522025126217964_dalamrumah-mcf_Applicant.jpeg
rangkanomesin-mcf;2025052522025126217964_rangkanomesin-mcf_Applicant.jpeg
pbbrekening-mcf;2025052622025007892859_pbbrekening-mcf_Applicant.jpeg
kksuratnikah-mcf;2025052622025007892859_kksuratnikah-mcf_Applicant.jpeg
halamandepanbukutabungan-mcf;2025052622025007892859_halamandepanbukutabungan-mcf_Applicant.jpeg
fpkbelakang-mcf;2025052622025007892859_fpkbelakang-mcf_Applicant.jpeg
fpkdepan-mcf;2025052622025007892859_fpkdepan-mcf_Applicant.jpeg
tempatusahadepan-mcf;2025052622025007892859_tempatusahadepan-mcf_Applicant.jpeg
rumahdepan-mcf;2025052622025007892859_rumahdepan-mcf_Applicant.jpeg
pasanganttdcmo-mcf;2025052622025007892859_pasanganttdcmo-mcf_Applicant.jpeg
nasabahttdcmo-mcf;2025052622025007892859_nasabahttdcmo-mcf_Applicant.jpeg
pasanganttdcmo-mcf;2025052122021111876092_pasanganttdcmo-mcf_Applicant.jpeg
nasabahttdcmo-mcf;2025052122021111876092_nasabahttdcmo-mcf_Applicant.jpeg
allobank-mcf;2025052122021111876092_allobank-mcf_Applicant.jpeg
rumahjalan-mcf;2025052122021111876092_rumahjalan-mcf_Applicant.jpeg
salaryslip-mcf;2025052122021111876092_salaryslip-mcf_Applicant.jpeg
nomorrumah-mcf;2025052122021111876092_nomorrumah-mcf_Applicant.jpeg
dalamrumah-mcf;2025052122021111876092_dalamrumah-mcf_Applicant.jpeg
pricelist-mcf;2025052122021111876092_pricelist-mcf_Applicant.jpeg
pbbrekening-mcf;2025052022022252515256_pbbrekening-mcf_Applicant.jpeg
kksuratnikah-mcf;2025052022022252515256_kksuratnikah-mcf_Applicant.jpeg
halamandepanbukutabungan-mcf;2025052022022252515256_halamandepanbukutabungan-mcf_Applicant.jpeg
fpkbelakang-mcf;2025052022022252515256_fpkbelakang-mcf_Applicant.jpeg
fpkdepan-mcf;2025052022022252515256_fpkdepan-mcf_Applicant.jpeg
tempatusahadepan-mcf;2025052022022252515256_tempatusahadepan-mcf_Applicant.jpeg
rumahdepan-mcf;2025052022022252515256_rumahdepan-mcf_Applicant.jpeg
pasanganttdcmo-mcf;2025052022022252515256_pasanganttdcmo-mcf_Applicant.jpeg
nasabahttdcmo-mcf;2025052022022252515256_nasabahttdcmo-mcf_Applicant.jpeg
allobank-mcf;2025052022022252515256_allobank-mcf_Applicant.jpeg
rumahjalan-mcf;2025052022022252515256_rumahjalan-mcf_Applicant.jpeg
salaryslip-mcf;2025052022022252515256_salaryslip-mcf_Applicant.jpeg
nomorrumah-mcf;2025052022022252515256_nomorrumah-mcf_Applicant.jpeg
dalamrumah-mcf;2025052022022252515256_dalamrumah-mcf_Applicant.jpeg
pricelist-mcf;2025052022022252515256_pricelist-mcf_Applicant.jpeg
pbbrekening-mcf;2025052222024225380878_pbbrekening-mcf_Applicant.jpeg
kksuratnikah-mcf;2025052222024225380878_kksuratnikah-mcf_Applicant.jpeg
halamandepanbukutabungan-mcf;2025052222024225380878_halamandepanbukutabungan-mcf_Applicant.jpeg
fpkbelakang-mcf;2025052222024225380878_fpkbelakang-mcf_Applicant.jpeg
fpkdepan-mcf;2025052222024225380878_fpkdepan-mcf_Applicant.jpeg
tempatusahadepan-mcf;2025052222024225380878_tempatusahadepan-mcf_Applicant.jpeg
rumahdepan-mcf;2025052222024225380878_rumahdepan-mcf_Applicant.jpeg
pasanganttdcmo-mcf;2025052222024225380878_pasanganttdcmo-mcf_Applicant.jpeg
nasabahttdcmo-mcf;2025052222024225380878_nasabahttdcmo-mcf_Applicant.jpeg
allobank-mcf;2025052222024225380878_allobank-mcf_Applicant.jpeg
rumahjalan-mcf;2025052222024225380878_rumahjalan-mcf_Applicant.jpeg
salaryslip-mcf;2025052222024225380878_salaryslip-mcf_Applicant.jpeg
nomorrumah-mcf;2025052222024225380878_nomorrumah-mcf_Applicant.jpeg
dalamrumah-mcf;2025052222024225380878_dalamrumah-mcf_Applicant.jpeg
pricelist-mcf;2025052222024225380878_pricelist-mcf_Applicant.jpeg
pbbrekening-mcf;2025052222023281244260_pbbrekening-mcf_Applicant.jpeg
pbbrekening-mcf;2025052622025063514219_pbbrekening-mcf_Applicant.jpeg
kksuratnikah-mcf;2025052622025063514219_kksuratnikah-mcf_Applicant.jpeg
halamandepanbukutabungan-mcf;2025052622025063514219_halamandepanbukutabungan-mcf_Applicant.jpeg
fpkbelakang-mcf;2025052622025063514219_fpkbelakang-mcf_Applicant.jpeg
fpkdepan-mcf;2025052622025063514219_fpkdepan-mcf_Applicant.jpeg
tempatusahadepan-mcf;2025052622025063514219_tempatusahadepan-mcf_Applicant.jpeg
rumahdepan-mcf;2025052622025063514219_rumahdepan-mcf_Applicant.jpeg
pasanganttdcmo-mcf;2025052622025063514219_pasanganttdcmo-mcf_Applicant.jpeg
nasabahttdcmo-mcf;2025052622025063514219_nasabahttdcmo-mcf_Applicant.jpeg
allobank-mcf;2025052622025063514219_allobank-mcf_Applicant.jpeg
rumahjalan-mcf;2025052622025063514219_rumahjalan-mcf_Applicant.jpeg
salaryslip-mcf;2025052622025063514219_salaryslip-mcf_Applicant.jpeg
nomorrumah-mcf;2025052622025063514219_nomorrumah-mcf_Applicant.jpeg
dalamrumah-mcf;2025052622025063514219_dalamrumah-mcf_Applicant.jpeg
pricelist-mcf;2025052622025063514219_pricelist-mcf_Applicant.jpeg
kksuratnikah-mcf;2025052522025126217964_kksuratnikah-mcf_Applicant.jpeg
halamandepanbukutabungan-mcf;2025052522025126217964_halamandepanbukutabungan-mcf_Applicant.jpeg
fpkbelakang-mcf;2025052522025126217964_fpkbelakang-mcf_Applicant.jpeg
fpkdepan-mcf;2025052522025126217964_fpkdepan-mcf_Applicant.jpeg
tempatusahadepan-mcf;2025052522025126217964_tempatusahadepan-mcf_Applicant.jpeg
rumahdepan-mcf;2025052522025126217964_rumahdepan-mcf_Applicant.jpeg
pasanganttdcmo-mcf;2025052522025126217964_pasanganttdcmo-mcf_Applicant.jpeg
nasabahttdcmo-mcf;2025052522025126217964_nasabahttdcmo-mcf_Applicant.jpeg
allobank-mcf;2025052522025126217964_allobank-mcf_Applicant.jpeg
rumahjalan-mcf;2025052522025126217964_rumahjalan-mcf_Applicant.jpeg
bpkbdepan-mcf;2025052522025126217964_bpkbdepan-mcf_Applicant.jpeg
bpkbbelakang-mcf;2025052522025126217964_bpkbbelakang-mcf_Applicant.jpeg
stnkpajak-mcf;2025052522025126217964_stnkpajak-mcf_Applicant.jpeg
unitdepankanan-mcf;2025052522025126217964_unitdepankanan-mcf_Applicant.jpeg
unitdepankiri-mcf;2025052522025126217964_unitdepankiri-mcf_Applicant.jpeg
salaryslip-mcf;2025052522025126217964_salaryslip-mcf_Applicant.jpeg
salaryslip-mcf;2025052622011252453087_salaryslip-mcf_Applicant.jpeg
nomorrumah-mcf;2025052622011252453087_nomorrumah-mcf_Applicant.jpeg
dalamrumah-mcf;2025052622011252453087_dalamrumah-mcf_Applicant.jpeg
pricelist-mcf;2025052622011252453087_pricelist-mcf_Applicant.jpeg
buktipenghasilanusaha-mcf;2025052622011252453087_buktipenghasilanusaha-mcf_Applicant.jpeg
perizinanusaha-mcf;2025052622011252453087_perizinanusaha-mcf_Applicant.jpeg
buktikepemilikanusaha-mcf;2025052622011252453087_buktikepemilikanusaha-mcf_Applicant.jpeg
nasabahttdcmo-mcf;2025052622023492120867_nasabahttdcmo-mcf_Applicant.jpeg
allobank-mcf;2025052622023492120867_allobank-mcf_Applicant.jpeg
rumahjalan-mcf;2025052622023492120867_rumahjalan-mcf_Applicant.jpeg
salaryslip-mcf;2025052622023492120867_salaryslip-mcf_Applicant.jpeg
nomorrumah-mcf;2025052622023492120867_nomorrumah-mcf_Applicant.jpeg
dalamrumah-mcf;2025052622023492120867_dalamrumah-mcf_Applicant.jpeg
pricelist-mcf;2025052622023492120867_pricelist-mcf_Applicant.jpeg
pbbrekening-mcf;2025052622023281254479_pbbrekening-mcf_Applicant.jpeg
kksuratnikah-mcf;2025052622023281254479_kksuratnikah-mcf_Applicant.jpeg
halamandepanbukutabungan-mcf;2025052622023281254479_halamandepanbukutabungan-mcf_Applicant.jpeg
fpkbelakang-mcf;2025052622023281254479_fpkbelakang-mcf_Applicant.jpeg
fpkdepan-mcf;2025052622023281254479_fpkdepan-mcf_Applicant.jpeg
tempatusahadepan-mcf;2025052622023281254479_tempatusahadepan-mcf_Applicant.jpeg
pbbrekening-mcf;2025052622023492120867_pbbrekening-mcf_Applicant.jpeg
kksuratnikah-mcf;2025052622023492120867_kksuratnikah-mcf_Applicant.jpeg
halamandepanbukutabungan-mcf;2025052622023492120867_halamandepanbukutabungan-mcf_Applicant.jpeg
fpkbelakang-mcf;2025052622023492120867_fpkbelakang-mcf_Applicant.jpeg
fpkdepan-mcf;2025052622023492120867_fpkdepan-mcf_Applicant.jpeg
tempatusahadepan-mcf;2025052622023492120867_tempatusahadepan-mcf_Applicant.jpeg
rumahdepan-mcf;2025052622023492120867_rumahdepan-mcf_Applicant.jpeg
pasanganttdcmo-mcf;2025052622023492120867_pasanganttdcmo-mcf_Applicant.jpeg
rangkanomesin-mcf;2025052622023281254479_rangkanomesin-mcf_Applicant.jpeg
pbbrekening-mcf;2025052622024465293352_pbbrekening-mcf_Applicant.jpeg
kksuratnikah-mcf;2025052622024465293352_kksuratnikah-mcf_Applicant.jpeg
halamandepanbukutabungan-mcf;2025052622024465293352_halamandepanbukutabungan-mcf_Applicant.jpeg
fpkbelakang-mcf;2025052622024465293352_fpkbelakang-mcf_Applicant.jpeg
fpkdepan-mcf;2025052622024465293352_fpkdepan-mcf_Applicant.jpeg
tempatusahadepan-mcf;2025052622024465293352_tempatusahadepan-mcf_Applicant.jpeg
rumahdepan-mcf;2025052622024465293352_rumahdepan-mcf_Applicant.jpeg
pasanganttdcmo-mcf;2025052622024465293352_pasanganttdcmo-mcf_Applicant.jpeg
nasabahttdcmo-mcf;2025052622024465293352_nasabahttdcmo-mcf_Applicant.jpeg
allobank-mcf;2025052622024465293352_allobank-mcf_Applicant.jpeg
rumahjalan-mcf;2025052622024465293352_rumahjalan-mcf_Applicant.jpeg
salaryslip-mcf;2025052622024465293352_salaryslip-mcf_Applicant.jpeg
nomorrumah-mcf;2025052622024465293352_nomorrumah-mcf_Applicant.jpeg
dalamrumah-mcf;2025052622024465293352_dalamrumah-mcf_Applicant.jpeg
pricelist-mcf;2025052622024465293352_pricelist-mcf_Applicant.jpeg
buktipenghasilanusaha-mcf;2025052622024465293352_buktipenghasilanusaha-mcf_Applicant.jpeg
perizinanusaha-mcf;2025052622024465293352_perizinanusaha-mcf_Applicant.jpeg
buktikepemilikanusaha-mcf;2025052622024465293352_buktikepemilikanusaha-mcf_Applicant.jpeg
pbbrekening-mcf;2025052622022615877400_pbbrekening-mcf_Applicant.jpeg
kksuratnikah-mcf;2025052622022615877400_kksuratnikah-mcf_Applicant.jpeg
halamandepanbukutabungan-mcf;2025052622022615877400_halamandepanbukutabungan-mcf_Applicant.jpeg
fpkbelakang-mcf;2025052622022615877400_fpkbelakang-mcf_Applicant.jpeg
fpkdepan-mcf;2025052622022615877400_fpkdepan-mcf_Applicant.jpeg
tempatusahadepan-mcf;2025052622022615877400_tempatusahadepan-mcf_Applicant.jpeg
rumahdepan-mcf;2025052622022615877400_rumahdepan-mcf_Applicant.jpeg
allobank-mcf;2025052622025007892859_allobank-mcf_Applicant.jpeg
rumahjalan-mcf;2025052622025007892859_rumahjalan-mcf_Applicant.jpeg
salaryslip-mcf;2025052622025007892859_salaryslip-mcf_Applicant.jpeg
nomorrumah-mcf;2025052622025007892859_nomorrumah-mcf_Applicant.jpeg
dalamrumah-mcf;2025052622025007892859_dalamrumah-mcf_Applicant.jpeg
pricelist-mcf;2025052622025007892859_pricelist-mcf_Applicant.jpeg
pbbrekening-mcf;2025052622011252453087_pbbrekening-mcf_Applicant.jpeg
kksuratnikah-mcf;2025052622011252453087_kksuratnikah-mcf_Applicant.jpeg
halamandepanbukutabungan-mcf;2025052622011252453087_halamandepanbukutabungan-mcf_Applicant.jpeg
fpkbelakang-mcf;2025052622011252453087_fpkbelakang-mcf_Applicant.jpeg
fpkdepan-mcf;2025052622011252453087_fpkdepan-mcf_Applicant.jpeg
tempatusahadepan-mcf;2025052622011252453087_tempatusahadepan-mcf_Applicant.jpeg
rumahdepan-mcf;2025052622011252453087_rumahdepan-mcf_Applicant.jpeg
pasanganttdcmo-mcf;2025052622011252453087_pasanganttdcmo-mcf_Applicant.jpeg
nasabahttdcmo-mcf;2025052622011252453087_nasabahttdcmo-mcf_Applicant.jpeg
allobank-mcf;2025052622011252453087_allobank-mcf_Applicant.jpeg
rumahjalan-mcf;2025052622011252453087_rumahjalan-mcf_Applicant.jpeg
rumahdepan-mcf;2025052622023281254479_rumahdepan-mcf_Applicant.jpeg
pasanganttdcmo-mcf;2025052622023281254479_pasanganttdcmo-mcf_Applicant.jpeg
nasabahttdcmo-mcf;2025052622023281254479_nasabahttdcmo-mcf_Applicant.jpeg
allobank-mcf;2025052622023281254479_allobank-mcf_Applicant.jpeg
rumahjalan-mcf;2025052622023281254479_rumahjalan-mcf_Applicant.jpeg
bpkbdepan-mcf;2025052622023281254479_bpkbdepan-mcf_Applicant.jpeg
bpkbbelakang-mcf;2025052622023281254479_bpkbbelakang-mcf_Applicant.jpeg
stnkpajak-mcf;2025052622023281254479_stnkpajak-mcf_Applicant.jpeg
unitdepankanan-mcf;2025052622023281254479_unitdepankanan-mcf_Applicant.jpeg
unitdepankiri-mcf;2025052622023281254479_unitdepankiri-mcf_Applicant.jpeg
salaryslip-mcf;2025052622023281254479_salaryslip-mcf_Applicant.jpeg
nomorrumah-mcf;2025052622023281254479_nomorrumah-mcf_Applicant.jpeg
dalamrumah-mcf;2025052622023281254479_dalamrumah-mcf_Applicant.jpeg
buktipenghasilanusaha-mcf;2025052622023281254479_buktipenghasilanusaha-mcf_Applicant.jpeg
perizinanusaha-mcf;2025052622023281254479_perizinanusaha-mcf_Applicant.jpeg
buktikepemilikanusaha-mcf;2025052622023281254479_buktikepemilikanusaha-mcf_Applicant.jpeg
pasanganttdcmo-mcf;2025052622022615877400_pasanganttdcmo-mcf_Applicant.jpeg
nasabahttdcmo-mcf;2025052622022615877400_nasabahttdcmo-mcf_Applicant.jpeg
allobank-mcf;2025052622022615877400_allobank-mcf_Applicant.jpeg
rumahjalan-mcf;2025052622022615877400_rumahjalan-mcf_Applicant.jpeg
salaryslip-mcf;2025052622022615877400_salaryslip-mcf_Applicant.jpeg
nomorrumah-mcf;2025052622022615877400_nomorrumah-mcf_Applicant.jpeg
dalamrumah-mcf;2025052622022615877400_dalamrumah-mcf_Applicant.jpeg
pricelist-mcf;2025052622022615877400_pricelist-mcf_Applicant.jpeg
pbbrekening-mcf;2025052622023025423171_pbbrekening-mcf_Applicant.jpeg
kksuratnikah-mcf;2025052622023025423171_kksuratnikah-mcf_Applicant.jpeg
halamandepanbukutabungan-mcf;2025052622023025423171_halamandepanbukutabungan-mcf_Applicant.jpeg
fpkbelakang-mcf;2025052622023025423171_fpkbelakang-mcf_Applicant.jpeg
fpkdepan-mcf;2025052622023025423171_fpkdepan-mcf_Applicant.jpeg
tempatusahadepan-mcf;2025052622023025423171_tempatusahadepan-mcf_Applicant.jpeg
rumahdepan-mcf;2025052622023025423171_rumahdepan-mcf_Applicant.jpeg
pasanganttdcmo-mcf;2025052622023025423171_pasanganttdcmo-mcf_Applicant.jpeg
nasabahttdcmo-mcf;2025052622023025423171_nasabahttdcmo-mcf_Applicant.jpeg
allobank-mcf;2025052622023025423171_allobank-mcf_Applicant.jpeg
rumahjalan-mcf;2025052622023025423171_rumahjalan-mcf_Applicant.jpeg
bpkbdepan-mcf;2025052622023025423171_bpkbdepan-mcf_Applicant.jpeg
bpkbbelakang-mcf;2025052622023025423171_bpkbbelakang-mcf_Applicant.jpeg
stnkpajak-mcf;2025052622023025423171_stnkpajak-mcf_Applicant.jpeg
pbbrekening-mcf;2025052522024600066521_pbbrekening-mcf_Applicant.jpeg
kksuratnikah-mcf;2025052522024600066521_kksuratnikah-mcf_Applicant.jpeg
halamandepanbukutabungan-mcf;2025052522024600066521_halamandepanbukutabungan-mcf_Applicant.jpeg
fpkbelakang-mcf;2025052522024600066521_fpkbelakang-mcf_Applicant.jpeg
fpkdepan-mcf;2025052522024600066521_fpkdepan-mcf_Applicant.jpeg
tempatusahadepan-mcf;2025052522024600066521_tempatusahadepan-mcf_Applicant.jpeg
rumahdepan-mcf;2025052522024600066521_rumahdepan-mcf_Applicant.jpeg
pasanganttdcmo-mcf;2025052522024600066521_pasanganttdcmo-mcf_Applicant.jpeg
nasabahttdcmo-mcf;2025052522024600066521_nasabahttdcmo-mcf_Applicant.jpeg
allobank-mcf;2025052522024600066521_allobank-mcf_Applicant.jpeg
rumahjalan-mcf;2025052522024600066521_rumahjalan-mcf_Applicant.jpeg
bpkbdepan-mcf;2025052522024600066521_bpkbdepan-mcf_Applicant.jpeg
bpkbbelakang-mcf;2025052522024600066521_bpkbbelakang-mcf_Applicant.jpeg
stnkpajak-mcf;2025052522024600066521_stnkpajak-mcf_Applicant.jpeg
unitdepankanan-mcf;2025052522024600066521_unitdepankanan-mcf_Applicant.jpeg
unitdepankiri-mcf;2025052522024600066521_unitdepankiri-mcf_Applicant.jpeg
salaryslip-mcf;2025052522024600066521_salaryslip-mcf_Applicant.jpeg
nomorrumah-mcf;2025052522024600066521_nomorrumah-mcf_Applicant.jpeg
dalamrumah-mcf;2025052522024600066521_dalamrumah-mcf_Applicant.jpeg
rangkanomesin-mcf;2025052522024600066521_rangkanomesin-mcf_Applicant.jpeg
pbbrekening-mcf;2025052422024411649259_pbbrekening-mcf_Applicant.jpeg
kksuratnikah-mcf;2025052422024411649259_kksuratnikah-mcf_Applicant.jpeg
halamandepanbukutabungan-mcf;2025052422024411649259_halamandepanbukutabungan-mcf_Applicant.jpeg
nasabahttdcmo-mcf;2025052422025144398023_nasabahttdcmo-mcf_Applicant.jpeg
allobank-mcf;2025052422025144398023_allobank-mcf_Applicant.jpeg
rumahjalan-mcf;2025052422025144398023_rumahjalan-mcf_Applicant.jpeg
salaryslip-mcf;2025052422025144398023_salaryslip-mcf_Applicant.jpeg
nomorrumah-mcf;2025052422025144398023_nomorrumah-mcf_Applicant.jpeg
dalamrumah-mcf;2025052422025144398023_dalamrumah-mcf_Applicant.jpeg
pricelist-mcf;2025052422025144398023_pricelist-mcf_Applicant.jpeg
pbbrekening-mcf;2025052622024270269408_pbbrekening-mcf_Applicant.jpeg
kksuratnikah-mcf;2025052622024270269408_kksuratnikah-mcf_Applicant.jpeg
halamandepanbukutabungan-mcf;2025052622024270269408_halamandepanbukutabungan-mcf_Applicant.jpeg
fpkbelakang-mcf;2025052622024270269408_fpkbelakang-mcf_Applicant.jpeg
fpkdepan-mcf;2025052622024270269408_fpkdepan-mcf_Applicant.jpeg
tempatusahadepan-mcf;2025052622024270269408_tempatusahadepan-mcf_Applicant.jpeg
rumahdepan-mcf;2025052622024270269408_rumahdepan-mcf_Applicant.jpeg
pasanganttdcmo-mcf;2025052622024270269408_pasanganttdcmo-mcf_Applicant.jpeg
nasabahttdcmo-mcf;2025052622024270269408_nasabahttdcmo-mcf_Applicant.jpeg
allobank-mcf;2025052622024270269408_allobank-mcf_Applicant.jpeg
pasanganttdcmo-mcf;2025051722015188431581_pasanganttdcmo-mcf_Applicant.jpeg
nasabahttdcmo-mcf;2025051722015188431581_nasabahttdcmo-mcf_Applicant.jpeg
allobank-mcf;2025051722015188431581_allobank-mcf_Applicant.jpeg
rumahjalan-mcf;2025051722015188431581_rumahjalan-mcf_Applicant.jpeg
salaryslip-mcf;2025051722015188431581_salaryslip-mcf_Applicant.jpeg
nomorrumah-mcf;2025051722015188431581_nomorrumah-mcf_Applicant.jpeg
dalamrumah-mcf;2025051722015188431581_dalamrumah-mcf_Applicant.jpeg
pricelist-mcf;2025051722015188431581_pricelist-mcf_Applicant.jpeg
pbbrekening-mcf;2025051722022661865525_pbbrekening-mcf_Applicant.jpeg
kksuratnikah-mcf;2025051722022661865525_kksuratnikah-mcf_Applicant.jpeg
halamandepanbukutabungan-mcf;2025051722022661865525_halamandepanbukutabungan-mcf_Applicant.jpeg
fpkbelakang-mcf;2025051722022661865525_fpkbelakang-mcf_Applicant.jpeg
fpkdepan-mcf;2025051722022661865525_fpkdepan-mcf_Applicant.jpeg
tempatusahadepan-mcf;2025051722022661865525_tempatusahadepan-mcf_Applicant.jpeg
rumahdepan-mcf;2025051722022661865525_rumahdepan-mcf_Applicant.jpeg
unitdepankanan-mcf;2025052622023025423171_unitdepankanan-mcf_Applicant.jpeg
unitdepankiri-mcf;2025052622023025423171_unitdepankiri-mcf_Applicant.jpeg
salaryslip-mcf;2025052622023025423171_salaryslip-mcf_Applicant.jpeg
nomorrumah-mcf;2025052622023025423171_nomorrumah-mcf_Applicant.jpeg
dalamrumah-mcf;2025052622023025423171_dalamrumah-mcf_Applicant.jpeg
rangkanomesin-mcf;2025052622023025423171_rangkanomesin-mcf_Applicant.jpeg
pbbrekening-mcf;2025052422025144398023_pbbrekening-mcf_Applicant.jpeg
kksuratnikah-mcf;2025052422025144398023_kksuratnikah-mcf_Applicant.jpeg
halamandepanbukutabungan-mcf;2025052422025144398023_halamandepanbukutabungan-mcf_Applicant.jpeg
fpkbelakang-mcf;2025052422025144398023_fpkbelakang-mcf_Applicant.jpeg
fpkdepan-mcf;2025052422025144398023_fpkdepan-mcf_Applicant.jpeg
tempatusahadepan-mcf;2025052422025144398023_tempatusahadepan-mcf_Applicant.jpeg
rumahdepan-mcf;2025052422025144398023_rumahdepan-mcf_Applicant.jpeg
pasanganttdcmo-mcf;2025052422025144398023_pasanganttdcmo-mcf_Applicant.jpeg
pbbrekening-mcf;2025052622023575693384_pbbrekening-mcf_Applicant.jpeg
kksuratnikah-mcf;2025052622023575693384_kksuratnikah-mcf_Applicant.jpeg
halamandepanbukutabungan-mcf;2025052622023575693384_halamandepanbukutabungan-mcf_Applicant.jpeg
fpkbelakang-mcf;2025052622023575693384_fpkbelakang-mcf_Applicant.jpeg
fpkdepan-mcf;2025052622023575693384_fpkdepan-mcf_Applicant.jpeg
tempatusahadepan-mcf;2025052622023575693384_tempatusahadepan-mcf_Applicant.jpeg
rumahdepan-mcf;2025052622023575693384_rumahdepan-mcf_Applicant.jpeg
pasanganttdcmo-mcf;2025052622023575693384_pasanganttdcmo-mcf_Applicant.jpeg
nasabahttdcmo-mcf;2025052622023575693384_nasabahttdcmo-mcf_Applicant.jpeg
allobank-mcf;2025052622023575693384_allobank-mcf_Applicant.jpeg
rumahjalan-mcf;2025052622023575693384_rumahjalan-mcf_Applicant.jpeg
salaryslip-mcf;2025052622023575693384_salaryslip-mcf_Applicant.jpeg
nomorrumah-mcf;2025052622023575693384_nomorrumah-mcf_Applicant.jpeg
dalamrumah-mcf;2025052622023575693384_dalamrumah-mcf_Applicant.jpeg
pricelist-mcf;2025052622023575693384_pricelist-mcf_Applicant.jpeg
rumahjalan-mcf;2025052622024270269408_rumahjalan-mcf_Applicant.jpeg
salaryslip-mcf;2025052622024270269408_salaryslip-mcf_Applicant.jpeg
nomorrumah-mcf;2025052622024270269408_nomorrumah-mcf_Applicant.jpeg
dalamrumah-mcf;2025052622024270269408_dalamrumah-mcf_Applicant.jpeg
pricelist-mcf;2025052622024270269408_pricelist-mcf_Applicant.jpeg
dalamrumah-mcf;2025052622024121946439_dalamrumah-mcf_Applicant.jpeg
pricelist-mcf;2025052622024121946439_pricelist-mcf_Applicant.jpeg
pbbrekening-mcf;2025052422023025426522_pbbrekening-mcf_Applicant.png
kksuratnikah-mcf;2025052422023025426522_kksuratnikah-mcf_Applicant.jpeg
halamandepanbukutabungan-mcf;2025052422023025426522_halamandepanbukutabungan-mcf_Applicant.jpeg
fpkbelakang-mcf;2025052422023025426522_fpkbelakang-mcf_Applicant.jpeg
fpkdepan-mcf;2025052422023025426522_fpkdepan-mcf_Applicant.jpeg
tempatusahadepan-mcf;2025052422023025426522_tempatusahadepan-mcf_Applicant.jpeg
rumahdepan-mcf;2025052422023025426522_rumahdepan-mcf_Applicant.jpeg
pasanganttdcmo-mcf;2025052422023025426522_pasanganttdcmo-mcf_Applicant.jpeg
nasabahttdcmo-mcf;2025052422023025426522_nasabahttdcmo-mcf_Applicant.jpeg
allobank-mcf;2025052422023025426522_allobank-mcf_Applicant.jpeg
rumahjalan-mcf;2025052422023025426522_rumahjalan-mcf_Applicant.jpeg
bpkbdepan-mcf;2025052422023025426522_bpkbdepan-mcf_Applicant.jpeg
bpkbbelakang-mcf;2025052422023025426522_bpkbbelakang-mcf_Applicant.jpeg
stnkpajak-mcf;2025052422023025426522_stnkpajak-mcf_Applicant.jpeg
pbbrekening-mcf;2025052622024121946439_pbbrekening-mcf_Applicant.jpeg
kksuratnikah-mcf;2025052622024121946439_kksuratnikah-mcf_Applicant.jpeg
halamandepanbukutabungan-mcf;2025052622024121946439_halamandepanbukutabungan-mcf_Applicant.jpeg
fpkbelakang-mcf;2025052622024121946439_fpkbelakang-mcf_Applicant.jpeg
fpkdepan-mcf;2025052622024121946439_fpkdepan-mcf_Applicant.jpeg
tempatusahadepan-mcf;2025052622024121946439_tempatusahadepan-mcf_Applicant.jpeg
rumahdepan-mcf;2025052622024121946439_rumahdepan-mcf_Applicant.jpeg
pasanganttdcmo-mcf;2025052622024121946439_pasanganttdcmo-mcf_Applicant.jpeg
nasabahttdcmo-mcf;2025052622024121946439_nasabahttdcmo-mcf_Applicant.jpeg
allobank-mcf;2025052622024121946439_allobank-mcf_Applicant.jpeg
rumahjalan-mcf;2025052622024121946439_rumahjalan-mcf_Applicant.jpeg
salaryslip-mcf;2025052622024121946439_salaryslip-mcf_Applicant.jpeg
nomorrumah-mcf;2025052622024121946439_nomorrumah-mcf_Applicant.jpeg
unitdepankanan-mcf;2025052422023025426522_unitdepankanan-mcf_Applicant.jpeg
unitdepankiri-mcf;2025052422023025426522_unitdepankiri-mcf_Applicant.jpeg
salaryslip-mcf;2025052422023025426522_salaryslip-mcf_Applicant.jpeg
nomorrumah-mcf;2025052422023025426522_nomorrumah-mcf_Applicant.jpeg
dalamrumah-mcf;2025052422023025426522_dalamrumah-mcf_Applicant.jpeg
rangkanomesin-mcf;2025052422023025426522_rangkanomesin-mcf_Applicant.jpeg
pbbrekening-mcf;2025052622021258153762_pbbrekening-mcf_Applicant.jpeg
kksuratnikah-mcf;2025052622021258153762_kksuratnikah-mcf_Applicant.jpeg
halamandepanbukutabungan-mcf;2025052622021258153762_halamandepanbukutabungan-mcf_Applicant.jpeg
fpkbelakang-mcf;2025052622021258153762_fpkbelakang-mcf_Applicant.jpeg
fpkdepan-mcf;2025052622021258153762_fpkdepan-mcf_Applicant.jpeg
tempatusahadepan-mcf;2025052622021258153762_tempatusahadepan-mcf_Applicant.jpeg
rumahdepan-mcf;2025052622021258153762_rumahdepan-mcf_Applicant.jpeg
pasanganttdcmo-mcf;2025052622023281295228_pasanganttdcmo-mcf_Applicant.jpeg
nasabahttdcmo-mcf;2025052622023281295228_nasabahttdcmo-mcf_Applicant.jpeg
allobank-mcf;2025052622023281295228_allobank-mcf_Applicant.jpeg
rumahjalan-mcf;2025052622023281295228_rumahjalan-mcf_Applicant.jpeg
bpkbdepan-mcf;2025052622023281295228_bpkbdepan-mcf_Applicant.jpeg
bpkbbelakang-mcf;2025052622023281295228_bpkbbelakang-mcf_Applicant.jpeg
stnkpajak-mcf;2025052622023281295228_stnkpajak-mcf_Applicant.jpeg
unitdepankanan-mcf;2025052622023281295228_unitdepankanan-mcf_Applicant.jpeg
unitdepankiri-mcf;2025052622023281295228_unitdepankiri-mcf_Applicant.jpeg
salaryslip-mcf;2025052622023281295228_salaryslip-mcf_Applicant.jpeg
nomorrumah-mcf;2025052622023281295228_nomorrumah-mcf_Applicant.jpeg
dalamrumah-mcf;2025052622023281295228_dalamrumah-mcf_Applicant.jpeg
rangkanomesin-mcf;2025052622023281295228_rangkanomesin-mcf_Applicant.jpeg
pasanganttdcmo-mcf;2025052622021258153762_pasanganttdcmo-mcf_Applicant.jpeg
nasabahttdcmo-mcf;2025052622021258153762_nasabahttdcmo-mcf_Applicant.jpeg
allobank-mcf;2025052622021258153762_allobank-mcf_Applicant.jpeg
rumahjalan-mcf;2025052622021258153762_rumahjalan-mcf_Applicant.jpeg
salaryslip-mcf;2025052622021258153762_salaryslip-mcf_Applicant.jpeg
nomorrumah-mcf;2025052622021258153762_nomorrumah-mcf_Applicant.jpeg
dalamrumah-mcf;2025052622021258153762_dalamrumah-mcf_Applicant.jpeg
pricelist-mcf;2025052622021258153762_pricelist-mcf_Applicant.jpeg
buktipenghasilanusaha-mcf;2025052622021258153762_buktipenghasilanusaha-mcf_Applicant.jpeg
perizinanusaha-mcf;2025052622021258153762_perizinanusaha-mcf_Applicant.jpeg
buktikepemilikanusaha-mcf;2025052622021258153762_buktikepemilikanusaha-mcf_Applicant.jpeg
pbbrekening-mcf;2025052622023281295228_pbbrekening-mcf_Applicant.jpeg
kksuratnikah-mcf;2025052622023281295228_kksuratnikah-mcf_Applicant.jpeg
halamandepanbukutabungan-mcf;2025052622023281295228_halamandepanbukutabungan-mcf_Applicant.jpeg
fpkbelakang-mcf;2025052622023281295228_fpkbelakang-mcf_Applicant.jpeg
fpkdepan-mcf;2025052622023281295228_fpkdepan-mcf_Applicant.jpeg
tempatusahadepan-mcf;2025052622023281295228_tempatusahadepan-mcf_Applicant.jpeg
rumahdepan-mcf;2025052622023281295228_rumahdepan-mcf_Applicant.jpeg
pbbrekening-mcf;2025052622024219099638_pbbrekening-mcf_Applicant.jpeg
kksuratnikah-mcf;2025052622024219099638_kksuratnikah-mcf_Applicant.jpeg
halamandepanbukutabungan-mcf;2025052622024219099638_halamandepanbukutabungan-mcf_Applicant.jpeg
fpkbelakang-mcf;2025052622024219099638_fpkbelakang-mcf_Applicant.jpeg
fpkdepan-mcf;2025052622024219099638_fpkdepan-mcf_Applicant.jpeg
tempatusahadepan-mcf;2025052622024219099638_tempatusahadepan-mcf_Applicant.jpeg
rumahdepan-mcf;2025052622024219099638_rumahdepan-mcf_Applicant.jpeg
pasanganttdcmo-mcf;2025052622024219099638_pasanganttdcmo-mcf_Applicant.jpeg
nasabahttdcmo-mcf;2025052622024219099638_nasabahttdcmo-mcf_Applicant.jpeg
allobank-mcf;2025052622024219099638_allobank-mcf_Applicant.jpeg
rumahjalan-mcf;2025052622024219099638_rumahjalan-mcf_Applicant.jpeg
salaryslip-mcf;2025052622024219099638_salaryslip-mcf_Applicant.jpeg
nomorrumah-mcf;2025052622025097875811_nomorrumah-mcf_Applicant.jpeg
dalamrumah-mcf;2025052622025097875811_dalamrumah-mcf_Applicant.jpeg
pricelist-mcf;2025052622025097875811_pricelist-mcf_Applicant.jpeg
buktipenghasilanusaha-mcf;2025052622025097875811_buktipenghasilanusaha-mcf_Applicant.jpeg
perizinanusaha-mcf;2025052622025097875811_perizinanusaha-mcf_Applicant.jpeg
buktikepemilikanusaha-mcf;2025052622025097875811_buktikepemilikanusaha-mcf_Applicant.jpeg
pbbrekening-mcf;2025052622021302597623_pbbrekening-mcf_Applicant.jpeg
kksuratnikah-mcf;2025052622021302597623_kksuratnikah-mcf_Applicant.jpeg
halamandepanbukutabungan-mcf;2025052622021302597623_halamandepanbukutabungan-mcf_Applicant.jpeg
fpkbelakang-mcf;2025052622021302597623_fpkbelakang-mcf_Applicant.jpeg
fpkdepan-mcf;2025052622021302597623_fpkdepan-mcf_Applicant.jpeg
tempatusahadepan-mcf;2025052622021302597623_tempatusahadepan-mcf_Applicant.jpeg
rumahdepan-mcf;2025052622021302597623_rumahdepan-mcf_Applicant.jpeg
pasanganttdcmo-mcf;2025052622021302597623_pasanganttdcmo-mcf_Applicant.jpeg
nasabahttdcmo-mcf;2025052622021302597623_nasabahttdcmo-mcf_Applicant.jpeg
nomorrumah-mcf;2025052622024219099638_nomorrumah-mcf_Applicant.jpeg
dalamrumah-mcf;2025052622024219099638_dalamrumah-mcf_Applicant.jpeg
pricelist-mcf;2025052622024219099638_pricelist-mcf_Applicant.jpeg
buktipenghasilanusaha-mcf;2025052622024219099638_buktipenghasilanusaha-mcf_Applicant.jpeg
perizinanusaha-mcf;2025052622024219099638_perizinanusaha-mcf_Applicant.jpeg
buktikepemilikanusaha-mcf;2025052622024219099638_buktikepemilikanusaha-mcf_Applicant.jpeg
pbbrekening-mcf;2025052622025097875811_pbbrekening-mcf_Applicant.jpeg
kksuratnikah-mcf;2025052622025097875811_kksuratnikah-mcf_Applicant.jpeg
halamandepanbukutabungan-mcf;2025052622025097875811_halamandepanbukutabungan-mcf_Applicant.jpeg
fpkbelakang-mcf;2025052622025097875811_fpkbelakang-mcf_Applicant.jpeg
fpkdepan-mcf;2025052622025097875811_fpkdepan-mcf_Applicant.jpeg
tempatusahadepan-mcf;2025052622025097875811_tempatusahadepan-mcf_Applicant.jpeg
rumahdepan-mcf;2025052622025097875811_rumahdepan-mcf_Applicant.jpeg
pasanganttdcmo-mcf;2025052622025097875811_pasanganttdcmo-mcf_Applicant.jpeg
nasabahttdcmo-mcf;2025052622025097875811_nasabahttdcmo-mcf_Applicant.jpeg
allobank-mcf;2025052622025097875811_allobank-mcf_Applicant.jpeg
rumahjalan-mcf;2025052622025097875811_rumahjalan-mcf_Applicant.jpeg
salaryslip-mcf;2025052622025097875811_salaryslip-mcf_Applicant.jpeg
pasanganttdcmo-mcf;2025052422024600848715_pasanganttdcmo-mcf_Applicant.jpeg
nasabahttdcmo-mcf;2025052422024600848715_nasabahttdcmo-mcf_Applicant.jpeg
allobank-mcf;2025052422024600848715_allobank-mcf_Applicant.jpeg
rumahjalan-mcf;2025052422024600848715_rumahjalan-mcf_Applicant.jpeg
salaryslip-mcf;2025052422024600848715_salaryslip-mcf_Applicant.jpeg
nomorrumah-mcf;2025052422024600848715_nomorrumah-mcf_Applicant.jpeg
dalamrumah-mcf;2025052422024600848715_dalamrumah-mcf_Applicant.jpeg
pricelist-mcf;2025052422024600848715_pricelist-mcf_Applicant.jpeg
pbbrekening-mcf;2025052622023233557816_pbbrekening-mcf_Applicant.jpeg
kksuratnikah-mcf;2025052622023233557816_kksuratnikah-mcf_Applicant.jpeg
halamandepanbukutabungan-mcf;2025052622023233557816_halamandepanbukutabungan-mcf_Applicant.jpeg
fpkbelakang-mcf;2025052622023233557816_fpkbelakang-mcf_Applicant.jpeg
fpkdepan-mcf;2025052622023233557816_fpkdepan-mcf_Applicant.jpeg
tempatusahadepan-mcf;2025052622023233557816_tempatusahadepan-mcf_Applicant.jpeg
rumahdepan-mcf;2025052622023233557816_rumahdepan-mcf_Applicant.jpeg
pasanganttdcmo-mcf;2025052622023233557816_pasanganttdcmo-mcf_Applicant.jpeg
nasabahttdcmo-mcf;2025052622023233557816_nasabahttdcmo-mcf_Applicant.jpeg
allobank-mcf;2025052622023233557816_allobank-mcf_Applicant.jpeg
rumahjalan-mcf;2025052622023233557816_rumahjalan-mcf_Applicant.jpeg
salaryslip-mcf;2025052622023233557816_salaryslip-mcf_Applicant.jpeg
nomorrumah-mcf;2025052622023233557816_nomorrumah-mcf_Applicant.jpeg
dalamrumah-mcf;2025052622023233557816_dalamrumah-mcf_Applicant.jpeg
pricelist-mcf;2025052622023233557816_pricelist-mcf_Applicant.jpeg
pbbrekening-mcf;2025052622021341151511_pbbrekening-mcf_Applicant.jpeg
kksuratnikah-mcf;2025052622021341151511_kksuratnikah-mcf_Applicant.jpeg
halamandepanbukutabungan-mcf;2025052622021341151511_halamandepanbukutabungan-mcf_Applicant.jpeg
fpkbelakang-mcf;2025052622021341151511_fpkbelakang-mcf_Applicant.jpeg
fpkdepan-mcf;2025052622021341151511_fpkdepan-mcf_Applicant.jpeg
rumahdepan-mcf;2025052022014705050465_rumahdepan-mcf_Applicant.jpeg
pasanganttdcmo-mcf;2025052022014705050465_pasanganttdcmo-mcf_Applicant.jpeg
nasabahttdcmo-mcf;2025052022014705050465_nasabahttdcmo-mcf_Applicant.jpeg
allobank-mcf;2025052022014705050465_allobank-mcf_Applicant.jpeg
rumahjalan-mcf;2025052022014705050465_rumahjalan-mcf_Applicant.jpeg
salaryslip-mcf;2025052022014705050465_salaryslip-mcf_Applicant.jpeg
nomorrumah-mcf;2025052022014705050465_nomorrumah-mcf_Applicant.jpeg
dalamrumah-mcf;2025052022014705050465_dalamrumah-mcf_Applicant.jpeg
pricelist-mcf;2025052022014705050465_pricelist-mcf_Applicant.jpeg
buktipenghasilanusaha-mcf;2025052022014705050465_buktipenghasilanusaha-mcf_Applicant.jpeg
perizinanusaha-mcf;2025052022014705050465_perizinanusaha-mcf_Applicant.jpeg
buktikepemilikanusaha-mcf;2025052022014705050465_buktikepemilikanusaha-mcf_Applicant.jpeg
tempatusahadepan-mcf;2025052622021341151511_tempatusahadepan-mcf_Applicant.jpeg
rumahdepan-mcf;2025052622021341151511_rumahdepan-mcf_Applicant.jpeg
pasanganttdcmo-mcf;2025052622021341151511_pasanganttdcmo-mcf_Applicant.jpeg
nasabahttdcmo-mcf;2025052622021341151511_nasabahttdcmo-mcf_Applicant.jpeg
allobank-mcf;2025052622021341151511_allobank-mcf_Applicant.jpeg
rumahjalan-mcf;2025052622021341151511_rumahjalan-mcf_Applicant.jpeg
salaryslip-mcf;2025052622021341151511_salaryslip-mcf_Applicant.jpeg
nomorrumah-mcf;2025052622021341151511_nomorrumah-mcf_Applicant.jpeg
dalamrumah-mcf;2025052622021341151511_dalamrumah-mcf_Applicant.jpeg
pricelist-mcf;2025052622021341151511_pricelist-mcf_Applicant.jpeg
pbbrekening-mcf;2025052022014705050465_pbbrekening-mcf_Applicant.jpeg
kksuratnikah-mcf;2025052022014705050465_kksuratnikah-mcf_Applicant.jpeg
halamandepanbukutabungan-mcf;2025052022014705050465_halamandepanbukutabungan-mcf_Applicant.jpeg
fpkbelakang-mcf;2025052022014705050465_fpkbelakang-mcf_Applicant.jpeg
fpkdepan-mcf;2025052022014705050465_fpkdepan-mcf_Applicant.jpeg
tempatusahadepan-mcf;2025052022014705050465_tempatusahadepan-mcf_Applicant.jpeg
pbbrekening-mcf;2025052622025144352888_pbbrekening-mcf_Applicant.jpeg
kksuratnikah-mcf;2025052622025144352888_kksuratnikah-mcf_Applicant.jpeg
halamandepanbukutabungan-mcf;2025052622025144352888_halamandepanbukutabungan-mcf_Applicant.jpeg
allobank-mcf;2025052622021302597623_allobank-mcf_Applicant.jpeg
rumahjalan-mcf;2025052622021302597623_rumahjalan-mcf_Applicant.jpeg
salaryslip-mcf;2025052622021302597623_salaryslip-mcf_Applicant.jpeg
nomorrumah-mcf;2025052622021302597623_nomorrumah-mcf_Applicant.jpeg
dalamrumah-mcf;2025052622021302597623_dalamrumah-mcf_Applicant.jpeg
pricelist-mcf;2025052622021302597623_pricelist-mcf_Applicant.jpeg
buktipenghasilanusaha-mcf;2025052622021302597623_buktipenghasilanusaha-mcf_Applicant.jpeg
perizinanusaha-mcf;2025052622021302597623_perizinanusaha-mcf_Applicant.jpeg
buktikepemilikanusaha-mcf;2025052622021302597623_buktikepemilikanusaha-mcf_Applicant.jpeg
pbbrekening-mcf;2025052422024600848715_pbbrekening-mcf_Applicant.jpeg
kksuratnikah-mcf;2025052422024600848715_kksuratnikah-mcf_Applicant.jpeg
halamandepanbukutabungan-mcf;2025052422024600848715_halamandepanbukutabungan-mcf_Applicant.jpeg
fpkbelakang-mcf;2025052422024600848715_fpkbelakang-mcf_Applicant.jpeg
fpkdepan-mcf;2025052422024600848715_fpkdepan-mcf_Applicant.jpeg
tempatusahadepan-mcf;2025052422024600848715_tempatusahadepan-mcf_Applicant.jpeg
rumahdepan-mcf;2025052422024600848715_rumahdepan-mcf_Applicant.jpeg
pbbrekening-mcf;2025052622024219056859_pbbrekening-mcf_Applicant.jpeg
kksuratnikah-mcf;2025052622024219056859_kksuratnikah-mcf_Applicant.jpeg
halamandepanbukutabungan-mcf;2025052622024219056859_halamandepanbukutabungan-mcf_Applicant.jpeg
fpkbelakang-mcf;2025052622024219056859_fpkbelakang-mcf_Applicant.jpeg
fpkdepan-mcf;2025052622024219056859_fpkdepan-mcf_Applicant.jpeg
tempatusahadepan-mcf;2025052622024219056859_tempatusahadepan-mcf_Applicant.jpeg
rumahdepan-mcf;2025052622024219056859_rumahdepan-mcf_Applicant.jpeg
pasanganttdcmo-mcf;2025052622024219056859_pasanganttdcmo-mcf_Applicant.jpeg
nasabahttdcmo-mcf;2025052622024219056859_nasabahttdcmo-mcf_Applicant.jpeg
allobank-mcf;2025052622024219056859_allobank-mcf_Applicant.jpeg
rumahjalan-mcf;2025052622024219056859_rumahjalan-mcf_Applicant.jpeg
salaryslip-mcf;2025052622024219056859_salaryslip-mcf_Applicant.jpeg
nomorrumah-mcf;2025052622024219056859_nomorrumah-mcf_Applicant.jpeg
dalamrumah-mcf;2025052622024219056859_dalamrumah-mcf_Applicant.jpeg
pricelist-mcf;2025052622024219056859_pricelist-mcf_Applicant.jpeg
pricelist-mcf;2025052622021258139553_pricelist-mcf_Applicant.jpeg
pbbrekening-mcf;2025052622021258139553_pbbrekening-mcf_Applicant.jpeg
kksuratnikah-mcf;2025052622021258139553_kksuratnikah-mcf_Applicant.jpeg
halamandepanbukutabungan-mcf;2025052622021258139553_halamandepanbukutabungan-mcf_Applicant.jpeg
fpkbelakang-mcf;2025052622021258139553_fpkbelakang-mcf_Applicant.jpeg
fpkdepan-mcf;2025052622021258139553_fpkdepan-mcf_Applicant.jpeg
tempatusahadepan-mcf;2025052622021258139553_tempatusahadepan-mcf_Applicant.jpeg
rumahdepan-mcf;2025052622021258139553_rumahdepan-mcf_Applicant.jpeg
pasanganttdcmo-mcf;2025052622021258139553_pasanganttdcmo-mcf_Applicant.jpeg
nasabahttdcmo-mcf;2025052622021258139553_nasabahttdcmo-mcf_Applicant.jpeg
allobank-mcf;2025052622021258139553_allobank-mcf_Applicant.jpeg
rumahjalan-mcf;2025052622021258139553_rumahjalan-mcf_Applicant.jpeg
salaryslip-mcf;2025052622021258139553_salaryslip-mcf_Applicant.jpeg
nomorrumah-mcf;2025052622021258139553_nomorrumah-mcf_Applicant.jpeg
dalamrumah-mcf;2025052622021258139553_dalamrumah-mcf_Applicant.jpeg
rumahjalan-mcf;2025052222025076140221_rumahjalan-mcf_Applicant.jpeg
salaryslip-mcf;2025052222025076140221_salaryslip-mcf_Applicant.jpeg
nomorrumah-mcf;2025052222025076140221_nomorrumah-mcf_Applicant.jpeg
dalamrumah-mcf;2025052222025076140221_dalamrumah-mcf_Applicant.jpeg
pricelist-mcf;2025052222025076140221_pricelist-mcf_Applicant.jpeg
pbbrekening-mcf;2025052622024005843328_pbbrekening-mcf_Applicant.jpeg
kksuratnikah-mcf;2025052622024005843328_kksuratnikah-mcf_Applicant.jpeg
halamandepanbukutabungan-mcf;2025052622024005843328_halamandepanbukutabungan-mcf_Applicant.jpeg
fpkbelakang-mcf;2025052622024005843328_fpkbelakang-mcf_Applicant.jpeg
fpkdepan-mcf;2025052622024005843328_fpkdepan-mcf_Applicant.jpeg
tempatusahadepan-mcf;2025052622024005843328_tempatusahadepan-mcf_Applicant.jpeg
pbbrekening-mcf;2025052222025076140221_pbbrekening-mcf_Applicant.jpeg
kksuratnikah-mcf;2025052222025076140221_kksuratnikah-mcf_Applicant.jpeg
halamandepanbukutabungan-mcf;2025052222025076140221_halamandepanbukutabungan-mcf_Applicant.jpeg
fpkbelakang-mcf;2025052222025076140221_fpkbelakang-mcf_Applicant.jpeg
fpkdepan-mcf;2025052222025076140221_fpkdepan-mcf_Applicant.jpeg
tempatusahadepan-mcf;2025052222025076140221_tempatusahadepan-mcf_Applicant.jpeg
rumahdepan-mcf;2025052222025076140221_rumahdepan-mcf_Applicant.jpeg
pasanganttdcmo-mcf;2025052222025076140221_pasanganttdcmo-mcf_Applicant.jpeg
nasabahttdcmo-mcf;2025052222025076140221_nasabahttdcmo-mcf_Applicant.jpeg
allobank-mcf;2025052222025076140221_allobank-mcf_Applicant.jpeg
rumahdepan-mcf;2025052622024600883919_rumahdepan-mcf_Applicant.jpeg
pasanganttdcmo-mcf;2025052622024600883919_pasanganttdcmo-mcf_Applicant.jpeg
nasabahttdcmo-mcf;2025052622024600883919_nasabahttdcmo-mcf_Applicant.jpeg
allobank-mcf;2025052622024600883919_allobank-mcf_Applicant.jpeg
rumahjalan-mcf;2025052622024600883919_rumahjalan-mcf_Applicant.jpeg
salaryslip-mcf;2025052622024600883919_salaryslip-mcf_Applicant.jpeg
nomorrumah-mcf;2025052622024600883919_nomorrumah-mcf_Applicant.jpeg
dalamrumah-mcf;2025052622024600883919_dalamrumah-mcf_Applicant.jpeg
pricelist-mcf;2025052622024600883919_pricelist-mcf_Applicant.jpeg
pbbrekening-mcf;2025052622024209276841_pbbrekening-mcf_Applicant.jpeg
kksuratnikah-mcf;2025052622024209276841_kksuratnikah-mcf_Applicant.jpeg
halamandepanbukutabungan-mcf;2025052622024209276841_halamandepanbukutabungan-mcf_Applicant.jpeg
fpkbelakang-mcf;2025052622024209276841_fpkbelakang-mcf_Applicant.jpeg
fpkdepan-mcf;2025052622024209276841_fpkdepan-mcf_Applicant.jpeg
rumahdepan-mcf;2025052622024005843328_rumahdepan-mcf_Applicant.jpeg
pasanganttdcmo-mcf;2025052622024005843328_pasanganttdcmo-mcf_Applicant.jpeg
nasabahttdcmo-mcf;2025052622024005843328_nasabahttdcmo-mcf_Applicant.jpeg
allobank-mcf;2025052622024005843328_allobank-mcf_Applicant.jpeg
rumahjalan-mcf;2025052622024005843328_rumahjalan-mcf_Applicant.jpeg
salaryslip-mcf;2025052622024005843328_salaryslip-mcf_Applicant.jpeg
nomorrumah-mcf;2025052622024005843328_nomorrumah-mcf_Applicant.jpeg
dalamrumah-mcf;2025052622024005843328_dalamrumah-mcf_Applicant.jpeg
pricelist-mcf;2025052622024005843328_pricelist-mcf_Applicant.jpeg
pbbrekening-mcf;2025052622024600883919_pbbrekening-mcf_Applicant.jpeg
kksuratnikah-mcf;2025052622024600883919_kksuratnikah-mcf_Applicant.jpeg
halamandepanbukutabungan-mcf;2025052622024600883919_halamandepanbukutabungan-mcf_Applicant.jpeg
fpkbelakang-mcf;2025052622024600883919_fpkbelakang-mcf_Applicant.jpeg
fpkdepan-mcf;2025052622024600883919_fpkdepan-mcf_Applicant.jpeg
tempatusahadepan-mcf;2025052622024600883919_tempatusahadepan-mcf_Applicant.jpeg
fpkbelakang-mcf;2025052622023528991871_fpkbelakang-mcf_Applicant.jpeg
fpkdepan-mcf;2025052622023528991871_fpkdepan-mcf_Applicant.jpeg
tempatusahadepan-mcf;2025052622023528991871_tempatusahadepan-mcf_Applicant.jpeg
rumahdepan-mcf;2025052622023528991871_rumahdepan-mcf_Applicant.jpeg
pasanganttdcmo-mcf;2025052622023528991871_pasanganttdcmo-mcf_Applicant.jpeg
nasabahttdcmo-mcf;2025052622023528991871_nasabahttdcmo-mcf_Applicant.jpeg
allobank-mcf;2025052622023528991871_allobank-mcf_Applicant.jpeg
rumahjalan-mcf;2025052622023528991871_rumahjalan-mcf_Applicant.jpeg
salaryslip-mcf;2025052622023528991871_salaryslip-mcf_Applicant.jpeg
nomorrumah-mcf;2025052622023528991871_nomorrumah-mcf_Applicant.jpeg
dalamrumah-mcf;2025052622023528991871_dalamrumah-mcf_Applicant.jpeg
pricelist-mcf;2025052622023528991871_pricelist-mcf_Applicant.jpeg
pbbrekening-mcf;2025052622023277472194_pbbrekening-mcf_Applicant.png
kksuratnikah-mcf;2025052622023277472194_kksuratnikah-mcf_Applicant.jpeg
halamandepanbukutabungan-mcf;2025052622023277472194_halamandepanbukutabungan-mcf_Applicant.jpeg
fpkbelakang-mcf;2025052622023277472194_fpkbelakang-mcf_Applicant.jpeg
pbbrekening-mcf;2025052322021277699666_pbbrekening-mcf_Applicant.jpeg
kksuratnikah-mcf;2025052322021277699666_kksuratnikah-mcf_Applicant.jpeg
halamandepanbukutabungan-mcf;2025052322021277699666_halamandepanbukutabungan-mcf_Applicant.jpeg
fpkbelakang-mcf;2025052322021277699666_fpkbelakang-mcf_Applicant.jpeg
fpkdepan-mcf;2025052322021277699666_fpkdepan-mcf_Applicant.jpeg
tempatusahadepan-mcf;2025052322021277699666_tempatusahadepan-mcf_Applicant.jpeg
rumahdepan-mcf;2025052322021277699666_rumahdepan-mcf_Applicant.jpeg
pasanganttdcmo-mcf;2025052322021277699666_pasanganttdcmo-mcf_Applicant.jpeg
nasabahttdcmo-mcf;2025052322021277699666_nasabahttdcmo-mcf_Applicant.jpeg
allobank-mcf;2025052322021277699666_allobank-mcf_Applicant.jpeg
rumahjalan-mcf;2025052322021277699666_rumahjalan-mcf_Applicant.jpeg
salaryslip-mcf;2025052322021277699666_salaryslip-mcf_Applicant.jpeg
nomorrumah-mcf;2025052322021277699666_nomorrumah-mcf_Applicant.jpeg
dalamrumah-mcf;2025052322021277699666_dalamrumah-mcf_Applicant.jpeg
pricelist-mcf;2025052322021277699666_pricelist-mcf_Applicant.jpeg
fpkdepan-mcf;2025052622023277472194_fpkdepan-mcf_Applicant.jpeg
tempatusahadepan-mcf;2025052622023277472194_tempatusahadepan-mcf_Applicant.jpeg
rumahdepan-mcf;2025052622023277472194_rumahdepan-mcf_Applicant.jpeg
pasanganttdcmo-mcf;2025052622023277472194_pasanganttdcmo-mcf_Applicant.jpeg
nasabahttdcmo-mcf;2025052622023277472194_nasabahttdcmo-mcf_Applicant.jpeg
allobank-mcf;2025052622023277472194_allobank-mcf_Applicant.jpeg
rumahjalan-mcf;2025052622023277472194_rumahjalan-mcf_Applicant.jpeg
salaryslip-mcf;2025052622023277472194_salaryslip-mcf_Applicant.jpeg
nomorrumah-mcf;2025052622023277472194_nomorrumah-mcf_Applicant.jpeg
dalamrumah-mcf;2025052622023277472194_dalamrumah-mcf_Applicant.jpeg
pricelist-mcf;2025052622023277472194_pricelist-mcf_Applicant.jpeg
buktipenghasilanusaha-mcf;2025052622023277472194_buktipenghasilanusaha-mcf_Applicant.jpeg
perizinanusaha-mcf;2025052622023277472194_perizinanusaha-mcf_Applicant.jpeg
buktikepemilikanusaha-mcf;2025052622023277472194_buktikepemilikanusaha-mcf_Applicant.jpeg
pbbrekening-mcf;2025052422024209269143_pbbrekening-mcf_Applicant.jpeg
kksuratnikah-mcf;2025052422024209269143_kksuratnikah-mcf_Applicant.jpeg
halamandepanbukutabungan-mcf;2025052422024209269143_halamandepanbukutabungan-mcf_Applicant.jpeg
fpkbelakang-mcf;2025052422024209269143_fpkbelakang-mcf_Applicant.jpeg
fpkdepan-mcf;2025052422024209269143_fpkdepan-mcf_Applicant.jpeg
tempatusahadepan-mcf;2025052422024209269143_tempatusahadepan-mcf_Applicant.jpeg
rumahdepan-mcf;2025052422024209269143_rumahdepan-mcf_Applicant.jpeg
pasanganttdcmo-mcf;2025052422024209269143_pasanganttdcmo-mcf_Applicant.jpeg
nasabahttdcmo-mcf;2025052422024209269143_nasabahttdcmo-mcf_Applicant.jpeg
allobank-mcf;2025052422024209269143_allobank-mcf_Applicant.jpeg
rumahjalan-mcf;2025052422024209269143_rumahjalan-mcf_Applicant.jpeg
salaryslip-mcf;2025052422024209269143_salaryslip-mcf_Applicant.jpeg
nomorrumah-mcf;2025052422024209269143_nomorrumah-mcf_Applicant.jpeg
dalamrumah-mcf;2025052422024209269143_dalamrumah-mcf_Applicant.jpeg
pricelist-mcf;2025052422024209269143_pricelist-mcf_Applicant.jpeg
pbbrekening-mcf;2025052622025103812142_pbbrekening-mcf_Applicant.jpeg
kksuratnikah-mcf;2025052622025103812142_kksuratnikah-mcf_Applicant.jpeg
halamandepanbukutabungan-mcf;2025052622025103812142_halamandepanbukutabungan-mcf_Applicant.jpeg
fpkbelakang-mcf;2025052622025103812142_fpkbelakang-mcf_Applicant.jpeg
fpkdepan-mcf;2025052622025103812142_fpkdepan-mcf_Applicant.jpeg
tempatusahadepan-mcf;2025052622025103812142_tempatusahadepan-mcf_Applicant.jpeg
rumahdepan-mcf;2025052622025103812142_rumahdepan-mcf_Applicant.jpeg
pasanganttdcmo-mcf;2025052622025103812142_pasanganttdcmo-mcf_Applicant.jpeg
nasabahttdcmo-mcf;2025052622025103812142_nasabahttdcmo-mcf_Applicant.jpeg
allobank-mcf;2025052622025103812142_allobank-mcf_Applicant.jpeg
rumahjalan-mcf;2025052622025103812142_rumahjalan-mcf_Applicant.jpeg
salaryslip-mcf;2025052622025103812142_salaryslip-mcf_Applicant.jpeg
nomorrumah-mcf;2025052622025103812142_nomorrumah-mcf_Applicant.jpeg
dalamrumah-mcf;2025052622025103812142_dalamrumah-mcf_Applicant.jpeg
pricelist-mcf;2025052622025103812142_pricelist-mcf_Applicant.jpeg
buktipenghasilanusaha-mcf;2025052622025103812142_buktipenghasilanusaha-mcf_Applicant.jpeg
perizinanusaha-mcf;2025052622025103812142_perizinanusaha-mcf_Applicant.jpeg
buktikepemilikanusaha-mcf;2025052622025103812142_buktikepemilikanusaha-mcf_Applicant.jpeg
pbbrekening-mcf;2025052622025007567267_pbbrekening-mcf_Applicant.jpeg
kksuratnikah-mcf;2025052622025007567267_kksuratnikah-mcf_Applicant.jpeg
pbbrekening-mcf;2025052722022252550368_pbbrekening-mcf_Applicant.jpeg
kksuratnikah-mcf;2025052722022252550368_kksuratnikah-mcf_Applicant.jpeg
pasanganttdcmo-mcf;2025052722024080091262_pasanganttdcmo-mcf_Applicant.jpeg
nasabahttdcmo-mcf;2025052722024080091262_nasabahttdcmo-mcf_Applicant.jpeg
salaryslip-mcf;2025052722022252550368_salaryslip-mcf_Applicant.jpeg
allobank-mcf;2025052722022252550368_allobank-mcf_Applicant.jpeg
halamandepanbukutabungan-mcf;2025052722022252550368_halamandepanbukutabungan-mcf_Applicant.jpeg
fpkdepan-mcf;2025052722022252550368_fpkdepan-mcf_Applicant.jpeg
fpkbelakang-mcf;2025052722022252550368_fpkbelakang-mcf_Applicant.jpeg
nomorrumah-mcf;2025052722022252550368_nomorrumah-mcf_Applicant.jpeg
rumahjalan-mcf;2025052722022252550368_rumahjalan-mcf_Applicant.jpeg
dalamrumah-mcf;2025052722022252550368_dalamrumah-mcf_Applicant.jpeg
tempatusahadepan-mcf;2025052722022252550368_tempatusahadepan-mcf_Applicant.jpeg
pricelist-mcf;2025052722022252550368_pricelist-mcf_Applicant.jpeg
pasanganttdcmo-mcf;2025052722022252550368_pasanganttdcmo-mcf_Applicant.jpeg
halamandepanbukutabungan-mcf;2025052622025007567267_halamandepanbukutabungan-mcf_Applicant.jpeg
fpkbelakang-mcf;2025052622025007567267_fpkbelakang-mcf_Applicant.jpeg
fpkdepan-mcf;2025052622025007567267_fpkdepan-mcf_Applicant.jpeg
tempatusahadepan-mcf;2025052622025007567267_tempatusahadepan-mcf_Applicant.jpeg
rumahdepan-mcf;2025052622025007567267_rumahdepan-mcf_Applicant.jpeg
pasanganttdcmo-mcf;2025052622025007567267_pasanganttdcmo-mcf_Applicant.jpeg
nasabahttdcmo-mcf;2025052622025007567267_nasabahttdcmo-mcf_Applicant.jpeg
rumahjalan-mcf;2025052622025007567267_rumahjalan-mcf_Applicant.jpeg
salaryslip-mcf;2025052622025007567267_salaryslip-mcf_Applicant.jpeg
nomorrumah-mcf;2025052622025007567267_nomorrumah-mcf_Applicant.jpeg
dalamrumah-mcf;2025052622025007567267_dalamrumah-mcf_Applicant.jpeg
pricelist-mcf;2025052622025007567267_pricelist-mcf_Applicant.jpeg
buktipenghasilanusaha-mcf;2025052622025007567267_buktipenghasilanusaha-mcf_Applicant.jpeg
perizinanusaha-mcf;2025052622025007567267_perizinanusaha-mcf_Applicant.jpeg
buktikepemilikanusaha-mcf;2025052622025007567267_buktikepemilikanusaha-mcf_Applicant.jpeg
pbbrekening-mcf;2025052622023277489437_pbbrekening-mcf_Applicant.jpeg
kksuratnikah-mcf;2025052622023277489437_kksuratnikah-mcf_Applicant.jpeg
halamandepanbukutabungan-mcf;2025052622023277489437_halamandepanbukutabungan-mcf_Applicant.jpeg
fpkbelakang-mcf;2025052622023277489437_fpkbelakang-mcf_Applicant.jpeg
fpkdepan-mcf;2025052622023277489437_fpkdepan-mcf_Applicant.jpeg
tempatusahadepan-mcf;2025052622023277489437_tempatusahadepan-mcf_Applicant.jpeg
rumahdepan-mcf;2025052622023277489437_rumahdepan-mcf_Applicant.jpeg
pasanganttdcmo-mcf;2025052622023277489437_pasanganttdcmo-mcf_Applicant.jpeg
nasabahttdcmo-mcf;2025052622023277489437_nasabahttdcmo-mcf_Applicant.jpeg
allobank-mcf;2025052622023277489437_allobank-mcf_Applicant.jpeg
rumahjalan-mcf;2025052622023277489437_rumahjalan-mcf_Applicant.jpeg
salaryslip-mcf;2025052622023277489437_salaryslip-mcf_Applicant.jpeg
nomorrumah-mcf;2025052622023277489437_nomorrumah-mcf_Applicant.jpeg
dalamrumah-mcf;2025052622023277489437_dalamrumah-mcf_Applicant.jpeg
pricelist-mcf;2025052622023277489437_pricelist-mcf_Applicant.jpeg
buktipenghasilanusaha-mcf;2025052622023277489437_buktipenghasilanusaha-mcf_Applicant.jpeg
perizinanusaha-mcf;2025052622023277489437_perizinanusaha-mcf_Applicant.jpeg
buktikepemilikanusaha-mcf;2025052622023277489437_buktikepemilikanusaha-mcf_Applicant.jpeg
pbbrekening-mcf;2025052622014705055074_pbbrekening-mcf_Applicant.jpeg
kksuratnikah-mcf;2025052622014705055074_kksuratnikah-mcf_Applicant.jpeg
halamandepanbukutabungan-mcf;2025052622014705055074_halamandepanbukutabungan-mcf_Applicant.jpeg
fpkbelakang-mcf;2025052622014705055074_fpkbelakang-mcf_Applicant.jpeg
fpkdepan-mcf;2025052622014705055074_fpkdepan-mcf_Applicant.jpeg
tempatusahadepan-mcf;2025052622014705055074_tempatusahadepan-mcf_Applicant.jpeg
rumahdepan-mcf;2025052622014705055074_rumahdepan-mcf_Applicant.jpeg
pasanganttdcmo-mcf;2025052622014705055074_pasanganttdcmo-mcf_Applicant.jpeg
nasabahttdcmo-mcf;2025052622014705055074_nasabahttdcmo-mcf_Applicant.jpeg
allobank-mcf;2025052622014705055074_allobank-mcf_Applicant.jpeg
rumahjalan-mcf;2025052622014705055074_rumahjalan-mcf_Applicant.jpeg
salaryslip-mcf;2025052622014705055074_salaryslip-mcf_Applicant.jpeg
nomorrumah-mcf;2025052622014705055074_nomorrumah-mcf_Applicant.jpeg
dalamrumah-mcf;2025052622014705055074_dalamrumah-mcf_Applicant.jpeg
pricelist-mcf;2025052622014705055074_pricelist-mcf_Applicant.jpeg
pbbrekening-mcf;2025052522024202670988_pbbrekening-mcf_Applicant.jpeg
kksuratnikah-mcf;2025052522024202670988_kksuratnikah-mcf_Applicant.jpeg
halamandepanbukutabungan-mcf;2025052522024202670988_halamandepanbukutabungan-mcf_Applicant.jpeg
fpkbelakang-mcf;2025052522024202670988_fpkbelakang-mcf_Applicant.jpeg
fpkdepan-mcf;2025052522024202670988_fpkdepan-mcf_Applicant.jpeg
tempatusahadepan-mcf;2025052522024202670988_tempatusahadepan-mcf_Applicant.jpeg
rumahdepan-mcf;2025052522024202670988_rumahdepan-mcf_Applicant.jpeg
rumahdepan-mcf;2025052622025132168887_rumahdepan-mcf_Applicant.jpeg
pasanganttdcmo-mcf;2025052622025132168887_pasanganttdcmo-mcf_Applicant.jpeg
nasabahttdcmo-mcf;2025052622025132168887_nasabahttdcmo-mcf_Applicant.jpeg
allobank-mcf;2025052622025132168887_allobank-mcf_Applicant.jpeg
rumahjalan-mcf;2025052622025132168887_rumahjalan-mcf_Applicant.jpeg
salaryslip-mcf;2025052622025132168887_salaryslip-mcf_Applicant.jpeg
nomorrumah-mcf;2025052622025132168887_nomorrumah-mcf_Applicant.jpeg
dalamrumah-mcf;2025052622025132168887_dalamrumah-mcf_Applicant.jpeg
pricelist-mcf;2025052622025132168887_pricelist-mcf_Applicant.jpeg
buktipenghasilanusaha-mcf;2025052622025132168887_buktipenghasilanusaha-mcf_Applicant.jpeg
perizinanusaha-mcf;2025052622025132168887_perizinanusaha-mcf_Applicant.jpeg
buktikepemilikanusaha-mcf;2025052622025132168887_buktikepemilikanusaha-mcf_Applicant.jpeg
pasanganttdcmo-mcf;2025052522024202670988_pasanganttdcmo-mcf_Applicant.jpeg
nasabahttdcmo-mcf;2025052522024202670988_nasabahttdcmo-mcf_Applicant.jpeg
allobank-mcf;2025052522024202670988_allobank-mcf_Applicant.jpeg
rumahjalan-mcf;2025052522024202670988_rumahjalan-mcf_Applicant.jpeg
salaryslip-mcf;2025052522024202670988_salaryslip-mcf_Applicant.jpeg
nomorrumah-mcf;2025052522024202670988_nomorrumah-mcf_Applicant.jpeg
dalamrumah-mcf;2025052522024202670988_dalamrumah-mcf_Applicant.jpeg
pricelist-mcf;2025052522024202670988_pricelist-mcf_Applicant.jpeg
buktipenghasilanusaha-mcf;2025052522024202670988_buktipenghasilanusaha-mcf_Applicant.jpeg
perizinanusaha-mcf;2025052522024202670988_perizinanusaha-mcf_Applicant.jpeg
buktikepemilikanusaha-mcf;2025052522024202670988_buktikepemilikanusaha-mcf_Applicant.jpeg
pbbrekening-mcf;2025052622025132168887_pbbrekening-mcf_Applicant.jpeg
kksuratnikah-mcf;2025052622025132168887_kksuratnikah-mcf_Applicant.jpeg
halamandepanbukutabungan-mcf;2025052622025132168887_halamandepanbukutabungan-mcf_Applicant.jpeg
fpkbelakang-mcf;2025052622025132168887_fpkbelakang-mcf_Applicant.jpeg
fpkdepan-mcf;2025052622025132168887_fpkdepan-mcf_Applicant.jpeg
tempatusahadepan-mcf;2025052622025132168887_tempatusahadepan-mcf_Applicant.jpeg
pbbrekening-mcf;2025052422022698049308_pbbrekening-mcf_Applicant.jpeg
kksuratnikah-mcf;2025052422022698049308_kksuratnikah-mcf_Applicant.jpeg
halamandepanbukutabungan-mcf;2025052422022698049308_halamandepanbukutabungan-mcf_Applicant.jpeg
fpkbelakang-mcf;2025052422022698049308_fpkbelakang-mcf_Applicant.jpeg
fpkdepan-mcf;2025052422022698049308_fpkdepan-mcf_Applicant.jpeg
pbbrekening-mcf;2025052622025100379495_pbbrekening-mcf_Applicant.jpeg
kksuratnikah-mcf;2025052622025100379495_kksuratnikah-mcf_Applicant.jpeg
pbbrekening-mcf;2025052422023495091644_pbbrekening-mcf_Applicant.jpeg
kksuratnikah-mcf;2025052422023495091644_kksuratnikah-mcf_Applicant.jpeg
fpkdepan-mcf;2025052622024212087774_fpkdepan-mcf_Applicant.jpeg
tempatusahadepan-mcf;2025052622024212087774_tempatusahadepan-mcf_Applicant.jpeg
rumahdepan-mcf;2025052622024212087774_rumahdepan-mcf_Applicant.jpeg
pasanganttdcmo-mcf;2025052622024212087774_pasanganttdcmo-mcf_Applicant.jpeg
nasabahttdcmo-mcf;2025052622024212087774_nasabahttdcmo-mcf_Applicant.jpeg
allobank-mcf;2025052622024212087774_allobank-mcf_Applicant.jpeg
rumahjalan-mcf;2025052622024212087774_rumahjalan-mcf_Applicant.jpeg
salaryslip-mcf;2025052622024212087774_salaryslip-mcf_Applicant.jpeg
nomorrumah-mcf;2025052622024212087774_nomorrumah-mcf_Applicant.jpeg
dalamrumah-mcf;2025052622024212087774_dalamrumah-mcf_Applicant.jpeg
pricelist-mcf;2025052622024212087774_pricelist-mcf_Applicant.jpeg
buktipenghasilanusaha-mcf;2025052622024212087774_buktipenghasilanusaha-mcf_Applicant.jpeg
perizinanusaha-mcf;2025052622024212087774_perizinanusaha-mcf_Applicant.jpeg
buktikepemilikanusaha-mcf;2025052622024212087774_buktikepemilikanusaha-mcf_Applicant.jpeg
buktikepemilikanusaha-mcf;2025052622024289840838_buktikepemilikanusaha-mcf_Applicant.jpeg
kksuratnikah-mcf;2025052622024289840838_kksuratnikah-mcf_Applicant.jpeg
halamandepanbukutabungan-mcf;2025052622024289840838_halamandepanbukutabungan-mcf_Applicant.jpeg
fpkbelakang-mcf;2025052622024289840838_fpkbelakang-mcf_Applicant.jpeg
fpkdepan-mcf;2025052622024289840838_fpkdepan-mcf_Applicant.jpeg
tempatusahadepan-mcf;2025052622024289840838_tempatusahadepan-mcf_Applicant.jpeg
nomorrumah-mcf;2025052622024289840838_nomorrumah-mcf_Applicant.jpeg
pasanganttdcmo-mcf;2025052622024289840838_pasanganttdcmo-mcf_Applicant.jpeg
nasabahttdcmo-mcf;2025052622024289840838_nasabahttdcmo-mcf_Applicant.jpeg
allobank-mcf;2025052622024289840838_allobank-mcf_Applicant.jpeg
rumahjalan-mcf;2025052622024289840838_rumahjalan-mcf_Applicant.jpeg
buktipenghasilanusaha-mcf;2025052622024289840838_buktipenghasilanusaha-mcf_Applicant.jpeg
nomorrumah-mcf;2025052622024289840838_nomorrumah-mcf_Applicant.jpeg
dalamrumah-mcf;2025052622024289840838_dalamrumah-mcf_Applicant.jpeg
pricelist-mcf;2025052622024289840838_pricelist-mcf_Applicant.jpeg
buktipenghasilanusaha-mcf;2025052622024289840838_buktipenghasilanusaha-mcf_Applicant.jpeg
perizinanusaha-mcf;2025052622024289840838_perizinanusaha-mcf_Applicant.jpeg
buktikepemilikanusaha-mcf;2025052622024289840838_buktikepemilikanusaha-mcf_Applicant.jpeg
pbbrekening-mcf;2025051922024441580427_pbbrekening-mcf_Applicant.jpeg
kksuratnikah-mcf;2025051922024441580427_kksuratnikah-mcf_Applicant.jpeg
halamandepanbukutabungan-mcf;2025051922024441580427_halamandepanbukutabungan-mcf_Applicant.jpeg
fpkbelakang-mcf;2025051922024441580427_fpkbelakang-mcf_Applicant.jpeg
halamandepanbukutabungan-mcf;2025052622025100379495_halamandepanbukutabungan-mcf_Applicant.jpeg
fpkbelakang-mcf;2025052622025100379495_fpkbelakang-mcf_Applicant.jpeg
fpkdepan-mcf;2025052622025100379495_fpkdepan-mcf_Applicant.jpeg
tempatusahadepan-mcf;2025052622025100379495_tempatusahadepan-mcf_Applicant.jpeg
rumahdepan-mcf;2025052622025100379495_rumahdepan-mcf_Applicant.jpeg
pasanganttdcmo-mcf;2025052622025100379495_pasanganttdcmo-mcf_Applicant.jpeg
nasabahttdcmo-mcf;2025052622025100379495_nasabahttdcmo-mcf_Applicant.jpeg
allobank-mcf;2025052622025100379495_allobank-mcf_Applicant.jpeg
rumahjalan-mcf;2025052622025100379495_rumahjalan-mcf_Applicant.jpeg
salaryslip-mcf;2025052622025100379495_salaryslip-mcf_Applicant.jpeg
nomorrumah-mcf;2025052622025100379495_nomorrumah-mcf_Applicant.jpeg
dalamrumah-mcf;2025052622025100379495_dalamrumah-mcf_Applicant.jpeg
pricelist-mcf;2025052622025100379495_pricelist-mcf_Applicant.jpeg
halamandepanbukutabungan-mcf;2025052422023495091644_halamandepanbukutabungan-mcf_Applicant.jpeg
fpkbelakang-mcf;2025052422023495091644_fpkbelakang-mcf_Applicant.jpeg
fpkdepan-mcf;2025052422023495091644_fpkdepan-mcf_Applicant.jpeg
tempatusahadepan-mcf;2025052422023495091644_tempatusahadepan-mcf_Applicant.jpeg
rumahdepan-mcf;2025052422023495091644_rumahdepan-mcf_Applicant.jpeg
pasanganttdcmo-mcf;2025052422023495091644_pasanganttdcmo-mcf_Applicant.jpeg
nasabahttdcmo-mcf;2025052422023495091644_nasabahttdcmo-mcf_Applicant.jpeg
allobank-mcf;2025052422023495091644_allobank-mcf_Applicant.jpeg
rumahjalan-mcf;2025052422023495091644_rumahjalan-mcf_Applicant.jpeg
salaryslip-mcf;2025052422023495091644_salaryslip-mcf_Applicant.jpeg
nomorrumah-mcf;2025052422023495091644_nomorrumah-mcf_Applicant.jpeg
dalamrumah-mcf;2025052422023495091644_dalamrumah-mcf_Applicant.jpeg
pricelist-mcf;2025052422023495091644_pricelist-mcf_Applicant.jpeg
pbbrekening-mcf;2025052622024212087774_pbbrekening-mcf_Applicant.jpeg
kksuratnikah-mcf;2025052622024212087774_kksuratnikah-mcf_Applicant.jpeg
halamandepanbukutabungan-mcf;2025052622024212087774_halamandepanbukutabungan-mcf_Applicant.jpeg
fpkbelakang-mcf;2025052622024212087774_fpkbelakang-mcf_Applicant.jpeg
fpkdepan-mcf;2025051922024441580427_fpkdepan-mcf_Applicant.jpeg
tempatusahadepan-mcf;2025051922024441580427_tempatusahadepan-mcf_Applicant.jpeg
rumahdepan-mcf;2025051922024441580427_rumahdepan-mcf_Applicant.jpeg
pasanganttdcmo-mcf;2025051922024441580427_pasanganttdcmo-mcf_Applicant.jpeg
nasabahttdcmo-mcf;2025051922024441580427_nasabahttdcmo-mcf_Applicant.jpeg
allobank-mcf;2025051922024441580427_allobank-mcf_Applicant.jpeg
rumahjalan-mcf;2025051922024441580427_rumahjalan-mcf_Applicant.jpeg
salaryslip-mcf;2025051922024441580427_salaryslip-mcf_Applicant.jpeg
nomorrumah-mcf;2025051922024441580427_nomorrumah-mcf_Applicant.jpeg
dalamrumah-mcf;2025051922024441580427_dalamrumah-mcf_Applicant.jpeg
pricelist-mcf;2025051922024441580427_pricelist-mcf_Applicant.jpeg
buktipenghasilanusaha-mcf;2025051922024441580427_buktipenghasilanusaha-mcf_Applicant.jpeg
perizinanusaha-mcf;2025051922024441580427_perizinanusaha-mcf_Applicant.jpeg
buktikepemilikanusaha-mcf;2025051922024441580427_buktikepemilikanusaha-mcf_Applicant.jpeg
pbbrekening-mcf;2025052622025063454541_pbbrekening-mcf_Applicant.jpeg
kksuratnikah-mcf;2025052622025063454541_kksuratnikah-mcf_Applicant.jpeg
kksuratnikah-mcf;2025052622024080045215_kksuratnikah-mcf_Applicant.jpeg
halamandepanbukutabungan-mcf;2025052622024080045215_halamandepanbukutabungan-mcf_Applicant.jpeg
fpkbelakang-mcf;2025052622024080045215_fpkbelakang-mcf_Applicant.jpeg
fpkdepan-mcf;2025052622024080045215_fpkdepan-mcf_Applicant.jpeg
tempatusahadepan-mcf;2025052622024080045215_tempatusahadepan-mcf_Applicant.jpeg
rumahdepan-mcf;2025052622024080045215_rumahdepan-mcf_Applicant.jpeg
pasanganttdcmo-mcf;2025052622024080045215_pasanganttdcmo-mcf_Applicant.jpeg
nasabahttdcmo-mcf;2025052622024080045215_nasabahttdcmo-mcf_Applicant.jpeg
allobank-mcf;2025052622024080045215_allobank-mcf_Applicant.jpeg
rumahjalan-mcf;2025052622024080045215_rumahjalan-mcf_Applicant.jpeg
salaryslip-mcf;2025052622024080045215_salaryslip-mcf_Applicant.jpeg
nomorrumah-mcf;2025052622024080045215_nomorrumah-mcf_Applicant.jpeg
dalamrumah-mcf;2025052622024080045215_dalamrumah-mcf_Applicant.jpeg
pricelist-mcf;2025052622024080045215_pricelist-mcf_Applicant.jpeg
tempatusahadepan-mcf;2025052622024209276841_tempatusahadepan-mcf_Applicant.jpeg
rumahdepan-mcf;2025052622024209276841_rumahdepan-mcf_Applicant.jpeg
pasanganttdcmo-mcf;2025052622024209276841_pasanganttdcmo-mcf_Applicant.jpeg
nasabahttdcmo-mcf;2025052622024209276841_nasabahttdcmo-mcf_Applicant.jpeg
allobank-mcf;2025052622024209276841_allobank-mcf_Applicant.jpeg
rumahjalan-mcf;2025052622024209276841_rumahjalan-mcf_Applicant.jpeg
salaryslip-mcf;2025052622024209276841_salaryslip-mcf_Applicant.jpeg
nomorrumah-mcf;2025052622024209276841_nomorrumah-mcf_Applicant.jpeg
dalamrumah-mcf;2025052622024209276841_dalamrumah-mcf_Applicant.jpeg
pricelist-mcf;2025052622024209276841_pricelist-mcf_Applicant.jpeg
buktipenghasilanusaha-mcf;2025052622024209276841_buktipenghasilanusaha-mcf_Applicant.jpeg
perizinanusaha-mcf;2025052622024209276841_perizinanusaha-mcf_Applicant.jpeg
buktikepemilikanusaha-mcf;2025052622024209276841_buktikepemilikanusaha-mcf_Applicant.jpeg
pbbrekening-mcf;2025052622023528991871_pbbrekening-mcf_Applicant.jpeg
kksuratnikah-mcf;2025052622023528991871_kksuratnikah-mcf_Applicant.jpeg
halamandepanbukutabungan-mcf;2025052622023528991871_halamandepanbukutabungan-mcf_Applicant.jpeg
halamandepanbukutabungan-mcf;2025052622025063454541_halamandepanbukutabungan-mcf_Applicant.jpeg
fpkbelakang-mcf;2025052622025063454541_fpkbelakang-mcf_Applicant.jpeg
fpkdepan-mcf;2025052622025063454541_fpkdepan-mcf_Applicant.jpeg
tempatusahadepan-mcf;2025052622025063454541_tempatusahadepan-mcf_Applicant.jpeg
rumahdepan-mcf;2025052622025063454541_rumahdepan-mcf_Applicant.jpeg
pasanganttdcmo-mcf;2025052622025063454541_pasanganttdcmo-mcf_Applicant.jpeg
nasabahttdcmo-mcf;2025052622025063454541_nasabahttdcmo-mcf_Applicant.jpeg
allobank-mcf;2025052622025063454541_allobank-mcf_Applicant.jpeg
rumahjalan-mcf;2025052622025063454541_rumahjalan-mcf_Applicant.jpeg
salaryslip-mcf;2025052622025063454541_salaryslip-mcf_Applicant.jpeg
nomorrumah-mcf;2025052622025063454541_nomorrumah-mcf_Applicant.jpeg
dalamrumah-mcf;2025052622025063454541_dalamrumah-mcf_Applicant.jpeg
pricelist-mcf;2025052622025063454541_pricelist-mcf_Applicant.jpeg
buktipenghasilanusaha-mcf;2025052622025063454541_buktipenghasilanusaha-mcf_Applicant.jpeg
perizinanusaha-mcf;2025052622025063454541_perizinanusaha-mcf_Applicant.jpeg
buktikepemilikanusaha-mcf;2025052622025063454541_buktikepemilikanusaha-mcf_Applicant.jpeg
pbbrekening-mcf;2025052622024080045215_pbbrekening-mcf_Applicant.jpeg
fpkdepan-mcf;2025052622025140197035_fpkdepan-mcf_Applicant.jpeg
tempatusahadepan-mcf;2025052622025140197035_tempatusahadepan-mcf_Applicant.jpeg
rumahdepan-mcf;2025052622025140197035_rumahdepan-mcf_Applicant.jpeg
pasanganttdcmo-mcf;2025052622025140197035_pasanganttdcmo-mcf_Applicant.jpeg
nasabahttdcmo-mcf;2025052622025140197035_nasabahttdcmo-mcf_Applicant.jpeg
allobank-mcf;2025052622025140197035_allobank-mcf_Applicant.jpeg
rumahjalan-mcf;2025052622025140197035_rumahjalan-mcf_Applicant.jpeg
salaryslip-mcf;2025052622025140197035_salaryslip-mcf_Applicant.jpeg
nomorrumah-mcf;2025052622025140197035_nomorrumah-mcf_Applicant.jpeg
dalamrumah-mcf;2025052622025140197035_dalamrumah-mcf_Applicant.jpeg
pricelist-mcf;2025052622025140197035_pricelist-mcf_Applicant.jpeg
pbbrekening-mcf;2025052422025007588873_pbbrekening-mcf_Applicant.jpeg
kksuratnikah-mcf;2025052422025007588873_kksuratnikah-mcf_Applicant.jpeg
halamandepanbukutabungan-mcf;2025052422025007588873_halamandepanbukutabungan-mcf_Applicant.jpeg
fpkbelakang-mcf;2025052422025007588873_fpkbelakang-mcf_Applicant.jpeg
fpkdepan-mcf;2025052422025007588873_fpkdepan-mcf_Applicant.jpeg
tempatusahadepan-mcf;2025052422025007588873_tempatusahadepan-mcf_Applicant.jpeg
rumahdepan-mcf;2025052422025007588873_rumahdepan-mcf_Applicant.jpeg
pbbrekening-mcf;2025052622025140197035_pbbrekening-mcf_Applicant.jpeg
kksuratnikah-mcf;2025052622025140197035_kksuratnikah-mcf_Applicant.jpeg
halamandepanbukutabungan-mcf;2025052622025140197035_halamandepanbukutabungan-mcf_Applicant.jpeg
fpkbelakang-mcf;2025052622025140197035_fpkbelakang-mcf_Applicant.jpeg
pbbrekening-mcf;2025052622024209297943_pbbrekening-mcf_Applicant.jpeg
kksuratnikah-mcf;2025052622024209297943_kksuratnikah-mcf_Applicant.jpeg
halamandepanbukutabungan-mcf;2025052622024209297943_halamandepanbukutabungan-mcf_Applicant.jpeg
fpkbelakang-mcf;2025052622024209297943_fpkbelakang-mcf_Applicant.jpeg
fpkdepan-mcf;2025052622024209297943_fpkdepan-mcf_Applicant.jpeg
tempatusahadepan-mcf;2025052622024209297943_tempatusahadepan-mcf_Applicant.jpeg
rumahdepan-mcf;2025052622024209297943_rumahdepan-mcf_Applicant.jpeg
pasanganttdcmo-mcf;2025052622024209297943_pasanganttdcmo-mcf_Applicant.jpeg
nasabahttdcmo-mcf;2025052622024209297943_nasabahttdcmo-mcf_Applicant.jpeg
allobank-mcf;2025052622024209297943_allobank-mcf_Applicant.jpeg
rumahjalan-mcf;2025052622024209297943_rumahjalan-mcf_Applicant.jpeg
salaryslip-mcf;2025052622024209297943_salaryslip-mcf_Applicant.jpeg
nomorrumah-mcf;2025052622024209297943_nomorrumah-mcf_Applicant.jpeg
dalamrumah-mcf;2025052622024209297943_dalamrumah-mcf_Applicant.jpeg
pricelist-mcf;2025052622024209297943_pricelist-mcf_Applicant.jpeg
buktipenghasilanusaha-mcf;2025052622024209297943_buktipenghasilanusaha-mcf_Applicant.jpeg
perizinanusaha-mcf;2025052622024209297943_perizinanusaha-mcf_Applicant.jpeg
buktikepemilikanusaha-mcf;2025052622024209297943_buktikepemilikanusaha-mcf_Applicant.jpeg
pbbrekening-mcf;2025052622024577758260_pbbrekening-mcf_Applicant.jpeg
kksuratnikah-mcf;2025052622024577758260_kksuratnikah-mcf_Applicant.jpeg
halamandepanbukutabungan-mcf;2025052622024577758260_halamandepanbukutabungan-mcf_Applicant.jpeg
fpkbelakang-mcf;2025052622024577758260_fpkbelakang-mcf_Applicant.jpeg
fpkdepan-mcf;2025052622024577758260_fpkdepan-mcf_Applicant.jpeg
tempatusahadepan-mcf;2025052622024577758260_tempatusahadepan-mcf_Applicant.jpeg
pasanganttdcmo-mcf;2025052422025007588873_pasanganttdcmo-mcf_Applicant.jpeg
nasabahttdcmo-mcf;2025052422025007588873_nasabahttdcmo-mcf_Applicant.jpeg
rumahjalan-mcf;2025052422025007588873_rumahjalan-mcf_Applicant.jpeg
salaryslip-mcf;2025052422025007588873_salaryslip-mcf_Applicant.jpeg
nomorrumah-mcf;2025052422025007588873_nomorrumah-mcf_Applicant.jpeg
dalamrumah-mcf;2025052422025007588873_dalamrumah-mcf_Applicant.jpeg
pricelist-mcf;2025052422025007588873_pricelist-mcf_Applicant.jpeg
rumahdepan-mcf;2025052622024577758260_rumahdepan-mcf_Applicant.jpeg
pasanganttdcmo-mcf;2025052622024577758260_pasanganttdcmo-mcf_Applicant.jpeg
nasabahttdcmo-mcf;2025052622024577758260_nasabahttdcmo-mcf_Applicant.jpeg
allobank-mcf;2025052622024577758260_allobank-mcf_Applicant.jpeg
rumahjalan-mcf;2025052622024577758260_rumahjalan-mcf_Applicant.jpeg
salaryslip-mcf;2025052622024577758260_salaryslip-mcf_Applicant.jpeg
nomorrumah-mcf;2025052622024577758260_nomorrumah-mcf_Applicant.jpeg
dalamrumah-mcf;2025052622024577758260_dalamrumah-mcf_Applicant.jpeg
pricelist-mcf;2025052622024577758260_pricelist-mcf_Applicant.jpeg
pbbrekening-mcf;2025052622023544366310_pbbrekening-mcf_Applicant.jpeg
kksuratnikah-mcf;2025052622023544366310_kksuratnikah-mcf_Applicant.jpeg
halamandepanbukutabungan-mcf;2025052622023544366310_halamandepanbukutabungan-mcf_Applicant.jpeg
fpkbelakang-mcf;2025052622023544366310_fpkbelakang-mcf_Applicant.jpeg
fpkdepan-mcf;2025052622023544366310_fpkdepan-mcf_Applicant.jpeg
tempatusahadepan-mcf;2025052622023544366310_tempatusahadepan-mcf_Applicant.jpeg
rumahdepan-mcf;2025052622023544366310_rumahdepan-mcf_Applicant.jpeg
pasanganttdcmo-mcf;2025052622023544366310_pasanganttdcmo-mcf_Applicant.jpeg
nasabahttdcmo-mcf;2025052622023544366310_nasabahttdcmo-mcf_Applicant.jpeg
allobank-mcf;2025052622023544366310_allobank-mcf_Applicant.jpeg
rumahjalan-mcf;2025052622023544366310_rumahjalan-mcf_Applicant.jpeg
bpkbdepan-mcf;2025052622023544366310_bpkbdepan-mcf_Applicant.jpeg
bpkbbelakang-mcf;2025052622023544366310_bpkbbelakang-mcf_Applicant.jpeg
stnkpajak-mcf;2025052622023544366310_stnkpajak-mcf_Applicant.jpeg
unitdepankanan-mcf;2025052622023544366310_unitdepankanan-mcf_Applicant.jpeg
pricelist-mcf;2025052622024212024270_pricelist-mcf_Applicant.jpeg
unitdepankiri-mcf;2025052622023544366310_unitdepankiri-mcf_Applicant.jpeg
salaryslip-mcf;2025052622023544366310_salaryslip-mcf_Applicant.jpeg
nomorrumah-mcf;2025052622023544366310_nomorrumah-mcf_Applicant.jpeg
dalamrumah-mcf;2025052622023544366310_dalamrumah-mcf_Applicant.jpeg
rangkanomesin-mcf;2025052622023544366310_rangkanomesin-mcf_Applicant.jpeg
pbbrekening-mcf;2025052622024212024270_pbbrekening-mcf_Applicant.jpeg
kksuratnikah-mcf;2025052622024212024270_kksuratnikah-mcf_Applicant.jpeg
halamandepanbukutabungan-mcf;2025052622024212024270_halamandepanbukutabungan-mcf_Applicant.jpeg
fpkbelakang-mcf;2025052622024212024270_fpkbelakang-mcf_Applicant.jpeg
fpkdepan-mcf;2025052622024212024270_fpkdepan-mcf_Applicant.jpeg
tempatusahadepan-mcf;2025052622024212024270_tempatusahadepan-mcf_Applicant.jpeg
rumahdepan-mcf;2025052622024212024270_rumahdepan-mcf_Applicant.jpeg
pasanganttdcmo-mcf;2025052622024212024270_pasanganttdcmo-mcf_Applicant.jpeg
nasabahttdcmo-mcf;2025052622024212024270_nasabahttdcmo-mcf_Applicant.jpeg
allobank-mcf;2025052622024212024270_allobank-mcf_Applicant.jpeg
rumahjalan-mcf;2025052622024212024270_rumahjalan-mcf_Applicant.jpeg
salaryslip-mcf;2025052622024212024270_salaryslip-mcf_Applicant.jpeg
nomorrumah-mcf;2025052622024212024270_nomorrumah-mcf_Applicant.jpeg
dalamrumah-mcf;2025052622024212024270_dalamrumah-mcf_Applicant.jpeg
rumahjalan-mcf;2025052422024305890890_rumahjalan-mcf_Applicant.jpeg
bpkbdepan-mcf;2025052422024305890890_bpkbdepan-mcf_Applicant.jpeg
bpkbbelakang-mcf;2025052422024305890890_bpkbbelakang-mcf_Applicant.jpeg
stnkpajak-mcf;2025052422024305890890_stnkpajak-mcf_Applicant.jpeg
unitdepankanan-mcf;2025052422024305890890_unitdepankanan-mcf_Applicant.jpeg
unitdepankiri-mcf;2025052422024305890890_unitdepankiri-mcf_Applicant.jpeg
salaryslip-mcf;2025052422024305890890_salaryslip-mcf_Applicant.jpeg
nomorrumah-mcf;2025052422024305890890_nomorrumah-mcf_Applicant.jpeg
dalamrumah-mcf;2025052422024305890890_dalamrumah-mcf_Applicant.jpeg
rangkanomesin-mcf;2025052422024305890890_rangkanomesin-mcf_Applicant.jpeg
tempatusahadepan-mcf;2025052622024080096612_tempatusahadepan-mcf_Applicant.jpeg
rumahdepan-mcf;2025052622024080096612_rumahdepan-mcf_Applicant.jpeg
pasanganttdcmo-mcf;2025052622024080096612_pasanganttdcmo-mcf_Applicant.jpeg
nasabahttdcmo-mcf;2025052622024080096612_nasabahttdcmo-mcf_Applicant.jpeg
allobank-mcf;2025052622024080096612_allobank-mcf_Applicant.jpeg
rumahjalan-mcf;2025052622024080096612_rumahjalan-mcf_Applicant.jpeg
salaryslip-mcf;2025052622024080096612_salaryslip-mcf_Applicant.jpeg
nomorrumah-mcf;2025052622024080096612_nomorrumah-mcf_Applicant.jpeg
dalamrumah-mcf;2025052622024080096612_dalamrumah-mcf_Applicant.jpeg
pricelist-mcf;2025052622024080096612_pricelist-mcf_Applicant.jpeg
pbbrekening-mcf;2025052622024267641241_pbbrekening-mcf_Applicant.jpeg
kksuratnikah-mcf;2025052622024267641241_kksuratnikah-mcf_Applicant.jpeg
halamandepanbukutabungan-mcf;2025052622024267641241_halamandepanbukutabungan-mcf_Applicant.jpeg
fpkbelakang-mcf;2025052622024267641241_fpkbelakang-mcf_Applicant.jpeg
fpkdepan-mcf;2025052622024267641241_fpkdepan-mcf_Applicant.jpeg
tempatusahadepan-mcf;2025052622024267641241_tempatusahadepan-mcf_Applicant.jpeg
rumahdepan-mcf;2025052622024267641241_rumahdepan-mcf_Applicant.jpeg
pbbrekening-mcf;2025052422024305890890_pbbrekening-mcf_Applicant.jpeg
kksuratnikah-mcf;2025052422024305890890_kksuratnikah-mcf_Applicant.jpeg
halamandepanbukutabungan-mcf;2025052422024305890890_halamandepanbukutabungan-mcf_Applicant.jpeg
fpkbelakang-mcf;2025052422024305890890_fpkbelakang-mcf_Applicant.jpeg
fpkdepan-mcf;2025052422024305890890_fpkdepan-mcf_Applicant.jpeg
tempatusahadepan-mcf;2025052422024305890890_tempatusahadepan-mcf_Applicant.jpeg
rumahdepan-mcf;2025052422024305890890_rumahdepan-mcf_Applicant.jpeg
pasanganttdcmo-mcf;2025052422024305890890_pasanganttdcmo-mcf_Applicant.jpeg
nasabahttdcmo-mcf;2025052422024305890890_nasabahttdcmo-mcf_Applicant.jpeg
allobank-mcf;2025052422024305890890_allobank-mcf_Applicant.jpeg
pbbrekening-mcf;2025052622024080096612_pbbrekening-mcf_Applicant.jpeg
kksuratnikah-mcf;2025052622024080096612_kksuratnikah-mcf_Applicant.jpeg
halamandepanbukutabungan-mcf;2025052622024080096612_halamandepanbukutabungan-mcf_Applicant.jpeg
fpkbelakang-mcf;2025052622024080096612_fpkbelakang-mcf_Applicant.jpeg
fpkdepan-mcf;2025052622024080096612_fpkdepan-mcf_Applicant.jpeg
pasanganttdcmo-mcf;2025052622015188478079_pasanganttdcmo-mcf_Applicant.jpeg
nasabahttdcmo-mcf;2025052622015188478079_nasabahttdcmo-mcf_Applicant.jpeg
allobank-mcf;2025052622015188478079_allobank-mcf_Applicant.jpeg
rumahjalan-mcf;2025052622015188478079_rumahjalan-mcf_Applicant.jpeg
salaryslip-mcf;2025052622015188478079_salaryslip-mcf_Applicant.jpeg
nomorrumah-mcf;2025052622015188478079_nomorrumah-mcf_Applicant.jpeg
dalamrumah-mcf;2025052622015188478079_dalamrumah-mcf_Applicant.jpeg
pricelist-mcf;2025052622015188478079_pricelist-mcf_Applicant.jpeg
buktipenghasilanusaha-mcf;2025052622015188478079_buktipenghasilanusaha-mcf_Applicant.jpeg
perizinanusaha-mcf;2025052622015188478079_perizinanusaha-mcf_Applicant.jpeg
buktikepemilikanusaha-mcf;2025052622015188478079_buktikepemilikanusaha-mcf_Applicant.jpeg
pbbrekening-mcf;2025052622025010669711_pbbrekening-mcf_Applicant.jpeg
kksuratnikah-mcf;2025052622025010669711_kksuratnikah-mcf_Applicant.jpeg
halamandepanbukutabungan-mcf;2025052622025010669711_halamandepanbukutabungan-mcf_Applicant.jpeg
fpkbelakang-mcf;2025052622025010669711_fpkbelakang-mcf_Applicant.jpeg
fpkdepan-mcf;2025052622025010669711_fpkdepan-mcf_Applicant.jpeg
tempatusahadepan-mcf;2025052622025010669711_tempatusahadepan-mcf_Applicant.jpeg
rumahdepan-mcf;2025052622025010669711_rumahdepan-mcf_Applicant.jpeg
pasanganttdcmo-mcf;2025052622025010669711_pasanganttdcmo-mcf_Applicant.jpeg
pasanganttdcmo-mcf;2025052622024267641241_pasanganttdcmo-mcf_Applicant.jpeg
nasabahttdcmo-mcf;2025052622024267641241_nasabahttdcmo-mcf_Applicant.jpeg
allobank-mcf;2025052622024267641241_allobank-mcf_Applicant.jpeg
rumahjalan-mcf;2025052622024267641241_rumahjalan-mcf_Applicant.jpeg
salaryslip-mcf;2025052622024267641241_salaryslip-mcf_Applicant.jpeg
nomorrumah-mcf;2025052622024267641241_nomorrumah-mcf_Applicant.jpeg
dalamrumah-mcf;2025052622024267641241_dalamrumah-mcf_Applicant.jpeg
pricelist-mcf;2025052622024267641241_pricelist-mcf_Applicant.jpeg
buktipenghasilanusaha-mcf;2025052622024267641241_buktipenghasilanusaha-mcf_Applicant.jpeg
perizinanusaha-mcf;2025052622024267641241_perizinanusaha-mcf_Applicant.jpeg
buktikepemilikanusaha-mcf;2025052622024267641241_buktikepemilikanusaha-mcf_Applicant.jpeg
pbbrekening-mcf;2025052622015188478079_pbbrekening-mcf_Applicant.jpeg
kksuratnikah-mcf;2025052622015188478079_kksuratnikah-mcf_Applicant.jpeg
halamandepanbukutabungan-mcf;2025052622015188478079_halamandepanbukutabungan-mcf_Applicant.jpeg
fpkbelakang-mcf;2025052622015188478079_fpkbelakang-mcf_Applicant.jpeg
fpkdepan-mcf;2025052622015188478079_fpkdepan-mcf_Applicant.jpeg
tempatusahadepan-mcf;2025052622015188478079_tempatusahadepan-mcf_Applicant.jpeg
rumahdepan-mcf;2025052622015188478079_rumahdepan-mcf_Applicant.jpeg
nasabahttdcmo-mcf;2025052622025010669711_nasabahttdcmo-mcf_Applicant.jpeg
allobank-mcf;2025052622025010669711_allobank-mcf_Applicant.jpeg
rumahjalan-mcf;2025052622025010669711_rumahjalan-mcf_Applicant.jpeg
salaryslip-mcf;2025052622025010669711_salaryslip-mcf_Applicant.jpeg
nomorrumah-mcf;2025052622025010669711_nomorrumah-mcf_Applicant.jpeg
dalamrumah-mcf;2025052622025010669711_dalamrumah-mcf_Applicant.jpeg
pricelist-mcf;2025052622025010669711_pricelist-mcf_Applicant.jpeg
pbbrekening-mcf;2025052622022016830477_pbbrekening-mcf_Applicant.jpeg
kksuratnikah-mcf;2025052622022016830477_kksuratnikah-mcf_Applicant.jpeg
halamandepanbukutabungan-mcf;2025052622022016830477_halamandepanbukutabungan-mcf_Applicant.jpeg
fpkbelakang-mcf;2025052622022016830477_fpkbelakang-mcf_Applicant.jpeg
fpkdepan-mcf;2025052622022016830477_fpkdepan-mcf_Applicant.jpeg
tempatusahadepan-mcf;2025052622022016830477_tempatusahadepan-mcf_Applicant.jpeg
nomorrumah-mcf;2025052622022016830477_nomorrumah-mcf_Applicant.jpeg
pasanganttdcmo-mcf;2025052622022016830477_pasanganttdcmo-mcf_Applicant.jpeg
nasabahttdcmo-mcf;2025052622022016830477_nasabahttdcmo-mcf_Applicant.jpeg
allobank-mcf;2025052622022016830477_allobank-mcf_Applicant.jpeg
rumahjalan-mcf;2025052622022016830477_rumahjalan-mcf_Applicant.jpeg
salaryslip-mcf;2025052622022016830477_salaryslip-mcf_Applicant.jpeg
nomorrumah-mcf;2025052622022016830477_nomorrumah-mcf_Applicant.jpeg
dalamrumah-mcf;2025052622022016830477_dalamrumah-mcf_Applicant.jpeg
pricelist-mcf;2025052622022016830477_pricelist-mcf_Applicant.jpeg
unitdepankiri-mcf;2025052622024262967029_unitdepankiri-mcf_Applicant.jpeg
salaryslip-mcf;2025052622024262967029_salaryslip-mcf_Applicant.jpeg
nomorrumah-mcf;2025052622024262967029_nomorrumah-mcf_Applicant.jpeg
dalamrumah-mcf;2025052622024262967029_dalamrumah-mcf_Applicant.jpeg
rangkanomesin-mcf;2025052622024262967029_rangkanomesin-mcf_Applicant.jpeg
pbbrekening-mcf;2025052422025144388725_pbbrekening-mcf_Applicant.jpeg
kksuratnikah-mcf;2025052422025144388725_kksuratnikah-mcf_Applicant.jpeg
halamandepanbukutabungan-mcf;2025052422025144388725_halamandepanbukutabungan-mcf_Applicant.jpeg
fpkbelakang-mcf;2025052422025144388725_fpkbelakang-mcf_Applicant.jpeg
fpkdepan-mcf;2025052422025144388725_fpkdepan-mcf_Applicant.jpeg
tempatusahadepan-mcf;2025052422025144388725_tempatusahadepan-mcf_Applicant.jpeg
rumahdepan-mcf;2025052422025144388725_rumahdepan-mcf_Applicant.jpeg
pasanganttdcmo-mcf;2025052422025144388725_pasanganttdcmo-mcf_Applicant.jpeg
buktikepemilikanusaha-mcf;2025052622022543765735_buktikepemilikanusaha-mcf_Applicant.jpeg
pbbrekening-mcf;2025052622022267658555_pbbrekening-mcf_Applicant.jpeg
kksuratnikah-mcf;2025052622022267658555_kksuratnikah-mcf_Applicant.jpeg
halamandepanbukutabungan-mcf;2025052622022267658555_halamandepanbukutabungan-mcf_Applicant.jpeg
fpkbelakang-mcf;2025052622022267658555_fpkbelakang-mcf_Applicant.jpeg
fpkdepan-mcf;2025052622022267658555_fpkdepan-mcf_Applicant.jpeg
tempatusahadepan-mcf;2025052622022267658555_tempatusahadepan-mcf_Applicant.jpeg
rumahdepan-mcf;2025052622022267658555_rumahdepan-mcf_Applicant.jpeg
pasanganttdcmo-mcf;2025052622022267658555_pasanganttdcmo-mcf_Applicant.jpeg
nasabahttdcmo-mcf;2025052622022267658555_nasabahttdcmo-mcf_Applicant.jpeg
allobank-mcf;2025052622022267658555_allobank-mcf_Applicant.jpeg
rumahjalan-mcf;2025052622022267658555_rumahjalan-mcf_Applicant.jpeg
salaryslip-mcf;2025052622022267658555_salaryslip-mcf_Applicant.jpeg
kksuratnikah-mcf;2025052622022543765735_kksuratnikah-mcf_Applicant.jpeg
halamandepanbukutabungan-mcf;2025052622022543765735_halamandepanbukutabungan-mcf_Applicant.jpeg
fpkbelakang-mcf;2025052622022543765735_fpkbelakang-mcf_Applicant.jpeg
fpkdepan-mcf;2025052622022543765735_fpkdepan-mcf_Applicant.jpeg
tempatusahadepan-mcf;2025052622022543765735_tempatusahadepan-mcf_Applicant.jpeg
nomorrumah-mcf;2025052622022543765735_nomorrumah-mcf_Applicant.jpeg
pasanganttdcmo-mcf;2025052622022543765735_pasanganttdcmo-mcf_Applicant.jpeg
nasabahttdcmo-mcf;2025052622022543765735_nasabahttdcmo-mcf_Applicant.jpeg
allobank-mcf;2025052622022543765735_allobank-mcf_Applicant.jpeg
rumahjalan-mcf;2025052622022543765735_rumahjalan-mcf_Applicant.jpeg
salaryslip-mcf;2025052622022543765735_salaryslip-mcf_Applicant.jpeg
nomorrumah-mcf;2025052622022543765735_nomorrumah-mcf_Applicant.jpeg
dalamrumah-mcf;2025052622022543765735_dalamrumah-mcf_Applicant.jpeg
pricelist-mcf;2025052622022543765735_pricelist-mcf_Applicant.jpeg
buktipenghasilanusaha-mcf;2025052622022543765735_buktipenghasilanusaha-mcf_Applicant.jpeg
perizinanusaha-mcf;2025052622022543765735_perizinanusaha-mcf_Applicant.jpeg
allobank-mcf;2025052622024410488818_allobank-mcf_Applicant.jpeg
rumahjalan-mcf;2025052622024410488818_rumahjalan-mcf_Applicant.jpeg
bpkbdepan-mcf;2025052622024410488818_bpkbdepan-mcf_Applicant.jpeg
bpkbbelakang-mcf;2025052622024410488818_bpkbbelakang-mcf_Applicant.jpeg
stnkpajak-mcf;2025052622024410488818_stnkpajak-mcf_Applicant.jpeg
unitdepankanan-mcf;2025052622024410488818_unitdepankanan-mcf_Applicant.jpeg
unitdepankiri-mcf;2025052622024410488818_unitdepankiri-mcf_Applicant.jpeg
salaryslip-mcf;2025052622024410488818_salaryslip-mcf_Applicant.jpeg
nomorrumah-mcf;2025052622024410488818_nomorrumah-mcf_Applicant.jpeg
dalamrumah-mcf;2025052622024410488818_dalamrumah-mcf_Applicant.jpeg
rangkanomesin-mcf;2025052622024410488818_rangkanomesin-mcf_Applicant.jpeg
pbbrekening-mcf;2025052622022055573371_pbbrekening-mcf_Applicant.jpeg
kksuratnikah-mcf;2025052622022055573371_kksuratnikah-mcf_Applicant.jpeg
halamandepanbukutabungan-mcf;2025052622022055573371_halamandepanbukutabungan-mcf_Applicant.jpeg
fpkbelakang-mcf;2025052622022055573371_fpkbelakang-mcf_Applicant.jpeg
fpkdepan-mcf;2025052622022055573371_fpkdepan-mcf_Applicant.jpeg
pbbrekening-mcf;2025052622024410488818_pbbrekening-mcf_Applicant.jpeg
kksuratnikah-mcf;2025052622024410488818_kksuratnikah-mcf_Applicant.jpeg
halamandepanbukutabungan-mcf;2025052622024410488818_halamandepanbukutabungan-mcf_Applicant.jpeg
fpkbelakang-mcf;2025052622024410488818_fpkbelakang-mcf_Applicant.jpeg
fpkdepan-mcf;2025052622024410488818_fpkdepan-mcf_Applicant.jpeg
tempatusahadepan-mcf;2025052622024410488818_tempatusahadepan-mcf_Applicant.jpeg
rumahdepan-mcf;2025052622024410488818_rumahdepan-mcf_Applicant.jpeg
pasanganttdcmo-mcf;2025052622024410488818_pasanganttdcmo-mcf_Applicant.jpeg
nasabahttdcmo-mcf;2025052622024410488818_nasabahttdcmo-mcf_Applicant.jpeg
rangkanomesin-mcf;2025052622022055573371_rangkanomesin-mcf_Applicant.jpeg
tempatusahadepan-mcf;2025052622022055573371_tempatusahadepan-mcf_Applicant.jpeg
rumahdepan-mcf;2025052622022055573371_rumahdepan-mcf_Applicant.jpeg
pasanganttdcmo-mcf;2025052622022055573371_pasanganttdcmo-mcf_Applicant.jpeg
nasabahttdcmo-mcf;2025052622022055573371_nasabahttdcmo-mcf_Applicant.jpeg
allobank-mcf;2025052622022055573371_allobank-mcf_Applicant.jpeg
rumahjalan-mcf;2025052622022055573371_rumahjalan-mcf_Applicant.jpeg
bpkbdepan-mcf;2025052622022055573371_bpkbdepan-mcf_Applicant.jpeg
bpkbbelakang-mcf;2025052622022055573371_bpkbbelakang-mcf_Applicant.jpeg
stnkpajak-mcf;2025052622022055573371_stnkpajak-mcf_Applicant.jpeg
unitdepankanan-mcf;2025052622022055573371_unitdepankanan-mcf_Applicant.jpeg
unitdepankiri-mcf;2025052622022055573371_unitdepankiri-mcf_Applicant.jpeg
salaryslip-mcf;2025052622022055573371_salaryslip-mcf_Applicant.jpeg
nomorrumah-mcf;2025052622022055573371_nomorrumah-mcf_Applicant.jpeg
dalamrumah-mcf;2025052622022055573371_dalamrumah-mcf_Applicant.jpeg
pbbrekening-mcf;2025052622015188429041_pbbrekening-mcf_Applicant.jpeg
kksuratnikah-mcf;2025052622015188429041_kksuratnikah-mcf_Applicant.jpeg
halamandepanbukutabungan-mcf;2025052622015188429041_halamandepanbukutabungan-mcf_Applicant.jpeg
fpkbelakang-mcf;2025052622015188429041_fpkbelakang-mcf_Applicant.jpeg
fpkdepan-mcf;2025052622015188429041_fpkdepan-mcf_Applicant.jpeg
tempatusahadepan-mcf;2025052622015188429041_tempatusahadepan-mcf_Applicant.jpeg
rumahdepan-mcf;2025052622015188429041_rumahdepan-mcf_Applicant.jpeg
pasanganttdcmo-mcf;2025052622015188429041_pasanganttdcmo-mcf_Applicant.jpeg
nasabahttdcmo-mcf;2025052622015188429041_nasabahttdcmo-mcf_Applicant.jpeg
allobank-mcf;2025052622015188429041_allobank-mcf_Applicant.jpeg
rumahjalan-mcf;2025052622015188429041_rumahjalan-mcf_Applicant.jpeg
salaryslip-mcf;2025052622015188429041_salaryslip-mcf_Applicant.jpeg
nomorrumah-mcf;2025052622015188429041_nomorrumah-mcf_Applicant.jpeg
dalamrumah-mcf;2025052622015188429041_dalamrumah-mcf_Applicant.jpeg
pricelist-mcf;2025052622015188429041_pricelist-mcf_Applicant.jpeg
nomorrumah-mcf;2025052622022267658555_nomorrumah-mcf_Applicant.jpeg
dalamrumah-mcf;2025052622022267658555_dalamrumah-mcf_Applicant.jpeg
pricelist-mcf;2025052622022267658555_pricelist-mcf_Applicant.jpeg
buktipenghasilanusaha-mcf;2025052622022267658555_buktipenghasilanusaha-mcf_Applicant.jpeg
perizinanusaha-mcf;2025052622022267658555_perizinanusaha-mcf_Applicant.jpeg
buktikepemilikanusaha-mcf;2025052622022267658555_buktikepemilikanusaha-mcf_Applicant.jpeg
pbbrekening-mcf;2025052322025093042658_pbbrekening-mcf_Applicant.jpeg
kksuratnikah-mcf;2025052322025093042658_kksuratnikah-mcf_Applicant.jpeg
halamandepanbukutabungan-mcf;2025052322025093042658_halamandepanbukutabungan-mcf_Applicant.jpeg
fpkbelakang-mcf;2025052322025093042658_fpkbelakang-mcf_Applicant.jpeg
fpkdepan-mcf;2025052322025093042658_fpkdepan-mcf_Applicant.jpeg
tempatusahadepan-mcf;2025052322025093042658_tempatusahadepan-mcf_Applicant.jpeg
rumahdepan-mcf;2025052322025093042658_rumahdepan-mcf_Applicant.jpeg
pasanganttdcmo-mcf;2025052322025093042658_pasanganttdcmo-mcf_Applicant.jpeg
nasabahttdcmo-mcf;2025052322025093042658_nasabahttdcmo-mcf_Applicant.jpeg
allobank-mcf;2025052322025093042658_allobank-mcf_Applicant.jpeg
rumahjalan-mcf;2025052322025093042658_rumahjalan-mcf_Applicant.jpeg
salaryslip-mcf;2025052322025093042658_salaryslip-mcf_Applicant.jpeg
nomorrumah-mcf;2025052322025093042658_nomorrumah-mcf_Applicant.jpeg
dalamrumah-mcf;2025052322025093042658_dalamrumah-mcf_Applicant.jpeg
pricelist-mcf;2025052322025093042658_pricelist-mcf_Applicant.jpeg
buktipenghasilanusaha-mcf;2025052322025093042658_buktipenghasilanusaha-mcf_Applicant.jpeg
perizinanusaha-mcf;2025052322025093042658_perizinanusaha-mcf_Applicant.jpeg
buktikepemilikanusaha-mcf;2025052322025093042658_buktikepemilikanusaha-mcf_Applicant.jpeg
tempatusahadepan-mcf;2025052622025100048023_tempatusahadepan-mcf_Applicant.jpeg
rumahdepan-mcf;2025052622025100048023_rumahdepan-mcf_Applicant.jpeg
pasanganttdcmo-mcf;2025052622025100048023_pasanganttdcmo-mcf_Applicant.jpeg
nasabahttdcmo-mcf;2025052622025100048023_nasabahttdcmo-mcf_Applicant.jpeg
allobank-mcf;2025052622025100048023_allobank-mcf_Applicant.jpeg
rumahjalan-mcf;2025052622025100048023_rumahjalan-mcf_Applicant.jpeg
bpkbdepan-mcf;2025052622025100048023_bpkbdepan-mcf_Applicant.jpeg
bpkbbelakang-mcf;2025052622025100048023_bpkbbelakang-mcf_Applicant.jpeg
stnkpajak-mcf;2025052622025100048023_stnkpajak-mcf_Applicant.jpeg
unitdepankanan-mcf;2025052622025100048023_unitdepankanan-mcf_Applicant.jpeg
unitdepankiri-mcf;2025052622025100048023_unitdepankiri-mcf_Applicant.jpeg
salaryslip-mcf;2025052622025100048023_salaryslip-mcf_Applicant.jpeg
nomorrumah-mcf;2025052622025100048023_nomorrumah-mcf_Applicant.jpeg
dalamrumah-mcf;2025052622025100048023_dalamrumah-mcf_Applicant.jpeg
buktipenghasilanusaha-mcf;2025052622025100048023_buktipenghasilanusaha-mcf_Applicant.jpeg
perizinanusaha-mcf;2025052622025100048023_perizinanusaha-mcf_Applicant.jpeg
buktikepemilikanusaha-mcf;2025052622025100048023_buktikepemilikanusaha-mcf_Applicant.jpeg
rangkanomesin-mcf;2025052622025100048023_rangkanomesin-mcf_Applicant.jpeg
halamandepanbukutabungan-mcf;2025052622024219023469_halamandepanbukutabungan-mcf_Applicant.jpeg
fpkbelakang-mcf;2025052622024219023469_fpkbelakang-mcf_Applicant.jpeg
fpkdepan-mcf;2025052622024219023469_fpkdepan-mcf_Applicant.jpeg
tempatusahadepan-mcf;2025052622024219023469_tempatusahadepan-mcf_Applicant.jpeg
rumahdepan-mcf;2025052622024219023469_rumahdepan-mcf_Applicant.jpeg
pasanganttdcmo-mcf;2025052622024219023469_pasanganttdcmo-mcf_Applicant.jpeg
nasabahttdcmo-mcf;2025052622024219023469_nasabahttdcmo-mcf_Applicant.jpeg
allobank-mcf;2025052622024219023469_allobank-mcf_Applicant.jpeg
rumahjalan-mcf;2025052622024219023469_rumahjalan-mcf_Applicant.jpeg
salaryslip-mcf;2025052622024219023469_salaryslip-mcf_Applicant.jpeg
nomorrumah-mcf;2025052622024219023469_nomorrumah-mcf_Applicant.jpeg
dalamrumah-mcf;2025052622024219023469_dalamrumah-mcf_Applicant.jpeg
pricelist-mcf;2025052622024219023469_pricelist-mcf_Applicant.jpeg
buktipenghasilanusaha-mcf;2025052622024219023469_buktipenghasilanusaha-mcf_Applicant.jpeg
perizinanusaha-mcf;2025052622024219023469_perizinanusaha-mcf_Applicant.jpeg
buktikepemilikanusaha-mcf;2025052622024219023469_buktikepemilikanusaha-mcf_Applicant.jpeg
pbbrekening-mcf;2025052622022408085248_pbbrekening-mcf_Applicant.jpeg
kksuratnikah-mcf;2025052622022408085248_kksuratnikah-mcf_Applicant.jpeg
halamandepanbukutabungan-mcf;2025052622022408085248_halamandepanbukutabungan-mcf_Applicant.jpeg
fpkbelakang-mcf;2025052622022408085248_fpkbelakang-mcf_Applicant.jpeg
fpkdepan-mcf;2025052622022408085248_fpkdepan-mcf_Applicant.jpeg
tempatusahadepan-mcf;2025052622022408085248_tempatusahadepan-mcf_Applicant.jpeg
rumahdepan-mcf;2025052622022408085248_rumahdepan-mcf_Applicant.jpeg
pasanganttdcmo-mcf;2025052622022408085248_pasanganttdcmo-mcf_Applicant.jpeg
nasabahttdcmo-mcf;2025052622022408085248_nasabahttdcmo-mcf_Applicant.jpeg
allobank-mcf;2025052622022408085248_allobank-mcf_Applicant.jpeg
rumahjalan-mcf;2025052622022408085248_rumahjalan-mcf_Applicant.jpeg
salaryslip-mcf;2025052622022408085248_salaryslip-mcf_Applicant.jpeg
nomorrumah-mcf;2025052622022408085248_nomorrumah-mcf_Applicant.jpeg
pbbrekening-mcf;2025052622024212096046_pbbrekening-mcf_Applicant.jpeg
kksuratnikah-mcf;2025052622024212096046_kksuratnikah-mcf_Applicant.jpeg
halamandepanbukutabungan-mcf;2025052622024212096046_halamandepanbukutabungan-mcf_Applicant.jpeg
fpkbelakang-mcf;2025052622024212096046_fpkbelakang-mcf_Applicant.jpeg
fpkdepan-mcf;2025052622024212096046_fpkdepan-mcf_Applicant.jpeg
tempatusahadepan-mcf;2025052622024212096046_tempatusahadepan-mcf_Applicant.jpeg
rumahdepan-mcf;2025052622024212096046_rumahdepan-mcf_Applicant.jpeg
pasanganttdcmo-mcf;2025052622024212096046_pasanganttdcmo-mcf_Applicant.jpeg
nasabahttdcmo-mcf;2025052622024212096046_nasabahttdcmo-mcf_Applicant.jpeg
allobank-mcf;2025052622024212096046_allobank-mcf_Applicant.jpeg
rumahjalan-mcf;2025052622024212096046_rumahjalan-mcf_Applicant.jpeg
salaryslip-mcf;2025052622024212096046_salaryslip-mcf_Applicant.jpeg
nomorrumah-mcf;2025052622024212096046_nomorrumah-mcf_Applicant.jpeg
dalamrumah-mcf;2025052622024212096046_dalamrumah-mcf_Applicant.jpeg
pricelist-mcf;2025052622024212096046_pricelist-mcf_Applicant.jpeg
pbbrekening-mcf;2025052622025100048023_pbbrekening-mcf_Applicant.jpeg
kksuratnikah-mcf;2025052622025100048023_kksuratnikah-mcf_Applicant.jpeg
halamandepanbukutabungan-mcf;2025052622025100048023_halamandepanbukutabungan-mcf_Applicant.jpeg
fpkbelakang-mcf;2025052622025100048023_fpkbelakang-mcf_Applicant.jpeg
fpkdepan-mcf;2025052622025100048023_fpkdepan-mcf_Applicant.jpeg
dalamrumah-mcf;2025052622022408085248_dalamrumah-mcf_Applicant.jpeg
pricelist-mcf;2025052622022408085248_pricelist-mcf_Applicant.jpeg
nomorrumah-mcf;2025052622024200862646_nomorrumah-mcf_Applicant.jpeg
dalamrumah-mcf;2025052622024200862646_dalamrumah-mcf_Applicant.jpeg
pricelist-mcf;2025052622024200862646_pricelist-mcf_Applicant.jpeg
pbbrekening-mcf;2025052622021112627660_pbbrekening-mcf_Applicant.jpeg
kksuratnikah-mcf;2025052622021112627660_kksuratnikah-mcf_Applicant.jpeg
halamandepanbukutabungan-mcf;2025052622021112627660_halamandepanbukutabungan-mcf_Applicant.jpeg
fpkbelakang-mcf;2025052622021112627660_fpkbelakang-mcf_Applicant.jpeg
fpkdepan-mcf;2025052622021112627660_fpkdepan-mcf_Applicant.jpeg
tempatusahadepan-mcf;2025052622021112627660_tempatusahadepan-mcf_Applicant.jpeg
rumahdepan-mcf;2025052622021112627660_rumahdepan-mcf_Applicant.jpeg
pasanganttdcmo-mcf;2025052622021112627660_pasanganttdcmo-mcf_Applicant.jpeg
nasabahttdcmo-mcf;2025052622021112627660_nasabahttdcmo-mcf_Applicant.jpeg
allobank-mcf;2025052622021112627660_allobank-mcf_Applicant.jpeg
rumahjalan-mcf;2025052622021112627660_rumahjalan-mcf_Applicant.jpeg
salaryslip-mcf;2025052622021112627660_salaryslip-mcf_Applicant.jpeg
dalamrumah-mcf;2025052622021355416415_dalamrumah-mcf_Applicant.jpeg
pricelist-mcf;2025052622021355416415_pricelist-mcf_Applicant.jpeg
pbbrekening-mcf;2025052422023281231501_pbbrekening-mcf_Applicant.jpeg
kksuratnikah-mcf;2025052422023281231501_kksuratnikah-mcf_Applicant.jpeg
halamandepanbukutabungan-mcf;2025052422023281231501_halamandepanbukutabungan-mcf_Applicant.jpeg
fpkbelakang-mcf;2025052422023281231501_fpkbelakang-mcf_Applicant.jpeg
fpkdepan-mcf;2025052422023281231501_fpkdepan-mcf_Applicant.jpeg
tempatusahadepan-mcf;2025052422023281231501_tempatusahadepan-mcf_Applicant.jpeg
rumahdepan-mcf;2025052422023281231501_rumahdepan-mcf_Applicant.jpeg
pasanganttdcmo-mcf;2025052422023281231501_pasanganttdcmo-mcf_Applicant.jpeg
nasabahttdcmo-mcf;2025052422023281231501_nasabahttdcmo-mcf_Applicant.jpeg
allobank-mcf;2025052422023281231501_allobank-mcf_Applicant.jpeg
rumahjalan-mcf;2025052422023281231501_rumahjalan-mcf_Applicant.jpeg
bpkbdepan-mcf;2025052422023281231501_bpkbdepan-mcf_Applicant.jpeg
bpkbbelakang-mcf;2025052422023281231501_bpkbbelakang-mcf_Applicant.jpeg
stnkpajak-mcf;2025052422023281231501_stnkpajak-mcf_Applicant.jpeg
unitdepankanan-mcf;2025052422023281231501_unitdepankanan-mcf_Applicant.jpeg
unitdepankiri-mcf;2025052422023281231501_unitdepankiri-mcf_Applicant.jpeg
salaryslip-mcf;2025052422023281231501_salaryslip-mcf_Applicant.jpeg
nomorrumah-mcf;2025052422023281231501_nomorrumah-mcf_Applicant.jpeg
dalamrumah-mcf;2025052422023281231501_dalamrumah-mcf_Applicant.jpeg
rangkanomesin-mcf;2025052422023281231501_rangkanomesin-mcf_Applicant.jpeg
pbbrekening-mcf;2025052622023277474476_pbbrekening-mcf_Applicant.png
kksuratnikah-mcf;2025052622023277474476_kksuratnikah-mcf_Applicant.jpeg
halamandepanbukutabungan-mcf;2025052622023277474476_halamandepanbukutabungan-mcf_Applicant.jpeg
fpkbelakang-mcf;2025052622023277474476_fpkbelakang-mcf_Applicant.jpeg
fpkdepan-mcf;2025052622023277474476_fpkdepan-mcf_Applicant.jpeg
tempatusahadepan-mcf;2025052622023277474476_tempatusahadepan-mcf_Applicant.jpeg
rumahdepan-mcf;2025052622023277474476_rumahdepan-mcf_Applicant.jpeg
nomorrumah-mcf;2025052622021112627660_nomorrumah-mcf_Applicant.jpeg
dalamrumah-mcf;2025052622021112627660_dalamrumah-mcf_Applicant.jpeg
pricelist-mcf;2025052622021112627660_pricelist-mcf_Applicant.jpeg
pbbrekening-mcf;2025052622021355416415_pbbrekening-mcf_Applicant.jpeg
kksuratnikah-mcf;2025052622021355416415_kksuratnikah-mcf_Applicant.jpeg
halamandepanbukutabungan-mcf;2025052622021355416415_halamandepanbukutabungan-mcf_Applicant.jpeg
fpkbelakang-mcf;2025052622021355416415_fpkbelakang-mcf_Applicant.jpeg
fpkdepan-mcf;2025052622021355416415_fpkdepan-mcf_Applicant.jpeg
tempatusahadepan-mcf;2025052622021355416415_tempatusahadepan-mcf_Applicant.jpeg
rumahdepan-mcf;2025052622021355416415_rumahdepan-mcf_Applicant.jpeg
pasanganttdcmo-mcf;2025052622021355416415_pasanganttdcmo-mcf_Applicant.jpeg
nasabahttdcmo-mcf;2025052622021355416415_nasabahttdcmo-mcf_Applicant.jpeg
allobank-mcf;2025052622021355416415_allobank-mcf_Applicant.jpeg
rumahjalan-mcf;2025052622021355416415_rumahjalan-mcf_Applicant.jpeg
salaryslip-mcf;2025052622021355416415_salaryslip-mcf_Applicant.jpeg
nomorrumah-mcf;2025052622021355416415_nomorrumah-mcf_Applicant.jpeg
pasanganttdcmo-mcf;2025052622023277474476_pasanganttdcmo-mcf_Applicant.jpeg
nasabahttdcmo-mcf;2025052622023277474476_nasabahttdcmo-mcf_Applicant.jpeg
allobank-mcf;2025052622023277474476_allobank-mcf_Applicant.jpeg
rumahjalan-mcf;2025052622023277474476_rumahjalan-mcf_Applicant.jpeg
salaryslip-mcf;2025052622023277474476_salaryslip-mcf_Applicant.jpeg
nomorrumah-mcf;2025052622023277474476_nomorrumah-mcf_Applicant.jpeg
dalamrumah-mcf;2025052622023277474476_dalamrumah-mcf_Applicant.jpeg
pricelist-mcf;2025052622023277474476_pricelist-mcf_Applicant.jpeg
buktipenghasilanusaha-mcf;2025052622023277474476_buktipenghasilanusaha-mcf_Applicant.jpeg
perizinanusaha-mcf;2025052622023277474476_perizinanusaha-mcf_Applicant.jpeg
buktikepemilikanusaha-mcf;2025052622023277474476_buktikepemilikanusaha-mcf_Applicant.jpeg
pbbrekening-mcf;2025052622021341116965_pbbrekening-mcf_Applicant.jpeg
kksuratnikah-mcf;2025052622021341116965_kksuratnikah-mcf_Applicant.jpeg
halamandepanbukutabungan-mcf;2025052622021341116965_halamandepanbukutabungan-mcf_Applicant.jpeg
fpkbelakang-mcf;2025052622021341116965_fpkbelakang-mcf_Applicant.jpeg
fpkdepan-mcf;2025052622021341116965_fpkdepan-mcf_Applicant.jpeg
rumahdepan-mcf;2025052622025093083059_rumahdepan-mcf_Applicant.jpeg
pasanganttdcmo-mcf;2025052622025093083059_pasanganttdcmo-mcf_Applicant.jpeg
nasabahttdcmo-mcf;2025052622025093083059_nasabahttdcmo-mcf_Applicant.jpeg
allobank-mcf;2025052622025093083059_allobank-mcf_Applicant.jpeg
rumahjalan-mcf;2025052622025093083059_rumahjalan-mcf_Applicant.jpeg
salaryslip-mcf;2025052622025093083059_salaryslip-mcf_Applicant.jpeg
nomorrumah-mcf;2025052622025093083059_nomorrumah-mcf_Applicant.jpeg
dalamrumah-mcf;2025052622025093083059_dalamrumah-mcf_Applicant.jpeg
pricelist-mcf;2025052622025093083059_pricelist-mcf_Applicant.jpeg
pbbrekening-mcf;2025052622023492171226_pbbrekening-mcf_Applicant.jpeg
kksuratnikah-mcf;2025052622023492171226_kksuratnikah-mcf_Applicant.jpeg
halamandepanbukutabungan-mcf;2025052622023492171226_halamandepanbukutabungan-mcf_Applicant.jpeg
fpkbelakang-mcf;2025052622023492171226_fpkbelakang-mcf_Applicant.jpeg
fpkdepan-mcf;2025052622023492171226_fpkdepan-mcf_Applicant.jpeg
tempatusahadepan-mcf;2025052622023492171226_tempatusahadepan-mcf_Applicant.jpeg
rumahdepan-mcf;2025052622023492171226_rumahdepan-mcf_Applicant.jpeg
pasanganttdcmo-mcf;2025052622023492171226_pasanganttdcmo-mcf_Applicant.jpeg
nasabahttdcmo-mcf;2025052622023492171226_nasabahttdcmo-mcf_Applicant.jpeg
allobank-mcf;2025052622023492171226_allobank-mcf_Applicant.jpeg
rumahjalan-mcf;2025052622023492171226_rumahjalan-mcf_Applicant.jpeg
salaryslip-mcf;2025052622023492171226_salaryslip-mcf_Applicant.jpeg
nomorrumah-mcf;2025052622023492171226_nomorrumah-mcf_Applicant.jpeg
dalamrumah-mcf;2025052622023492171226_dalamrumah-mcf_Applicant.jpeg
pricelist-mcf;2025052622023492171226_pricelist-mcf_Applicant.jpeg
tempatusahadepan-mcf;2025052622021341116965_tempatusahadepan-mcf_Applicant.jpeg
rumahdepan-mcf;2025052622021341116965_rumahdepan-mcf_Applicant.jpeg
pasanganttdcmo-mcf;2025052622021341116965_pasanganttdcmo-mcf_Applicant.jpeg
nasabahttdcmo-mcf;2025052622021341116965_nasabahttdcmo-mcf_Applicant.jpeg
allobank-mcf;2025052622021341116965_allobank-mcf_Applicant.jpeg
rumahjalan-mcf;2025052622021341116965_rumahjalan-mcf_Applicant.jpeg
salaryslip-mcf;2025052622021341116965_salaryslip-mcf_Applicant.jpeg
nomorrumah-mcf;2025052622021341116965_nomorrumah-mcf_Applicant.jpeg
dalamrumah-mcf;2025052622021341116965_dalamrumah-mcf_Applicant.jpeg
pricelist-mcf;2025052622021341116965_pricelist-mcf_Applicant.jpeg
pbbrekening-mcf;2025052622025093083059_pbbrekening-mcf_Applicant.jpeg
kksuratnikah-mcf;2025052622025093083059_kksuratnikah-mcf_Applicant.jpeg
halamandepanbukutabungan-mcf;2025052622025093083059_halamandepanbukutabungan-mcf_Applicant.jpeg
fpkbelakang-mcf;2025052622025093083059_fpkbelakang-mcf_Applicant.jpeg
fpkdepan-mcf;2025052622025093083059_fpkdepan-mcf_Applicant.jpeg
tempatusahadepan-mcf;2025052622025093083059_tempatusahadepan-mcf_Applicant.jpeg
fpkdepan-mcf;2025052722021041177580_fpkdepan-mcf_Applicant.jpeg
fpkbelakang-mcf;2025052722021041177580_fpkbelakang-mcf_Applicant.jpeg
dalamrumah-mcf;2025052722024267657712_dalamrumah-mcf_Applicant.jpeg
rumahdepan-mcf;2025052722021041177580_rumahdepan-mcf_Applicant.jpeg
tempatusahadepan-mcf;2025052722024267657712_tempatusahadepan-mcf_Applicant.jpeg
dalamrumah-mcf;2025052722021041177580_dalamrumah-mcf_Applicant.jpeg
tempatusahadepan-mcf;2025052722021041177580_tempatusahadepan-mcf_Applicant.jpeg
pricelist-mcf;2025052722021041177580_pricelist-mcf_Applicant.jpeg
rumahjalan-mcf;2025052722021041177580_rumahjalan-mcf_Applicant.jpeg
pasanganttdcmo-mcf;2025052722021041177580_pasanganttdcmo-mcf_Applicant.jpeg
nasabahttdcmo-mcf;2025052722021041177580_nasabahttdcmo-mcf_Applicant.jpeg
pbbrekening-mcf;2025052722024400756435_pbbrekening-mcf_Applicant.jpeg
kksuratnikah-mcf;2025052722024400756435_kksuratnikah-mcf_Applicant.jpeg
fpkdepan-mcf;2025052622015188499402_fpkdepan-mcf_Applicant.jpeg
tempatusahadepan-mcf;2025052622015188499402_tempatusahadepan-mcf_Applicant.jpeg
rumahdepan-mcf;2025052622015188499402_rumahdepan-mcf_Applicant.jpeg
pasanganttdcmo-mcf;2025052622015188499402_pasanganttdcmo-mcf_Applicant.jpeg
nasabahttdcmo-mcf;2025052622015188499402_nasabahttdcmo-mcf_Applicant.jpeg
allobank-mcf;2025052622015188499402_allobank-mcf_Applicant.jpeg
rumahjalan-mcf;2025052622015188499402_rumahjalan-mcf_Applicant.jpeg
salaryslip-mcf;2025052622015188499402_salaryslip-mcf_Applicant.jpeg
nomorrumah-mcf;2025052622015188499402_nomorrumah-mcf_Applicant.jpeg
dalamrumah-mcf;2025052622015188499402_dalamrumah-mcf_Applicant.jpeg
pricelist-mcf;2025052622015188499402_pricelist-mcf_Applicant.jpeg
pbbrekening-mcf;2025052622025012684232_pbbrekening-mcf_Applicant.jpeg
kksuratnikah-mcf;2025052622025012684232_kksuratnikah-mcf_Applicant.jpeg
halamandepanbukutabungan-mcf;2025052622025012684232_halamandepanbukutabungan-mcf_Applicant.jpeg
fpkbelakang-mcf;2025052622025012684232_fpkbelakang-mcf_Applicant.jpeg
fpkdepan-mcf;2025052622025012684232_fpkdepan-mcf_Applicant.jpeg
tempatusahadepan-mcf;2025052622025012684232_tempatusahadepan-mcf_Applicant.jpeg
rumahdepan-mcf;2025052622025012684232_rumahdepan-mcf_Applicant.jpeg
pasanganttdcmo-mcf;2025052622025012684232_pasanganttdcmo-mcf_Applicant.jpeg
nasabahttdcmo-mcf;2025052622025012684232_nasabahttdcmo-mcf_Applicant.jpeg
allobank-mcf;2025052622025012684232_allobank-mcf_Applicant.jpeg
rumahjalan-mcf;2025052622025012684232_rumahjalan-mcf_Applicant.jpeg
bpkbdepan-mcf;2025052622025012684232_bpkbdepan-mcf_Applicant.jpeg
bpkbbelakang-mcf;2025052622025012684232_bpkbbelakang-mcf_Applicant.jpeg
stnkpajak-mcf;2025052622025012684232_stnkpajak-mcf_Applicant.jpeg
unitdepankanan-mcf;2025052622025012684232_unitdepankanan-mcf_Applicant.jpeg
unitdepankiri-mcf;2025052622025012684232_unitdepankiri-mcf_Applicant.jpeg
salaryslip-mcf;2025052622025012684232_salaryslip-mcf_Applicant.jpeg
nomorrumah-mcf;2025052622025012684232_nomorrumah-mcf_Applicant.jpeg
dalamrumah-mcf;2025052622025012684232_dalamrumah-mcf_Applicant.jpeg
rangkanomesin-mcf;2025052622025012684232_rangkanomesin-mcf_Applicant.jpeg
pbbrekening-mcf;2025052622024209249766_pbbrekening-mcf_Applicant.jpeg
kksuratnikah-mcf;2025052622024209249766_kksuratnikah-mcf_Applicant.jpeg
halamandepanbukutabungan-mcf;2025052622024209249766_halamandepanbukutabungan-mcf_Applicant.jpeg
fpkbelakang-mcf;2025052622024209249766_fpkbelakang-mcf_Applicant.jpeg
fpkdepan-mcf;2025052622024209249766_fpkdepan-mcf_Applicant.jpeg
tempatusahadepan-mcf;2025052622024209249766_tempatusahadepan-mcf_Applicant.jpeg
rumahdepan-mcf;2025052622024209249766_rumahdepan-mcf_Applicant.jpeg
pasanganttdcmo-mcf;2025052622024209249766_pasanganttdcmo-mcf_Applicant.jpeg
nasabahttdcmo-mcf;2025052622024209249766_nasabahttdcmo-mcf_Applicant.jpeg
allobank-mcf;2025052622024209249766_allobank-mcf_Applicant.jpeg
rumahjalan-mcf;2025052622024209249766_rumahjalan-mcf_Applicant.jpeg
salaryslip-mcf;2025052622024209249766_salaryslip-mcf_Applicant.jpeg
nomorrumah-mcf;2025052622024209249766_nomorrumah-mcf_Applicant.jpeg
dalamrumah-mcf;2025052622024209249766_dalamrumah-mcf_Applicant.jpeg
pricelist-mcf;2025052622024209249766_pricelist-mcf_Applicant.jpeg
pbbrekening-mcf;2025052622015188499402_pbbrekening-mcf_Applicant.jpeg
kksuratnikah-mcf;2025052622015188499402_kksuratnikah-mcf_Applicant.jpeg
halamandepanbukutabungan-mcf;2025052622015188499402_halamandepanbukutabungan-mcf_Applicant.jpeg
fpkbelakang-mcf;2025052622015188499402_fpkbelakang-mcf_Applicant.jpeg
pbbrekening-mcf;2025052622022683689918_pbbrekening-mcf_Applicant.jpeg
kksuratnikah-mcf;2025052622022683689918_kksuratnikah-mcf_Applicant.jpeg
halamandepanbukutabungan-mcf;2025052622022683689918_halamandepanbukutabungan-mcf_Applicant.jpeg
fpkbelakang-mcf;2025052622022683689918_fpkbelakang-mcf_Applicant.jpeg
fpkdepan-mcf;2025052622022683689918_fpkdepan-mcf_Applicant.jpeg
tempatusahadepan-mcf;2025052622022683689918_tempatusahadepan-mcf_Applicant.jpeg
rumahdepan-mcf;2025052622022683689918_rumahdepan-mcf_Applicant.jpeg
pasanganttdcmo-mcf;2025052622022683689918_pasanganttdcmo-mcf_Applicant.jpeg
nasabahttdcmo-mcf;2025052622022683689918_nasabahttdcmo-mcf_Applicant.jpeg
allobank-mcf;2025052622022683689918_allobank-mcf_Applicant.jpeg
rumahjalan-mcf;2025052622022683689918_rumahjalan-mcf_Applicant.jpeg
salaryslip-mcf;2025052622022683689918_salaryslip-mcf_Applicant.jpeg
nomorrumah-mcf;2025052622022683689918_nomorrumah-mcf_Applicant.jpeg
dalamrumah-mcf;2025052622022683689918_dalamrumah-mcf_Applicant.jpeg
pricelist-mcf;2025052622022683689918_pricelist-mcf_Applicant.jpeg
pbbrekening-mcf;2025052622024305837547_pbbrekening-mcf_Applicant.jpeg
kksuratnikah-mcf;2025052622024305837547_kksuratnikah-mcf_Applicant.jpeg
halamandepanbukutabungan-mcf;2025052622024305837547_halamandepanbukutabungan-mcf_Applicant.jpeg
fpkbelakang-mcf;2025052622024305837547_fpkbelakang-mcf_Applicant.jpeg
fpkdepan-mcf;2025052622024305837547_fpkdepan-mcf_Applicant.jpeg
tempatusahadepan-mcf;2025052622024305837547_tempatusahadepan-mcf_Applicant.jpeg
rumahdepan-mcf;2025052622024305837547_rumahdepan-mcf_Applicant.jpeg
pasanganttdcmo-mcf;2025052622024305837547_pasanganttdcmo-mcf_Applicant.jpeg
nasabahttdcmo-mcf;2025052622024305837547_nasabahttdcmo-mcf_Applicant.jpeg
allobank-mcf;2025052622024305837547_allobank-mcf_Applicant.jpeg
rumahjalan-mcf;2025052622024305837547_rumahjalan-mcf_Applicant.jpeg
bpkbdepan-mcf;2025052622024305837547_bpkbdepan-mcf_Applicant.jpeg
bpkbbelakang-mcf;2025052622024305837547_bpkbbelakang-mcf_Applicant.jpeg
stnkpajak-mcf;2025052622024305837547_stnkpajak-mcf_Applicant.jpeg
unitdepankanan-mcf;2025052622024305837547_unitdepankanan-mcf_Applicant.jpeg
unitdepankiri-mcf;2025052622024305837547_unitdepankiri-mcf_Applicant.jpeg
salaryslip-mcf;2025052622024305837547_salaryslip-mcf_Applicant.jpeg
nomorrumah-mcf;2025052622024305837547_nomorrumah-mcf_Applicant.jpeg
dalamrumah-mcf;2025052622024305837547_dalamrumah-mcf_Applicant.jpeg
buktipenghasilanusaha-mcf;2025052622024305837547_buktipenghasilanusaha-mcf_Applicant.jpeg
perizinanusaha-mcf;2025052622024305837547_perizinanusaha-mcf_Applicant.jpeg
buktikepemilikanusaha-mcf;2025052622024305837547_buktikepemilikanusaha-mcf_Applicant.jpeg
rangkanomesin-mcf;2025052622024305837547_rangkanomesin-mcf_Applicant.jpeg
pbbrekening-mcf;2025052422024163086853_pbbrekening-mcf_Applicant.jpeg
kksuratnikah-mcf;2025052422024163086853_kksuratnikah-mcf_Applicant.jpeg
halamandepanbukutabungan-mcf;2025052422024163086853_halamandepanbukutabungan-mcf_Applicant.jpeg
fpkbelakang-mcf;2025052422024163086853_fpkbelakang-mcf_Applicant.jpeg
fpkdepan-mcf;2025052422024163086853_fpkdepan-mcf_Applicant.jpeg
rangkanomesin-mcf;2025052422024163086853_rangkanomesin-mcf_Applicant.jpeg
pbbrekening-mcf;2025052622024411690130_pbbrekening-mcf_Applicant.jpeg
kksuratnikah-mcf;2025052622024411690130_kksuratnikah-mcf_Applicant.jpeg
halamandepanbukutabungan-mcf;2025052622024411690130_halamandepanbukutabungan-mcf_Applicant.jpeg
fpkbelakang-mcf;2025052622024411690130_fpkbelakang-mcf_Applicant.jpeg
fpkdepan-mcf;2025052622024411690130_fpkdepan-mcf_Applicant.jpeg
tempatusahadepan-mcf;2025052622024411690130_tempatusahadepan-mcf_Applicant.jpeg
rumahdepan-mcf;2025052622024411690130_rumahdepan-mcf_Applicant.jpeg
pasanganttdcmo-mcf;2025052622024411690130_pasanganttdcmo-mcf_Applicant.jpeg
nasabahttdcmo-mcf;2025052622024411690130_nasabahttdcmo-mcf_Applicant.jpeg
allobank-mcf;2025052622024411690130_allobank-mcf_Applicant.jpeg
rumahjalan-mcf;2025052622024411690130_rumahjalan-mcf_Applicant.jpeg
salaryslip-mcf;2025052622024411690130_salaryslip-mcf_Applicant.jpeg
nomorrumah-mcf;2025052622024411690130_nomorrumah-mcf_Applicant.jpeg
dalamrumah-mcf;2025052622024411690130_dalamrumah-mcf_Applicant.jpeg
pricelist-mcf;2025052622024411690130_pricelist-mcf_Applicant.jpeg
buktipenghasilanusaha-mcf;2025052622024411690130_buktipenghasilanusaha-mcf_Applicant.jpeg
perizinanusaha-mcf;2025052622024411690130_perizinanusaha-mcf_Applicant.jpeg
buktikepemilikanusaha-mcf;2025052622024411690130_buktikepemilikanusaha-mcf_Applicant.jpeg
tempatusahadepan-mcf;2025052422024163086853_tempatusahadepan-mcf_Applicant.jpeg
rumahdepan-mcf;2025052422024163086853_rumahdepan-mcf_Applicant.jpeg
pasanganttdcmo-mcf;2025052422024163086853_pasanganttdcmo-mcf_Applicant.jpeg
nasabahttdcmo-mcf;2025052422024163086853_nasabahttdcmo-mcf_Applicant.jpeg
allobank-mcf;2025052422024163086853_allobank-mcf_Applicant.jpeg
rumahjalan-mcf;2025052422024163086853_rumahjalan-mcf_Applicant.jpeg
bpkbdepan-mcf;2025052422024163086853_bpkbdepan-mcf_Applicant.jpeg
bpkbbelakang-mcf;2025052422024163086853_bpkbbelakang-mcf_Applicant.jpeg
stnkpajak-mcf;2025052422024163086853_stnkpajak-mcf_Applicant.jpeg
unitdepankanan-mcf;2025052422024163086853_unitdepankanan-mcf_Applicant.jpeg
unitdepankiri-mcf;2025052422024163086853_unitdepankiri-mcf_Applicant.jpeg
salaryslip-mcf;2025052422024163086853_salaryslip-mcf_Applicant.jpeg
nomorrumah-mcf;2025052422024163086853_nomorrumah-mcf_Applicant.jpeg
dalamrumah-mcf;2025052422024163086853_dalamrumah-mcf_Applicant.jpeg
fpkbelakang-mcf;2025052422024411649259_fpkbelakang-mcf_Applicant.jpeg
fpkdepan-mcf;2025052422024411649259_fpkdepan-mcf_Applicant.jpeg
tempatusahadepan-mcf;2025052422024411649259_tempatusahadepan-mcf_Applicant.jpeg
rumahdepan-mcf;2025052422024411649259_rumahdepan-mcf_Applicant.jpeg
pasanganttdcmo-mcf;2025052422024411649259_pasanganttdcmo-mcf_Applicant.jpeg
nasabahttdcmo-mcf;2025052422024411649259_nasabahttdcmo-mcf_Applicant.jpeg
allobank-mcf;2025052422024411649259_allobank-mcf_Applicant.jpeg
rumahjalan-mcf;2025052422024411649259_rumahjalan-mcf_Applicant.jpeg
salaryslip-mcf;2025052422024411649259_salaryslip-mcf_Applicant.jpeg
nomorrumah-mcf;2025052422024411649259_nomorrumah-mcf_Applicant.jpeg
dalamrumah-mcf;2025052422024411649259_dalamrumah-mcf_Applicant.jpeg
pricelist-mcf;2025052422024411649259_pricelist-mcf_Applicant.jpeg
buktipenghasilanusaha-mcf;2025052422024411649259_buktipenghasilanusaha-mcf_Applicant.jpeg
perizinanusaha-mcf;2025052422024411649259_perizinanusaha-mcf_Applicant.jpeg
buktikepemilikanusaha-mcf;2025052422024411649259_buktikepemilikanusaha-mcf_Applicant.jpeg
pasanganttdcmo-mcf;2025052722024418374410_pasanganttdcmo-mcf_Applicant.jpeg
nasabahttdcmo-mcf;2025052722024418374410_nasabahttdcmo-mcf_Applicant.jpeg
allobank-mcf;2025052722024418374410_allobank-mcf_Applicant.jpeg
rumahjalan-mcf;2025052722024418374410_rumahjalan-mcf_Applicant.jpeg
bpkbdepan-mcf;2025052722024418374410_bpkbdepan-mcf_Applicant.jpeg
bpkbbelakang-mcf;2025052722024418374410_bpkbbelakang-mcf_Applicant.jpeg
stnkpajak-mcf;2025052722024418374410_stnkpajak-mcf_Applicant.jpeg
unitdepankanan-mcf;2025052722024418374410_unitdepankanan-mcf_Applicant.jpeg
unitdepankiri-mcf;2025052722024418374410_unitdepankiri-mcf_Applicant.jpeg
salaryslip-mcf;2025052722024418374410_salaryslip-mcf_Applicant.jpeg
nomorrumah-mcf;2025052722024418374410_nomorrumah-mcf_Applicant.jpeg
dalamrumah-mcf;2025052722024418374410_dalamrumah-mcf_Applicant.jpeg
rangkanomesin-mcf;2025052722024418374410_rangkanomesin-mcf_Applicant.jpeg
pbbrekening-mcf;2025052522025117024728_pbbrekening-mcf_Applicant.jpeg
kksuratnikah-mcf;2025052522025117024728_kksuratnikah-mcf_Applicant.jpeg
halamandepanbukutabungan-mcf;2025052522025117024728_halamandepanbukutabungan-mcf_Applicant.jpeg
pricelist-mcf;2025052622023018132883_pricelist-mcf_Applicant.jpeg
pbbrekening-mcf;2025052322023045126962_pbbrekening-mcf_Applicant.jpeg
kksuratnikah-mcf;2025052322023045126962_kksuratnikah-mcf_Applicant.jpeg
halamandepanbukutabungan-mcf;2025052322023045126962_halamandepanbukutabungan-mcf_Applicant.jpeg
fpkbelakang-mcf;2025052322023045126962_fpkbelakang-mcf_Applicant.jpeg
fpkdepan-mcf;2025052322023045126962_fpkdepan-mcf_Applicant.jpeg
tempatusahadepan-mcf;2025052322023045126962_tempatusahadepan-mcf_Applicant.jpeg
rumahdepan-mcf;2025052322023045126962_rumahdepan-mcf_Applicant.jpeg
pasanganttdcmo-mcf;2025052322023045126962_pasanganttdcmo-mcf_Applicant.jpeg
nasabahttdcmo-mcf;2025052322023045126962_nasabahttdcmo-mcf_Applicant.jpeg
allobank-mcf;2025052322023045126962_allobank-mcf_Applicant.jpeg
rumahjalan-mcf;2025052322023045126962_rumahjalan-mcf_Applicant.jpeg
salaryslip-mcf;2025052322023045126962_salaryslip-mcf_Applicant.jpeg
nomorrumah-mcf;2025052322023045126962_nomorrumah-mcf_Applicant.jpeg
dalamrumah-mcf;2025052322023045126962_dalamrumah-mcf_Applicant.jpeg
pricelist-mcf;2025052322023045126962_pricelist-mcf_Applicant.jpeg
buktipenghasilanusaha-mcf;2025052322023045126962_buktipenghasilanusaha-mcf_Applicant.jpeg
perizinanusaha-mcf;2025052322023045126962_perizinanusaha-mcf_Applicant.jpeg
buktikepemilikanusaha-mcf;2025052322023045126962_buktikepemilikanusaha-mcf_Applicant.jpeg
pbbrekening-mcf;2025052622023018132883_pbbrekening-mcf_Applicant.jpeg
kksuratnikah-mcf;2025052622023018132883_kksuratnikah-mcf_Applicant.jpeg
halamandepanbukutabungan-mcf;2025052622023018132883_halamandepanbukutabungan-mcf_Applicant.jpeg
fpkbelakang-mcf;2025052622023018132883_fpkbelakang-mcf_Applicant.jpeg
fpkdepan-mcf;2025052622023018132883_fpkdepan-mcf_Applicant.jpeg
tempatusahadepan-mcf;2025052622023018132883_tempatusahadepan-mcf_Applicant.jpeg
nomorrumah-mcf;2025052622023018132883_nomorrumah-mcf_Applicant.jpeg
pasanganttdcmo-mcf;2025052622023018132883_pasanganttdcmo-mcf_Applicant.jpeg
nasabahttdcmo-mcf;2025052622023018132883_nasabahttdcmo-mcf_Applicant.jpeg
allobank-mcf;2025052622023018132883_allobank-mcf_Applicant.jpeg
rumahjalan-mcf;2025052622023018132883_rumahjalan-mcf_Applicant.jpeg
salaryslip-mcf;2025052622023018132883_salaryslip-mcf_Applicant.jpeg
nomorrumah-mcf;2025052622023018132883_nomorrumah-mcf_Applicant.jpeg
dalamrumah-mcf;2025052622023018132883_dalamrumah-mcf_Applicant.jpeg
dalamrumah-mcf;2025052622025059763700_dalamrumah-mcf_Applicant.jpeg
pricelist-mcf;2025052622025059763700_pricelist-mcf_Applicant.jpeg
buktipenghasilanusaha-mcf;2025052622025059763700_buktipenghasilanusaha-mcf_Applicant.jpeg
perizinanusaha-mcf;2025052622025059763700_perizinanusaha-mcf_Applicant.jpeg
buktikepemilikanusaha-mcf;2025052622025059763700_buktikepemilikanusaha-mcf_Applicant.jpeg
pbbrekening-mcf;2025052622024600867411_pbbrekening-mcf_Applicant.jpeg
kksuratnikah-mcf;2025052622024600867411_kksuratnikah-mcf_Applicant.jpeg
halamandepanbukutabungan-mcf;2025052622024600867411_halamandepanbukutabungan-mcf_Applicant.jpeg
fpkbelakang-mcf;2025052622024600867411_fpkbelakang-mcf_Applicant.jpeg
fpkdepan-mcf;2025052622024600867411_fpkdepan-mcf_Applicant.jpeg
tempatusahadepan-mcf;2025052622024600867411_tempatusahadepan-mcf_Applicant.jpeg
rumahdepan-mcf;2025052622024600867411_rumahdepan-mcf_Applicant.jpeg
pasanganttdcmo-mcf;2025052622024600867411_pasanganttdcmo-mcf_Applicant.jpeg
nasabahttdcmo-mcf;2025052622024600867411_nasabahttdcmo-mcf_Applicant.jpeg
allobank-mcf;2025052622024600867411_allobank-mcf_Applicant.jpeg
rumahjalan-mcf;2025052622024600867411_rumahjalan-mcf_Applicant.jpeg
pbbrekening-mcf;2025052622025059763700_pbbrekening-mcf_Applicant.jpeg
kksuratnikah-mcf;2025052622025059763700_kksuratnikah-mcf_Applicant.jpeg
halamandepanbukutabungan-mcf;2025052622025059763700_halamandepanbukutabungan-mcf_Applicant.jpeg
fpkbelakang-mcf;2025052622025059763700_fpkbelakang-mcf_Applicant.jpeg
fpkdepan-mcf;2025052622025059763700_fpkdepan-mcf_Applicant.jpeg
tempatusahadepan-mcf;2025052622025059763700_tempatusahadepan-mcf_Applicant.jpeg
rumahdepan-mcf;2025052622025059763700_rumahdepan-mcf_Applicant.jpeg
pasanganttdcmo-mcf;2025052622025059763700_pasanganttdcmo-mcf_Applicant.jpeg
nasabahttdcmo-mcf;2025052622025059763700_nasabahttdcmo-mcf_Applicant.jpeg
allobank-mcf;2025052622025059763700_allobank-mcf_Applicant.jpeg
rumahjalan-mcf;2025052622025059763700_rumahjalan-mcf_Applicant.jpeg
salaryslip-mcf;2025052622025059763700_salaryslip-mcf_Applicant.jpeg
nomorrumah-mcf;2025052622025059763700_nomorrumah-mcf_Applicant.jpeg
nomorrumah-mcf;2025052422023492133730_nomorrumah-mcf_Applicant.jpeg
dalamrumah-mcf;2025052422023492133730_dalamrumah-mcf_Applicant.jpeg
pricelist-mcf;2025052422023492133730_pricelist-mcf_Applicant.jpeg
salaryslip-mcf;2025052622024600867411_salaryslip-mcf_Applicant.jpeg
nomorrumah-mcf;2025052622024600867411_nomorrumah-mcf_Applicant.jpeg
dalamrumah-mcf;2025052622024600867411_dalamrumah-mcf_Applicant.jpeg
pricelist-mcf;2025052622024600867411_pricelist-mcf_Applicant.jpeg
pbbrekening-mcf;2025052422023492133730_pbbrekening-mcf_Applicant.jpeg
kksuratnikah-mcf;2025052422023492133730_kksuratnikah-mcf_Applicant.jpeg
halamandepanbukutabungan-mcf;2025052422023492133730_halamandepanbukutabungan-mcf_Applicant.jpeg
fpkbelakang-mcf;2025052422023492133730_fpkbelakang-mcf_Applicant.jpeg
fpkdepan-mcf;2025052422023492133730_fpkdepan-mcf_Applicant.jpeg
tempatusahadepan-mcf;2025052422023492133730_tempatusahadepan-mcf_Applicant.jpeg
rumahdepan-mcf;2025052422023492133730_rumahdepan-mcf_Applicant.jpeg
pasanganttdcmo-mcf;2025052422023492133730_pasanganttdcmo-mcf_Applicant.jpeg
nasabahttdcmo-mcf;2025052422023492133730_nasabahttdcmo-mcf_Applicant.jpeg
allobank-mcf;2025052422023492133730_allobank-mcf_Applicant.jpeg
rumahjalan-mcf;2025052422023492133730_rumahjalan-mcf_Applicant.jpeg
salaryslip-mcf;2025052422023492133730_salaryslip-mcf_Applicant.jpeg
pbbrekening-mcf;2025052622023018151714_pbbrekening-mcf_Applicant.jpeg
kksuratnikah-mcf;2025052622023018151714_kksuratnikah-mcf_Applicant.jpeg
halamandepanbukutabungan-mcf;2025052622023018151714_halamandepanbukutabungan-mcf_Applicant.jpeg
fpkbelakang-mcf;2025052622023018151714_fpkbelakang-mcf_Applicant.jpeg
fpkdepan-mcf;2025052622023018151714_fpkdepan-mcf_Applicant.jpeg
tempatusahadepan-mcf;2025052622023018151714_tempatusahadepan-mcf_Applicant.jpeg
rumahdepan-mcf;2025052622023018151714_rumahdepan-mcf_Applicant.jpeg
pasanganttdcmo-mcf;2025052622023018151714_pasanganttdcmo-mcf_Applicant.jpeg
nasabahttdcmo-mcf;2025052622023018151714_nasabahttdcmo-mcf_Applicant.jpeg
tempatusahadepan-mcf;2025052622023375185639_tempatusahadepan-mcf_Applicant.jpeg
rumahdepan-mcf;2025052622023375185639_rumahdepan-mcf_Applicant.jpeg
pasanganttdcmo-mcf;2025052622023375185639_pasanganttdcmo-mcf_Applicant.jpeg
nasabahttdcmo-mcf;2025052622023375185639_nasabahttdcmo-mcf_Applicant.jpeg
allobank-mcf;2025052622023375185639_allobank-mcf_Applicant.jpeg
rumahjalan-mcf;2025052622023375185639_rumahjalan-mcf_Applicant.jpeg
salaryslip-mcf;2025052622023375185639_salaryslip-mcf_Applicant.jpeg
nomorrumah-mcf;2025052622023375185639_nomorrumah-mcf_Applicant.jpeg
dalamrumah-mcf;2025052622023375185639_dalamrumah-mcf_Applicant.jpeg
pricelist-mcf;2025052622023375185639_pricelist-mcf_Applicant.jpeg
pbbrekening-mcf;2025052622023025460259_pbbrekening-mcf_Applicant.png
kksuratnikah-mcf;2025052622023025460259_kksuratnikah-mcf_Applicant.jpeg
halamandepanbukutabungan-mcf;2025052622023025460259_halamandepanbukutabungan-mcf_Applicant.jpeg
fpkbelakang-mcf;2025052622023025460259_fpkbelakang-mcf_Applicant.jpeg
fpkdepan-mcf;2025052622023025460259_fpkdepan-mcf_Applicant.jpeg
rumahjalan-mcf;2025052422025057652879_rumahjalan-mcf_Applicant.jpeg
bpkbdepan-mcf;2025052422025057652879_bpkbdepan-mcf_Applicant.jpeg
bpkbbelakang-mcf;2025052422025057652879_bpkbbelakang-mcf_Applicant.jpeg
stnkpajak-mcf;2025052422025057652879_stnkpajak-mcf_Applicant.jpeg
unitdepankanan-mcf;2025052422025057652879_unitdepankanan-mcf_Applicant.jpeg
unitdepankiri-mcf;2025052422025057652879_unitdepankiri-mcf_Applicant.jpeg
salaryslip-mcf;2025052422025057652879_salaryslip-mcf_Applicant.jpeg
nomorrumah-mcf;2025052422025057652879_nomorrumah-mcf_Applicant.jpeg
dalamrumah-mcf;2025052422025057652879_dalamrumah-mcf_Applicant.jpeg
rangkanomesin-mcf;2025052422025057652879_rangkanomesin-mcf_Applicant.jpeg
pbbrekening-mcf;2025052422025162371716_pbbrekening-mcf_Applicant.jpeg
kksuratnikah-mcf;2025052422025162371716_kksuratnikah-mcf_Applicant.jpeg
halamandepanbukutabungan-mcf;2025052422025162371716_halamandepanbukutabungan-mcf_Applicant.jpeg
allobank-mcf;2025052622023018151714_allobank-mcf_Applicant.jpeg
rumahjalan-mcf;2025052622023018151714_rumahjalan-mcf_Applicant.jpeg
salaryslip-mcf;2025052622023018151714_salaryslip-mcf_Applicant.jpeg
nomorrumah-mcf;2025052622023018151714_nomorrumah-mcf_Applicant.jpeg
dalamrumah-mcf;2025052622023018151714_dalamrumah-mcf_Applicant.jpeg
pricelist-mcf;2025052622023018151714_pricelist-mcf_Applicant.jpeg
pbbrekening-mcf;2025052422025057652879_pbbrekening-mcf_Applicant.jpeg
kksuratnikah-mcf;2025052422025057652879_kksuratnikah-mcf_Applicant.jpeg
halamandepanbukutabungan-mcf;2025052422025057652879_halamandepanbukutabungan-mcf_Applicant.jpeg
fpkbelakang-mcf;2025052422025057652879_fpkbelakang-mcf_Applicant.jpeg
fpkdepan-mcf;2025052422025057652879_fpkdepan-mcf_Applicant.jpeg
tempatusahadepan-mcf;2025052422025057652879_tempatusahadepan-mcf_Applicant.jpeg
rumahdepan-mcf;2025052422025057652879_rumahdepan-mcf_Applicant.jpeg
pasanganttdcmo-mcf;2025052422025057652879_pasanganttdcmo-mcf_Applicant.jpeg
nasabahttdcmo-mcf;2025052422025057652879_nasabahttdcmo-mcf_Applicant.jpeg
allobank-mcf;2025052422025057652879_allobank-mcf_Applicant.jpeg
fpkbelakang-mcf;2025052422025162371716_fpkbelakang-mcf_Applicant.jpeg
fpkdepan-mcf;2025052422025162371716_fpkdepan-mcf_Applicant.jpeg
tempatusahadepan-mcf;2025052422025162371716_tempatusahadepan-mcf_Applicant.jpeg
rumahdepan-mcf;2025052422025162371716_rumahdepan-mcf_Applicant.jpeg
pasanganttdcmo-mcf;2025052422025162371716_pasanganttdcmo-mcf_Applicant.jpeg
nasabahttdcmo-mcf;2025052422025162371716_nasabahttdcmo-mcf_Applicant.jpeg
allobank-mcf;2025052422025162371716_allobank-mcf_Applicant.jpeg
rumahjalan-mcf;2025052422025162371716_rumahjalan-mcf_Applicant.jpeg
buktipenghasilanusaha-mcf;2025052422025162371716_buktipenghasilanusaha-mcf_Applicant.jpeg
nomorrumah-mcf;2025052422025162371716_nomorrumah-mcf_Applicant.jpeg
dalamrumah-mcf;2025052422025162371716_dalamrumah-mcf_Applicant.jpeg
pricelist-mcf;2025052422025162371716_pricelist-mcf_Applicant.jpeg
buktipenghasilanusaha-mcf;2025052422025162371716_buktipenghasilanusaha-mcf_Applicant.jpeg
perizinanusaha-mcf;2025052422025162371716_perizinanusaha-mcf_Applicant.jpeg
buktikepemilikanusaha-mcf;2025052422025162371716_buktikepemilikanusaha-mcf_Applicant.jpeg
pbbrekening-mcf;2025052622024410481284_pbbrekening-mcf_Applicant.jpeg
nomorrumah-mcf;2025052622024410481284_nomorrumah-mcf_Applicant.jpeg
dalamrumah-mcf;2025052622024410481284_dalamrumah-mcf_Applicant.jpeg
rangkanomesin-mcf;2025052622024410481284_rangkanomesin-mcf_Applicant.jpeg
pbbrekening-mcf;2025052622022372097995_pbbrekening-mcf_Applicant.jpeg
kksuratnikah-mcf;2025052622022372097995_kksuratnikah-mcf_Applicant.jpeg
halamandepanbukutabungan-mcf;2025052622022372097995_halamandepanbukutabungan-mcf_Applicant.jpeg
fpkbelakang-mcf;2025052622022372097995_fpkbelakang-mcf_Applicant.jpeg
fpkdepan-mcf;2025052622022372097995_fpkdepan-mcf_Applicant.jpeg
tempatusahadepan-mcf;2025052622022372097995_tempatusahadepan-mcf_Applicant.jpeg
rumahdepan-mcf;2025052622022372097995_rumahdepan-mcf_Applicant.jpeg
pasanganttdcmo-mcf;2025052622022372097995_pasanganttdcmo-mcf_Applicant.jpeg
kksuratnikah-mcf;2025052622024410481284_kksuratnikah-mcf_Applicant.jpeg
halamandepanbukutabungan-mcf;2025052622024410481284_halamandepanbukutabungan-mcf_Applicant.jpeg
fpkbelakang-mcf;2025052622024410481284_fpkbelakang-mcf_Applicant.jpeg
fpkdepan-mcf;2025052622024410481284_fpkdepan-mcf_Applicant.jpeg
tempatusahadepan-mcf;2025052622024410481284_tempatusahadepan-mcf_Applicant.jpeg
rumahdepan-mcf;2025052622024410481284_rumahdepan-mcf_Applicant.jpeg
pasanganttdcmo-mcf;2025052622024410481284_pasanganttdcmo-mcf_Applicant.jpeg
nasabahttdcmo-mcf;2025052622024410481284_nasabahttdcmo-mcf_Applicant.jpeg
allobank-mcf;2025052622024410481284_allobank-mcf_Applicant.jpeg
rumahjalan-mcf;2025052622024410481284_rumahjalan-mcf_Applicant.jpeg
bpkbdepan-mcf;2025052622024410481284_bpkbdepan-mcf_Applicant.jpeg
bpkbbelakang-mcf;2025052622024410481284_bpkbbelakang-mcf_Applicant.jpeg
stnkpajak-mcf;2025052622024410481284_stnkpajak-mcf_Applicant.jpeg
unitdepankanan-mcf;2025052622024410481284_unitdepankanan-mcf_Applicant.jpeg
unitdepankiri-mcf;2025052622024410481284_unitdepankiri-mcf_Applicant.jpeg
salaryslip-mcf;2025052622024410481284_salaryslip-mcf_Applicant.jpeg
dalamrumah-mcf;2025052722024200874946_dalamrumah-mcf_Applicant.jpeg
buktikepemilikanusaha-mcf;2025052722024569467445_buktikepemilikanusaha-mcf_Applicant.jpeg
rumahjalan-mcf;2025052722024219050312_rumahjalan-mcf_Applicant.jpeg
tempatusahadepan-mcf;2025052722024200874946_tempatusahadepan-mcf_Applicant.jpeg
tempatusahadepan-mcf;2025052722024219050312_tempatusahadepan-mcf_Applicant.jpeg
dalamrumah-mcf;2025052722024219050312_dalamrumah-mcf_Applicant.jpeg
pricelist-mcf;2025052722024200874946_pricelist-mcf_Applicant.jpeg
pricelist-mcf;2025052722024219050312_pricelist-mcf_Applicant.jpeg
pasanganttdcmo-mcf;2025052722024219050312_pasanganttdcmo-mcf_Applicant.jpeg
pasanganttdcmo-mcf;2025052722024200874946_pasanganttdcmo-mcf_Applicant.jpeg
nasabahttdcmo-mcf;2025052722024219050312_nasabahttdcmo-mcf_Applicant.jpeg
nasabahttdcmo-mcf;2025052722024200874946_nasabahttdcmo-mcf_Applicant.jpeg
buktipenghasilanusaha-mcf;2025052722024569467445_buktipenghasilanusaha-mcf_Applicant.jpeg
allobank-mcf;2025052722024569467445_allobank-mcf_Applicant.webp
kksuratnikah-mcf;2025052722024569467445_kksuratnikah-mcf_Applicant.jpeg
unitdepankiri-mcf;2025052722025012679348_unitdepankiri-mcf_Applicant.jpeg
rangkanomesin-mcf;2025052722025012679348_rangkanomesin-mcf_Applicant.jpeg
nasabahttdcmo-mcf;2025052722025012679348_nasabahttdcmo-mcf_Applicant.jpeg
pasanganttdcmo-mcf;2025052722025012679348_pasanganttdcmo-mcf_Applicant.jpeg
pbbrekening-mcf;2025052722023598396860_pbbrekening-mcf_Applicant.jpeg
pbbrekening-mcf;2025052722024200874946_pbbrekening-mcf_Applicant.jpeg
kksuratnikah-mcf;2025052722023598396860_kksuratnikah-mcf_Applicant.jpeg
salaryslip-mcf;2025052722023598396860_salaryslip-mcf_Applicant.jpeg
allobank-mcf;2025052722023598396860_allobank-mcf_Applicant.jpeg
halamandepanbukutabungan-mcf;2025052722023598396860_halamandepanbukutabungan-mcf_Applicant.jpeg
kksuratnikah-mcf;2025052722024200874946_kksuratnikah-mcf_Applicant.jpeg
fpkdepan-mcf;2025052722023598396860_fpkdepan-mcf_Applicant.jpeg
fpkbelakang-mcf;2025052722023598396860_fpkbelakang-mcf_Applicant.jpeg
nomorrumah-mcf;2025052722023598396860_nomorrumah-mcf_Applicant.jpeg
rumahjalan-mcf;2025052722023598396860_rumahjalan-mcf_Applicant.jpeg
dalamrumah-mcf;2025052722021297945460_dalamrumah-mcf_Applicant.jpeg
nomorrumah-mcf;2025052722021297945460_nomorrumah-mcf_Applicant.jpeg
unitdepankiri-mcf;2025052722024250436486_unitdepankiri-mcf_Applicant.jpeg
rumahjalan-mcf;2025052722021297945460_rumahjalan-mcf_Applicant.jpeg
rangkanomesin-mcf;2025052722024250436486_rangkanomesin-mcf_Applicant.jpeg
fpkdepan-mcf;2025052722021297945460_fpkdepan-mcf_Applicant.jpeg
fpkbelakang-mcf;2025052722021297945460_fpkbelakang-mcf_Applicant.jpeg
halamandepanbukutabungan-mcf;2025052722021297945460_halamandepanbukutabungan-mcf_Applicant.jpeg
allobank-mcf;2025052722021297945460_allobank-mcf_Applicant.jpeg
salaryslip-mcf;2025052722021297945460_salaryslip-mcf_Applicant.jpeg
kksuratnikah-mcf;2025052722021297945460_kksuratnikah-mcf_Applicant.jpeg
pasanganttdcmo-mcf;2025052722024250436486_pasanganttdcmo-mcf_Applicant.jpeg
nasabahttdcmo-mcf;2025052722024250436486_nasabahttdcmo-mcf_Applicant.jpeg
pbbrekening-mcf;2025052722021297945460_pbbrekening-mcf_Applicant.jpeg
nasabahttdcmo-mcf;2025052722023186384145_nasabahttdcmo-mcf_Applicant.jpeg
pasanganttdcmo-mcf;2025052722023186384145_pasanganttdcmo-mcf_Applicant.jpeg
pricelist-mcf;2025052722023186384145_pricelist-mcf_Applicant.jpeg
tempatusahadepan-mcf;2025052722023186384145_tempatusahadepan-mcf_Applicant.jpeg
dalamrumah-mcf;2025052722023186384145_dalamrumah-mcf_Applicant.jpeg
nomorrumah-mcf;2025052722023186384145_nomorrumah-mcf_Applicant.jpeg
rumahjalan-mcf;2025052722023186384145_rumahjalan-mcf_Applicant.jpeg
fpkbelakang-mcf;2025052722023186384145_fpkbelakang-mcf_Applicant.jpeg
fpkdepan-mcf;2025052722023186384145_fpkdepan-mcf_Applicant.jpeg
halamandepanbukutabungan-mcf;2025052722023186384145_halamandepanbukutabungan-mcf_Applicant.jpeg
allobank-mcf;2025052722023186384145_allobank-mcf_Applicant.jpeg
salaryslip-mcf;2025052722023186384145_salaryslip-mcf_Applicant.jpeg
kksuratnikah-mcf;2025052722023186384145_kksuratnikah-mcf_Applicant.jpeg
pbbrekening-mcf;2025052722023186384145_pbbrekening-mcf_Applicant.jpeg
pasanganttdcmo-mcf;2025052722024569467445_pasanganttdcmo-mcf_Applicant.jpeg
rumahjalan-mcf;2025052722024250436486_rumahjalan-mcf_Applicant.jpeg
nasabahttdcmo-mcf;2025052722024569467445_nasabahttdcmo-mcf_Applicant.jpeg
perizinanusaha-mcf;2025052722024569467445_perizinanusaha-mcf_Applicant.jpeg
dalamrumah-mcf;2025052722024250436486_dalamrumah-mcf_Applicant.jpeg
tempatusahadepan-mcf;2025052722024250436486_tempatusahadepan-mcf_Applicant.jpeg
bpkbdepan-mcf;2025052722024250436486_bpkbdepan-mcf_Applicant.jpeg
bpkbbelakang-mcf;2025052722024250436486_bpkbbelakang-mcf_Applicant.jpeg
nasabahttdcmo-mcf;2025052722021297945460_nasabahttdcmo-mcf_Applicant.jpeg
stnkpajak-mcf;2025052722024250436486_stnkpajak-mcf_Applicant.jpeg
pasanganttdcmo-mcf;2025052722021297945460_pasanganttdcmo-mcf_Applicant.jpeg
pricelist-mcf;2025052722021297945460_pricelist-mcf_Applicant.jpeg
unitdepankanan-mcf;2025052722024250436486_unitdepankanan-mcf_Applicant.jpeg
tempatusahadepan-mcf;2025052722021297945460_tempatusahadepan-mcf_Applicant.jpeg
pasanganttdcmo-mcf;2025052722024545777577_pasanganttdcmo-mcf_Applicant.jpeg
stnkpajak-mcf;2025052722024545777577_stnkpajak-mcf_Applicant.jpeg
nasabahttdcmo-mcf;2025052722024545777577_nasabahttdcmo-mcf_Applicant.jpeg
halamandepanbukutabungan-mcf;2025052722024545777577_halamandepanbukutabungan-mcf_Applicant.jpeg
kksuratnikah-mcf;2025052722024545777577_kksuratnikah-mcf_Applicant.jpeg
allobank-mcf;2025052722024545777577_allobank-mcf_Applicant.jpeg
salaryslip-mcf;2025052722024545777577_salaryslip-mcf_Applicant.jpeg
pbbrekening-mcf;2025052722024545777577_pbbrekening-mcf_Applicant.png
fpkdepan-mcf;2025052722024545777577_fpkdepan-mcf_Applicant.jpeg
fpkbelakang-mcf;2025052722024545777577_fpkbelakang-mcf_Applicant.jpeg
unitdepankanan-mcf;2025052722024545777577_unitdepankanan-mcf_Applicant.jpeg
unitdepankiri-mcf;2025052722024545777577_unitdepankiri-mcf_Applicant.jpeg
bpkbdepan-mcf;2025052722024545777577_bpkbdepan-mcf_Applicant.jpeg
fpkdepan-mcf;2025052722021076428219_fpkdepan-mcf_Applicant.jpeg
fpkbelakang-mcf;2025052722021076428219_fpkbelakang-mcf_Applicant.jpeg
dalamrumah-mcf;2025052722021076428219_dalamrumah-mcf_Applicant.jpeg
pbbrekening-mcf;2025052722021076428219_pbbrekening-mcf_Applicant.jpeg
nasabahttdcmo-mcf;2025052722021076428219_nasabahttdcmo-mcf_Applicant.jpeg
pasanganttdcmo-mcf;2025052722021076428219_pasanganttdcmo-mcf_Applicant.jpeg
pricelist-mcf;2025052722021076428219_pricelist-mcf_Applicant.jpeg
perizinanusaha-mcf;2025052722021076428219_perizinanusaha-mcf_Applicant.jpeg
dalamrumah-mcf;2025052722023186336035_dalamrumah-mcf_Applicant.jpeg
pricelist-mcf;2025052722023186336035_pricelist-mcf_Applicant.jpeg
nomorrumah-mcf;2025052722021076428219_nomorrumah-mcf_Applicant.jpeg
rumahjalan-mcf;2025052722021076428219_rumahjalan-mcf_Applicant.jpeg
rangkanomesin-mcf;2025052722024545777577_rangkanomesin-mcf_Applicant.jpeg
bpkbbelakang-mcf;2025052722024545777577_bpkbbelakang-mcf_Applicant.jpeg
nomorrumah-mcf;2025052722024545777577_nomorrumah-mcf_Applicant.jpeg
rumahjalan-mcf;2025052722024545777577_rumahjalan-mcf_Applicant.jpeg
dalamrumah-mcf;2025052722024545777577_dalamrumah-mcf_Applicant.jpeg
tempatusahadepan-mcf;2025052722024545777577_tempatusahadepan-mcf_Applicant.jpeg
pbbrekening-mcf;2025052722023186336035_pbbrekening-mcf_Applicant.jpeg
kksuratnikah-mcf;2025052722023186336035_kksuratnikah-mcf_Applicant.jpeg
salaryslip-mcf;2025052722023186336035_salaryslip-mcf_Applicant.jpeg
allobank-mcf;2025052722023186336035_allobank-mcf_Applicant.jpeg
halamandepanbukutabungan-mcf;2025052722023186336035_halamandepanbukutabungan-mcf_Applicant.jpeg
fpkdepan-mcf;2025052722023186336035_fpkdepan-mcf_Applicant.jpeg
fpkbelakang-mcf;2025052722023186336035_fpkbelakang-mcf_Applicant.jpeg
kksuratnikah-mcf;2025052722021076428219_kksuratnikah-mcf_Applicant.jpeg
salaryslip-mcf;2025052722021076428219_salaryslip-mcf_Applicant.jpeg
halamandepanbukutabungan-mcf;2025052722021076428219_halamandepanbukutabungan-mcf_Applicant.jpeg
tempatusahadepan-mcf;2025052722021076428219_tempatusahadepan-mcf_Applicant.jpeg
pbbrekening-mcf;2025052722025084986789_pbbrekening-mcf_Applicant.jpeg
salaryslip-mcf;2025052722025084986789_salaryslip-mcf_Applicant.jpeg
kksuratnikah-mcf;2025052722025084986789_kksuratnikah-mcf_Applicant.jpeg
allobank-mcf;2025052722025084986789_allobank-mcf_Applicant.jpeg
fpkbelakang-mcf;2025052722025084986789_fpkbelakang-mcf_Applicant.jpeg
nomorrumah-mcf;2025052722025084986789_nomorrumah-mcf_Applicant.jpeg
rumahjalan-mcf;2025052722025084986789_rumahjalan-mcf_Applicant.jpeg
dalamrumah-mcf;2025052722025084986789_dalamrumah-mcf_Applicant.jpeg
tempatusahadepan-mcf;2025052722025084986789_tempatusahadepan-mcf_Applicant.jpeg
pricelist-mcf;2025052722025084986789_pricelist-mcf_Applicant.jpeg
pasanganttdcmo-mcf;2025052722025084986789_pasanganttdcmo-mcf_Applicant.jpeg
nasabahttdcmo-mcf;2025052722025084986789_nasabahttdcmo-mcf_Applicant.jpeg
halamandepanbukutabungan-mcf;2025052722025084986789_halamandepanbukutabungan-mcf_Applicant.jpeg
fpkdepan-mcf;2025052722025084986789_fpkdepan-mcf_Applicant.jpeg
allobank-mcf;2025052722021076428219_allobank-mcf_Applicant.jpeg
pbbrekening-mcf;2025052722023281299756_pbbrekening-mcf_Applicant.jpeg
salaryslip-mcf;2025052722023281299756_salaryslip-mcf_Applicant.jpeg
kksuratnikah-mcf;2025052722023281299756_kksuratnikah-mcf_Applicant.jpeg
allobank-mcf;2025052722023281299756_allobank-mcf_Applicant.jpeg
halamandepanbukutabungan-mcf;2025052722023281299756_halamandepanbukutabungan-mcf_Applicant.jpeg
fpkbelakang-mcf;2025052722023281299756_fpkbelakang-mcf_Applicant.jpeg
fpkdepan-mcf;2025052722023281299756_fpkdepan-mcf_Applicant.jpeg
buktikepemilikanusaha-mcf;2025052722025160166353_buktikepemilikanusaha-mcf_Applicant.jpeg
nomorrumah-mcf;2025052722023281299756_nomorrumah-mcf_Applicant.jpeg
rumahjalan-mcf;2025052722023281299756_rumahjalan-mcf_Applicant.jpeg
kksuratnikah-mcf;2025052722025160166353_kksuratnikah-mcf_Applicant.jpeg
buktipenghasilanusaha-mcf;2025052722025160166353_buktipenghasilanusaha-mcf_Applicant.jpeg
dalamrumah-mcf;2025052722023281299756_dalamrumah-mcf_Applicant.jpeg
tempatusahadepan-mcf;2025052722023281299756_tempatusahadepan-mcf_Applicant.jpeg
allobank-mcf;2025052722025160166353_allobank-mcf_Applicant.jpeg
bpkbdepan-mcf;2025052722023281299756_bpkbdepan-mcf_Applicant.jpeg
bpkbbelakang-mcf;2025052722023281299756_bpkbbelakang-mcf_Applicant.jpeg
stnkpajak-mcf;2025052722023281299756_stnkpajak-mcf_Applicant.jpeg
halamandepanbukutabungan-mcf;2025052722025160166353_halamandepanbukutabungan-mcf_Applicant.jpeg
unitdepankanan-mcf;2025052722023281299756_unitdepankanan-mcf_Applicant.jpeg
unitdepankiri-mcf;2025052722023281299756_unitdepankiri-mcf_Applicant.jpeg
fpkdepan-mcf;2025052722025160166353_fpkdepan-mcf_Applicant.jpeg
rangkanomesin-mcf;2025052722023281299756_rangkanomesin-mcf_Applicant.jpeg
fpkbelakang-mcf;2025052722025160166353_fpkbelakang-mcf_Applicant.jpeg
rumahdepan-mcf;2025052722025160166353_rumahdepan-mcf_Applicant.jpeg
pasanganttdcmo-mcf;2025052722023281299756_pasanganttdcmo-mcf_Applicant.jpeg
nasabahttdcmo-mcf;2025052722023281299756_nasabahttdcmo-mcf_Applicant.jpeg
rumahjalan-mcf;2025052722025160166353_rumahjalan-mcf_Applicant.jpeg
dalamrumah-mcf;2025052722025160166353_dalamrumah-mcf_Applicant.jpeg
tempatusahadepan-mcf;2025052722025160166353_tempatusahadepan-mcf_Applicant.jpeg
bpkbdepan-mcf;2025052722025160166353_bpkbdepan-mcf_Applicant.jpeg
bpkbbelakang-mcf;2025052722025160166353_bpkbbelakang-mcf_Applicant.jpeg
stnkpajak-mcf;2025052722025160166353_stnkpajak-mcf_Applicant.jpeg
unitdepankanan-mcf;2025052722025160166353_unitdepankanan-mcf_Applicant.jpeg
unitdepankiri-mcf;2025052722025160166353_unitdepankiri-mcf_Applicant.jpeg
rangkanomesin-mcf;2025052722025160166353_rangkanomesin-mcf_Applicant.jpeg
pasanganttdcmo-mcf;2025052722025160166353_pasanganttdcmo-mcf_Applicant.jpeg
nasabahttdcmo-mcf;2025052722025160166353_nasabahttdcmo-mcf_Applicant.jpeg
perizinanusaha-mcf;2025052722025160166353_perizinanusaha-mcf_Applicant.jpeg
pbbrekening-mcf;2025052722024241565238_pbbrekening-mcf_Applicant.jpeg
kksuratnikah-mcf;2025052722024241565238_kksuratnikah-mcf_Applicant.jpeg
allobank-mcf;2025052722024241565238_allobank-mcf_Applicant.jpeg
halamandepanbukutabungan-mcf;2025052722024241565238_halamandepanbukutabungan-mcf_Applicant.jpeg
salaryslip-mcf;2025052722024241565238_salaryslip-mcf_Applicant.jpeg
fpkdepan-mcf;2025052722024241565238_fpkdepan-mcf_Applicant.jpeg
fpkbelakang-mcf;2025052722024241565238_fpkbelakang-mcf_Applicant.jpeg
rumahdepan-mcf;2025052722024241565238_rumahdepan-mcf_Applicant.jpeg
rumahjalan-mcf;2025052722024241565238_rumahjalan-mcf_Applicant.jpeg
dalamrumah-mcf;2025052722024241565238_dalamrumah-mcf_Applicant.jpeg
tempatusahadepan-mcf;2025052722024241565238_tempatusahadepan-mcf_Applicant.jpeg
pricelist-mcf;2025052722024241565238_pricelist-mcf_Applicant.jpeg
pasanganttdcmo-mcf;2025052722024241565238_pasanganttdcmo-mcf_Applicant.jpeg
pasanganttdcmo-mcf;20250527925093229254_pasanganttdcmo-mcf_Applicant.jpeg
nasabahttdcmo-mcf;20250527925093229254_nasabahttdcmo-mcf_Applicant.jpeg
perizinanusaha-mcf;20250527925093229254_perizinanusaha-mcf_Applicant.jpeg
pbbrekening-mcf;2025052722025162384250_pbbrekening-mcf_Applicant.jpeg
salaryslip-mcf;2025052722025162384250_salaryslip-mcf_Applicant.jpeg
allobank-mcf;2025052722025162384250_allobank-mcf_Applicant.jpeg
halamandepanbukutabungan-mcf;2025052722025162384250_halamandepanbukutabungan-mcf_Applicant.jpeg
fpkdepan-mcf;2025052722025162384250_fpkdepan-mcf_Applicant.jpeg
kksuratnikah-mcf;2025052722025162384250_kksuratnikah-mcf_Applicant.jpeg
fpkbelakang-mcf;2025052722025162384250_fpkbelakang-mcf_Applicant.jpeg
nomorrumah-mcf;2025052722025162384250_nomorrumah-mcf_Applicant.jpeg
rumahjalan-mcf;2025052722025162384250_rumahjalan-mcf_Applicant.jpeg
dalamrumah-mcf;2025052722025162384250_dalamrumah-mcf_Applicant.jpeg
tempatusahadepan-mcf;2025052722025162384250_tempatusahadepan-mcf_Applicant.jpeg
pricelist-mcf;2025052722025162384250_pricelist-mcf_Applicant.jpeg
pasanganttdcmo-mcf;2025052722025162384250_pasanganttdcmo-mcf_Applicant.jpeg
tempatusahadepan-mcf;2025052722025093027536_tempatusahadepan-mcf_Applicant.jpeg
pricelist-mcf;2025052722025093027536_pricelist-mcf_Applicant.jpeg
pasanganttdcmo-mcf;2025052722025093027536_pasanganttdcmo-mcf_Applicant.jpeg
nasabahttdcmo-mcf;2025052722025093027536_nasabahttdcmo-mcf_Applicant.jpeg
perizinanusaha-mcf;2025052722025093027536_perizinanusaha-mcf_Applicant.jpeg
halamandepanbukutabungan-mcf;2025052722025093027536_halamandepanbukutabungan-mcf_Applicant.jpeg
fpkdepan-mcf;2025052722025093027536_fpkdepan-mcf_Applicant.jpeg
fpkbelakang-mcf;2025052722025093027536_fpkbelakang-mcf_Applicant.jpeg
nasabahttdcmo-mcf;2025052722023365194548_nasabahttdcmo-mcf_Applicant.jpeg
pasanganttdcmo-mcf;2025052722023365194548_pasanganttdcmo-mcf_Applicant.jpeg
pricelist-mcf;2025052722023365194548_pricelist-mcf_Applicant.jpeg
tempatusahadepan-mcf;2025052722023365194548_tempatusahadepan-mcf_Applicant.jpeg
dalamrumah-mcf;2025052722023365194548_dalamrumah-mcf_Applicant.jpeg
rumahdepan-mcf;2025052722023365194548_rumahdepan-mcf_Applicant.jpeg
rumahjalan-mcf;2025052722023365194548_rumahjalan-mcf_Applicant.jpeg
fpkbelakang-mcf;2025052722023365194548_fpkbelakang-mcf_Applicant.jpeg
fpkdepan-mcf;2025052722023365194548_fpkdepan-mcf_Applicant.jpeg
halamandepanbukutabungan-mcf;2025052722023365194548_halamandepanbukutabungan-mcf_Applicant.jpeg
allobank-mcf;2025052722023365194548_allobank-mcf_Applicant.jpeg
salaryslip-mcf;2025052722023365194548_salaryslip-mcf_Applicant.jpeg
pbbrekening-mcf;2025052722023365194548_pbbrekening-mcf_Applicant.jpeg
kksuratnikah-mcf;2025052722023365194548_kksuratnikah-mcf_Applicant.jpeg
nasabahttdcmo-mcf;2025052722024077832796_nasabahttdcmo-mcf_Applicant.jpeg
pasanganttdcmo-mcf;2025052722024077832796_pasanganttdcmo-mcf_Applicant.jpeg
pricelist-mcf;2025052722024077832796_pricelist-mcf_Applicant.jpeg
nomorrumah-mcf;2025052722024077832796_nomorrumah-mcf_Applicant.jpeg
rumahjalan-mcf;2025052722024077832796_rumahjalan-mcf_Applicant.jpeg
dalamrumah-mcf;2025052722024077832796_dalamrumah-mcf_Applicant.jpeg
nasabahttdcmo-mcf;2025052722025162384250_nasabahttdcmo-mcf_Applicant.jpeg
pbbrekening-mcf;20250527924513739099_pbbrekening-mcf_Applicant.jpeg
kksuratnikah-mcf;20250527924513739099_kksuratnikah-mcf_Applicant.jpeg
salaryslip-mcf;20250527924513739099_salaryslip-mcf_Applicant.jpeg
allobank-mcf;20250527924513739099_allobank-mcf_Applicant.jpeg
halamandepanbukutabungan-mcf;20250527924513739099_halamandepanbukutabungan-mcf_Applicant.jpeg
buktipenghasilanusaha-mcf;2025052722025093027536_buktipenghasilanusaha-mcf_Applicant.jpeg
allobank-mcf;2025052722025093027536_allobank-mcf_Applicant.jpeg
buktikepemilikanusaha-mcf;2025052722025093027536_buktikepemilikanusaha-mcf_Applicant.jpeg
kksuratnikah-mcf;2025052722025093027536_kksuratnikah-mcf_Applicant.jpeg
nomorrumah-mcf;2025052722025093027536_nomorrumah-mcf_Applicant.jpeg
rumahjalan-mcf;2025052722025093027536_rumahjalan-mcf_Applicant.jpeg
dalamrumah-mcf;2025052722025093027536_dalamrumah-mcf_Applicant.jpeg
tempatusahadepan-mcf;2025052722024077832796_tempatusahadepan-mcf_Applicant.jpeg
fpkdepan-mcf;2025052722024077832796_fpkdepan-mcf_Applicant.jpeg
fpkbelakang-mcf;2025052722024077832796_fpkbelakang-mcf_Applicant.jpeg
pbbrekening-mcf;2025052722024077832796_pbbrekening-mcf_Applicant.jpeg
kksuratnikah-mcf;2025052722024077832796_kksuratnikah-mcf_Applicant.jpeg
salaryslip-mcf;2025052722024077832796_salaryslip-mcf_Applicant.jpeg
allobank-mcf;2025052722024077832796_allobank-mcf_Applicant.jpeg
halamandepanbukutabungan-mcf;2025052722024077832796_halamandepanbukutabungan-mcf_Applicant.jpeg
buktikepemilikanusaha-mcf;2025052722024250418832_buktikepemilikanusaha-mcf_Applicant.jpeg
kksuratnikah-mcf;2025052722024250418832_kksuratnikah-mcf_Applicant.jpeg
buktipenghasilanusaha-mcf;2025052722024250418832_buktipenghasilanusaha-mcf_Applicant.jpeg
allobank-mcf;2025052722024250418832_allobank-mcf_Applicant.jpeg
halamandepanbukutabungan-mcf;2025052722024250418832_halamandepanbukutabungan-mcf_Applicant.jpeg
fpkbelakang-mcf;2025052722024250418832_fpkbelakang-mcf_Applicant.jpeg
fpkdepan-mcf;2025052722024250418832_fpkdepan-mcf_Applicant.jpeg
buktikepemilikanusaha-mcf;2025052722024420359562_buktikepemilikanusaha-mcf_Applicant.jpeg
kksuratnikah-mcf;2025052722024420359562_kksuratnikah-mcf_Applicant.jpeg
buktipenghasilanusaha-mcf;2025052722024420359562_buktipenghasilanusaha-mcf_Applicant.jpeg
allobank-mcf;2025052722024420359562_allobank-mcf_Applicant.jpeg
rangkanomesin-mcf;2025052722024250418832_rangkanomesin-mcf_Applicant.jpeg
tempatusahadepan-mcf;2025052722024420359562_tempatusahadepan-mcf_Applicant.jpeg
pasanganttdcmo-mcf;2025052722024250418832_pasanganttdcmo-mcf_Applicant.jpeg
nasabahttdcmo-mcf;2025052722024250418832_nasabahttdcmo-mcf_Applicant.jpeg
perizinanusaha-mcf;2025052722024250418832_perizinanusaha-mcf_Applicant.jpeg
pricelist-mcf;2025052722024420359562_pricelist-mcf_Applicant.jpeg
nasabahttdcmo-mcf;2025052722024420359562_nasabahttdcmo-mcf_Applicant.jpeg
pasanganttdcmo-mcf;2025052722024420359562_pasanganttdcmo-mcf_Applicant.jpeg
perizinanusaha-mcf;2025052722024420359562_perizinanusaha-mcf_Applicant.jpeg
bpkbdepan-mcf;2025052722024420359562_bpkbdepan-mcf_Applicant.jpeg
bpkbbelakang-mcf;2025052722024420359562_bpkbbelakang-mcf_Applicant.jpeg
stnkpajak-mcf;2025052722024420359562_stnkpajak-mcf_Applicant.jpeg
nasabahttdcmo-mcf;2025052722024241565238_nasabahttdcmo-mcf_Applicant.jpeg
nasabahttdcmo-mcf;2025052722024463556603_nasabahttdcmo-mcf_Applicant.jpeg
buktikepemilikanusaha-mcf;20250527925093229254_buktikepemilikanusaha-mcf_Applicant.jpeg
kksuratnikah-mcf;20250527925093229254_kksuratnikah-mcf_Applicant.jpeg
buktipenghasilanusaha-mcf;20250527925093229254_buktipenghasilanusaha-mcf_Applicant.jpeg
allobank-mcf;20250527925093229254_allobank-mcf_Applicant.jpeg
halamandepanbukutabungan-mcf;20250527925093229254_halamandepanbukutabungan-mcf_Applicant.jpeg
nomorrumah-mcf;20250527925093229254_nomorrumah-mcf_Applicant.jpeg
rumahjalan-mcf;20250527925093229254_rumahjalan-mcf_Applicant.jpeg
dalamrumah-mcf;20250527925093229254_dalamrumah-mcf_Applicant.jpeg
tempatusahadepan-mcf;20250527925093229254_tempatusahadepan-mcf_Applicant.jpeg
pricelist-mcf;20250527925093229254_pricelist-mcf_Applicant.jpeg
rumahdepan-mcf;2025052722023365110657_rumahdepan-mcf_Applicant.jpeg
rumahjalan-mcf;2025052722023365110657_rumahjalan-mcf_Applicant.jpeg
fpkbelakang-mcf;2025052722023365110657_fpkbelakang-mcf_Applicant.jpeg
fpkdepan-mcf;2025052722023365110657_fpkdepan-mcf_Applicant.jpeg
allobank-mcf;2025052722023365110657_allobank-mcf_Applicant.jpeg
buktikepemilikanusaha-mcf;2025052722024212065544_buktikepemilikanusaha-mcf_Applicant.jpeg
kksuratnikah-mcf;2025052722024212065544_kksuratnikah-mcf_Applicant.jpeg
buktipenghasilanusaha-mcf;2025052722024212065544_buktipenghasilanusaha-mcf_Applicant.jpeg
allobank-mcf;2025052722024212065544_allobank-mcf_Applicant.jpeg
kksuratnikah-mcf;2025052722023365110657_kksuratnikah-mcf_Applicant.jpeg
halamandepanbukutabungan-mcf;2025052722024212065544_halamandepanbukutabungan-mcf_Applicant.jpeg
fpkdepan-mcf;2025052722024212065544_fpkdepan-mcf_Applicant.jpeg
fpkbelakang-mcf;2025052722024212065544_fpkbelakang-mcf_Applicant.jpeg
halamandepanbukutabungan-mcf;2025052722023365110657_halamandepanbukutabungan-mcf_Applicant.jpeg
nomorrumah-mcf;2025052722024212065544_nomorrumah-mcf_Applicant.jpeg
rumahjalan-mcf;2025052722024212065544_rumahjalan-mcf_Applicant.jpeg
dalamrumah-mcf;2025052722024212065544_dalamrumah-mcf_Applicant.jpeg
tempatusahadepan-mcf;2025052722024212065544_tempatusahadepan-mcf_Applicant.jpeg
pricelist-mcf;2025052722024212065544_pricelist-mcf_Applicant.jpeg
pasanganttdcmo-mcf;2025052722024212065544_pasanganttdcmo-mcf_Applicant.jpeg
nasabahttdcmo-mcf;2025052722024212065544_nasabahttdcmo-mcf_Applicant.jpeg
buktikepemilikanusaha-mcf;2025052822023253951435_buktikepemilikanusaha-mcf_Applicant.jpeg
kksuratnikah-mcf;2025052822023253951435_kksuratnikah-mcf_Applicant.jpeg
buktipenghasilanusaha-mcf;2025052822023253951435_buktipenghasilanusaha-mcf_Applicant.jpeg
allobank-mcf;2025052822023253951435_allobank-mcf_Applicant.jpeg
halamandepanbukutabungan-mcf;2025052822023253951435_halamandepanbukutabungan-mcf_Applicant.jpeg
fpkdepan-mcf;2025052822023253951435_fpkdepan-mcf_Applicant.jpeg
fpkbelakang-mcf;2025052822023253951435_fpkbelakang-mcf_Applicant.jpeg
dalamrumah-mcf;2025052822023253951435_dalamrumah-mcf_Applicant.jpeg
pricelist-mcf;2025052822023253951435_pricelist-mcf_Applicant.jpeg
fpkdepan-mcf;2025052722021281812356_fpkdepan-mcf_Applicant.jpeg
allobank-mcf;2025052722024305867458_allobank-mcf_Applicant.jpeg
halamandepanbukutabungan-mcf;2025052722024305867458_halamandepanbukutabungan-mcf_Applicant.jpeg
fpkdepan-mcf;2025052722024305867458_fpkdepan-mcf_Applicant.jpeg
fpkbelakang-mcf;2025052722024305867458_fpkbelakang-mcf_Applicant.jpeg
nomorrumah-mcf;2025052722024305867458_nomorrumah-mcf_Applicant.jpeg
rumahjalan-mcf;2025052722024305867458_rumahjalan-mcf_Applicant.jpeg
tempatusahadepan-mcf;2025052722024305867458_tempatusahadepan-mcf_Applicant.jpeg
dalamrumah-mcf;2025052722024305867458_dalamrumah-mcf_Applicant.jpeg
pricelist-mcf;2025052722024305867458_pricelist-mcf_Applicant.jpeg
pasanganttdcmo-mcf;2025052722024305867458_pasanganttdcmo-mcf_Applicant.jpeg
nasabahttdcmo-mcf;2025052722024305867458_nasabahttdcmo-mcf_Applicant.jpeg
rumahdepan-mcf;2025052722021281812356_rumahdepan-mcf_Applicant.jpeg
rumahjalan-mcf;2025052722021281812356_rumahjalan-mcf_Applicant.jpeg
perizinanusaha-mcf;2025052822023253951435_perizinanusaha-mcf_Applicant.jpeg
pasanganttdcmo-mcf;2025052822023253951435_pasanganttdcmo-mcf_Applicant.jpeg
nasabahttdcmo-mcf;2025052822023253951435_nasabahttdcmo-mcf_Applicant.jpeg
nomorrumah-mcf;2025052822023253951435_nomorrumah-mcf_Applicant.jpeg
rumahjalan-mcf;2025052822023253951435_rumahjalan-mcf_Applicant.jpeg
tempatusahadepan-mcf;2025052822023253951435_tempatusahadepan-mcf_Applicant.jpeg
fpkdepan-mcf;20250527925093229254_fpkdepan-mcf_Applicant.jpeg
fpkbelakang-mcf;20250527925093229254_fpkbelakang-mcf_Applicant.jpeg
pbbrekening-mcf;2025052722024305867458_pbbrekening-mcf_Applicant.jpeg
pbbrekening-mcf;2025052722021281812356_pbbrekening-mcf_Applicant.jpeg
kksuratnikah-mcf;2025052722021281812356_kksuratnikah-mcf_Applicant.jpeg
salaryslip-mcf;2025052722021281812356_salaryslip-mcf_Applicant.jpeg
allobank-mcf;2025052722021281812356_allobank-mcf_Applicant.jpeg
halamandepanbukutabungan-mcf;2025052722021281812356_halamandepanbukutabungan-mcf_Applicant.jpeg
fpkbelakang-mcf;2025052722021281812356_fpkbelakang-mcf_Applicant.jpeg
kksuratnikah-mcf;2025052722024305867458_kksuratnikah-mcf_Applicant.jpeg
salaryslip-mcf;2025052722024305867458_salaryslip-mcf_Applicant.jpeg
kksuratnikah-mcf;2025052722021297922978_kksuratnikah-mcf_Applicant.jpeg
pbbrekening-mcf;2025052722022613863758_pbbrekening-mcf_Applicant.jpeg
salaryslip-mcf;2025052722021297922978_salaryslip-mcf_Applicant.jpeg
buktikepemilikanusaha-mcf;2025052722021111876520_buktikepemilikanusaha-mcf_Applicant.jpeg
kksuratnikah-mcf;2025052722021111876520_kksuratnikah-mcf_Applicant.jpeg
kksuratnikah-mcf;2025052722022613863758_kksuratnikah-mcf_Applicant.jpeg
allobank-mcf;2025052722021297922978_allobank-mcf_Applicant.jpeg
halamandepanbukutabungan-mcf;2025052722021297922978_halamandepanbukutabungan-mcf_Applicant.jpeg
salaryslip-mcf;2025052722022613863758_salaryslip-mcf_Applicant.jpeg
allobank-mcf;2025052722022613863758_allobank-mcf_Applicant.jpeg
buktipenghasilanusaha-mcf;2025052722021111876520_buktipenghasilanusaha-mcf_Applicant.jpeg
halamandepanbukutabungan-mcf;2025052722022613863758_halamandepanbukutabungan-mcf_Applicant.jpeg
allobank-mcf;2025052722021111876520_allobank-mcf_Applicant.jpeg
halamandepanbukutabungan-mcf;2025052722021111876520_halamandepanbukutabungan-mcf_Applicant.jpeg
fpkdepan-mcf;2025052722021297922978_fpkdepan-mcf_Applicant.jpeg
fpkdepan-mcf;2025052722021111876520_fpkdepan-mcf_Applicant.jpeg
fpkbelakang-mcf;2025052722021111876520_fpkbelakang-mcf_Applicant.jpeg
fpkbelakang-mcf;2025052722021297922978_fpkbelakang-mcf_Applicant.jpeg
nomorrumah-mcf;2025052722022613863758_nomorrumah-mcf_Applicant.jpeg
pricelist-mcf;2025052722021297922978_pricelist-mcf_Applicant.jpeg
fpkbelakang-mcf;2025052722022613863758_fpkbelakang-mcf_Applicant.jpeg
pasanganttdcmo-mcf;2025052722021111876520_pasanganttdcmo-mcf_Applicant.jpeg
nasabahttdcmo-mcf;2025052722021111876520_nasabahttdcmo-mcf_Applicant.jpeg
fpkdepan-mcf;20250527924513739099_fpkdepan-mcf_Applicant.jpeg
perizinanusaha-mcf;2025052722021111876520_perizinanusaha-mcf_Applicant.jpeg
pasanganttdcmo-mcf;2025052722021297922978_pasanganttdcmo-mcf_Applicant.jpeg
fpkbelakang-mcf;20250527924513739099_fpkbelakang-mcf_Applicant.jpeg
nasabahttdcmo-mcf;2025052722021297922978_nasabahttdcmo-mcf_Applicant.jpeg
nomorrumah-mcf;20250527924513739099_nomorrumah-mcf_Applicant.jpeg
rumahjalan-mcf;20250527924513739099_rumahjalan-mcf_Applicant.jpeg
nomorrumah-mcf;2025052722021111876520_nomorrumah-mcf_Applicant.jpeg
rumahjalan-mcf;2025052722022613863758_rumahjalan-mcf_Applicant.jpeg
nomorrumah-mcf;2025052722021297922978_nomorrumah-mcf_Applicant.jpeg
rumahjalan-mcf;2025052722021111876520_rumahjalan-mcf_Applicant.jpeg
rumahjalan-mcf;2025052722021297922978_rumahjalan-mcf_Applicant.jpeg
dalamrumah-mcf;2025052722022613863758_dalamrumah-mcf_Applicant.jpeg
tempatusahadepan-mcf;2025052722022613863758_tempatusahadepan-mcf_Applicant.jpeg
pricelist-mcf;2025052722022613863758_pricelist-mcf_Applicant.jpeg
dalamrumah-mcf;2025052722021111876520_dalamrumah-mcf_Applicant.jpeg
dalamrumah-mcf;2025052722021297922978_dalamrumah-mcf_Applicant.jpeg
fpkdepan-mcf;2025052722022613863758_fpkdepan-mcf_Applicant.jpeg
tempatusahadepan-mcf;2025052722021297922978_tempatusahadepan-mcf_Applicant.jpeg
tempatusahadepan-mcf;2025052722021111876520_tempatusahadepan-mcf_Applicant.jpeg
nomorrumah-mcf;2025052722025076086614_nomorrumah-mcf_Applicant.jpeg
rumahjalan-mcf;2025052722025076086614_rumahjalan-mcf_Applicant.jpeg
dalamrumah-mcf;2025052822024272177127_dalamrumah-mcf_Applicant.jpeg
dalamrumah-mcf;2025052722025076086614_dalamrumah-mcf_Applicant.jpeg
pricelist-mcf;2025052822024272177127_pricelist-mcf_Applicant.jpeg
pasanganttdcmo-mcf;2025052722022613863758_pasanganttdcmo-mcf_Applicant.jpeg
tempatusahadepan-mcf;2025052722025076086614_tempatusahadepan-mcf_Applicant.jpeg
nasabahttdcmo-mcf;2025052722022613863758_nasabahttdcmo-mcf_Applicant.jpeg
bpkbbelakang-mcf;20250527924513739099_bpkbbelakang-mcf_Applicant.jpeg
tempatusahadepan-mcf;2025052822024272177127_tempatusahadepan-mcf_Applicant.jpeg
buktipenghasilanusaha-mcf;2025052722024017150808_buktipenghasilanusaha-mcf_Applicant.jpeg
buktipenghasilanusaha-mcf;2025052822024272177127_buktipenghasilanusaha-mcf_Applicant.jpeg
stnkpajak-mcf;20250527924513739099_stnkpajak-mcf_Applicant.jpeg
pricelist-mcf;2025052722025076086614_pricelist-mcf_Applicant.jpeg
pasanganttdcmo-mcf;2025052722025076086614_pasanganttdcmo-mcf_Applicant.jpeg
perizinanusaha-mcf;2025052722024017150808_perizinanusaha-mcf_Applicant.jpeg
buktikepemilikanusaha-mcf;2025052722024017150808_buktikepemilikanusaha-mcf_Applicant.jpeg
nasabahttdcmo-mcf;2025052722025076086614_nasabahttdcmo-mcf_Applicant.jpeg
perizinanusaha-mcf;2025052822024272177127_perizinanusaha-mcf_Applicant.jpeg
unitdepankanan-mcf;20250527924513739099_unitdepankanan-mcf_Applicant.jpeg
unitdepankiri-mcf;20250527924513739099_unitdepankiri-mcf_Applicant.jpeg
rangkanomesin-mcf;20250527924513739099_rangkanomesin-mcf_Applicant.jpeg
pasanganttdcmo-mcf;20250527924513739099_pasanganttdcmo-mcf_Applicant.jpeg
nasabahttdcmo-mcf;20250527924513739099_nasabahttdcmo-mcf_Applicant.jpeg
nomorrumah-mcf;2025052822024272177127_nomorrumah-mcf_Applicant.jpeg
pricelist-mcf;2025052722021111876520_pricelist-mcf_Applicant.jpeg
nasabahttdcmo-mcf;2025052822024272177127_nasabahttdcmo-mcf_Applicant.jpeg
dalamrumah-mcf;20250527924513739099_dalamrumah-mcf_Applicant.jpeg
kksuratnikah-mcf;2025052722025076086614_kksuratnikah-mcf_Applicant.jpeg
salaryslip-mcf;2025052722025076086614_salaryslip-mcf_Applicant.jpeg
pbbrekening-mcf;2025052722025076086614_pbbrekening-mcf_Applicant.jpeg
allobank-mcf;2025052722025076086614_allobank-mcf_Applicant.jpeg
pasanganttdcmo-mcf;2025052822024272177127_pasanganttdcmo-mcf_Applicant.jpeg
tempatusahadepan-mcf;20250527924513739099_tempatusahadepan-mcf_Applicant.jpeg
halamandepanbukutabungan-mcf;2025052722025076086614_halamandepanbukutabungan-mcf_Applicant.jpeg
buktikepemilikanusaha-mcf;2025052822024272177127_buktikepemilikanusaha-mcf_Applicant.jpeg
bpkbdepan-mcf;20250527924513739099_bpkbdepan-mcf_Applicant.jpeg
fpkdepan-mcf;2025052722025076086614_fpkdepan-mcf_Applicant.jpeg
fpkbelakang-mcf;2025052722025076086614_fpkbelakang-mcf_Applicant.jpeg
kksuratnikah-mcf;2025052822024272177127_kksuratnikah-mcf_Applicant.jpeg
fpkdepan-mcf;2025052822024272177127_fpkdepan-mcf_Applicant.jpeg
fpkbelakang-mcf;2025052822024272177127_fpkbelakang-mcf_Applicant.jpeg
pbbrekening-mcf;2025052822023186351185_pbbrekening-mcf_Applicant.jpeg
kksuratnikah-mcf;2025052822023186351185_kksuratnikah-mcf_Applicant.jpeg
allobank-mcf;2025052722022354234333_allobank-mcf_Applicant.jpeg
halamandepanbukutabungan-mcf;2025052722022354234333_halamandepanbukutabungan-mcf_Applicant.jpeg
salaryslip-mcf;2025052822023186351185_salaryslip-mcf_Applicant.jpeg
fpkdepan-mcf;2025052722022354234333_fpkdepan-mcf_Applicant.jpeg
allobank-mcf;2025052822023186351185_allobank-mcf_Applicant.jpeg
halamandepanbukutabungan-mcf;2025052822023186351185_halamandepanbukutabungan-mcf_Applicant.jpeg
fpkbelakang-mcf;2025052722022354234333_fpkbelakang-mcf_Applicant.jpeg
fpkdepan-mcf;2025052822023186351185_fpkdepan-mcf_Applicant.jpeg
fpkbelakang-mcf;2025052822021112649522_fpkbelakang-mcf_Applicant.jpeg
fpkbelakang-mcf;2025052822023186351185_fpkbelakang-mcf_Applicant.jpeg
rumahdepan-mcf;2025052722022354234333_rumahdepan-mcf_Applicant.jpeg
rumahjalan-mcf;2025052722022354234333_rumahjalan-mcf_Applicant.jpeg
dalamrumah-mcf;2025052822023186351185_dalamrumah-mcf_Applicant.jpeg
pasanganttdcmo-mcf;2025052822021112649522_pasanganttdcmo-mcf_Applicant.jpeg
pricelist-mcf;2025052722022354234333_pricelist-mcf_Applicant.jpeg
nasabahttdcmo-mcf;2025052822021112649522_nasabahttdcmo-mcf_Applicant.jpeg
pasanganttdcmo-mcf;2025052722022354234333_pasanganttdcmo-mcf_Applicant.jpeg
nasabahttdcmo-mcf;2025052722022354234333_nasabahttdcmo-mcf_Applicant.jpeg
perizinanusaha-mcf;2025052722022354234333_perizinanusaha-mcf_Applicant.jpeg
halamandepanbukutabungan-mcf;2025052722011252490109_halamandepanbukutabungan-mcf_Applicant.jpeg
buktikepemilikanusaha-mcf;2025052722011252490109_buktikepemilikanusaha-mcf_Applicant.jpeg
kksuratnikah-mcf;2025052722011252490109_kksuratnikah-mcf_Applicant.jpeg
buktipenghasilanusaha-mcf;2025052722011252490109_buktipenghasilanusaha-mcf_Applicant.jpeg
rumahjalan-mcf;2025052822024272177127_rumahjalan-mcf_Applicant.jpeg
nomorrumah-mcf;2025052722023186325876_nomorrumah-mcf_Applicant.jpeg
rumahjalan-mcf;2025052722023186325876_rumahjalan-mcf_Applicant.jpeg
tempatusahadepan-mcf;2025052722023186325876_tempatusahadepan-mcf_Applicant.jpeg
pasanganttdcmo-mcf;2025052722023186325876_pasanganttdcmo-mcf_Applicant.jpeg
nasabahttdcmo-mcf;2025052722023186325876_nasabahttdcmo-mcf_Applicant.jpeg
pbbrekening-mcf;2025052822021112649522_pbbrekening-mcf_Applicant.jpeg
kksuratnikah-mcf;2025052822021112649522_kksuratnikah-mcf_Applicant.jpeg
salaryslip-mcf;2025052822021112649522_salaryslip-mcf_Applicant.jpeg
allobank-mcf;2025052822021112649522_allobank-mcf_Applicant.jpeg
halamandepanbukutabungan-mcf;2025052822021112649522_halamandepanbukutabungan-mcf_Applicant.jpeg
pbbrekening-mcf;2025052722022354234333_pbbrekening-mcf_Applicant.jpeg
fpkdepan-mcf;2025052822021112649522_fpkdepan-mcf_Applicant.jpeg
kksuratnikah-mcf;2025052722022354234333_kksuratnikah-mcf_Applicant.jpeg
salaryslip-mcf;2025052722022354234333_salaryslip-mcf_Applicant.jpeg
nomorrumah-mcf;2025052822021112649522_nomorrumah-mcf_Applicant.jpeg
nasabahttdcmo-mcf;2025052822023186351185_nasabahttdcmo-mcf_Applicant.jpeg
pasanganttdcmo-mcf;2025052822023186351185_pasanganttdcmo-mcf_Applicant.jpeg
pricelist-mcf;2025052822023186351185_pricelist-mcf_Applicant.jpeg
rumahjalan-mcf;2025052822021112649522_rumahjalan-mcf_Applicant.jpeg
tempatusahadepan-mcf;2025052822023186351185_tempatusahadepan-mcf_Applicant.jpeg
rumahdepan-mcf;2025052822023186351185_rumahdepan-mcf_Applicant.jpeg
dalamrumah-mcf;2025052722022354234333_dalamrumah-mcf_Applicant.jpeg
rumahjalan-mcf;2025052822023186351185_rumahjalan-mcf_Applicant.jpeg
tempatusahadepan-mcf;2025052722022354234333_tempatusahadepan-mcf_Applicant.jpeg
dalamrumah-mcf;2025052822021112649522_dalamrumah-mcf_Applicant.jpeg
tempatusahadepan-mcf;2025052822021112649522_tempatusahadepan-mcf_Applicant.jpeg
pricelist-mcf;2025052822021112649522_pricelist-mcf_Applicant.jpeg
dalamrumah-mcf;2025052722021281812356_dalamrumah-mcf_Applicant.jpeg
tempatusahadepan-mcf;2025052722021281812356_tempatusahadepan-mcf_Applicant.jpeg
pricelist-mcf;2025052722021281812356_pricelist-mcf_Applicant.jpeg
pasanganttdcmo-mcf;2025052722021281812356_pasanganttdcmo-mcf_Applicant.jpeg
nasabahttdcmo-mcf;2025052722021281812356_nasabahttdcmo-mcf_Applicant.jpeg
pbbrekening-mcf;2025052722023186325876_pbbrekening-mcf_Applicant.jpeg
kksuratnikah-mcf;2025052722023186325876_kksuratnikah-mcf_Applicant.jpeg
salaryslip-mcf;2025052722023186325876_salaryslip-mcf_Applicant.jpeg
allobank-mcf;2025052722023186325876_allobank-mcf_Applicant.jpeg
halamandepanbukutabungan-mcf;2025052722023186325876_halamandepanbukutabungan-mcf_Applicant.jpeg
fpkdepan-mcf;2025052722023186325876_fpkdepan-mcf_Applicant.jpeg
fpkbelakang-mcf;2025052722023186325876_fpkbelakang-mcf_Applicant.jpeg
pricelist-mcf;2025052722023186325876_pricelist-mcf_Applicant.jpeg
dalamrumah-mcf;2025052722023186325876_dalamrumah-mcf_Applicant.jpeg
pbbrekening-mcf;2025052722021297922978_pbbrekening-mcf_Applicant.jpeg
allobank-mcf;2025052722011252490109_allobank-mcf_Applicant.jpeg
fpkdepan-mcf;2025052722011252490109_fpkdepan-mcf_Applicant.jpeg
kksuratnikah-mcf;2025052822024224971065_kksuratnikah-mcf_Applicant.jpeg
fpkbelakang-mcf;2025052722011252490109_fpkbelakang-mcf_Applicant.jpeg
buktikepemilikanusaha-mcf;2025052822024224971065_buktikepemilikanusaha-mcf_Applicant.jpeg
halamandepanbukutabungan-mcf;2025052822024224971065_halamandepanbukutabungan-mcf_Applicant.jpeg
allobank-mcf;2025052822024224971065_allobank-mcf_Applicant.jpeg
nomorrumah-mcf;2025052722011252490109_nomorrumah-mcf_Applicant.jpeg
buktipenghasilanusaha-mcf;2025052822024224971065_buktipenghasilanusaha-mcf_Applicant.jpeg
rumahjalan-mcf;2025052722011252490109_rumahjalan-mcf_Applicant.jpeg
pbbrekening-mcf;2025052822024161155182_pbbrekening-mcf_Applicant.jpeg
fpkbelakang-mcf;2025052822024224971065_fpkbelakang-mcf_Applicant.jpeg
kksuratnikah-mcf;2025052822024161155182_kksuratnikah-mcf_Applicant.jpeg
salaryslip-mcf;2025052822024161155182_salaryslip-mcf_Applicant.jpeg
allobank-mcf;2025052822024161155182_allobank-mcf_Applicant.jpeg
halamandepanbukutabungan-mcf;2025052822024161155182_halamandepanbukutabungan-mcf_Applicant.jpeg
fpkdepan-mcf;2025052822024224971065_fpkdepan-mcf_Applicant.jpeg
perizinanusaha-mcf;2025052822024224971065_perizinanusaha-mcf_Applicant.jpeg
pricelist-mcf;2025052822024161155182_pricelist-mcf_Applicant.jpeg
dalamrumah-mcf;2025052822024161155182_dalamrumah-mcf_Applicant.jpeg
pasanganttdcmo-mcf;2025052722011252490109_pasanganttdcmo-mcf_Applicant.jpeg
nasabahttdcmo-mcf;2025052722011252490109_nasabahttdcmo-mcf_Applicant.jpeg
tempatusahadepan-mcf;2025052822024224971065_tempatusahadepan-mcf_Applicant.jpeg
bpkbdepan-mcf;2025052822024224971065_bpkbdepan-mcf_Applicant.jpeg
bpkbbelakang-mcf;2025052822024224971065_bpkbbelakang-mcf_Applicant.jpeg
stnkpajak-mcf;2025052822024224971065_stnkpajak-mcf_Applicant.jpeg
perizinanusaha-mcf;2025052722011252490109_perizinanusaha-mcf_Applicant.jpeg
unitdepankanan-mcf;2025052822024224971065_unitdepankanan-mcf_Applicant.jpeg
unitdepankiri-mcf;2025052822024224971065_unitdepankiri-mcf_Applicant.jpeg
nasabahttdcmo-mcf;2025052822024224971065_nasabahttdcmo-mcf_Applicant.jpeg
pasanganttdcmo-mcf;2025052822024224971065_pasanganttdcmo-mcf_Applicant.jpeg
rangkanomesin-mcf;2025052822024224971065_rangkanomesin-mcf_Applicant.jpeg
fpkbelakang-mcf;2025052822024161155182_fpkbelakang-mcf_Applicant.jpeg
fpkdepan-mcf;2025052822024161155182_fpkdepan-mcf_Applicant.jpeg
dalamrumah-mcf;2025052722011252490109_dalamrumah-mcf_Applicant.jpeg
nomorrumah-mcf;2025052822024161155182_nomorrumah-mcf_Applicant.jpeg
nomorrumah-mcf;2025052822024224971065_nomorrumah-mcf_Applicant.jpeg
rumahjalan-mcf;2025052822024161155182_rumahjalan-mcf_Applicant.jpeg
tempatusahadepan-mcf;2025052722011252490109_tempatusahadepan-mcf_Applicant.jpeg
rumahjalan-mcf;2025052822024224971065_rumahjalan-mcf_Applicant.jpeg
tempatusahadepan-mcf;2025052822024161155182_tempatusahadepan-mcf_Applicant.jpeg
pricelist-mcf;2025052722011252490109_pricelist-mcf_Applicant.jpeg
pasanganttdcmo-mcf;2025052822024161155182_pasanganttdcmo-mcf_Applicant.jpeg
nasabahttdcmo-mcf;2025052822024161155182_nasabahttdcmo-mcf_Applicant.jpeg
dalamrumah-mcf;2025052822024224971065_dalamrumah-mcf_Applicant.jpeg
pbbrekening-mcf;2025052822023575691765_pbbrekening-mcf_Applicant.jpeg
kksuratnikah-mcf;2025052822023575691765_kksuratnikah-mcf_Applicant.jpeg
salaryslip-mcf;2025052822023575691765_salaryslip-mcf_Applicant.jpeg
allobank-mcf;2025052822023575691765_allobank-mcf_Applicant.jpeg
fpkdepan-mcf;2025052822023575691765_fpkdepan-mcf_Applicant.jpeg
fpkbelakang-mcf;2025052822023575691765_fpkbelakang-mcf_Applicant.jpeg
nomorrumah-mcf;2025052822023575691765_nomorrumah-mcf_Applicant.jpeg
pbbrekening-mcf;20250528924513741690_pbbrekening-mcf_Applicant.jpeg
rumahjalan-mcf;2025052822023575691765_rumahjalan-mcf_Applicant.jpeg
pbbrekening-mcf;2025052822022698035447_pbbrekening-mcf_Applicant.jpeg
allobank-mcf;2025052822022303678250_allobank-mcf_Applicant.jpeg
kksuratnikah-mcf;2025052822022698035447_kksuratnikah-mcf_Applicant.jpeg
salaryslip-mcf;2025052822022698035447_salaryslip-mcf_Applicant.jpeg
allobank-mcf;2025052822022698035447_allobank-mcf_Applicant.jpeg
halamandepanbukutabungan-mcf;2025052822022698035447_halamandepanbukutabungan-mcf_Applicant.jpeg
fpkdepan-mcf;2025052822022698035447_fpkdepan-mcf_Applicant.jpeg
fpkbelakang-mcf;2025052822022698035447_fpkbelakang-mcf_Applicant.jpeg
kksuratnikah-mcf;20250528924513741690_kksuratnikah-mcf_Applicant.jpeg
halamandepanbukutabungan-mcf;2025052822022303678250_halamandepanbukutabungan-mcf_Applicant.jpeg
pbbrekening-mcf;2025052722022408066610_pbbrekening-mcf_Applicant.jpeg
nomorrumah-mcf;2025052822022698035447_nomorrumah-mcf_Applicant.jpeg
pbbrekening-mcf;2025052822022303678250_pbbrekening-mcf_Applicant.jpeg
kksuratnikah-mcf;2025052822022303678250_kksuratnikah-mcf_Applicant.jpeg
salaryslip-mcf;2025052822022303678250_salaryslip-mcf_Applicant.jpeg
nomorrumah-mcf;2025052722023186336035_nomorrumah-mcf_Applicant.jpeg
rumahjalan-mcf;2025052722023186336035_rumahjalan-mcf_Applicant.jpeg
tempatusahadepan-mcf;2025052722023186336035_tempatusahadepan-mcf_Applicant.jpeg
pasanganttdcmo-mcf;2025052722023186336035_pasanganttdcmo-mcf_Applicant.jpeg
nasabahttdcmo-mcf;2025052722023186336035_nasabahttdcmo-mcf_Applicant.jpeg
salaryslip-mcf;2025052822014705081013_salaryslip-mcf_Applicant.jpeg
salaryslip-mcf;2025052722022408066610_salaryslip-mcf_Applicant.jpeg
pasanganttdcmo-mcf;2025052822023575691765_pasanganttdcmo-mcf_Applicant.jpeg
allobank-mcf;2025052722022408066610_allobank-mcf_Applicant.jpeg
allobank-mcf;2025052822014705081013_allobank-mcf_Applicant.jpeg
fpkbelakang-mcf;20250528924513741690_fpkbelakang-mcf_Applicant.jpeg
halamandepanbukutabungan-mcf;2025052822014705081013_halamandepanbukutabungan-mcf_Applicant.jpeg
fpkdepan-mcf;2025052822014705081013_fpkdepan-mcf_Applicant.jpeg
nasabahttdcmo-mcf;2025052822023575691765_nasabahttdcmo-mcf_Applicant.jpeg
fpkbelakang-mcf;2025052822014705081013_fpkbelakang-mcf_Applicant.jpeg
halamandepanbukutabungan-mcf;2025052822023575691765_halamandepanbukutabungan-mcf_Applicant.jpeg
halamandepanbukutabungan-mcf;2025052722022408066610_halamandepanbukutabungan-mcf_Applicant.jpeg
fpkdepan-mcf;2025052722022408066610_fpkdepan-mcf_Applicant.jpeg
nomorrumah-mcf;2025052822021302583556_nomorrumah-mcf_Applicant.jpeg
fpkbelakang-mcf;2025052722022408066610_fpkbelakang-mcf_Applicant.jpeg
rumahjalan-mcf;2025052822021302583556_rumahjalan-mcf_Applicant.jpeg
rumahjalan-mcf;2025052822022698035447_rumahjalan-mcf_Applicant.jpeg
salaryslip-mcf;20250528924513741690_salaryslip-mcf_Applicant.jpeg
dalamrumah-mcf;2025052822022698035447_dalamrumah-mcf_Applicant.jpeg
dalamrumah-mcf;2025052822023575691765_dalamrumah-mcf_Applicant.jpeg
tempatusahadepan-mcf;2025052822022698035447_tempatusahadepan-mcf_Applicant.jpeg
pricelist-mcf;2025052822022698035447_pricelist-mcf_Applicant.jpeg
allobank-mcf;20250528924513741690_allobank-mcf_Applicant.jpeg
pasanganttdcmo-mcf;2025052822022698035447_pasanganttdcmo-mcf_Applicant.jpeg
nasabahttdcmo-mcf;2025052822022698035447_nasabahttdcmo-mcf_Applicant.jpeg
tempatusahadepan-mcf;2025052822023575691765_tempatusahadepan-mcf_Applicant.jpeg
halamandepanbukutabungan-mcf;20250528924513741690_halamandepanbukutabungan-mcf_Applicant.jpeg
fpkdepan-mcf;2025052822022303678250_fpkdepan-mcf_Applicant.jpeg
pricelist-mcf;2025052822023575691765_pricelist-mcf_Applicant.jpeg
pbbrekening-mcf;2025052822014705081013_pbbrekening-mcf_Applicant.jpeg
kksuratnikah-mcf;2025052722022408066610_kksuratnikah-mcf_Applicant.jpeg
kksuratnikah-mcf;2025052822014705081013_kksuratnikah-mcf_Applicant.jpeg
fpkdepan-mcf;20250528924513741690_fpkdepan-mcf_Applicant.jpeg
halamandepanbukutabungan-mcf;2025052822021302583556_halamandepanbukutabungan-mcf_Applicant.jpeg
bpkbdepan-mcf;20250528924513741690_bpkbdepan-mcf_Applicant.jpeg
fpkdepan-mcf;2025052822021302583556_fpkdepan-mcf_Applicant.jpeg
bpkbbelakang-mcf;20250528924513741690_bpkbbelakang-mcf_Applicant.jpeg
kksuratnikah-mcf;2025052822025042012883_kksuratnikah-mcf_Applicant.jpeg
fpkbelakang-mcf;2025052822021302583556_fpkbelakang-mcf_Applicant.jpeg
stnkpajak-mcf;20250528924513741690_stnkpajak-mcf_Applicant.jpeg
dalamrumah-mcf;2025052822021302583556_dalamrumah-mcf_Applicant.jpeg
unitdepankanan-mcf;20250528924513741690_unitdepankanan-mcf_Applicant.jpeg
nomorrumah-mcf;2025052822022303678250_nomorrumah-mcf_Applicant.jpeg
fpkdepan-mcf;2025052722024270296848_fpkdepan-mcf_Applicant.jpeg
fpkbelakang-mcf;2025052722024270296848_fpkbelakang-mcf_Applicant.jpeg
unitdepankiri-mcf;20250528924513741690_unitdepankiri-mcf_Applicant.jpeg
pricelist-mcf;2025052822021302583556_pricelist-mcf_Applicant.jpeg
pbbrekening-mcf;2025052822021112642713_pbbrekening-mcf_Applicant.jpeg
halamandepanbukutabungan-mcf;2025052722024270296848_halamandepanbukutabungan-mcf_Applicant.jpeg
allobank-mcf;2025052722024270296848_allobank-mcf_Applicant.jpeg
nomorrumah-mcf;2025052822014705081013_nomorrumah-mcf_Applicant.jpeg
nomorrumah-mcf;20250528924513741690_nomorrumah-mcf_Applicant.jpeg
rumahjalan-mcf;20250528924513741690_rumahjalan-mcf_Applicant.jpeg
tempatusahadepan-mcf;2025052822021302583556_tempatusahadepan-mcf_Applicant.jpeg
pasanganttdcmo-mcf;2025052822021302583556_pasanganttdcmo-mcf_Applicant.jpeg
dalamrumah-mcf;20250528924513741690_dalamrumah-mcf_Applicant.jpeg
nasabahttdcmo-mcf;2025052822021302583556_nasabahttdcmo-mcf_Applicant.jpeg
dalamrumah-mcf;2025052822014705081013_dalamrumah-mcf_Applicant.jpeg
pbbrekening-mcf;2025052822021302583556_pbbrekening-mcf_Applicant.jpeg
fpkbelakang-mcf;2025052822022303678250_fpkbelakang-mcf_Applicant.jpeg
pricelist-mcf;2025052822014705081013_pricelist-mcf_Applicant.jpeg
kksuratnikah-mcf;2025052822021302583556_kksuratnikah-mcf_Applicant.jpeg
tempatusahadepan-mcf;20250528924513741690_tempatusahadepan-mcf_Applicant.jpeg
salaryslip-mcf;2025052822021302583556_salaryslip-mcf_Applicant.jpeg
pbbrekening-mcf;2025052822025042012883_pbbrekening-mcf_Applicant.jpeg
allobank-mcf;2025052822021302583556_allobank-mcf_Applicant.jpeg
fpkdepan-mcf;2025052822025042012883_fpkdepan-mcf_Applicant.jpeg
nomorrumah-mcf;2025052722022408066610_nomorrumah-mcf_Applicant.jpeg
tempatusahadepan-mcf;2025052822022303678250_tempatusahadepan-mcf_Applicant.jpeg
rumahjalan-mcf;2025052822014705081013_rumahjalan-mcf_Applicant.jpeg
rumahjalan-mcf;2025052722022408066610_rumahjalan-mcf_Applicant.jpeg
fpkbelakang-mcf;2025052822025042012883_fpkbelakang-mcf_Applicant.jpeg
tempatusahadepan-mcf;2025052822021112642713_tempatusahadepan-mcf_Applicant.jpeg
pricelist-mcf;2025052822022303678250_pricelist-mcf_Applicant.jpeg
pricelist-mcf;2025052822021112642713_pricelist-mcf_Applicant.jpeg
pbbrekening-mcf;2025052822024242742591_pbbrekening-mcf_Applicant.jpeg
pasanganttdcmo-mcf;2025052822021112642713_pasanganttdcmo-mcf_Applicant.jpeg
kksuratnikah-mcf;2025052822024242742591_kksuratnikah-mcf_Applicant.jpeg
nasabahttdcmo-mcf;2025052822021112642713_nasabahttdcmo-mcf_Applicant.jpeg
dalamrumah-mcf;2025052722022408066610_dalamrumah-mcf_Applicant.jpeg
tempatusahadepan-mcf;2025052822014705081013_tempatusahadepan-mcf_Applicant.jpeg
tempatusahadepan-mcf;2025052722022408066610_tempatusahadepan-mcf_Applicant.jpeg
pricelist-mcf;2025052722022408066610_pricelist-mcf_Applicant.jpeg
salaryslip-mcf;2025052822024242742591_salaryslip-mcf_Applicant.jpeg
nomorrumah-mcf;2025052822025042012883_nomorrumah-mcf_Applicant.jpeg
pasanganttdcmo-mcf;2025052822014705081013_pasanganttdcmo-mcf_Applicant.jpeg
allobank-mcf;2025052822024242742591_allobank-mcf_Applicant.jpeg
pasanganttdcmo-mcf;2025052722022408066610_pasanganttdcmo-mcf_Applicant.jpeg
halamandepanbukutabungan-mcf;2025052822024242742591_halamandepanbukutabungan-mcf_Applicant.jpeg
rumahjalan-mcf;2025052822025042012883_rumahjalan-mcf_Applicant.jpeg
nasabahttdcmo-mcf;2025052722022408066610_nasabahttdcmo-mcf_Applicant.jpeg
nasabahttdcmo-mcf;2025052822014705081013_nasabahttdcmo-mcf_Applicant.jpeg
rangkanomesin-mcf;20250528924513741690_rangkanomesin-mcf_Applicant.jpeg
kksuratnikah-mcf;2025052822021112642713_kksuratnikah-mcf_Applicant.jpeg
salaryslip-mcf;2025052822021112642713_salaryslip-mcf_Applicant.jpeg
allobank-mcf;2025052822021112642713_allobank-mcf_Applicant.jpeg
pasanganttdcmo-mcf;20250528924513741690_pasanganttdcmo-mcf_Applicant.jpeg
halamandepanbukutabungan-mcf;2025052822021112642713_halamandepanbukutabungan-mcf_Applicant.jpeg
nasabahttdcmo-mcf;20250528924513741690_nasabahttdcmo-mcf_Applicant.jpeg
rumahjalan-mcf;2025052822022303678250_rumahjalan-mcf_Applicant.jpeg
fpkdepan-mcf;2025052822021112642713_fpkdepan-mcf_Applicant.jpeg
salaryslip-mcf;2025052822025042012883_salaryslip-mcf_Applicant.jpeg
allobank-mcf;2025052822025042012883_allobank-mcf_Applicant.jpeg
halamandepanbukutabungan-mcf;2025052822025042012883_halamandepanbukutabungan-mcf_Applicant.jpeg
fpkbelakang-mcf;2025052822021112642713_fpkbelakang-mcf_Applicant.jpeg
nomorrumah-mcf;2025052822021112642713_nomorrumah-mcf_Applicant.jpeg
dalamrumah-mcf;2025052822022303678250_dalamrumah-mcf_Applicant.jpeg
rumahjalan-mcf;2025052822021112642713_rumahjalan-mcf_Applicant.jpeg
dalamrumah-mcf;2025052822021112642713_dalamrumah-mcf_Applicant.jpeg
dalamrumah-mcf;2025052822025042012883_dalamrumah-mcf_Applicant.jpeg
pasanganttdcmo-mcf;2025052822022303678250_pasanganttdcmo-mcf_Applicant.jpeg
tempatusahadepan-mcf;2025052822025042012883_tempatusahadepan-mcf_Applicant.jpeg
pbbrekening-mcf;2025052822025059789035_pbbrekening-mcf_Applicant.jpeg
bpkbdepan-mcf;2025052822025042012883_bpkbdepan-mcf_Applicant.jpeg
bpkbbelakang-mcf;2025052822025042012883_bpkbbelakang-mcf_Applicant.jpeg
salaryslip-mcf;2025052822025059789035_salaryslip-mcf_Applicant.jpeg
allobank-mcf;2025052822025059789035_allobank-mcf_Applicant.jpeg
nasabahttdcmo-mcf;2025052822022303678250_nasabahttdcmo-mcf_Applicant.jpeg
fpkbelakang-mcf;2025052822024242742591_fpkbelakang-mcf_Applicant.jpeg
stnkpajak-mcf;2025052822025042012883_stnkpajak-mcf_Applicant.jpeg
halamandepanbukutabungan-mcf;2025052822025059789035_halamandepanbukutabungan-mcf_Applicant.jpeg
unitdepankanan-mcf;2025052822025042012883_unitdepankanan-mcf_Applicant.jpeg
unitdepankiri-mcf;2025052822025042012883_unitdepankiri-mcf_Applicant.jpeg
fpkdepan-mcf;2025052822024242742591_fpkdepan-mcf_Applicant.jpeg
nomorrumah-mcf;2025052822025059789035_nomorrumah-mcf_Applicant.jpeg
tempatusahadepan-mcf;2025052822024242742591_tempatusahadepan-mcf_Applicant.jpeg
rumahjalan-mcf;2025052822025059789035_rumahjalan-mcf_Applicant.jpeg
pricelist-mcf;2025052822024242742591_pricelist-mcf_Applicant.jpeg
pasanganttdcmo-mcf;2025052822024242742591_pasanganttdcmo-mcf_Applicant.jpeg
nasabahttdcmo-mcf;2025052822024242742591_nasabahttdcmo-mcf_Applicant.jpeg
tempatusahadepan-mcf;2025052822025059789035_tempatusahadepan-mcf_Applicant.jpeg
kksuratnikah-mcf;2025052822011252460140_kksuratnikah-mcf_Applicant.jpeg
allobank-mcf;2025052822011252460140_allobank-mcf_Applicant.jpeg
halamandepanbukutabungan-mcf;2025052822011252460140_halamandepanbukutabungan-mcf_Applicant.jpeg
fpkdepan-mcf;2025052822011252460140_fpkdepan-mcf_Applicant.jpeg
dalamrumah-mcf;2025052822011252460140_dalamrumah-mcf_Applicant.jpeg
pricelist-mcf;2025052822011252460140_pricelist-mcf_Applicant.jpeg
pbbrekening-mcf;2025052822021178789738_pbbrekening-mcf_Applicant.jpeg
kksuratnikah-mcf;2025052822021178789738_kksuratnikah-mcf_Applicant.jpeg
salaryslip-mcf;2025052822021178789738_salaryslip-mcf_Applicant.jpeg
nomorrumah-mcf;2025052822011252460140_nomorrumah-mcf_Applicant.jpeg
allobank-mcf;2025052822021178789738_allobank-mcf_Applicant.jpeg
halamandepanbukutabungan-mcf;2025052822021178789738_halamandepanbukutabungan-mcf_Applicant.jpeg
rumahjalan-mcf;2025052822011252460140_rumahjalan-mcf_Applicant.jpeg
fpkdepan-mcf;2025052822021178789738_fpkdepan-mcf_Applicant.jpeg
tempatusahadepan-mcf;2025052822011252460140_tempatusahadepan-mcf_Applicant.jpeg
fpkbelakang-mcf;2025052822021178789738_fpkbelakang-mcf_Applicant.jpeg
pasanganttdcmo-mcf;2025052822011252460140_pasanganttdcmo-mcf_Applicant.jpeg
nomorrumah-mcf;2025052822021178789738_nomorrumah-mcf_Applicant.jpeg
nasabahttdcmo-mcf;2025052822011252460140_nasabahttdcmo-mcf_Applicant.jpeg
rumahjalan-mcf;2025052822021178789738_rumahjalan-mcf_Applicant.jpeg
dalamrumah-mcf;2025052822021178789738_dalamrumah-mcf_Applicant.jpeg
tempatusahadepan-mcf;2025052822021178789738_tempatusahadepan-mcf_Applicant.jpeg
bpkbdepan-mcf;2025052822021178789738_bpkbdepan-mcf_Applicant.jpeg
bpkbbelakang-mcf;2025052822021178789738_bpkbbelakang-mcf_Applicant.jpeg
stnkpajak-mcf;2025052822021178789738_stnkpajak-mcf_Applicant.jpeg
unitdepankanan-mcf;2025052822021178789738_unitdepankanan-mcf_Applicant.jpeg
unitdepankiri-mcf;2025052822021178789738_unitdepankiri-mcf_Applicant.jpeg
rangkanomesin-mcf;2025052822021178789738_rangkanomesin-mcf_Applicant.jpeg
pasanganttdcmo-mcf;2025052822021178789738_pasanganttdcmo-mcf_Applicant.jpeg
nasabahttdcmo-mcf;2025052822021178789738_nasabahttdcmo-mcf_Applicant.jpeg
kksuratnikah-mcf;2025052222024305865340_kksuratnikah-mcf_Applicant.jpeg
halamandepanbukutabungan-mcf;2025052222024305865340_halamandepanbukutabungan-mcf_Applicant.jpeg
fpkbelakang-mcf;2025052222024305865340_fpkbelakang-mcf_Applicant.jpeg
fpkdepan-mcf;2025052222024305865340_fpkdepan-mcf_Applicant.jpeg
tempatusahadepan-mcf;2025052222024305865340_tempatusahadepan-mcf_Applicant.jpeg
rumahdepan-mcf;2025052222024305865340_rumahdepan-mcf_Applicant.jpeg
pasanganttdcmo-mcf;2025052222024305865340_pasanganttdcmo-mcf_Applicant.jpeg
nasabahttdcmo-mcf;2025052222024305865340_nasabahttdcmo-mcf_Applicant.jpeg
allobank-mcf;2025052222024305865340_allobank-mcf_Applicant.jpeg
rumahjalan-mcf;2025052222024305865340_rumahjalan-mcf_Applicant.jpeg
bpkbdepan-mcf;2025052222024305865340_bpkbdepan-mcf_Applicant.jpeg
bpkbbelakang-mcf;2025052222024305865340_bpkbbelakang-mcf_Applicant.jpeg
stnkpajak-mcf;2025052222024305865340_stnkpajak-mcf_Applicant.jpeg
unitdepankanan-mcf;2025052222024305865340_unitdepankanan-mcf_Applicant.jpeg
unitdepankiri-mcf;2025052222024305865340_unitdepankiri-mcf_Applicant.jpeg
salaryslip-mcf;2025052222024305865340_salaryslip-mcf_Applicant.jpeg
pbbrekening-mcf;2025052822022698045652_pbbrekening-mcf_Applicant.jpeg
kksuratnikah-mcf;2025052822022698045652_kksuratnikah-mcf_Applicant.jpeg
salaryslip-mcf;2025052822022698045652_salaryslip-mcf_Applicant.jpeg
fpkbelakang-mcf;2025052822011252460140_fpkbelakang-mcf_Applicant.jpeg
allobank-mcf;2025052822022698045652_allobank-mcf_Applicant.jpeg
halamandepanbukutabungan-mcf;2025052822022698045652_halamandepanbukutabungan-mcf_Applicant.jpeg
fpkdepan-mcf;2025052822022698045652_fpkdepan-mcf_Applicant.jpeg
fpkbelakang-mcf;2025052822022698045652_fpkbelakang-mcf_Applicant.jpeg
nomorrumah-mcf;2025052822022698045652_nomorrumah-mcf_Applicant.jpeg
rumahjalan-mcf;2025052822022698045652_rumahjalan-mcf_Applicant.jpeg
dalamrumah-mcf;2025052822022698045652_dalamrumah-mcf_Applicant.jpeg
tempatusahadepan-mcf;2025052822022698045652_tempatusahadepan-mcf_Applicant.jpeg
pricelist-mcf;2025052822022698045652_pricelist-mcf_Applicant.jpeg
pasanganttdcmo-mcf;2025052822022698045652_pasanganttdcmo-mcf_Applicant.jpeg
nasabahttdcmo-mcf;2025052822022698045652_nasabahttdcmo-mcf_Applicant.jpeg
pricelist-mcf;2025052722024270296848_pricelist-mcf_Applicant.jpeg
halamandepanbukutabungan-mcf;2025052822024272177127_halamandepanbukutabungan-mcf_Applicant.jpeg
buktikepemilikanusaha-mcf;2025052822024465229964_buktikepemilikanusaha-mcf_Applicant.jpeg
tempatusahadepan-mcf;2025052722024270296848_tempatusahadepan-mcf_Applicant.jpeg
kksuratnikah-mcf;2025052822024465229964_kksuratnikah-mcf_Applicant.jpeg
dalamrumah-mcf;2025052722024270296848_dalamrumah-mcf_Applicant.jpeg
buktipenghasilanusaha-mcf;2025052822024465229964_buktipenghasilanusaha-mcf_Applicant.jpeg
allobank-mcf;2025052822024465229964_allobank-mcf_Applicant.jpeg
halamandepanbukutabungan-mcf;2025052822024465229964_halamandepanbukutabungan-mcf_Applicant.jpeg
fpkdepan-mcf;2025052822024465229964_fpkdepan-mcf_Applicant.jpeg
fpkbelakang-mcf;2025052822024465229964_fpkbelakang-mcf_Applicant.jpeg
halamandepanbukutabungan-mcf;2025052722024420359562_halamandepanbukutabungan-mcf_Applicant.jpeg
dalamrumah-mcf;2025052722024250418832_dalamrumah-mcf_Applicant.jpeg
fpkdepan-mcf;2025052722024420359562_fpkdepan-mcf_Applicant.jpeg
nomorrumah-mcf;2025052722024250418832_nomorrumah-mcf_Applicant.jpeg
fpkbelakang-mcf;2025052722024420359562_fpkbelakang-mcf_Applicant.jpeg
rumahjalan-mcf;2025052722024250418832_rumahjalan-mcf_Applicant.jpeg
nomorrumah-mcf;2025052722024420359562_nomorrumah-mcf_Applicant.jpeg
rumahjalan-mcf;2025052722024420359562_rumahjalan-mcf_Applicant.jpeg
tempatusahadepan-mcf;2025052722024250418832_tempatusahadepan-mcf_Applicant.jpeg
bpkbdepan-mcf;2025052722024250418832_bpkbdepan-mcf_Applicant.jpeg
bpkbbelakang-mcf;2025052722024250418832_bpkbbelakang-mcf_Applicant.jpeg
dalamrumah-mcf;2025052722024420359562_dalamrumah-mcf_Applicant.jpeg
stnkpajak-mcf;2025052722024250418832_stnkpajak-mcf_Applicant.jpeg
unitdepankanan-mcf;2025052722024250418832_unitdepankanan-mcf_Applicant.jpeg
unitdepankiri-mcf;2025052722024250418832_unitdepankiri-mcf_Applicant.jpeg
unitdepankanan-mcf;2025052722024420359562_unitdepankanan-mcf_Applicant.jpeg
unitdepankiri-mcf;2025052722024420359562_unitdepankiri-mcf_Applicant.jpeg
rangkanomesin-mcf;2025052722024420359562_rangkanomesin-mcf_Applicant.jpeg
buktikepemilikanusaha-mcf;2025052722023365110657_buktikepemilikanusaha-mcf_Applicant.jpeg
perizinanusaha-mcf;2025052722023365110657_perizinanusaha-mcf_Applicant.jpeg
buktipenghasilanusaha-mcf;2025052722023365110657_buktipenghasilanusaha-mcf_Applicant.jpeg
nasabahttdcmo-mcf;2025052722023365110657_nasabahttdcmo-mcf_Applicant.jpeg
pasanganttdcmo-mcf;2025052722023365110657_pasanganttdcmo-mcf_Applicant.jpeg
pricelist-mcf;2025052722023365110657_pricelist-mcf_Applicant.jpeg
tempatusahadepan-mcf;2025052722023365110657_tempatusahadepan-mcf_Applicant.jpeg
dalamrumah-mcf;2025052722023365110657_dalamrumah-mcf_Applicant.jpeg
nasabahttdcmo-mcf;2025052722024270296848_nasabahttdcmo-mcf_Applicant.jpeg
pricelist-mcf;2025052822024465229964_pricelist-mcf_Applicant.jpeg
pasanganttdcmo-mcf;2025052822024465229964_pasanganttdcmo-mcf_Applicant.jpeg
nasabahttdcmo-mcf;2025052822024465229964_nasabahttdcmo-mcf_Applicant.jpeg
pbbrekening-mcf;2025052722024209228578_pbbrekening-mcf_Applicant.jpeg
perizinanusaha-mcf;2025052822024465229964_perizinanusaha-mcf_Applicant.jpeg
pbbrekening-mcf;2025052822022372050938_pbbrekening-mcf_Applicant.jpeg
kksuratnikah-mcf;2025052822022372050938_kksuratnikah-mcf_Applicant.jpeg
salaryslip-mcf;2025052822022372050938_salaryslip-mcf_Applicant.jpeg
allobank-mcf;2025052822022372050938_allobank-mcf_Applicant.jpeg
halamandepanbukutabungan-mcf;2025052822022372050938_halamandepanbukutabungan-mcf_Applicant.jpeg
pbbrekening-mcf;2025052822025063543927_pbbrekening-mcf_Applicant.jpeg
kksuratnikah-mcf;2025052822025063543927_kksuratnikah-mcf_Applicant.jpeg
pasanganttdcmo-mcf;2025052822025117074549_pasanganttdcmo-mcf_Applicant.jpeg
pbbrekening-mcf;2025051722022204785996_pbbrekening-mcf_Applicant.jpeg
kksuratnikah-mcf;2025051722022204785996_kksuratnikah-mcf_Applicant.jpeg
dalamrumah-mcf;2025051722022204785996_dalamrumah-mcf_Applicant.jpeg
tempatusahadepan-mcf;2025052822025117074549_tempatusahadepan-mcf_Applicant.jpeg
tempatusahadepan-mcf;2025051722022204785996_tempatusahadepan-mcf_Applicant.jpeg
fpkdepan-mcf;2025052822025063543927_fpkdepan-mcf_Applicant.jpeg
pricelist-mcf;2025051722022204785996_pricelist-mcf_Applicant.jpeg
fpkbelakang-mcf;2025052822025063543927_fpkbelakang-mcf_Applicant.jpeg
fpkbelakang-mcf;2025052822022372050938_fpkbelakang-mcf_Applicant.jpeg
pasanganttdcmo-mcf;2025051722022204785996_pasanganttdcmo-mcf_Applicant.jpeg
nasabahttdcmo-mcf;2025051722022204785996_nasabahttdcmo-mcf_Applicant.jpeg
salaryslip-mcf;2025052822024391288201_salaryslip-mcf_Applicant.jpeg
dalamrumah-mcf;2025052822025117074549_dalamrumah-mcf_Applicant.jpeg
allobank-mcf;2025052822024391288201_allobank-mcf_Applicant.jpeg
salaryslip-mcf;2025051722022204785996_salaryslip-mcf_Applicant.jpeg
nasabahttdcmo-mcf;2025052822025117074549_nasabahttdcmo-mcf_Applicant.jpeg
salaryslip-mcf;2025052822025063543927_salaryslip-mcf_Applicant.jpeg
allobank-mcf;2025052822025063543927_allobank-mcf_Applicant.jpeg
halamandepanbukutabungan-mcf;2025052822025063543927_halamandepanbukutabungan-mcf_Applicant.jpeg
pbbrekening-mcf;2025052822024358265131_pbbrekening-mcf_Applicant.jpeg
nomorrumah-mcf;2025052822025117074549_nomorrumah-mcf_Applicant.jpeg
rumahjalan-mcf;2025052822025117074549_rumahjalan-mcf_Applicant.jpeg
kksuratnikah-mcf;2025052822024358265131_kksuratnikah-mcf_Applicant.jpeg
salaryslip-mcf;2025052822024358265131_salaryslip-mcf_Applicant.jpeg
allobank-mcf;2025051722022204785996_allobank-mcf_Applicant.jpeg
halamandepanbukutabungan-mcf;2025051722022204785996_halamandepanbukutabungan-mcf_Applicant.jpeg
allobank-mcf;2025052822024358265131_allobank-mcf_Applicant.jpeg
fpkdepan-mcf;2025051722022204785996_fpkdepan-mcf_Applicant.jpeg
halamandepanbukutabungan-mcf;2025052822024358265131_halamandepanbukutabungan-mcf_Applicant.jpeg
pbbrekening-mcf;2025052822024391288201_pbbrekening-mcf_Applicant.jpeg
fpkbelakang-mcf;2025051722022204785996_fpkbelakang-mcf_Applicant.jpeg
kksuratnikah-mcf;2025052822024391288201_kksuratnikah-mcf_Applicant.jpeg
nomorrumah-mcf;2025051722022204785996_nomorrumah-mcf_Applicant.jpeg
rumahjalan-mcf;2025051722022204785996_rumahjalan-mcf_Applicant.jpeg
fpkdepan-mcf;2025052822022372050938_fpkdepan-mcf_Applicant.jpeg
nomorrumah-mcf;2025052822024465229964_nomorrumah-mcf_Applicant.jpeg
kksuratnikah-mcf;2025052822025117074549_kksuratnikah-mcf_Applicant.jpeg
rumahjalan-mcf;2025052822024465229964_rumahjalan-mcf_Applicant.jpeg
pbbrekening-mcf;2025052722024270296848_pbbrekening-mcf_Applicant.jpeg
halamandepanbukutabungan-mcf;2025052822025117074549_halamandepanbukutabungan-mcf_Applicant.jpeg
allobank-mcf;2025052822025117074549_allobank-mcf_Applicant.jpeg
kksuratnikah-mcf;2025052722024270296848_kksuratnikah-mcf_Applicant.jpeg
salaryslip-mcf;2025052722024270296848_salaryslip-mcf_Applicant.jpeg
fpkbelakang-mcf;2025052822025117074549_fpkbelakang-mcf_Applicant.jpeg
nomorrumah-mcf;2025052722024270296848_nomorrumah-mcf_Applicant.jpeg
rumahjalan-mcf;2025052722024270296848_rumahjalan-mcf_Applicant.jpeg
fpkdepan-mcf;2025052822025117074549_fpkdepan-mcf_Applicant.jpeg
dalamrumah-mcf;2025052822024465229964_dalamrumah-mcf_Applicant.jpeg
pasanganttdcmo-mcf;2025052722024270296848_pasanganttdcmo-mcf_Applicant.jpeg
pricelist-mcf;2025052822025117074549_pricelist-mcf_Applicant.jpeg
tempatusahadepan-mcf;2025052822024465229964_tempatusahadepan-mcf_Applicant.jpeg
dalamrumah-mcf;2025052822025063543927_dalamrumah-mcf_Applicant.jpeg
dalamrumah-mcf;2025052822022372050938_dalamrumah-mcf_Applicant.jpeg
tempatusahadepan-mcf;2025052822025063543927_tempatusahadepan-mcf_Applicant.jpeg
bpkbdepan-mcf;2025052822024391288201_bpkbdepan-mcf_Applicant.jpeg
bpkbbelakang-mcf;2025052822024391288201_bpkbbelakang-mcf_Applicant.jpeg
pricelist-mcf;2025052822025063543927_pricelist-mcf_Applicant.png
rumahjalan-mcf;2025052822024358265131_rumahjalan-mcf_Applicant.jpeg
stnkpajak-mcf;2025052822024391288201_stnkpajak-mcf_Applicant.jpeg
pbbrekening-mcf;2025052822025007951376_pbbrekening-mcf_Applicant.jpeg
kksuratnikah-mcf;2025052822025007951376_kksuratnikah-mcf_Applicant.jpeg
salaryslip-mcf;2025052822025007951376_salaryslip-mcf_Applicant.jpeg
unitdepankanan-mcf;2025052822024391288201_unitdepankanan-mcf_Applicant.jpeg
allobank-mcf;2025052822025007951376_allobank-mcf_Applicant.jpeg
halamandepanbukutabungan-mcf;2025052822025007951376_halamandepanbukutabungan-mcf_Applicant.jpeg
fpkbelakang-mcf;2025052822024358265131_fpkbelakang-mcf_Applicant.jpeg
tempatusahadepan-mcf;2025052822025007951376_tempatusahadepan-mcf_Applicant.jpeg
pasanganttdcmo-mcf;2025052822025063543927_pasanganttdcmo-mcf_Applicant.jpeg
pricelist-mcf;2025052822025007951376_pricelist-mcf_Applicant.jpeg
pasanganttdcmo-mcf;2025052822025007951376_pasanganttdcmo-mcf_Applicant.jpeg
nasabahttdcmo-mcf;2025052822025063543927_nasabahttdcmo-mcf_Applicant.jpeg
salaryslip-mcf;2025052822023010833442_salaryslip-mcf_Applicant.jpeg
nasabahttdcmo-mcf;2025052822025007951376_nasabahttdcmo-mcf_Applicant.jpeg
pricelist-mcf;2025052822022372050938_pricelist-mcf_Applicant.jpeg
kksuratnikah-mcf;2025052822023010833442_kksuratnikah-mcf_Applicant.jpeg
allobank-mcf;2025052822023010833442_allobank-mcf_Applicant.jpeg
pasanganttdcmo-mcf;2025052822022372050938_pasanganttdcmo-mcf_Applicant.jpeg
halamandepanbukutabungan-mcf;2025052822023010833442_halamandepanbukutabungan-mcf_Applicant.jpeg
perizinanusaha-mcf;2025052822025063543927_perizinanusaha-mcf_Applicant.jpeg
nasabahttdcmo-mcf;2025052822022372050938_nasabahttdcmo-mcf_Applicant.jpeg
nomorrumah-mcf;2025052822021041175740_nomorrumah-mcf_Applicant.jpeg
rumahjalan-mcf;2025052822023375133562_rumahjalan-mcf_Applicant.jpeg
rumahjalan-mcf;2025052822023010833442_rumahjalan-mcf_Applicant.jpeg
pasanganttdcmo-mcf;2025052822024358265131_pasanganttdcmo-mcf_Applicant.jpeg
nasabahttdcmo-mcf;2025052822021041175740_nasabahttdcmo-mcf_Applicant.jpeg
dalamrumah-mcf;2025052822023375133562_dalamrumah-mcf_Applicant.jpeg
nasabahttdcmo-mcf;2025052822024358265131_nasabahttdcmo-mcf_Applicant.jpeg
tempatusahadepan-mcf;2025052822023375133562_tempatusahadepan-mcf_Applicant.jpeg
pricelist-mcf;2025052822023375133562_pricelist-mcf_Applicant.jpeg
tempatusahadepan-mcf;2025052822023010833442_tempatusahadepan-mcf_Applicant.jpeg
pasanganttdcmo-mcf;2025052822021041175740_pasanganttdcmo-mcf_Applicant.jpeg
dalamrumah-mcf;2025052822024358265131_dalamrumah-mcf_Applicant.jpeg
fpkbelakang-mcf;2025052822023010833442_fpkbelakang-mcf_Applicant.jpeg
fpkdepan-mcf;2025052822023010833442_fpkdepan-mcf_Applicant.jpeg
dalamrumah-mcf;2025052822023010833442_dalamrumah-mcf_Applicant.jpeg
tempatusahadepan-mcf;2025052822024358265131_tempatusahadepan-mcf_Applicant.jpeg
pbbrekening-mcf;2025052822023375133562_pbbrekening-mcf_Applicant.jpeg
pricelist-mcf;2025052822024358265131_pricelist-mcf_Applicant.jpeg
kksuratnikah-mcf;2025052822023375133562_kksuratnikah-mcf_Applicant.jpeg
salaryslip-mcf;2025052822023375133562_salaryslip-mcf_Applicant.jpeg
allobank-mcf;2025052822023375133562_allobank-mcf_Applicant.jpeg
halamandepanbukutabungan-mcf;2025052822023375133562_halamandepanbukutabungan-mcf_Applicant.jpeg
fpkdepan-mcf;2025052822023375133562_fpkdepan-mcf_Applicant.jpeg
fpkbelakang-mcf;2025052822023375133562_fpkbelakang-mcf_Applicant.jpeg
nomorrumah-mcf;2025052822023010833442_nomorrumah-mcf_Applicant.jpeg
nomorrumah-mcf;2025052822023375133562_nomorrumah-mcf_Applicant.jpeg
halamandepanbukutabungan-mcf;2025052822025007567299_halamandepanbukutabungan-mcf_Applicant.jpeg
rangkanomesin-mcf;2025052822023010833442_rangkanomesin-mcf_Applicant.jpeg
pricelist-mcf;2025052822025007567299_pricelist-mcf_Applicant.jpeg
dalamrumah-mcf;2025052822021041175740_dalamrumah-mcf_Applicant.jpeg
pasanganttdcmo-mcf;2025052822023010833442_pasanganttdcmo-mcf_Applicant.jpeg
tempatusahadepan-mcf;2025052822021041175740_tempatusahadepan-mcf_Applicant.jpeg
nasabahttdcmo-mcf;2025052822023010833442_nasabahttdcmo-mcf_Applicant.jpeg
pricelist-mcf;2025052822021041175740_pricelist-mcf_Applicant.jpeg
fpkdepan-mcf;2025052822025007567299_fpkdepan-mcf_Applicant.jpeg
fpkbelakang-mcf;2025052822025007567299_fpkbelakang-mcf_Applicant.jpeg
nomorrumah-mcf;2025052822025007567299_nomorrumah-mcf_Applicant.jpeg
pbbrekening-mcf;2025052822023045192117_pbbrekening-mcf_Applicant.jpeg
kksuratnikah-mcf;2025052822023045192117_kksuratnikah-mcf_Applicant.jpeg
rumahjalan-mcf;2025052822025007567299_rumahjalan-mcf_Applicant.jpeg
fpkdepan-mcf;2025052822024391288201_fpkdepan-mcf_Applicant.jpeg
halamandepanbukutabungan-mcf;2025052822024391288201_halamandepanbukutabungan-mcf_Applicant.jpeg
fpkbelakang-mcf;2025052822024391288201_fpkbelakang-mcf_Applicant.jpeg
nomorrumah-mcf;2025052822022372050938_nomorrumah-mcf_Applicant.jpeg
nomorrumah-mcf;2025052822024391288201_nomorrumah-mcf_Applicant.jpeg
rumahjalan-mcf;2025052822024391288201_rumahjalan-mcf_Applicant.jpeg
nomorrumah-mcf;2025052822024358265131_nomorrumah-mcf_Applicant.jpeg
rumahjalan-mcf;2025052822022372050938_rumahjalan-mcf_Applicant.jpeg
nomorrumah-mcf;2025052822025063543927_nomorrumah-mcf_Applicant.jpeg
rumahjalan-mcf;2025052822025063543927_rumahjalan-mcf_Applicant.jpeg
dalamrumah-mcf;2025052822024391288201_dalamrumah-mcf_Applicant.jpeg
tempatusahadepan-mcf;2025052822024391288201_tempatusahadepan-mcf_Applicant.jpeg
unitdepankiri-mcf;2025052822024391288201_unitdepankiri-mcf_Applicant.jpeg
fpkdepan-mcf;2025052822024358265131_fpkdepan-mcf_Applicant.jpeg
fpkbelakang-mcf;2025052822025007951376_fpkbelakang-mcf_Applicant.jpeg
rangkanomesin-mcf;2025052822024391288201_rangkanomesin-mcf_Applicant.jpeg
fpkdepan-mcf;2025052822025007951376_fpkdepan-mcf_Applicant.jpeg
pasanganttdcmo-mcf;2025052822024391288201_pasanganttdcmo-mcf_Applicant.jpeg
nasabahttdcmo-mcf;2025052822024391288201_nasabahttdcmo-mcf_Applicant.jpeg
nomorrumah-mcf;2025052822025007951376_nomorrumah-mcf_Applicant.jpeg
pbbrekening-mcf;2025052822023010833442_pbbrekening-mcf_Applicant.jpeg
rumahjalan-mcf;2025052822025007951376_rumahjalan-mcf_Applicant.jpeg
tempatusahadepan-mcf;2025052822022372050938_tempatusahadepan-mcf_Applicant.jpeg
dalamrumah-mcf;2025052822025007951376_dalamrumah-mcf_Applicant.jpeg
pasanganttdcmo-mcf;2025052822023045192117_pasanganttdcmo-mcf_Applicant.jpeg
nasabahttdcmo-mcf;2025052822023045192117_nasabahttdcmo-mcf_Applicant.jpeg
pbbrekening-mcf;2025052822024242760860_pbbrekening-mcf_Applicant.jpeg
nomorrumah-mcf;2025052822024242760860_nomorrumah-mcf_Applicant.jpeg
buktikepemilikanusaha-mcf;2025052722025007593775_buktikepemilikanusaha-mcf_Applicant.jpeg
buktipenghasilanusaha-mcf;2025052722025007593775_buktipenghasilanusaha-mcf_Applicant.jpeg
kksuratnikah-mcf;2025052722025007593775_kksuratnikah-mcf_Applicant.jpeg
halamandepanbukutabungan-mcf;2025052722025007593775_halamandepanbukutabungan-mcf_Applicant.jpeg
fpkbelakang-mcf;2025052822024242760860_fpkbelakang-mcf_Applicant.jpeg
pricelist-mcf;2025052722025007593775_pricelist-mcf_Applicant.jpeg
pbbrekening-mcf;2025052822024569420913_pbbrekening-mcf_Applicant.jpeg
rumahjalan-mcf;2025052822024242760860_rumahjalan-mcf_Applicant.jpeg
perizinanusaha-mcf;2025052722025007593775_perizinanusaha-mcf_Applicant.jpeg
fpkbelakang-mcf;2025052722025007593775_fpkbelakang-mcf_Applicant.jpeg
fpkdepan-mcf;2025052722025007593775_fpkdepan-mcf_Applicant.jpeg
salaryslip-mcf;2025052822024242760860_salaryslip-mcf_Applicant.jpeg
pasanganttdcmo-mcf;2025052822023375133562_pasanganttdcmo-mcf_Applicant.jpeg
bpkbdepan-mcf;2025052822023010833442_bpkbdepan-mcf_Applicant.jpeg
nasabahttdcmo-mcf;2025052822023375133562_nasabahttdcmo-mcf_Applicant.jpeg
pbbrekening-mcf;2025052822021041175740_pbbrekening-mcf_Applicant.jpeg
kksuratnikah-mcf;2025052822021041175740_kksuratnikah-mcf_Applicant.jpeg
bpkbbelakang-mcf;2025052822023010833442_bpkbbelakang-mcf_Applicant.jpeg
salaryslip-mcf;2025052822021041175740_salaryslip-mcf_Applicant.jpeg
allobank-mcf;2025052822021041175740_allobank-mcf_Applicant.jpeg
halamandepanbukutabungan-mcf;2025052822021041175740_halamandepanbukutabungan-mcf_Applicant.jpeg
stnkpajak-mcf;2025052822023010833442_stnkpajak-mcf_Applicant.jpeg
fpkdepan-mcf;2025052822021041175740_fpkdepan-mcf_Applicant.jpeg
fpkbelakang-mcf;2025052822021041175740_fpkbelakang-mcf_Applicant.jpeg
unitdepankanan-mcf;2025052822023010833442_unitdepankanan-mcf_Applicant.jpeg
pbbrekening-mcf;2025052822025007567299_pbbrekening-mcf_Applicant.jpeg
unitdepankiri-mcf;2025052822023010833442_unitdepankiri-mcf_Applicant.jpeg
rumahjalan-mcf;2025052822021041175740_rumahjalan-mcf_Applicant.jpeg
salaryslip-mcf;2025052822025007567299_salaryslip-mcf_Applicant.jpeg
kksuratnikah-mcf;2025052822025007567299_kksuratnikah-mcf_Applicant.jpeg
salaryslip-mcf;2025052822023045192117_salaryslip-mcf_Applicant.jpeg
allobank-mcf;2025052822023045192117_allobank-mcf_Applicant.jpeg
halamandepanbukutabungan-mcf;2025052822023045192117_halamandepanbukutabungan-mcf_Applicant.jpeg
fpkdepan-mcf;2025052822023045192117_fpkdepan-mcf_Applicant.jpeg
fpkbelakang-mcf;2025052822023045192117_fpkbelakang-mcf_Applicant.jpeg
nomorrumah-mcf;2025052822023045192117_nomorrumah-mcf_Applicant.jpeg
rumahjalan-mcf;2025052822023045192117_rumahjalan-mcf_Applicant.jpeg
tempatusahadepan-mcf;2025052822025007567299_tempatusahadepan-mcf_Applicant.jpeg
dalamrumah-mcf;2025052822025007567299_dalamrumah-mcf_Applicant.jpeg
pasanganttdcmo-mcf;2025052822025007567299_pasanganttdcmo-mcf_Applicant.jpeg
dalamrumah-mcf;2025052822023045192117_dalamrumah-mcf_Applicant.jpeg
nasabahttdcmo-mcf;2025052822025007567299_nasabahttdcmo-mcf_Applicant.jpeg
tempatusahadepan-mcf;2025052822023045192117_tempatusahadepan-mcf_Applicant.jpeg
pricelist-mcf;2025052822023045192117_pricelist-mcf_Applicant.jpeg
fpkbelakang-mcf;2025052822024289872088_fpkbelakang-mcf_Applicant.jpeg
dalamrumah-mcf;2025052722025007593775_dalamrumah-mcf_Applicant.jpeg
tempatusahadepan-mcf;2025052722025007593775_tempatusahadepan-mcf_Applicant.jpeg
nomorrumah-mcf;2025052822024289872088_nomorrumah-mcf_Applicant.jpeg
kksuratnikah-mcf;2025052822025629887772_kksuratnikah-mcf_Applicant.jpeg
rumahjalan-mcf;2025052822024289872088_rumahjalan-mcf_Applicant.jpeg
pasanganttdcmo-mcf;2025052722025007593775_pasanganttdcmo-mcf_Applicant.jpeg
salaryslip-mcf;2025052822025629887772_salaryslip-mcf_Applicant.jpeg
nasabahttdcmo-mcf;2025052722025007593775_nasabahttdcmo-mcf_Applicant.jpeg
allobank-mcf;2025052822025629887772_allobank-mcf_Applicant.jpeg
dalamrumah-mcf;2025052822024289872088_dalamrumah-mcf_Applicant.jpeg
halamandepanbukutabungan-mcf;2025052822025629887772_halamandepanbukutabungan-mcf_Applicant.jpeg
salaryslip-mcf;2025052822024569420913_salaryslip-mcf_Applicant.jpeg
fpkdepan-mcf;2025052822025629887772_fpkdepan-mcf_Applicant.jpeg
allobank-mcf;2025052822024242760860_allobank-mcf_Applicant.jpeg
dalamrumah-mcf;2025052822024242760860_dalamrumah-mcf_Applicant.jpeg
halamandepanbukutabungan-mcf;2025052822024242760860_halamandepanbukutabungan-mcf_Applicant.jpeg
nomorrumah-mcf;2025052722025007593775_nomorrumah-mcf_Applicant.jpeg
kksuratnikah-mcf;2025052822024569420913_kksuratnikah-mcf_Applicant.jpeg
pbbrekening-mcf;2025052822024289872088_pbbrekening-mcf_Applicant.jpeg
tempatusahadepan-mcf;2025052822024242760860_tempatusahadepan-mcf_Applicant.jpeg
kksuratnikah-mcf;2025052822024289872088_kksuratnikah-mcf_Applicant.jpeg
pricelist-mcf;2025052822024242760860_pricelist-mcf_Applicant.jpeg
pbbrekening-mcf;2025052822025629887772_pbbrekening-mcf_Applicant.jpeg
allobank-mcf;2025052822024289872088_allobank-mcf_Applicant.jpeg
rumahjalan-mcf;2025052722025007593775_rumahjalan-mcf_Applicant.jpeg
halamandepanbukutabungan-mcf;2025052822024289872088_halamandepanbukutabungan-mcf_Applicant.jpeg
pasanganttdcmo-mcf;2025052822024242760860_pasanganttdcmo-mcf_Applicant.jpeg
fpkdepan-mcf;2025052822024242760860_fpkdepan-mcf_Applicant.jpeg
fpkdepan-mcf;2025052822024289872088_fpkdepan-mcf_Applicant.jpeg
kksuratnikah-mcf;2025052822024242760860_kksuratnikah-mcf_Applicant.jpeg
nasabahttdcmo-mcf;2025052822024242760860_nasabahttdcmo-mcf_Applicant.jpeg
unitdepankiri-mcf;2025052822025629887772_unitdepankiri-mcf_Applicant.jpeg
rangkanomesin-mcf;2025052822025629887772_rangkanomesin-mcf_Applicant.jpeg
pasanganttdcmo-mcf;2025052822025629887772_pasanganttdcmo-mcf_Applicant.jpeg
nasabahttdcmo-mcf;2025052822025629887772_nasabahttdcmo-mcf_Applicant.jpeg
halamandepanbukutabungan-mcf;2025052822024569420913_halamandepanbukutabungan-mcf_Applicant.jpeg
allobank-mcf;2025052822024569420913_allobank-mcf_Applicant.jpeg
fpkdepan-mcf;2025052822024569420913_fpkdepan-mcf_Applicant.jpeg
fpkbelakang-mcf;2025052822024569420913_fpkbelakang-mcf_Applicant.jpeg
pbbrekening-mcf;2025052822023575432633_pbbrekening-mcf_Applicant.jpeg
kksuratnikah-mcf;2025052822023575432633_kksuratnikah-mcf_Applicant.jpeg
dalamrumah-mcf;2025052822023575432633_dalamrumah-mcf_Applicant.jpeg
buktipenghasilanusaha-mcf;2025052822023010846116_buktipenghasilanusaha-mcf_Applicant.jpeg
tempatusahadepan-mcf;2025052822023575432633_tempatusahadepan-mcf_Applicant.jpeg
allobank-mcf;2025052822023010846116_allobank-mcf_Applicant.jpeg
pricelist-mcf;2025052822023575432633_pricelist-mcf_Applicant.jpeg
pasanganttdcmo-mcf;2025052822023575432633_pasanganttdcmo-mcf_Applicant.jpeg
halamandepanbukutabungan-mcf;2025052822023010846116_halamandepanbukutabungan-mcf_Applicant.jpeg
nasabahttdcmo-mcf;2025052822023575432633_nasabahttdcmo-mcf_Applicant.jpeg
nomorrumah-mcf;2025052822023010846116_nomorrumah-mcf_Applicant.jpeg
fpkdepan-mcf;2025052822023010846116_fpkdepan-mcf_Applicant.jpeg
fpkbelakang-mcf;2025052822023010846116_fpkbelakang-mcf_Applicant.jpeg
rumahjalan-mcf;2025052822023010846116_rumahjalan-mcf_Applicant.jpeg
dalamrumah-mcf;2025052822023010846116_dalamrumah-mcf_Applicant.jpeg
tempatusahadepan-mcf;2025052822024289872088_tempatusahadepan-mcf_Applicant.jpeg
pricelist-mcf;2025052822024289872088_pricelist-mcf_Applicant.jpeg
pasanganttdcmo-mcf;2025052822024289872088_pasanganttdcmo-mcf_Applicant.jpeg
fpkbelakang-mcf;2025052822025629887772_fpkbelakang-mcf_Applicant.jpeg
nasabahttdcmo-mcf;2025052822024289872088_nasabahttdcmo-mcf_Applicant.jpeg
salaryslip-mcf;2025052822024289872088_salaryslip-mcf_Applicant.jpeg
nomorrumah-mcf;2025052822025629887772_nomorrumah-mcf_Applicant.jpeg
rumahjalan-mcf;2025052822025629887772_rumahjalan-mcf_Applicant.jpeg
dalamrumah-mcf;2025052822025629887772_dalamrumah-mcf_Applicant.jpeg
tempatusahadepan-mcf;2025052822025629887772_tempatusahadepan-mcf_Applicant.jpeg
bpkbdepan-mcf;2025052822025629887772_bpkbdepan-mcf_Applicant.jpeg
bpkbbelakang-mcf;2025052822025629887772_bpkbbelakang-mcf_Applicant.jpeg
stnkpajak-mcf;2025052822025629887772_stnkpajak-mcf_Applicant.jpeg
unitdepankanan-mcf;2025052822025629887772_unitdepankanan-mcf_Applicant.jpeg
salaryslip-mcf;2025052822023575432633_salaryslip-mcf_Applicant.jpeg
nomorrumah-mcf;2025052822024569420913_nomorrumah-mcf_Applicant.jpeg
allobank-mcf;2025052822023575432633_allobank-mcf_Applicant.jpeg
halamandepanbukutabungan-mcf;2025052822023575432633_halamandepanbukutabungan-mcf_Applicant.jpeg
rumahjalan-mcf;2025052822024569420913_rumahjalan-mcf_Applicant.jpeg
fpkdepan-mcf;2025052822023575432633_fpkdepan-mcf_Applicant.jpeg
fpkbelakang-mcf;2025052822023575432633_fpkbelakang-mcf_Applicant.jpeg
dalamrumah-mcf;2025052822024569420913_dalamrumah-mcf_Applicant.jpeg
nomorrumah-mcf;2025052822023575432633_nomorrumah-mcf_Applicant.jpeg
tempatusahadepan-mcf;2025052822024569420913_tempatusahadepan-mcf_Applicant.jpeg
buktikepemilikanusaha-mcf;2025052822023010846116_buktikepemilikanusaha-mcf_Applicant.jpeg
pricelist-mcf;2025052822024569420913_pricelist-mcf_Applicant.jpeg
pasanganttdcmo-mcf;2025052822024569420913_pasanganttdcmo-mcf_Applicant.jpeg
rumahjalan-mcf;2025052822023575432633_rumahjalan-mcf_Applicant.jpeg
nasabahttdcmo-mcf;2025052822024569420913_nasabahttdcmo-mcf_Applicant.jpeg
kksuratnikah-mcf;2025052822023010846116_kksuratnikah-mcf_Applicant.jpeg
tempatusahadepan-mcf;2025052722024004598330_tempatusahadepan-mcf_Applicant.jpeg
rumahdepan-mcf;2025052722024004598330_rumahdepan-mcf_Applicant.jpeg
pasanganttdcmo-mcf;2025052722024004598330_pasanganttdcmo-mcf_Applicant.jpeg
nasabahttdcmo-mcf;2025052722024004598330_nasabahttdcmo-mcf_Applicant.jpeg
allobank-mcf;2025052722024004598330_allobank-mcf_Applicant.jpeg
rumahjalan-mcf;2025052722024004598330_rumahjalan-mcf_Applicant.jpeg
salaryslip-mcf;2025052722024004598330_salaryslip-mcf_Applicant.jpeg
nomorrumah-mcf;2025052722024004598330_nomorrumah-mcf_Applicant.jpeg
dalamrumah-mcf;2025052722024004598330_dalamrumah-mcf_Applicant.jpeg
pricelist-mcf;2025052722024004598330_pricelist-mcf_Applicant.jpeg
pbbrekening-mcf;2025052722023508779710_pbbrekening-mcf_Applicant.jpeg
kksuratnikah-mcf;2025052722023508779710_kksuratnikah-mcf_Applicant.jpeg
halamandepanbukutabungan-mcf;2025052722023508779710_halamandepanbukutabungan-mcf_Applicant.jpeg
fpkbelakang-mcf;2025052722023508779710_fpkbelakang-mcf_Applicant.jpeg
fpkdepan-mcf;2025052722023508779710_fpkdepan-mcf_Applicant.jpeg
tempatusahadepan-mcf;2025052722023508779710_tempatusahadepan-mcf_Applicant.jpeg
rumahdepan-mcf;2025052722023508779710_rumahdepan-mcf_Applicant.jpeg
pasanganttdcmo-mcf;2025052722023508779710_pasanganttdcmo-mcf_Applicant.jpeg
pasanganttdcmo-mcf;2025052622025162360319_pasanganttdcmo-mcf_Applicant.jpeg
nasabahttdcmo-mcf;2025052622025162360319_nasabahttdcmo-mcf_Applicant.jpeg
allobank-mcf;2025052622025162360319_allobank-mcf_Applicant.jpeg
rumahjalan-mcf;2025052622025162360319_rumahjalan-mcf_Applicant.jpeg
salaryslip-mcf;2025052622025162360319_salaryslip-mcf_Applicant.jpeg
nomorrumah-mcf;2025052622025162360319_nomorrumah-mcf_Applicant.jpeg
dalamrumah-mcf;2025052622025162360319_dalamrumah-mcf_Applicant.jpeg
pricelist-mcf;2025052622025162360319_pricelist-mcf_Applicant.jpeg
pbbrekening-mcf;2025052622022204774277_pbbrekening-mcf_Applicant.jpeg
kksuratnikah-mcf;2025052622022204774277_kksuratnikah-mcf_Applicant.jpeg
halamandepanbukutabungan-mcf;2025052622022204774277_halamandepanbukutabungan-mcf_Applicant.jpeg
fpkbelakang-mcf;2025052622022204774277_fpkbelakang-mcf_Applicant.jpeg
fpkdepan-mcf;2025052622022204774277_fpkdepan-mcf_Applicant.jpeg
tempatusahadepan-mcf;2025052622022204774277_tempatusahadepan-mcf_Applicant.jpeg
rumahdepan-mcf;2025052622022204774277_rumahdepan-mcf_Applicant.jpeg
fpkbelakang-mcf;2025052622025162342285_fpkbelakang-mcf_Applicant.jpeg
fpkdepan-mcf;2025052622025162342285_fpkdepan-mcf_Applicant.jpeg
tempatusahadepan-mcf;2025052622025162342285_tempatusahadepan-mcf_Applicant.jpeg
rumahdepan-mcf;2025052622025162342285_rumahdepan-mcf_Applicant.jpeg
pasanganttdcmo-mcf;2025052622025162342285_pasanganttdcmo-mcf_Applicant.jpeg
nasabahttdcmo-mcf;2025052622025162342285_nasabahttdcmo-mcf_Applicant.jpeg
allobank-mcf;2025052622025162342285_allobank-mcf_Applicant.jpeg
rumahjalan-mcf;2025052622025162342285_rumahjalan-mcf_Applicant.jpeg
salaryslip-mcf;2025052622025162342285_salaryslip-mcf_Applicant.jpeg
nomorrumah-mcf;2025052622025162342285_nomorrumah-mcf_Applicant.jpeg
dalamrumah-mcf;2025052622025162342285_dalamrumah-mcf_Applicant.jpeg
pricelist-mcf;2025052622025162342285_pricelist-mcf_Applicant.jpeg
pbbrekening-mcf;2025052622023233528094_pbbrekening-mcf_Applicant.jpeg
kksuratnikah-mcf;2025052622023233528094_kksuratnikah-mcf_Applicant.jpeg
halamandepanbukutabungan-mcf;2025052622023233528094_halamandepanbukutabungan-mcf_Applicant.jpeg
fpkbelakang-mcf;2025052622023233528094_fpkbelakang-mcf_Applicant.jpeg
fpkdepan-mcf;2025052622023233528094_fpkdepan-mcf_Applicant.jpeg
tempatusahadepan-mcf;2025052822023010846116_tempatusahadepan-mcf_Applicant.jpeg
bpkbdepan-mcf;2025052822023010846116_bpkbdepan-mcf_Applicant.jpeg
bpkbbelakang-mcf;2025052822023010846116_bpkbbelakang-mcf_Applicant.jpeg
stnkpajak-mcf;2025052822023010846116_stnkpajak-mcf_Applicant.jpeg
unitdepankanan-mcf;2025052822023010846116_unitdepankanan-mcf_Applicant.jpeg
unitdepankiri-mcf;2025052822023010846116_unitdepankiri-mcf_Applicant.jpeg
rangkanomesin-mcf;2025052822023010846116_rangkanomesin-mcf_Applicant.jpeg
pasanganttdcmo-mcf;2025052822023010846116_pasanganttdcmo-mcf_Applicant.jpeg
nasabahttdcmo-mcf;2025052822023010846116_nasabahttdcmo-mcf_Applicant.jpeg
perizinanusaha-mcf;2025052822023010846116_perizinanusaha-mcf_Applicant.jpeg
pbbrekening-mcf;2025052822024447732687_pbbrekening-mcf_Applicant.jpeg
salaryslip-mcf;2025052822024447732687_salaryslip-mcf_Applicant.jpeg
kksuratnikah-mcf;2025052822025059789035_kksuratnikah-mcf_Applicant.jpeg
nomorrumah-mcf;2025052822024242742591_nomorrumah-mcf_Applicant.jpeg
rangkanomesin-mcf;2025052822025042012883_rangkanomesin-mcf_Applicant.jpeg
rumahjalan-mcf;2025052822024242742591_rumahjalan-mcf_Applicant.jpeg
dalamrumah-mcf;2025052822025059789035_dalamrumah-mcf_Applicant.jpeg
pasanganttdcmo-mcf;2025052822025042012883_pasanganttdcmo-mcf_Applicant.jpeg
pricelist-mcf;2025052822025059789035_pricelist-mcf_Applicant.jpeg
fpkdepan-mcf;2025052822025059789035_fpkdepan-mcf_Applicant.jpeg
fpkbelakang-mcf;2025052822025059789035_fpkbelakang-mcf_Applicant.jpeg
nasabahttdcmo-mcf;2025052822025042012883_nasabahttdcmo-mcf_Applicant.jpeg
dalamrumah-mcf;2025052822024242742591_dalamrumah-mcf_Applicant.jpeg
pasanganttdcmo-mcf;2025052822025059789035_pasanganttdcmo-mcf_Applicant.jpeg
nasabahttdcmo-mcf;2025052822025059789035_nasabahttdcmo-mcf_Applicant.jpeg
rangkanomesin-mcf;2025052822024447732687_rangkanomesin-mcf_Applicant.jpeg
pasanganttdcmo-mcf;2025052822024447732687_pasanganttdcmo-mcf_Applicant.jpeg
nasabahttdcmo-mcf;2025052822024447732687_nasabahttdcmo-mcf_Applicant.jpeg
buktikepemilikanusaha-mcf;2025052822024219079034_buktikepemilikanusaha-mcf_Applicant.jpeg
kksuratnikah-mcf;2025052822024219079034_kksuratnikah-mcf_Applicant.jpeg
buktipenghasilanusaha-mcf;2025052822024219079034_buktipenghasilanusaha-mcf_Applicant.jpeg
allobank-mcf;2025052822024219079034_allobank-mcf_Applicant.jpeg
halamandepanbukutabungan-mcf;2025052822024219079034_halamandepanbukutabungan-mcf_Applicant.jpeg
fpkdepan-mcf;2025052822024219079034_fpkdepan-mcf_Applicant.jpeg
fpkbelakang-mcf;2025052822024219079034_fpkbelakang-mcf_Applicant.jpeg
nomorrumah-mcf;2025052822024219079034_nomorrumah-mcf_Applicant.jpeg
rumahjalan-mcf;2025052822024219079034_rumahjalan-mcf_Applicant.jpeg
allobank-mcf;2025052822024447732687_allobank-mcf_Applicant.jpeg
kksuratnikah-mcf;2025052822024447732687_kksuratnikah-mcf_Applicant.jpeg
halamandepanbukutabungan-mcf;2025052822024447732687_halamandepanbukutabungan-mcf_Applicant.jpeg
nomorrumah-mcf;2025052822024447732687_nomorrumah-mcf_Applicant.jpeg
fpkbelakang-mcf;2025052822024447732687_fpkbelakang-mcf_Applicant.jpeg
fpkdepan-mcf;2025052822024447732687_fpkdepan-mcf_Applicant.jpeg
rumahjalan-mcf;2025052822024447732687_rumahjalan-mcf_Applicant.jpeg
dalamrumah-mcf;2025052822024447732687_dalamrumah-mcf_Applicant.jpeg
tempatusahadepan-mcf;2025052822024447732687_tempatusahadepan-mcf_Applicant.jpeg
bpkbdepan-mcf;2025052822024447732687_bpkbdepan-mcf_Applicant.jpeg
bpkbbelakang-mcf;2025052822024447732687_bpkbbelakang-mcf_Applicant.jpeg
stnkpajak-mcf;2025052822024447732687_stnkpajak-mcf_Applicant.jpeg
unitdepankanan-mcf;2025052822024447732687_unitdepankanan-mcf_Applicant.jpeg
unitdepankiri-mcf;2025052822024447732687_unitdepankiri-mcf_Applicant.jpeg
pbbrekening-mcf;2025052822025042053799_pbbrekening-mcf_Applicant.jpeg
kksuratnikah-mcf;2025052822025042053799_kksuratnikah-mcf_Applicant.jpeg
dalamrumah-mcf;2025052822024219079034_dalamrumah-mcf_Applicant.jpeg
salaryslip-mcf;2025052822025042053799_salaryslip-mcf_Applicant.jpeg
pricelist-mcf;2025052822024219079034_pricelist-mcf_Applicant.jpeg
tempatusahadepan-mcf;2025052822024219079034_tempatusahadepan-mcf_Applicant.jpeg
allobank-mcf;2025052822025042053799_allobank-mcf_Applicant.jpeg
pasanganttdcmo-mcf;2025052822024219079034_pasanganttdcmo-mcf_Applicant.jpeg
halamandepanbukutabungan-mcf;2025052822025042053799_halamandepanbukutabungan-mcf_Applicant.jpeg
nasabahttdcmo-mcf;2025052822024219079034_nasabahttdcmo-mcf_Applicant.jpeg
perizinanusaha-mcf;2025052822024219079034_perizinanusaha-mcf_Applicant.jpeg
fpkdepan-mcf;2025052822025042053799_fpkdepan-mcf_Applicant.jpeg
kksuratnikah-mcf;2025052822024490875351_kksuratnikah-mcf_Applicant.jpeg
fpkbelakang-mcf;2025052822025042053799_fpkbelakang-mcf_Applicant.jpeg
salaryslip-mcf;2025052822021341163546_salaryslip-mcf_Applicant.jpeg
fpkdepan-mcf;2025052822024490875351_fpkdepan-mcf_Applicant.jpeg
tempatusahadepan-mcf;2025052822024490875351_tempatusahadepan-mcf_Applicant.jpeg
allobank-mcf;2025052822021341163546_allobank-mcf_Applicant.jpeg
halamandepanbukutabungan-mcf;2025052822021341163546_halamandepanbukutabungan-mcf_Applicant.jpeg
pasanganttdcmo-mcf;2025052822024490875351_pasanganttdcmo-mcf_Applicant.jpeg
fpkdepan-mcf;2025052822021341163546_fpkdepan-mcf_Applicant.jpeg
pricelist-mcf;2025052822024490875351_pricelist-mcf_Applicant.jpeg
unitdepankanan-mcf;2025052822025042053799_unitdepankanan-mcf_Applicant.jpeg
nasabahttdcmo-mcf;2025052822024490875351_nasabahttdcmo-mcf_Applicant.jpeg
unitdepankiri-mcf;2025052822025042053799_unitdepankiri-mcf_Applicant.jpeg
fpkbelakang-mcf;2025052822021341163546_fpkbelakang-mcf_Applicant.jpeg
kksuratnikah-mcf;2025052822025160134866_kksuratnikah-mcf_Applicant.jpeg
nomorrumah-mcf;2025052822021341163546_nomorrumah-mcf_Applicant.jpeg
nomorrumah-mcf;2025052822025042053799_nomorrumah-mcf_Applicant.jpeg
allobank-mcf;2025052822024490875351_allobank-mcf_Applicant.jpeg
rumahjalan-mcf;2025052822025042053799_rumahjalan-mcf_Applicant.jpeg
halamandepanbukutabungan-mcf;2025052822024490875351_halamandepanbukutabungan-mcf_Applicant.jpeg
dalamrumah-mcf;2025052822025042053799_dalamrumah-mcf_Applicant.jpeg
tempatusahadepan-mcf;2025052822025042053799_tempatusahadepan-mcf_Applicant.jpeg
bpkbdepan-mcf;2025052822025042053799_bpkbdepan-mcf_Applicant.jpeg
bpkbbelakang-mcf;2025052822025042053799_bpkbbelakang-mcf_Applicant.jpeg
pbbrekening-mcf;2025052822021341163546_pbbrekening-mcf_Applicant.jpeg
nomorrumah-mcf;2025052822024490875351_nomorrumah-mcf_Applicant.jpeg
rumahjalan-mcf;2025052822024490875351_rumahjalan-mcf_Applicant.jpeg
dalamrumah-mcf;2025052822024490875351_dalamrumah-mcf_Applicant.jpeg
pbbrekening-mcf;2025052822025160134866_pbbrekening-mcf_Applicant.jpeg
kksuratnikah-mcf;2025052822021341163546_kksuratnikah-mcf_Applicant.jpeg
stnkpajak-mcf;2025052822025042053799_stnkpajak-mcf_Applicant.jpeg
fpkbelakang-mcf;2025052822024490875351_fpkbelakang-mcf_Applicant.jpeg
pbbrekening-mcf;2025052822024209281159_pbbrekening-mcf_Applicant.jpeg
salaryslip-mcf;2025052822024242717105_salaryslip-mcf_Applicant.jpeg
kksuratnikah-mcf;2025052822024209281159_kksuratnikah-mcf_Applicant.jpeg
allobank-mcf;2025052822024242717105_allobank-mcf_Applicant.jpeg
salaryslip-mcf;2025052822024209281159_salaryslip-mcf_Applicant.jpeg
allobank-mcf;2025052822024209281159_allobank-mcf_Applicant.jpeg
halamandepanbukutabungan-mcf;2025052822024209281159_halamandepanbukutabungan-mcf_Applicant.jpeg
halamandepanbukutabungan-mcf;2025052822024242717105_halamandepanbukutabungan-mcf_Applicant.jpeg
buktikepemilikanusaha-mcf;2025052822024289889357_buktikepemilikanusaha-mcf_Applicant.jpeg
fpkdepan-mcf;2025052822024209281159_fpkdepan-mcf_Applicant.jpeg
fpkbelakang-mcf;2025052822024209281159_fpkbelakang-mcf_Applicant.jpeg
nomorrumah-mcf;2025052822024209281159_nomorrumah-mcf_Applicant.jpeg
rumahjalan-mcf;2025052822024209281159_rumahjalan-mcf_Applicant.jpeg
fpkdepan-mcf;2025052822025160134866_fpkdepan-mcf_Applicant.jpeg
kksuratnikah-mcf;2025052822024289889357_kksuratnikah-mcf_Applicant.jpeg
fpkbelakang-mcf;2025052822025160134866_fpkbelakang-mcf_Applicant.jpeg
buktipenghasilanusaha-mcf;2025052822024289889357_buktipenghasilanusaha-mcf_Applicant.jpeg
dalamrumah-mcf;2025052822024209281159_dalamrumah-mcf_Applicant.jpeg
nomorrumah-mcf;2025052822025160134866_nomorrumah-mcf_Applicant.jpeg
pasanganttdcmo-mcf;2025052822024289889357_pasanganttdcmo-mcf_Applicant.jpeg
nasabahttdcmo-mcf;2025052822024289889357_nasabahttdcmo-mcf_Applicant.jpeg
rumahjalan-mcf;2025052822025160134866_rumahjalan-mcf_Applicant.jpeg
perizinanusaha-mcf;2025052822024289889357_perizinanusaha-mcf_Applicant.jpeg
dalamrumah-mcf;2025052822025160134866_dalamrumah-mcf_Applicant.jpeg
tempatusahadepan-mcf;2025052822025160134866_tempatusahadepan-mcf_Applicant.jpeg
bpkbdepan-mcf;2025052822025160134866_bpkbdepan-mcf_Applicant.jpeg
bpkbbelakang-mcf;2025052822025160134866_bpkbbelakang-mcf_Applicant.jpeg
stnkpajak-mcf;2025052822025160134866_stnkpajak-mcf_Applicant.jpeg
tempatusahadepan-mcf;2025052822024209281159_tempatusahadepan-mcf_Applicant.jpeg
pricelist-mcf;2025052822024209281159_pricelist-mcf_Applicant.jpeg
allobank-mcf;2025052822024289889357_allobank-mcf_Applicant.jpeg
pasanganttdcmo-mcf;2025052822024209281159_pasanganttdcmo-mcf_Applicant.jpeg
dalamrumah-mcf;2025052822024242717105_dalamrumah-mcf_Applicant.jpeg
halamandepanbukutabungan-mcf;2025052822024289889357_halamandepanbukutabungan-mcf_Applicant.jpeg
nasabahttdcmo-mcf;2025052822024209281159_nasabahttdcmo-mcf_Applicant.jpeg
pricelist-mcf;2025052822024242717105_pricelist-mcf_Applicant.jpeg
fpkdepan-mcf;2025052822024289889357_fpkdepan-mcf_Applicant.jpeg
fpkbelakang-mcf;2025052822024289889357_fpkbelakang-mcf_Applicant.jpeg
nomorrumah-mcf;2025052822024289889357_nomorrumah-mcf_Applicant.jpeg
rumahjalan-mcf;2025052822024289889357_rumahjalan-mcf_Applicant.jpeg
dalamrumah-mcf;2025052822024289889357_dalamrumah-mcf_Applicant.jpeg
fpkbelakang-mcf;2025052822024242717105_fpkbelakang-mcf_Applicant.jpeg
tempatusahadepan-mcf;2025052822024289889357_tempatusahadepan-mcf_Applicant.jpeg
pricelist-mcf;2025052822024289889357_pricelist-mcf_Applicant.jpeg
fpkdepan-mcf;2025052822024242717105_fpkdepan-mcf_Applicant.jpeg
buktikepemilikanusaha-mcf;2025052822024251069048_buktikepemilikanusaha-mcf_Applicant.jpeg
kksuratnikah-mcf;2025052822024251069048_kksuratnikah-mcf_Applicant.webp
buktipenghasilanusaha-mcf;2025052822024251069048_buktipenghasilanusaha-mcf_Applicant.jpeg
allobank-mcf;2025052822024251069048_allobank-mcf_Applicant.jpeg
halamandepanbukutabungan-mcf;2025052822024251069048_halamandepanbukutabungan-mcf_Applicant.webp
fpkdepan-mcf;2025052822024251069048_fpkdepan-mcf_Applicant.jpeg
fpkbelakang-mcf;2025052822024251069048_fpkbelakang-mcf_Applicant.jpeg
nomorrumah-mcf;2025052822024251069048_nomorrumah-mcf_Applicant.jpeg
rumahjalan-mcf;2025052822024251069048_rumahjalan-mcf_Applicant.jpeg
dalamrumah-mcf;2025052822024251069048_dalamrumah-mcf_Applicant.jpeg
tempatusahadepan-mcf;2025052822024251069048_tempatusahadepan-mcf_Applicant.jpeg
pricelist-mcf;2025052822024251069048_pricelist-mcf_Applicant.jpeg
tempatusahadepan-mcf;2025052822023277485173_tempatusahadepan-mcf_Applicant.jpeg
pasanganttdcmo-mcf;2025052822024251069048_pasanganttdcmo-mcf_Applicant.jpeg
pricelist-mcf;2025052822023277485173_pricelist-mcf_Applicant.jpeg
unitdepankanan-mcf;2025052822025160134866_unitdepankanan-mcf_Applicant.jpeg
unitdepankiri-mcf;2025052822025160134866_unitdepankiri-mcf_Applicant.jpeg
pasanganttdcmo-mcf;2025052822025160134866_pasanganttdcmo-mcf_Applicant.jpeg
nasabahttdcmo-mcf;2025052822025160134866_nasabahttdcmo-mcf_Applicant.jpeg
nomorrumah-mcf;2025052822024242717105_nomorrumah-mcf_Applicant.jpeg
rumahjalan-mcf;2025052822024242717105_rumahjalan-mcf_Applicant.jpeg
rangkanomesin-mcf;2025052822025160134866_rangkanomesin-mcf_Applicant.jpeg
tempatusahadepan-mcf;2025052822024242717105_tempatusahadepan-mcf_Applicant.jpeg
pasanganttdcmo-mcf;2025052822024242717105_pasanganttdcmo-mcf_Applicant.jpeg
nasabahttdcmo-mcf;2025052822024242717105_nasabahttdcmo-mcf_Applicant.jpeg
rangkanomesin-mcf;2025052822025042053799_rangkanomesin-mcf_Applicant.jpeg
rumahjalan-mcf;2025052822021341163546_rumahjalan-mcf_Applicant.jpeg
pasanganttdcmo-mcf;2025052822025042053799_pasanganttdcmo-mcf_Applicant.jpeg
nasabahttdcmo-mcf;2025052822025042053799_nasabahttdcmo-mcf_Applicant.jpeg
salaryslip-mcf;2025052822025160134866_salaryslip-mcf_Applicant.jpeg
dalamrumah-mcf;2025052822021341163546_dalamrumah-mcf_Applicant.jpeg
tempatusahadepan-mcf;2025052822021341163546_tempatusahadepan-mcf_Applicant.jpeg
pricelist-mcf;2025052822021341163546_pricelist-mcf_Applicant.jpeg
allobank-mcf;2025052822025160134866_allobank-mcf_Applicant.jpeg
halamandepanbukutabungan-mcf;2025052822025160134866_halamandepanbukutabungan-mcf_Applicant.jpeg
pasanganttdcmo-mcf;2025052822021341163546_pasanganttdcmo-mcf_Applicant.jpeg
nasabahttdcmo-mcf;2025052822021341163546_nasabahttdcmo-mcf_Applicant.jpeg
pbbrekening-mcf;2025052822024242717105_pbbrekening-mcf_Applicant.jpeg
kksuratnikah-mcf;2025052822024242717105_kksuratnikah-mcf_Applicant.jpeg
pbbrekening-mcf;2025053022022529633387_pbbrekening-mcf_Applicant.jpeg
kksuratnikah-mcf;2025053022022529633387_kksuratnikah-mcf_Applicant.jpeg
salaryslip-mcf;2025053022022529633387_salaryslip-mcf_Applicant.jpeg
nomorrumah-mcf;2025053022022543793091_nomorrumah-mcf_Applicant.jpeg
allobank-mcf;2025053022022529633387_allobank-mcf_Applicant.jpeg
rumahjalan-mcf;2025053022022543793091_rumahjalan-mcf_Applicant.jpeg
halamandepanbukutabungan-mcf;2025053022022529633387_halamandepanbukutabungan-mcf_Applicant.jpeg
dalamrumah-mcf;2025053022022543793091_dalamrumah-mcf_Applicant.jpeg
nomorrumah-mcf;2025053022022529633387_nomorrumah-mcf_Applicant.jpeg
pasanganttdcmo-mcf;2025053022022543793091_pasanganttdcmo-mcf_Applicant.jpeg
rumahjalan-mcf;2025053022022529633387_rumahjalan-mcf_Applicant.jpeg
nasabahttdcmo-mcf;2025053022022543793091_nasabahttdcmo-mcf_Applicant.jpeg
nomorrumah-mcf;2025052922025007552597_nomorrumah-mcf_Applicant.jpeg
rumahjalan-mcf;2025052922025007552597_rumahjalan-mcf_Applicant.jpeg
dalamrumah-mcf;2025053022022529633387_dalamrumah-mcf_Applicant.jpeg
pasanganttdcmo-mcf;2025053022025144351617_pasanganttdcmo-mcf_Applicant.jpeg
pbbrekening-mcf;2025053022025012681118_pbbrekening-mcf_Applicant.jpeg
salaryslip-mcf;2025053022022543793091_salaryslip-mcf_Applicant.jpeg
perizinanusaha-mcf;2025053022024212036646_perizinanusaha-mcf_Applicant.jpeg
unitdepankiri-mcf;2025053022022612728758_unitdepankiri-mcf_Applicant.jpeg
kksuratnikah-mcf;2025053022025012681118_kksuratnikah-mcf_Applicant.jpeg
allobank-mcf;2025053022022543793091_allobank-mcf_Applicant.jpeg
halamandepanbukutabungan-mcf;2025053022022543793091_halamandepanbukutabungan-mcf_Applicant.jpeg
salaryslip-mcf;2025053022025012681118_salaryslip-mcf_Applicant.jpeg
nomorrumah-mcf;2025053022024212036646_nomorrumah-mcf_Applicant.jpeg
rangkanomesin-mcf;2025053022022612728758_rangkanomesin-mcf_Applicant.jpeg
allobank-mcf;2025053022025012681118_allobank-mcf_Applicant.jpeg
rumahjalan-mcf;2025053022024212036646_rumahjalan-mcf_Applicant.jpeg
pasanganttdcmo-mcf;2025053022025103831432_pasanganttdcmo-mcf_Applicant.jpeg
pricelist-mcf;2025053022025103831432_pricelist-mcf_Applicant.jpeg
halamandepanbukutabungan-mcf;2025053022025012681118_halamandepanbukutabungan-mcf_Applicant.jpeg
nomorrumah-mcf;2025053022011252490708_nomorrumah-mcf_Applicant.jpeg
pasanganttdcmo-mcf;2025053022025160166015_pasanganttdcmo-mcf_Applicant.jpeg
nasabahttdcmo-mcf;2025053022025160166015_nasabahttdcmo-mcf_Applicant.jpeg
rumahjalan-mcf;2025053022011252490708_rumahjalan-mcf_Applicant.jpeg
rangkanomesin-mcf;2025053022025160166015_rangkanomesin-mcf_Applicant.jpeg
bpkbdepan-mcf;2025053022025160166015_bpkbdepan-mcf_Applicant.jpeg
bpkbbelakang-mcf;2025053022025160166015_bpkbbelakang-mcf_Applicant.jpeg
dalamrumah-mcf;2025053022011252490708_dalamrumah-mcf_Applicant.jpeg
stnkpajak-mcf;2025053022025160166015_stnkpajak-mcf_Applicant.jpeg
tempatusahadepan-mcf;2025053022022543793091_tempatusahadepan-mcf_Applicant.jpeg
buktikepemilikanusaha-mcf;2025053022024121939375_buktikepemilikanusaha-mcf_Applicant.jpeg
tempatusahadepan-mcf;2025053022011252490708_tempatusahadepan-mcf_Applicant.jpeg
pricelist-mcf;2025053022011252490708_pricelist-mcf_Applicant.jpeg
kksuratnikah-mcf;2025053022024121939375_kksuratnikah-mcf_Applicant.jpeg
allobank-mcf;2025053022024121939375_allobank-mcf_Applicant.jpeg
pbbrekening-mcf;2025053022011252490708_pbbrekening-mcf_Applicant.jpeg
kksuratnikah-mcf;2025053022011252490708_kksuratnikah-mcf_Applicant.jpeg
fpkdepan-mcf;2025053022025160166015_fpkdepan-mcf_Applicant.jpeg
fpkbelakang-mcf;2025053022025160166015_fpkbelakang-mcf_Applicant.jpeg
salaryslip-mcf;2025053022025103831432_salaryslip-mcf_Applicant.jpeg
halamandepanbukutabungan-mcf;2025053022025103831432_halamandepanbukutabungan-mcf_Applicant.jpeg
rumahdepan-mcf;2025053022025160166015_rumahdepan-mcf_Applicant.jpeg
rumahjalan-mcf;2025053022025160166015_rumahjalan-mcf_Applicant.jpeg
salaryslip-mcf;2025053022011252490708_salaryslip-mcf_Applicant.jpeg
allobank-mcf;2025053022011252490708_allobank-mcf_Applicant.jpeg
dalamrumah-mcf;2025053022025160166015_dalamrumah-mcf_Applicant.jpeg
halamandepanbukutabungan-mcf;2025053022011252490708_halamandepanbukutabungan-mcf_Applicant.jpeg
fpkdepan-mcf;2025053022011252490708_fpkdepan-mcf_Applicant.jpeg
tempatusahadepan-mcf;2025053022025160166015_tempatusahadepan-mcf_Applicant.jpeg
fpkbelakang-mcf;2025053022011252490708_fpkbelakang-mcf_Applicant.jpeg
unitdepankanan-mcf;2025053022025160166015_unitdepankanan-mcf_Applicant.jpeg
unitdepankiri-mcf;2025053022025160166015_unitdepankiri-mcf_Applicant.jpeg
buktipenghasilanusaha-mcf;2025053022024121939375_buktipenghasilanusaha-mcf_Applicant.jpeg
pasanganttdcmo-mcf;2025053022011252490708_pasanganttdcmo-mcf_Applicant.jpeg
rumahdepan-mcf;2025050522024212094786_rumahdepan-mcf_Applicant.jpeg
nasabahttdcmo-mcf;2025053022011252490708_nasabahttdcmo-mcf_Applicant.jpeg
halamandepanbukutabungan-mcf;2025053022024121939375_halamandepanbukutabungan-mcf_Applicant.jpeg
nomorrumah-mcf;2025053022024121939375_nomorrumah-mcf_Applicant.jpeg
rumahjalan-mcf;2025053022024121939375_rumahjalan-mcf_Applicant.jpeg
fpkbelakang-mcf;2025053022024121939375_fpkbelakang-mcf_Applicant.jpeg
fpkdepan-mcf;2025053022024121939375_fpkdepan-mcf_Applicant.jpeg
dalamrumah-mcf;2025053022024121939375_dalamrumah-mcf_Applicant.jpeg
tempatusahadepan-mcf;2025053022024121939375_tempatusahadepan-mcf_Applicant.jpeg
pricelist-mcf;2025053022024121939375_pricelist-mcf_Applicant.jpeg
pasanganttdcmo-mcf;2025053022024121939375_pasanganttdcmo-mcf_Applicant.jpeg
nasabahttdcmo-mcf;2025053022024121939375_nasabahttdcmo-mcf_Applicant.jpeg
perizinanusaha-mcf;2025053022024121939375_perizinanusaha-mcf_Applicant.jpeg
pbbrekening-mcf;2025053022025156553746_pbbrekening-mcf_Applicant.jpeg
kksuratnikah-mcf;2025053022025156553746_kksuratnikah-mcf_Applicant.jpeg
salaryslip-mcf;2025053022025156553746_salaryslip-mcf_Applicant.jpeg
allobank-mcf;2025053022025156553746_allobank-mcf_Applicant.jpeg
halamandepanbukutabungan-mcf;2025053022025156553746_halamandepanbukutabungan-mcf_Applicant.jpeg
fpkdepan-mcf;2025053022025156553746_fpkdepan-mcf_Applicant.jpeg
fpkbelakang-mcf;2025053022025156553746_fpkbelakang-mcf_Applicant.jpeg
nomorrumah-mcf;2025053022025156553746_nomorrumah-mcf_Applicant.jpeg
rumahjalan-mcf;2025053022025156553746_rumahjalan-mcf_Applicant.jpeg
pbbrekening-mcf;2025053022025059738143_pbbrekening-mcf_Applicant.jpeg
dalamrumah-mcf;2025053022025156553746_dalamrumah-mcf_Applicant.jpeg
tempatusahadepan-mcf;2025053022025156553746_tempatusahadepan-mcf_Applicant.jpeg
bpkbdepan-mcf;2025053022025156553746_bpkbdepan-mcf_Applicant.jpeg
bpkbbelakang-mcf;2025053022025156553746_bpkbbelakang-mcf_Applicant.jpeg
salaryslip-mcf;2025053022025059738143_salaryslip-mcf_Applicant.jpeg
stnkpajak-mcf;2025053022025156553746_stnkpajak-mcf_Applicant.jpeg
allobank-mcf;2025053022025059738143_allobank-mcf_Applicant.jpeg
halamandepanbukutabungan-mcf;2025053022025059738143_halamandepanbukutabungan-mcf_Applicant.jpeg
unitdepankanan-mcf;2025053022025156553746_unitdepankanan-mcf_Applicant.jpeg
unitdepankiri-mcf;2025053022025156553746_unitdepankiri-mcf_Applicant.jpeg
kksuratnikah-mcf;2025053022025059738143_kksuratnikah-mcf_Applicant.jpeg
rangkanomesin-mcf;2025053022025156553746_rangkanomesin-mcf_Applicant.jpeg
fpkbelakang-mcf;2025053022025059738143_fpkbelakang-mcf_Applicant.jpeg
fpkdepan-mcf;2025053022025059738143_fpkdepan-mcf_Applicant.jpeg
nomorrumah-mcf;2025053022025059738143_nomorrumah-mcf_Applicant.jpeg
pasanganttdcmo-mcf;2025053022025156553746_pasanganttdcmo-mcf_Applicant.jpeg
nasabahttdcmo-mcf;2025053022025156553746_nasabahttdcmo-mcf_Applicant.jpeg
rumahjalan-mcf;2025053022025059738143_rumahjalan-mcf_Applicant.jpeg
dalamrumah-mcf;2025053022025059738143_dalamrumah-mcf_Applicant.jpeg
pbbrekening-mcf;2025053022022055579442_pbbrekening-mcf_Applicant.jpeg
kksuratnikah-mcf;2025053022022055579442_kksuratnikah-mcf_Applicant.jpeg
tempatusahadepan-mcf;2025053022025059738143_tempatusahadepan-mcf_Applicant.jpeg
salaryslip-mcf;2025053022022055579442_salaryslip-mcf_Applicant.jpeg
pricelist-mcf;2025053022025059738143_pricelist-mcf_Applicant.jpeg
allobank-mcf;2025053022022055579442_allobank-mcf_Applicant.jpeg
pasanganttdcmo-mcf;2025053022025059738143_pasanganttdcmo-mcf_Applicant.jpeg
pbbrekening-mcf;2025053022025093073571_pbbrekening-mcf_Applicant.jpeg
nasabahttdcmo-mcf;2025053022025059738143_nasabahttdcmo-mcf_Applicant.jpeg
halamandepanbukutabungan-mcf;2025053022022055579442_halamandepanbukutabungan-mcf_Applicant.jpeg
kksuratnikah-mcf;2025053022025093073571_kksuratnikah-mcf_Applicant.jpeg
fpkdepan-mcf;2025053022022055579442_fpkdepan-mcf_Applicant.jpeg
fpkbelakang-mcf;2025053022022055579442_fpkbelakang-mcf_Applicant.jpeg
allobank-mcf;2025053022024391233932_allobank-mcf_Applicant.jpeg
fpkdepan-mcf;2025053022024391233932_fpkdepan-mcf_Applicant.jpeg
dalamrumah-mcf;2025053022024219035368_dalamrumah-mcf_Applicant.jpeg
pricelist-mcf;2025053022024219035368_pricelist-mcf_Applicant.jpeg
fpkbelakang-mcf;2025053022024391233932_fpkbelakang-mcf_Applicant.jpeg
bpkbbelakang-mcf;2025053022022055579442_bpkbbelakang-mcf_Applicant.jpeg
tempatusahadepan-mcf;2025053022024219035368_tempatusahadepan-mcf_Applicant.jpeg
stnkpajak-mcf;2025053022022055579442_stnkpajak-mcf_Applicant.jpeg
pasanganttdcmo-mcf;2025053022024219035368_pasanganttdcmo-mcf_Applicant.jpeg
perizinanusaha-mcf;2025053022024219035368_perizinanusaha-mcf_Applicant.jpeg
nasabahttdcmo-mcf;2025053022024219035368_nasabahttdcmo-mcf_Applicant.jpeg
unitdepankanan-mcf;2025053022022055579442_unitdepankanan-mcf_Applicant.jpeg
nomorrumah-mcf;2025053022024391233932_nomorrumah-mcf_Applicant.jpeg
unitdepankiri-mcf;2025053022022055579442_unitdepankiri-mcf_Applicant.jpeg
fpkdepan-mcf;2025052822023277485173_fpkdepan-mcf_Applicant.jpeg
stnkpajak-mcf;2025052722024305867458_stnkpajak-mcf_Applicant.jpeg
pbbrekening-mcf;2025052822023277485173_pbbrekening-mcf_Applicant.jpeg
unitdepankanan-mcf;2025052722024305867458_unitdepankanan-mcf_Applicant.jpeg
unitdepankiri-mcf;2025052722024305867458_unitdepankiri-mcf_Applicant.jpeg
rangkanomesin-mcf;2025052722024305867458_rangkanomesin-mcf_Applicant.jpeg
buktikepemilikanusaha-mcf;2025052822025062646861_buktikepemilikanusaha-mcf_Applicant.jpeg
buktipenghasilanusaha-mcf;2025052822025062646861_buktipenghasilanusaha-mcf_Applicant.jpeg
kksuratnikah-mcf;2025052822025062646861_kksuratnikah-mcf_Applicant.jpeg
halamandepanbukutabungan-mcf;2025052822025062646861_halamandepanbukutabungan-mcf_Applicant.jpeg
fpkdepan-mcf;2025052822025062646861_fpkdepan-mcf_Applicant.jpeg
allobank-mcf;2025052822025062646861_allobank-mcf_Applicant.jpeg
fpkbelakang-mcf;2025052822025062646861_fpkbelakang-mcf_Applicant.jpeg
nomorrumah-mcf;2025052822025062646861_nomorrumah-mcf_Applicant.jpeg
dalamrumah-mcf;2025052822025062646861_dalamrumah-mcf_Applicant.jpeg
pricelist-mcf;2025052822025062646861_pricelist-mcf_Applicant.jpeg
nasabahttdcmo-mcf;2025052822024251069048_nasabahttdcmo-mcf_Applicant.jpeg
perizinanusaha-mcf;2025052822024251069048_perizinanusaha-mcf_Applicant.jpeg
pasanganttdcmo-mcf;2025052822023277485173_pasanganttdcmo-mcf_Applicant.jpeg
nasabahttdcmo-mcf;2025052822023277485173_nasabahttdcmo-mcf_Applicant.jpeg
dalamrumah-mcf;2025052822023277485173_dalamrumah-mcf_Applicant.jpeg
rumahdepan-mcf;2025052822023277485173_rumahdepan-mcf_Applicant.jpeg
rumahjalan-mcf;2025052822023277485173_rumahjalan-mcf_Applicant.jpeg
bpkbdepan-mcf;2025052722024305867458_bpkbdepan-mcf_Applicant.jpeg
halamandepanbukutabungan-mcf;2025052822023277485173_halamandepanbukutabungan-mcf_Applicant.jpeg
allobank-mcf;2025052822023277485173_allobank-mcf_Applicant.jpeg
salaryslip-mcf;2025052822023277485173_salaryslip-mcf_Applicant.jpeg
bpkbbelakang-mcf;2025052722024305867458_bpkbbelakang-mcf_Applicant.jpeg
fpkbelakang-mcf;2025052822023277485173_fpkbelakang-mcf_Applicant.jpeg
kksuratnikah-mcf;2025052822023277485173_kksuratnikah-mcf_Applicant.jpeg
tempatusahadepan-mcf;2025052822022055561055_tempatusahadepan-mcf_Applicant.jpeg
bpkbdepan-mcf;2025052822022055561055_bpkbdepan-mcf_Applicant.jpeg
bpkbbelakang-mcf;2025052822022055561055_bpkbbelakang-mcf_Applicant.jpeg
stnkpajak-mcf;2025052822022055561055_stnkpajak-mcf_Applicant.jpeg
unitdepankanan-mcf;2025052822022055561055_unitdepankanan-mcf_Applicant.jpeg
unitdepankiri-mcf;2025052822022055561055_unitdepankiri-mcf_Applicant.jpeg
rangkanomesin-mcf;2025052822022055561055_rangkanomesin-mcf_Applicant.jpeg
buktikepemilikanusaha-mcf;2025052822024569452264_buktikepemilikanusaha-mcf_Applicant.jpeg
kksuratnikah-mcf;2025052822024569452264_kksuratnikah-mcf_Applicant.jpeg
buktikepemilikanusaha-mcf;2025052822023598360937_buktikepemilikanusaha-mcf_Applicant.jpeg
kksuratnikah-mcf;2025052822023598360937_kksuratnikah-mcf_Applicant.jpeg
buktipenghasilanusaha-mcf;2025052822023598360937_buktipenghasilanusaha-mcf_Applicant.jpeg
allobank-mcf;2025052822023598360937_allobank-mcf_Applicant.jpeg
tempatusahadepan-mcf;2025052822024219056026_tempatusahadepan-mcf_Applicant.jpeg
pasanganttdcmo-mcf;2025052822024219056026_pasanganttdcmo-mcf_Applicant.jpeg
nomorrumah-mcf;2025052822023598360937_nomorrumah-mcf_Applicant.jpeg
rumahjalan-mcf;2025052822023598360937_rumahjalan-mcf_Applicant.jpeg
perizinanusaha-mcf;2025052822024219056026_perizinanusaha-mcf_Applicant.jpeg
nasabahttdcmo-mcf;2025052822024219056026_nasabahttdcmo-mcf_Applicant.jpeg
dalamrumah-mcf;2025052822023598360937_dalamrumah-mcf_Applicant.jpeg
halamandepanbukutabungan-mcf;2025052822024569452264_halamandepanbukutabungan-mcf_Applicant.jpeg
tempatusahadepan-mcf;2025052822023598360937_tempatusahadepan-mcf_Applicant.jpeg
pricelist-mcf;2025052822023598360937_pricelist-mcf_Applicant.jpeg
pasanganttdcmo-mcf;2025052822023598360937_pasanganttdcmo-mcf_Applicant.jpeg
nasabahttdcmo-mcf;2025052822023598360937_nasabahttdcmo-mcf_Applicant.jpeg
perizinanusaha-mcf;2025052822023598360937_perizinanusaha-mcf_Applicant.jpeg
pbbrekening-mcf;2025052822024242738356_pbbrekening-mcf_Applicant.jpeg
salaryslip-mcf;2025052822024242738356_salaryslip-mcf_Applicant.jpeg
allobank-mcf;2025052822024242738356_allobank-mcf_Applicant.jpeg
halamandepanbukutabungan-mcf;2025052822024242738356_halamandepanbukutabungan-mcf_Applicant.jpeg
nomorrumah-mcf;2025052822024242738356_nomorrumah-mcf_Applicant.jpeg
kksuratnikah-mcf;2025052822024242738356_kksuratnikah-mcf_Applicant.jpeg
rumahjalan-mcf;2025052822024242738356_rumahjalan-mcf_Applicant.jpeg
fpkbelakang-mcf;2025052822024242738356_fpkbelakang-mcf_Applicant.jpeg
dalamrumah-mcf;2025052822024242738356_dalamrumah-mcf_Applicant.jpeg
fpkdepan-mcf;2025052822024242738356_fpkdepan-mcf_Applicant.jpeg
tempatusahadepan-mcf;2025052822024242738356_tempatusahadepan-mcf_Applicant.jpeg
pricelist-mcf;2025052822024242738356_pricelist-mcf_Applicant.jpeg
pasanganttdcmo-mcf;2025052822024242738356_pasanganttdcmo-mcf_Applicant.jpeg
halamandepanbukutabungan-mcf;2025052822023598360937_halamandepanbukutabungan-mcf_Applicant.jpeg
fpkdepan-mcf;2025052822023598360937_fpkdepan-mcf_Applicant.jpeg
fpkbelakang-mcf;2025052822023598360937_fpkbelakang-mcf_Applicant.jpeg
buktipenghasilanusaha-mcf;2025052822024569452264_buktipenghasilanusaha-mcf_Applicant.jpeg
pasanganttdcmo-mcf;2025052822022055561055_pasanganttdcmo-mcf_Applicant.jpeg
buktikepemilikanusaha-mcf;2025052822024219056026_buktikepemilikanusaha-mcf_Applicant.jpeg
kksuratnikah-mcf;2025052822024219056026_kksuratnikah-mcf_Applicant.jpeg
nasabahttdcmo-mcf;2025052822022055561055_nasabahttdcmo-mcf_Applicant.jpeg
buktipenghasilanusaha-mcf;2025052822024219056026_buktipenghasilanusaha-mcf_Applicant.jpeg
allobank-mcf;2025052822024219056026_allobank-mcf_Applicant.jpeg
halamandepanbukutabungan-mcf;2025052822024219056026_halamandepanbukutabungan-mcf_Applicant.jpeg
fpkdepan-mcf;2025052822024219056026_fpkdepan-mcf_Applicant.jpeg
fpkbelakang-mcf;2025052822024219056026_fpkbelakang-mcf_Applicant.jpeg
rumahjalan-mcf;2025052822024219056026_rumahjalan-mcf_Applicant.jpeg
nomorrumah-mcf;2025052822024219056026_nomorrumah-mcf_Applicant.jpeg
dalamrumah-mcf;2025052822024219056026_dalamrumah-mcf_Applicant.jpeg
pricelist-mcf;2025052822024219056026_pricelist-mcf_Applicant.jpeg
nasabahttdcmo-mcf;2025052822024242738356_nasabahttdcmo-mcf_Applicant.jpeg
pbbrekening-mcf;2025052822023233564912_pbbrekening-mcf_Applicant.jpeg
kksuratnikah-mcf;2025052822023233564912_kksuratnikah-mcf_Applicant.jpeg
salaryslip-mcf;2025052822023233564912_salaryslip-mcf_Applicant.jpeg
allobank-mcf;2025052822023233564912_allobank-mcf_Applicant.jpeg
allobank-mcf;2025052822024569452264_allobank-mcf_Applicant.jpeg
halamandepanbukutabungan-mcf;2025052822023233564912_halamandepanbukutabungan-mcf_Applicant.jpeg
fpkdepan-mcf;2025052822024569452264_fpkdepan-mcf_Applicant.jpeg
fpkbelakang-mcf;2025052822024569452264_fpkbelakang-mcf_Applicant.jpeg
fpkdepan-mcf;2025052822023233564912_fpkdepan-mcf_Applicant.jpeg
fpkbelakang-mcf;2025052822023233564912_fpkbelakang-mcf_Applicant.jpeg
nomorrumah-mcf;2025052822024569452264_nomorrumah-mcf_Applicant.jpeg
rumahjalan-mcf;2025052822024569452264_rumahjalan-mcf_Applicant.jpeg
pbbrekening-mcf;2025052822025062646007_pbbrekening-mcf_Applicant.png
salaryslip-mcf;2025052822025062646007_salaryslip-mcf_Applicant.png
allobank-mcf;2025052822025062646007_allobank-mcf_Applicant.jpeg
kksuratnikah-mcf;2025052822025062646007_kksuratnikah-mcf_Applicant.jpeg
fpkdepan-mcf;2025052822025062646007_fpkdepan-mcf_Applicant.jpeg
fpkbelakang-mcf;2025052822025062646007_fpkbelakang-mcf_Applicant.jpeg
pasanganttdcmo-mcf;2025052822024569452264_pasanganttdcmo-mcf_Applicant.jpeg
nasabahttdcmo-mcf;2025052822024569452264_nasabahttdcmo-mcf_Applicant.jpeg
perizinanusaha-mcf;2025052822024569452264_perizinanusaha-mcf_Applicant.jpeg
fpkdepan-mcf;2025052822023598548352_fpkdepan-mcf_Applicant.jpeg
halamandepanbukutabungan-mcf;2025052822023598548352_halamandepanbukutabungan-mcf_Applicant.jpeg
allobank-mcf;2025052822023598548352_allobank-mcf_Applicant.jpeg
pbbrekening-mcf;2025052822022055595569_pbbrekening-mcf_Applicant.jpeg
kksuratnikah-mcf;2025052822022055595569_kksuratnikah-mcf_Applicant.jpeg
fpkbelakang-mcf;2025052822023598548352_fpkbelakang-mcf_Applicant.jpeg
salaryslip-mcf;2025052822022055595569_salaryslip-mcf_Applicant.jpeg
allobank-mcf;2025052822022055595569_allobank-mcf_Applicant.jpeg
halamandepanbukutabungan-mcf;2025052822022055595569_halamandepanbukutabungan-mcf_Applicant.jpeg
fpkdepan-mcf;2025052822022055595569_fpkdepan-mcf_Applicant.jpeg
fpkbelakang-mcf;2025052822022055595569_fpkbelakang-mcf_Applicant.jpeg
nomorrumah-mcf;2025052822022055595569_nomorrumah-mcf_Applicant.jpeg
rumahjalan-mcf;2025052822022055595569_rumahjalan-mcf_Applicant.jpeg
dalamrumah-mcf;2025052822022055595569_dalamrumah-mcf_Applicant.jpeg
buktikepemilikanusaha-mcf;2025052822023598548352_buktikepemilikanusaha-mcf_Applicant.jpeg
halamandepanbukutabungan-mcf;2025052822025062646007_halamandepanbukutabungan-mcf_Applicant.jpeg
kksuratnikah-mcf;2025052822023598548352_kksuratnikah-mcf_Applicant.jpeg
pricelist-mcf;2025052822025062646007_pricelist-mcf_Applicant.jpeg
dalamrumah-mcf;2025052822025062646007_dalamrumah-mcf_Applicant.jpeg
dalamrumah-mcf;2025052822024569452264_dalamrumah-mcf_Applicant.jpeg
tempatusahadepan-mcf;2025052822024569452264_tempatusahadepan-mcf_Applicant.jpeg
buktipenghasilanusaha-mcf;2025052822023598548352_buktipenghasilanusaha-mcf_Applicant.jpeg
pasanganttdcmo-mcf;2025052822025062646007_pasanganttdcmo-mcf_Applicant.jpeg
nasabahttdcmo-mcf;2025052822025062646007_nasabahttdcmo-mcf_Applicant.jpeg
rumahjalan-mcf;2025052822023233564912_rumahjalan-mcf_Applicant.jpeg
tempatusahadepan-mcf;2025052822025062646007_tempatusahadepan-mcf_Applicant.jpeg
pricelist-mcf;2025052822024569452264_pricelist-mcf_Applicant.jpeg
nomorrumah-mcf;2025052822025062646007_nomorrumah-mcf_Applicant.jpeg
rumahjalan-mcf;2025052822025062646007_rumahjalan-mcf_Applicant.jpeg
allobank-mcf;2025052822025164335053_allobank-mcf_Applicant.jpeg
halamandepanbukutabungan-mcf;2025052822025164335053_halamandepanbukutabungan-mcf_Applicant.jpeg
unitdepankiri-mcf;2025052822023598548352_unitdepankiri-mcf_Applicant.jpeg
unitdepankanan-mcf;2025052822023598548352_unitdepankanan-mcf_Applicant.jpeg
fpkdepan-mcf;2025052822025164335053_fpkdepan-mcf_Applicant.jpeg
pasanganttdcmo-mcf;2025052822023598548352_pasanganttdcmo-mcf_Applicant.jpeg
fpkbelakang-mcf;2025052822025164335053_fpkbelakang-mcf_Applicant.jpeg
stnkpajak-mcf;2025052822023598548352_stnkpajak-mcf_Applicant.jpeg
bpkbbelakang-mcf;2025052822023598548352_bpkbbelakang-mcf_Applicant.jpeg
nomorrumah-mcf;2025052822025164335053_nomorrumah-mcf_Applicant.jpeg
bpkbdepan-mcf;2025052822023598548352_bpkbdepan-mcf_Applicant.jpeg
rumahjalan-mcf;2025052822025164335053_rumahjalan-mcf_Applicant.jpeg
dalamrumah-mcf;2025052822025164335053_dalamrumah-mcf_Applicant.jpeg
dalamrumah-mcf;2025052822023598548352_dalamrumah-mcf_Applicant.jpeg
fpkbelakang-mcf;2025052622023341340395_fpkbelakang-mcf_Applicant.jpeg
pbbrekening-mcf;2025052822024242747522_pbbrekening-mcf_Applicant.jpeg
kksuratnikah-mcf;2025052822024242747522_kksuratnikah-mcf_Applicant.jpeg
salaryslip-mcf;2025052822024242747522_salaryslip-mcf_Applicant.jpeg
nomorrumah-mcf;2025052622023341340395_nomorrumah-mcf_Applicant.jpeg
allobank-mcf;2025052822024242747522_allobank-mcf_Applicant.jpeg
rumahjalan-mcf;2025052622023341340395_rumahjalan-mcf_Applicant.jpeg
halamandepanbukutabungan-mcf;2025052822024242747522_halamandepanbukutabungan-mcf_Applicant.jpeg
buktikepemilikanusaha-mcf;2025052822025126261482_buktikepemilikanusaha-mcf_Applicant.jpeg
dalamrumah-mcf;2025052622023341340395_dalamrumah-mcf_Applicant.jpeg
nomorrumah-mcf;2025052822024242747522_nomorrumah-mcf_Applicant.jpeg
rumahjalan-mcf;2025052822024242747522_rumahjalan-mcf_Applicant.jpeg
pbbrekening-mcf;2025052822023508732838_pbbrekening-mcf_Applicant.jpeg
kksuratnikah-mcf;2025052822025126261482_kksuratnikah-mcf_Applicant.jpeg
dalamrumah-mcf;2025052822024242747522_dalamrumah-mcf_Applicant.jpeg
tempatusahadepan-mcf;2025052822024242747522_tempatusahadepan-mcf_Applicant.jpeg
kksuratnikah-mcf;2025052822023508732838_kksuratnikah-mcf_Applicant.jpeg
tempatusahadepan-mcf;2025052822023598548352_tempatusahadepan-mcf_Applicant.jpeg
tempatusahadepan-mcf;2025052822025164335053_tempatusahadepan-mcf_Applicant.jpeg
nomorrumah-mcf;2025052822023598548352_nomorrumah-mcf_Applicant.jpeg
pasanganttdcmo-mcf;2025052822025164335053_pasanganttdcmo-mcf_Applicant.jpeg
pricelist-mcf;2025052822025164335053_pricelist-mcf_Applicant.jpeg
rumahjalan-mcf;2025052822023598548352_rumahjalan-mcf_Applicant.jpeg
nasabahttdcmo-mcf;2025052822025164335053_nasabahttdcmo-mcf_Applicant.jpeg
buktikepemilikanusaha-mcf;2025052622023341340395_buktikepemilikanusaha-mcf_Applicant.jpeg
buktikepemilikanusaha-mcf;2025052822011252460140_buktikepemilikanusaha-mcf_Applicant.jpeg
buktipenghasilanusaha-mcf;2025052822011252460140_buktipenghasilanusaha-mcf_Applicant.jpeg
kksuratnikah-mcf;2025052622023341340395_kksuratnikah-mcf_Applicant.jpeg
buktipenghasilanusaha-mcf;2025052622023341340395_buktipenghasilanusaha-mcf_Applicant.jpeg
allobank-mcf;2025052622023341340395_allobank-mcf_Applicant.jpeg
perizinanusaha-mcf;2025052822011252460140_perizinanusaha-mcf_Applicant.jpeg
halamandepanbukutabungan-mcf;2025052622023341340395_halamandepanbukutabungan-mcf_Applicant.jpeg
fpkdepan-mcf;2025052622023341340395_fpkdepan-mcf_Applicant.jpeg
rumahdepan-mcf;2025052822023508732838_rumahdepan-mcf_Applicant.jpeg
perizinanusaha-mcf;2025052822025126261482_perizinanusaha-mcf_Applicant.jpeg
rumahjalan-mcf;2025052822023508732838_rumahjalan-mcf_Applicant.jpeg
dalamrumah-mcf;2025052822023508732838_dalamrumah-mcf_Applicant.jpeg
tempatusahadepan-mcf;2025052822023508732838_tempatusahadepan-mcf_Applicant.jpeg
bpkbdepan-mcf;2025052822023508732838_bpkbdepan-mcf_Applicant.jpeg
bpkbbelakang-mcf;2025052822023508732838_bpkbbelakang-mcf_Applicant.jpeg
stnkpajak-mcf;2025052822023508732838_stnkpajak-mcf_Applicant.jpeg
unitdepankanan-mcf;2025052822023508732838_unitdepankanan-mcf_Applicant.jpeg
unitdepankiri-mcf;2025052822023508732838_unitdepankiri-mcf_Applicant.jpeg
rangkanomesin-mcf;2025052822023508732838_rangkanomesin-mcf_Applicant.jpeg
pasanganttdcmo-mcf;2025052822023508732838_pasanganttdcmo-mcf_Applicant.jpeg
nasabahttdcmo-mcf;2025052822023508732838_nasabahttdcmo-mcf_Applicant.jpeg
pricelist-mcf;2025052822024242747522_pricelist-mcf_Applicant.jpeg
tempatusahadepan-mcf;2025052622023341340395_tempatusahadepan-mcf_Applicant.jpeg
salaryslip-mcf;2025052822023508732838_salaryslip-mcf_Applicant.jpeg
pasanganttdcmo-mcf;2025052822024242747522_pasanganttdcmo-mcf_Applicant.jpeg
fpkbelakang-mcf;2025052822024242747522_fpkbelakang-mcf_Applicant.jpeg
nasabahttdcmo-mcf;2025052822024242747522_nasabahttdcmo-mcf_Applicant.jpeg
fpkdepan-mcf;2025052822024242747522_fpkdepan-mcf_Applicant.jpeg
allobank-mcf;2025052822023508732838_allobank-mcf_Applicant.jpeg
pricelist-mcf;2025052622023341340395_pricelist-mcf_Applicant.jpeg
halamandepanbukutabungan-mcf;2025052822023508732838_halamandepanbukutabungan-mcf_Applicant.jpeg
pasanganttdcmo-mcf;2025052622023341340395_pasanganttdcmo-mcf_Applicant.jpeg
fpkdepan-mcf;2025052822023508732838_fpkdepan-mcf_Applicant.jpeg
nasabahttdcmo-mcf;2025052622023341340395_nasabahttdcmo-mcf_Applicant.jpeg
fpkbelakang-mcf;2025052822023508732838_fpkbelakang-mcf_Applicant.jpeg
perizinanusaha-mcf;2025052622023341340395_perizinanusaha-mcf_Applicant.jpeg
buktipenghasilanusaha-mcf;2025052822025126261482_buktipenghasilanusaha-mcf_Applicant.jpeg
allobank-mcf;2025052822025126261482_allobank-mcf_Applicant.jpeg
halamandepanbukutabungan-mcf;2025052822025126261482_halamandepanbukutabungan-mcf_Applicant.jpeg
salaryslip-mcf;2025052822024209254649_salaryslip-mcf_Applicant.jpeg
allobank-mcf;2025052822024209254649_allobank-mcf_Applicant.jpeg
halamandepanbukutabungan-mcf;2025052822024209254649_halamandepanbukutabungan-mcf_Applicant.jpeg
pbbrekening-mcf;2025052822024209254649_pbbrekening-mcf_Applicant.jpeg
kksuratnikah-mcf;2025052822024209254649_kksuratnikah-mcf_Applicant.jpeg
fpkdepan-mcf;2025052822024209254649_fpkdepan-mcf_Applicant.jpeg
fpkbelakang-mcf;2025052822024209254649_fpkbelakang-mcf_Applicant.jpeg
nomorrumah-mcf;2025052822024209254649_nomorrumah-mcf_Applicant.jpeg
rumahjalan-mcf;2025052822024209254649_rumahjalan-mcf_Applicant.jpeg
dalamrumah-mcf;2025052822024209254649_dalamrumah-mcf_Applicant.jpeg
tempatusahadepan-mcf;2025052822024209254649_tempatusahadepan-mcf_Applicant.jpeg
pricelist-mcf;2025052822024209254649_pricelist-mcf_Applicant.jpeg
pasanganttdcmo-mcf;2025052822024209254649_pasanganttdcmo-mcf_Applicant.jpeg
nasabahttdcmo-mcf;2025052822024209254649_nasabahttdcmo-mcf_Applicant.jpeg
pbbrekening-mcf;2025052822023341345552_pbbrekening-mcf_Applicant.jpeg
kksuratnikah-mcf;2025052822023341345552_kksuratnikah-mcf_Applicant.jpeg
salaryslip-mcf;2025052822023341345552_salaryslip-mcf_Applicant.jpeg
allobank-mcf;2025052822023341345552_allobank-mcf_Applicant.jpeg
halamandepanbukutabungan-mcf;2025052822023341345552_halamandepanbukutabungan-mcf_Applicant.jpeg
pbbrekening-mcf;2025052822023544355029_pbbrekening-mcf_Applicant.jpeg
kksuratnikah-mcf;2025052822023544355029_kksuratnikah-mcf_Applicant.jpeg
fpkdepan-mcf;2025052822023341345552_fpkdepan-mcf_Applicant.jpeg
halamandepanbukutabungan-mcf;2025052822023544355029_halamandepanbukutabungan-mcf_Applicant.jpeg
salaryslip-mcf;2025052822023544355029_salaryslip-mcf_Applicant.jpeg
fpkbelakang-mcf;2025052822023341345552_fpkbelakang-mcf_Applicant.jpeg
nomorrumah-mcf;2025052822023341345552_nomorrumah-mcf_Applicant.jpeg
rumahjalan-mcf;2025052822023341345552_rumahjalan-mcf_Applicant.jpeg
allobank-mcf;2025052822023544355029_allobank-mcf_Applicant.jpeg
dalamrumah-mcf;2025052822023341345552_dalamrumah-mcf_Applicant.jpeg
pricelist-mcf;2025052822023233564912_pricelist-mcf_Applicant.jpeg
tempatusahadepan-mcf;2025052822023341345552_tempatusahadepan-mcf_Applicant.jpeg
pricelist-mcf;2025052822023341345552_pricelist-mcf_Applicant.jpeg
pasanganttdcmo-mcf;2025052822023341345552_pasanganttdcmo-mcf_Applicant.jpeg
nasabahttdcmo-mcf;2025052822023341345552_nasabahttdcmo-mcf_Applicant.jpeg
fpkdepan-mcf;2025052822023544355029_fpkdepan-mcf_Applicant.jpeg
fpkbelakang-mcf;2025052822023544355029_fpkbelakang-mcf_Applicant.jpeg
nomorrumah-mcf;2025052822023544355029_nomorrumah-mcf_Applicant.jpeg
pbbrekening-mcf;2025052822024004511426_pbbrekening-mcf_Applicant.jpeg
salaryslip-mcf;2025052822024004511426_salaryslip-mcf_Applicant.jpeg
kksuratnikah-mcf;2025052822024004511426_kksuratnikah-mcf_Applicant.jpeg
allobank-mcf;2025052822024004511426_allobank-mcf_Applicant.jpeg
nomorrumah-mcf;2025052822025126261482_nomorrumah-mcf_Applicant.jpeg
halamandepanbukutabungan-mcf;2025052822024004511426_halamandepanbukutabungan-mcf_Applicant.jpeg
rumahjalan-mcf;2025052822023544355029_rumahjalan-mcf_Applicant.jpeg
rumahjalan-mcf;2025052822025126261482_rumahjalan-mcf_Applicant.jpeg
pricelist-mcf;2025052822024004511426_pricelist-mcf_Applicant.jpeg
nasabahttdcmo-mcf;2025052822024004511426_nasabahttdcmo-mcf_Applicant.jpeg
pasanganttdcmo-mcf;2025052822025126261482_pasanganttdcmo-mcf_Applicant.jpeg
bpkbbelakang-mcf;2025052822023544355029_bpkbbelakang-mcf_Applicant.jpeg
tempatusahadepan-mcf;2025052822024004511426_tempatusahadepan-mcf_Applicant.jpeg
stnkpajak-mcf;2025052822023544355029_stnkpajak-mcf_Applicant.jpeg
nasabahttdcmo-mcf;2025052822025126261482_nasabahttdcmo-mcf_Applicant.jpeg
salaryslip-mcf;20250528924565571773_salaryslip-mcf_Applicant.jpeg
allobank-mcf;20250528924565571773_allobank-mcf_Applicant.jpeg
halamandepanbukutabungan-mcf;20250528924565571773_halamandepanbukutabungan-mcf_Applicant.jpeg
fpkbelakang-mcf;20250528924565571773_fpkbelakang-mcf_Applicant.jpeg
nomorrumah-mcf;20250528924565571773_nomorrumah-mcf_Applicant.jpeg
fpkdepan-mcf;20250528924565571773_fpkdepan-mcf_Applicant.jpeg
unitdepankanan-mcf;2025052822025126261482_unitdepankanan-mcf_Applicant.jpeg
unitdepankanan-mcf;2025052822023544355029_unitdepankanan-mcf_Applicant.jpeg
unitdepankiri-mcf;2025052822025126261482_unitdepankiri-mcf_Applicant.jpeg
rumahjalan-mcf;20250528924565571773_rumahjalan-mcf_Applicant.jpeg
unitdepankiri-mcf;2025052822023544355029_unitdepankiri-mcf_Applicant.jpeg
rangkanomesin-mcf;2025052822023544355029_rangkanomesin-mcf_Applicant.jpeg
rangkanomesin-mcf;2025052822025126261482_rangkanomesin-mcf_Applicant.jpeg
dalamrumah-mcf;20250528924565571773_dalamrumah-mcf_Applicant.jpeg
tempatusahadepan-mcf;20250528924565571773_tempatusahadepan-mcf_Applicant.jpeg
pricelist-mcf;20250528924565571773_pricelist-mcf_Applicant.jpeg
pasanganttdcmo-mcf;20250528924565571773_pasanganttdcmo-mcf_Applicant.jpeg
nasabahttdcmo-mcf;20250528924565571773_nasabahttdcmo-mcf_Applicant.jpeg
pasanganttdcmo-mcf;2025052822023544355029_pasanganttdcmo-mcf_Applicant.jpeg
nasabahttdcmo-mcf;2025052822023544355029_nasabahttdcmo-mcf_Applicant.jpeg
buktikepemilikanusaha-mcf;2025052822023598318552_buktikepemilikanusaha-mcf_Applicant.jpeg
kksuratnikah-mcf;2025052822023598318552_kksuratnikah-mcf_Applicant.jpeg
buktipenghasilanusaha-mcf;2025052822023598318552_buktipenghasilanusaha-mcf_Applicant.jpeg
allobank-mcf;2025052822023598318552_allobank-mcf_Applicant.jpeg
halamandepanbukutabungan-mcf;2025052822023598318552_halamandepanbukutabungan-mcf_Applicant.jpeg
fpkdepan-mcf;2025052822023598318552_fpkdepan-mcf_Applicant.jpeg
pbbrekening-mcf;2025052822024219095152_pbbrekening-mcf_Applicant.jpeg
kksuratnikah-mcf;2025052822024219095152_kksuratnikah-mcf_Applicant.jpeg
salaryslip-mcf;2025052822024219095152_salaryslip-mcf_Applicant.jpeg
allobank-mcf;2025052822024219095152_allobank-mcf_Applicant.jpeg
halamandepanbukutabungan-mcf;2025052822024219095152_halamandepanbukutabungan-mcf_Applicant.jpeg
fpkdepan-mcf;2025052822024219095152_fpkdepan-mcf_Applicant.jpeg
fpkbelakang-mcf;2025052822024219095152_fpkbelakang-mcf_Applicant.jpeg
nomorrumah-mcf;2025052822024219095152_nomorrumah-mcf_Applicant.jpeg
rumahjalan-mcf;2025052822024219095152_rumahjalan-mcf_Applicant.jpeg
dalamrumah-mcf;2025052822024219095152_dalamrumah-mcf_Applicant.jpeg
tempatusahadepan-mcf;2025052822024219095152_tempatusahadepan-mcf_Applicant.jpeg
pricelist-mcf;2025052822024219095152_pricelist-mcf_Applicant.jpeg
pasanganttdcmo-mcf;2025052822024219095152_pasanganttdcmo-mcf_Applicant.jpeg
nasabahttdcmo-mcf;2025052822024219095152_nasabahttdcmo-mcf_Applicant.jpeg
fpkbelakang-mcf;2025052822023598318552_fpkbelakang-mcf_Applicant.jpeg
nomorrumah-mcf;2025052822023598318552_nomorrumah-mcf_Applicant.jpeg
rumahjalan-mcf;2025052822023598318552_rumahjalan-mcf_Applicant.jpeg
dalamrumah-mcf;2025052822023598318552_dalamrumah-mcf_Applicant.jpeg
tempatusahadepan-mcf;2025052822023598318552_tempatusahadepan-mcf_Applicant.jpeg
pricelist-mcf;2025052822023598318552_pricelist-mcf_Applicant.jpeg
pasanganttdcmo-mcf;2025052822023598318552_pasanganttdcmo-mcf_Applicant.jpeg
nasabahttdcmo-mcf;2025052822023598318552_nasabahttdcmo-mcf_Applicant.jpeg
dalamrumah-mcf;2025052822023544355029_dalamrumah-mcf_Applicant.jpeg
fpkdepan-mcf;2025052822024004511426_fpkdepan-mcf_Applicant.jpeg
fpkbelakang-mcf;2025052822024004511426_fpkbelakang-mcf_Applicant.jpeg
pasanganttdcmo-mcf;2025052822024004511426_pasanganttdcmo-mcf_Applicant.jpeg
tempatusahadepan-mcf;2025052822023544355029_tempatusahadepan-mcf_Applicant.jpeg
dalamrumah-mcf;2025052822025126261482_dalamrumah-mcf_Applicant.jpeg
nomorrumah-mcf;2025052822024004511426_nomorrumah-mcf_Applicant.jpeg
pbbrekening-mcf;20250528924565571773_pbbrekening-mcf_Applicant.jpeg
tempatusahadepan-mcf;2025052822025126261482_tempatusahadepan-mcf_Applicant.jpeg
bpkbdepan-mcf;2025052822023544355029_bpkbdepan-mcf_Applicant.jpeg
dalamrumah-mcf;2025052822024004511426_dalamrumah-mcf_Applicant.jpeg
stnkpajak-mcf;2025052822025126261482_stnkpajak-mcf_Applicant.jpeg
rumahjalan-mcf;2025052822024004511426_rumahjalan-mcf_Applicant.jpeg
kksuratnikah-mcf;20250528924565571773_kksuratnikah-mcf_Applicant.jpeg
rangkanomesin-mcf;2025052822025162163315_rangkanomesin-mcf_Applicant.jpeg
unitdepankiri-mcf;2025052822025162163315_unitdepankiri-mcf_Applicant.jpeg
dalamrumah-mcf;2025052822024004534582_dalamrumah-mcf_Applicant.jpeg
unitdepankanan-mcf;2025052822025162163315_unitdepankanan-mcf_Applicant.jpeg
nomorrumah-mcf;2025052822025162163315_nomorrumah-mcf_Applicant.jpeg
rumahjalan-mcf;2025052822025162163315_rumahjalan-mcf_Applicant.jpeg
dalamrumah-mcf;2025052822025162163315_dalamrumah-mcf_Applicant.jpeg
bpkbdepan-mcf;2025052822025162163315_bpkbdepan-mcf_Applicant.jpeg
bpkbbelakang-mcf;2025052822025162163315_bpkbbelakang-mcf_Applicant.jpeg
tempatusahadepan-mcf;2025052822025162163315_tempatusahadepan-mcf_Applicant.jpeg
fpkbelakang-mcf;2025052822025162163315_fpkbelakang-mcf_Applicant.jpeg
fpkdepan-mcf;2025052822025162163315_fpkdepan-mcf_Applicant.jpeg
salaryslip-mcf;2025052822025162163315_salaryslip-mcf_Applicant.jpeg
pbbrekening-mcf;2025052822025162163315_pbbrekening-mcf_Applicant.jpeg
allobank-mcf;2025052822025162163315_allobank-mcf_Applicant.jpeg
halamandepanbukutabungan-mcf;2025052822025162163315_halamandepanbukutabungan-mcf_Applicant.jpeg
kksuratnikah-mcf;2025052822025162163315_kksuratnikah-mcf_Applicant.jpeg
stnkpajak-mcf;2025052822025162163315_stnkpajak-mcf_Applicant.jpeg
buktikepemilikanusaha-mcf;2025052822025117074549_buktikepemilikanusaha-mcf_Applicant.jpeg
buktipenghasilanusaha-mcf;2025052822025117074549_buktipenghasilanusaha-mcf_Applicant.jpeg
perizinanusaha-mcf;2025052822025117074549_perizinanusaha-mcf_Applicant.jpeg
buktikepemilikanusaha-mcf;20250528924565515616_buktikepemilikanusaha-mcf_Applicant.jpeg
kksuratnikah-mcf;2025052822024004511573_kksuratnikah-mcf_Applicant.jpeg
salaryslip-mcf;2025052822024004511573_salaryslip-mcf_Applicant.jpeg
kksuratnikah-mcf;20250528924565515616_kksuratnikah-mcf_Applicant.jpeg
allobank-mcf;2025052822024004511573_allobank-mcf_Applicant.jpeg
halamandepanbukutabungan-mcf;2025052822024004511573_halamandepanbukutabungan-mcf_Applicant.jpeg
buktipenghasilanusaha-mcf;20250528924565515616_buktipenghasilanusaha-mcf_Applicant.jpeg
pbbrekening-mcf;2025052822024004511573_pbbrekening-mcf_Applicant.jpeg
allobank-mcf;20250528924565515616_allobank-mcf_Applicant.jpeg
halamandepanbukutabungan-mcf;20250528924565515616_halamandepanbukutabungan-mcf_Applicant.jpeg
perizinanusaha-mcf;2025052822023598318552_perizinanusaha-mcf_Applicant.jpeg
pbbrekening-mcf;2025052822024004534582_pbbrekening-mcf_Applicant.jpeg
kksuratnikah-mcf;2025052822024004534582_kksuratnikah-mcf_Applicant.jpeg
halamandepanbukutabungan-mcf;2025052822024004534582_halamandepanbukutabungan-mcf_Applicant.jpeg
nasabahttdcmo-mcf;2025052822025162163315_nasabahttdcmo-mcf_Applicant.jpeg
salaryslip-mcf;2025052822024004534582_salaryslip-mcf_Applicant.jpeg
allobank-mcf;2025052822024004534582_allobank-mcf_Applicant.jpeg
pasanganttdcmo-mcf;2025052822024004534582_pasanganttdcmo-mcf_Applicant.jpeg
pasanganttdcmo-mcf;2025052822025162163315_pasanganttdcmo-mcf_Applicant.jpeg
pricelist-mcf;2025052822024004534582_pricelist-mcf_Applicant.jpeg
nasabahttdcmo-mcf;2025052822024004534582_nasabahttdcmo-mcf_Applicant.jpeg
fpkbelakang-mcf;2025052822024004534582_fpkbelakang-mcf_Applicant.jpeg
fpkdepan-mcf;2025052822024004534582_fpkdepan-mcf_Applicant.jpeg
nomorrumah-mcf;2025052822024004534582_nomorrumah-mcf_Applicant.jpeg
rumahjalan-mcf;2025052822024004534582_rumahjalan-mcf_Applicant.jpeg
tempatusahadepan-mcf;2025052822024004534582_tempatusahadepan-mcf_Applicant.jpeg
pasanganttdcmo-mcf;2025052822024004511573_pasanganttdcmo-mcf_Applicant.jpeg
pricelist-mcf;2025052822024004511573_pricelist-mcf_Applicant.jpeg
fpkdepan-mcf;2025052822024004511573_fpkdepan-mcf_Applicant.jpeg
fpkbelakang-mcf;2025052822024004511573_fpkbelakang-mcf_Applicant.jpeg
nasabahttdcmo-mcf;2025052822024004511573_nasabahttdcmo-mcf_Applicant.jpeg
nomorrumah-mcf;2025052822024004511573_nomorrumah-mcf_Applicant.jpeg
dalamrumah-mcf;2025052822024004511573_dalamrumah-mcf_Applicant.jpeg
rumahjalan-mcf;2025052822024004511573_rumahjalan-mcf_Applicant.jpeg
tempatusahadepan-mcf;2025052822024004511573_tempatusahadepan-mcf_Applicant.jpeg
fpkdepan-mcf;20250528924565515616_fpkdepan-mcf_Applicant.jpeg
fpkbelakang-mcf;20250528924565515616_fpkbelakang-mcf_Applicant.jpeg
nomorrumah-mcf;20250528924565515616_nomorrumah-mcf_Applicant.jpeg
rumahjalan-mcf;20250528924565515616_rumahjalan-mcf_Applicant.jpeg
dalamrumah-mcf;20250528924565515616_dalamrumah-mcf_Applicant.jpeg
nasabahttdcmo-mcf;2025052822022267640131_nasabahttdcmo-mcf_Applicant.jpeg
pricelist-mcf;2025052822022267640131_pricelist-mcf_Applicant.jpeg
fpkbelakang-mcf;2025052822022267640131_fpkbelakang-mcf_Applicant.jpeg
fpkdepan-mcf;2025052822022267640131_fpkdepan-mcf_Applicant.jpeg
pbbrekening-mcf;2025052822022612751354_pbbrekening-mcf_Applicant.jpeg
kksuratnikah-mcf;2025052822022612751354_kksuratnikah-mcf_Applicant.jpeg
salaryslip-mcf;2025052822022612751354_salaryslip-mcf_Applicant.jpeg
allobank-mcf;2025052822022612751354_allobank-mcf_Applicant.jpeg
halamandepanbukutabungan-mcf;2025052822022612751354_halamandepanbukutabungan-mcf_Applicant.jpeg
fpkdepan-mcf;2025052822022612751354_fpkdepan-mcf_Applicant.jpeg
fpkbelakang-mcf;2025052822022612751354_fpkbelakang-mcf_Applicant.jpeg
nomorrumah-mcf;2025052822022612751354_nomorrumah-mcf_Applicant.jpeg
rumahjalan-mcf;2025052822022612751354_rumahjalan-mcf_Applicant.jpeg
dalamrumah-mcf;2025052822022612751354_dalamrumah-mcf_Applicant.jpeg
tempatusahadepan-mcf;20250528924565515616_tempatusahadepan-mcf_Applicant.jpeg
pricelist-mcf;20250528924565515616_pricelist-mcf_Applicant.jpeg
pasanganttdcmo-mcf;20250528924565515616_pasanganttdcmo-mcf_Applicant.jpeg
nasabahttdcmo-mcf;20250528924565515616_nasabahttdcmo-mcf_Applicant.jpeg
perizinanusaha-mcf;20250528924565515616_perizinanusaha-mcf_Applicant.jpeg
pbbrekening-mcf;2025052822022267640131_pbbrekening-mcf_Applicant.jpeg
salaryslip-mcf;2025052822022267640131_salaryslip-mcf_Applicant.jpeg
allobank-mcf;2025052822022267640131_allobank-mcf_Applicant.jpeg
halamandepanbukutabungan-mcf;2025052822022267640131_halamandepanbukutabungan-mcf_Applicant.jpeg
kksuratnikah-mcf;2025052822022267640131_kksuratnikah-mcf_Applicant.jpeg
nomorrumah-mcf;2025052822022267640131_nomorrumah-mcf_Applicant.jpeg
rumahjalan-mcf;2025052822022267640131_rumahjalan-mcf_Applicant.jpeg
tempatusahadepan-mcf;2025052822022267640131_tempatusahadepan-mcf_Applicant.jpeg
dalamrumah-mcf;2025052822022267640131_dalamrumah-mcf_Applicant.jpeg
pasanganttdcmo-mcf;2025052822022267640131_pasanganttdcmo-mcf_Applicant.jpeg
fpkbelakang-mcf;2025052822023544399625_fpkbelakang-mcf_Applicant.jpeg
nomorrumah-mcf;2025052822023544399625_nomorrumah-mcf_Applicant.jpeg
rumahjalan-mcf;2025052822023544399625_rumahjalan-mcf_Applicant.jpeg
dalamrumah-mcf;2025052822023544399625_dalamrumah-mcf_Applicant.jpeg
tempatusahadepan-mcf;2025052822023544399625_tempatusahadepan-mcf_Applicant.jpeg
bpkbdepan-mcf;2025052822023544399625_bpkbdepan-mcf_Applicant.jpeg
bpkbbelakang-mcf;2025052822023544399625_bpkbbelakang-mcf_Applicant.jpeg
stnkpajak-mcf;2025052822023544399625_stnkpajak-mcf_Applicant.jpeg
unitdepankanan-mcf;2025052822023544399625_unitdepankanan-mcf_Applicant.jpeg
unitdepankiri-mcf;2025052822023544399625_unitdepankiri-mcf_Applicant.jpeg
rangkanomesin-mcf;2025052822023544399625_rangkanomesin-mcf_Applicant.jpeg
rumahdepan-mcf;2025052222022529683861_rumahdepan-mcf_Applicant.jpeg
pasanganttdcmo-mcf;2025052222022529683861_pasanganttdcmo-mcf_Applicant.jpeg
nasabahttdcmo-mcf;2025052222022529683861_nasabahttdcmo-mcf_Applicant.jpeg
allobank-mcf;2025052222022529683861_allobank-mcf_Applicant.jpeg
rumahjalan-mcf;2025052222022529683861_rumahjalan-mcf_Applicant.jpeg
salaryslip-mcf;2025052222022529683861_salaryslip-mcf_Applicant.jpeg
nomorrumah-mcf;2025052222022529683861_nomorrumah-mcf_Applicant.jpeg
dalamrumah-mcf;2025052222022529683861_dalamrumah-mcf_Applicant.jpeg
pricelist-mcf;2025052222022529683861_pricelist-mcf_Applicant.jpeg
pbbrekening-mcf;2025051622021143127261_pbbrekening-mcf_Applicant.jpeg
kksuratnikah-mcf;2025051622021143127261_kksuratnikah-mcf_Applicant.jpeg
halamandepanbukutabungan-mcf;2025051622021143127261_halamandepanbukutabungan-mcf_Applicant.jpeg
fpkbelakang-mcf;2025051622021143127261_fpkbelakang-mcf_Applicant.jpeg
fpkdepan-mcf;2025051622021143127261_fpkdepan-mcf_Applicant.jpeg
tempatusahadepan-mcf;2025051622021143127261_tempatusahadepan-mcf_Applicant.jpeg
rumahdepan-mcf;2025051622021143127261_rumahdepan-mcf_Applicant.jpeg
pasanganttdcmo-mcf;2025052822024080080498_pasanganttdcmo-mcf_Applicant.jpeg
nasabahttdcmo-mcf;2025052822024080080498_nasabahttdcmo-mcf_Applicant.jpeg
perizinanusaha-mcf;2025052222025022085604_perizinanusaha-mcf_Applicant.jpeg
pbbrekening-mcf;2025052822025162167263_pbbrekening-mcf_Applicant.jpeg
kksuratnikah-mcf;2025052822025162167263_kksuratnikah-mcf_Applicant.jpeg
salaryslip-mcf;2025052822025162167263_salaryslip-mcf_Applicant.jpeg
allobank-mcf;2025052822025162167263_allobank-mcf_Applicant.jpeg
fpkdepan-mcf;2025052822025162167263_fpkdepan-mcf_Applicant.jpeg
fpkbelakang-mcf;2025052822025162167263_fpkbelakang-mcf_Applicant.jpeg
halamandepanbukutabungan-mcf;2025052822025162167263_halamandepanbukutabungan-mcf_Applicant.jpeg
pasanganttdcmo-mcf;2025052822025162167263_pasanganttdcmo-mcf_Applicant.jpeg
nasabahttdcmo-mcf;2025052822025162167263_nasabahttdcmo-mcf_Applicant.jpeg
pricelist-mcf;2025052822025162167263_pricelist-mcf_Applicant.jpeg
tempatusahadepan-mcf;2025052822025162167263_tempatusahadepan-mcf_Applicant.jpeg
pbbrekening-mcf;2025052822025162396476_pbbrekening-mcf_Applicant.jpeg
pasanganttdcmo-mcf;2025052822023544399625_pasanganttdcmo-mcf_Applicant.jpeg
nasabahttdcmo-mcf;2025052822023544399625_nasabahttdcmo-mcf_Applicant.jpeg
perizinanusaha-mcf;2025052822023544399625_perizinanusaha-mcf_Applicant.jpeg
kksuratnikah-mcf;2025052822024080080498_kksuratnikah-mcf_Applicant.jpeg
pbbrekening-mcf;2025052822024080080498_pbbrekening-mcf_Applicant.jpeg
salaryslip-mcf;2025052822024080080498_salaryslip-mcf_Applicant.jpeg
allobank-mcf;2025052822024080080498_allobank-mcf_Applicant.jpeg
halamandepanbukutabungan-mcf;2025052822024080080498_halamandepanbukutabungan-mcf_Applicant.jpeg
fpkdepan-mcf;2025052822024080080498_fpkdepan-mcf_Applicant.jpeg
fpkbelakang-mcf;2025052822024080080498_fpkbelakang-mcf_Applicant.jpeg
nomorrumah-mcf;2025052822024080080498_nomorrumah-mcf_Applicant.jpeg
rumahjalan-mcf;2025052822024080080498_rumahjalan-mcf_Applicant.jpeg
dalamrumah-mcf;2025052822024080080498_dalamrumah-mcf_Applicant.jpeg
tempatusahadepan-mcf;2025052822024080080498_tempatusahadepan-mcf_Applicant.jpeg
pricelist-mcf;2025052822024080080498_pricelist-mcf_Applicant.jpeg
allobank-mcf;2025052822023233591242_allobank-mcf_Applicant.jpeg
rumahdepan-mcf;2025052822025162396476_rumahdepan-mcf_Applicant.jpeg
rumahjalan-mcf;2025052822025162396476_rumahjalan-mcf_Applicant.jpeg
salaryslip-mcf;2025052822025162396476_salaryslip-mcf_Applicant.jpeg
allobank-mcf;2025052822025162396476_allobank-mcf_Applicant.jpeg
fpkdepan-mcf;2025052822023233591242_fpkdepan-mcf_Applicant.jpeg
fpkbelakang-mcf;2025052822023233591242_fpkbelakang-mcf_Applicant.jpeg
perizinanusaha-mcf;2025052822023233591242_perizinanusaha-mcf_Applicant.jpeg
pricelist-mcf;2025052822023233591242_pricelist-mcf_Applicant.jpeg
dalamrumah-mcf;2025052822023233591242_dalamrumah-mcf_Applicant.jpeg
nomorrumah-mcf;2025052822023233591242_nomorrumah-mcf_Applicant.jpeg
rumahjalan-mcf;2025052822023233591242_rumahjalan-mcf_Applicant.jpeg
pasanganttdcmo-mcf;2025052822023233591242_pasanganttdcmo-mcf_Applicant.jpeg
nasabahttdcmo-mcf;2025052822023233591242_nasabahttdcmo-mcf_Applicant.jpeg
pbbrekening-mcf;2025052822022055561055_pbbrekening-mcf_Applicant.jpeg
kksuratnikah-mcf;2025052822022055561055_kksuratnikah-mcf_Applicant.jpeg
rumahjalan-mcf;2025052822025062646861_rumahjalan-mcf_Applicant.jpeg
salaryslip-mcf;2025052822022055561055_salaryslip-mcf_Applicant.jpeg
allobank-mcf;2025052822022055561055_allobank-mcf_Applicant.jpeg
tempatusahadepan-mcf;2025052822025062646861_tempatusahadepan-mcf_Applicant.jpeg
pasanganttdcmo-mcf;2025052822025062646861_pasanganttdcmo-mcf_Applicant.jpeg
halamandepanbukutabungan-mcf;2025052822022055561055_halamandepanbukutabungan-mcf_Applicant.jpeg
nasabahttdcmo-mcf;2025052822025062646861_nasabahttdcmo-mcf_Applicant.jpeg
perizinanusaha-mcf;2025052822025062646861_perizinanusaha-mcf_Applicant.jpeg
fpkdepan-mcf;2025052822022055561055_fpkdepan-mcf_Applicant.jpeg
fpkbelakang-mcf;2025052822022055561055_fpkbelakang-mcf_Applicant.jpeg
nomorrumah-mcf;2025052822022055561055_nomorrumah-mcf_Applicant.jpeg
rumahjalan-mcf;2025052822022055561055_rumahjalan-mcf_Applicant.jpeg
dalamrumah-mcf;2025052822022055561055_dalamrumah-mcf_Applicant.jpeg
perizinanusaha-mcf;2025052822024492034947_perizinanusaha-mcf_Applicant.jpeg
pbbrekening-mcf;2025052822023427817815_pbbrekening-mcf_Applicant.jpeg
nomorrumah-mcf;2025052822024492034947_nomorrumah-mcf_Applicant.jpeg
rumahjalan-mcf;2025052822024492034947_rumahjalan-mcf_Applicant.jpeg
kksuratnikah-mcf;2025052822023427817815_kksuratnikah-mcf_Applicant.jpeg
salaryslip-mcf;2025052822023427817815_salaryslip-mcf_Applicant.jpeg
dalamrumah-mcf;2025052822024492034947_dalamrumah-mcf_Applicant.jpeg
allobank-mcf;2025052822023427817815_allobank-mcf_Applicant.jpeg
halamandepanbukutabungan-mcf;2025052822023427817815_halamandepanbukutabungan-mcf_Applicant.jpeg
tempatusahadepan-mcf;2025052822024492034947_tempatusahadepan-mcf_Applicant.jpeg
fpkdepan-mcf;2025052822023427817815_fpkdepan-mcf_Applicant.jpeg
fpkbelakang-mcf;2025052822023427817815_fpkbelakang-mcf_Applicant.jpeg
pasanganttdcmo-mcf;2025052822024492034947_pasanganttdcmo-mcf_Applicant.jpeg
nasabahttdcmo-mcf;2025052822024492034947_nasabahttdcmo-mcf_Applicant.jpeg
tempatusahadepan-mcf;2025052822023233591242_tempatusahadepan-mcf_Applicant.jpeg
nomorrumah-mcf;2025052822023233564912_nomorrumah-mcf_Applicant.jpeg
dalamrumah-mcf;2025052822023233564912_dalamrumah-mcf_Applicant.jpeg
tempatusahadepan-mcf;2025052822023233564912_tempatusahadepan-mcf_Applicant.jpeg
pasanganttdcmo-mcf;2025052822023233564912_pasanganttdcmo-mcf_Applicant.jpeg
nasabahttdcmo-mcf;2025052822023233564912_nasabahttdcmo-mcf_Applicant.jpeg
buktikepemilikanusaha-mcf;2025052822024492034947_buktikepemilikanusaha-mcf_Applicant.jpeg
kksuratnikah-mcf;2025052822024492034947_kksuratnikah-mcf_Applicant.jpeg
allobank-mcf;2025052822024492034947_allobank-mcf_Applicant.jpeg
buktipenghasilanusaha-mcf;2025052822024492034947_buktipenghasilanusaha-mcf_Applicant.jpeg
halamandepanbukutabungan-mcf;2025052822024492034947_halamandepanbukutabungan-mcf_Applicant.jpeg
fpkdepan-mcf;2025052822024492034947_fpkdepan-mcf_Applicant.jpeg
pricelist-mcf;2025052822024492034947_pricelist-mcf_Applicant.jpeg
fpkbelakang-mcf;2025052822024492034947_fpkbelakang-mcf_Applicant.jpeg
fpkbelakang-mcf;2025052822024270248571_fpkbelakang-mcf_Applicant.jpeg
dalamrumah-mcf;2025052822024270248571_dalamrumah-mcf_Applicant.jpeg
tempatusahadepan-mcf;2025052822024270248571_tempatusahadepan-mcf_Applicant.jpeg
pricelist-mcf;2025052822024270248571_pricelist-mcf_Applicant.jpeg
perizinanusaha-mcf;2025052822024270248571_perizinanusaha-mcf_Applicant.jpeg
nasabahttdcmo-mcf;2025052822024270248571_nasabahttdcmo-mcf_Applicant.jpeg
pasanganttdcmo-mcf;2025052822024270248571_pasanganttdcmo-mcf_Applicant.jpeg
pbbrekening-mcf;2025052822023528945118_pbbrekening-mcf_Applicant.jpeg
kksuratnikah-mcf;2025052822023528945118_kksuratnikah-mcf_Applicant.jpeg
salaryslip-mcf;2025052822023528945118_salaryslip-mcf_Applicant.jpeg
nomorrumah-mcf;2025052822023427817815_nomorrumah-mcf_Applicant.jpeg
rumahjalan-mcf;2025052822023427817815_rumahjalan-mcf_Applicant.jpeg
dalamrumah-mcf;2025052822023427817815_dalamrumah-mcf_Applicant.jpeg
tempatusahadepan-mcf;2025052822023427817815_tempatusahadepan-mcf_Applicant.jpeg
pricelist-mcf;2025052822023427817815_pricelist-mcf_Applicant.jpeg
nasabahttdcmo-mcf;2025052822023427817815_nasabahttdcmo-mcf_Applicant.jpeg
pasanganttdcmo-mcf;2025052822023427817815_pasanganttdcmo-mcf_Applicant.jpeg
buktikepemilikanusaha-mcf;2025052822024270248571_buktikepemilikanusaha-mcf_Applicant.jpeg
kksuratnikah-mcf;2025052822024270248571_kksuratnikah-mcf_Applicant.jpeg
buktipenghasilanusaha-mcf;2025052822024270248571_buktipenghasilanusaha-mcf_Applicant.jpeg
halamandepanbukutabungan-mcf;2025052822024270248571_halamandepanbukutabungan-mcf_Applicant.jpeg
fpkdepan-mcf;2025052822024270248571_fpkdepan-mcf_Applicant.jpeg
rumahdepan-mcf;2025052822024270248571_rumahdepan-mcf_Applicant.jpeg
allobank-mcf;2025052822024270248571_allobank-mcf_Applicant.jpeg
rumahjalan-mcf;2025052822024270248571_rumahjalan-mcf_Applicant.jpeg
nomorrumah-mcf;2025052822023540651611_nomorrumah-mcf_Applicant.jpeg
rumahjalan-mcf;2025052822023540651611_rumahjalan-mcf_Applicant.jpeg
dalamrumah-mcf;2025052822023540651611_dalamrumah-mcf_Applicant.jpeg
tempatusahadepan-mcf;2025052822023540651611_tempatusahadepan-mcf_Applicant.jpeg
bpkbdepan-mcf;2025052822023540651611_bpkbdepan-mcf_Applicant.jpeg
bpkbbelakang-mcf;2025052822023540651611_bpkbbelakang-mcf_Applicant.jpeg
unitdepankanan-mcf;2025052822023540651611_unitdepankanan-mcf_Applicant.jpeg
unitdepankiri-mcf;2025052822023540651611_unitdepankiri-mcf_Applicant.jpeg
rangkanomesin-mcf;2025052822023540651611_rangkanomesin-mcf_Applicant.jpeg
pasanganttdcmo-mcf;2025052822023540651611_pasanganttdcmo-mcf_Applicant.jpeg
nasabahttdcmo-mcf;2025052822023540651611_nasabahttdcmo-mcf_Applicant.jpeg
stnkpajak-mcf;2025052822023540651611_stnkpajak-mcf_Applicant.jpeg
allobank-mcf;2025052822023528945118_allobank-mcf_Applicant.jpeg
halamandepanbukutabungan-mcf;2025052822023528945118_halamandepanbukutabungan-mcf_Applicant.jpeg
fpkdepan-mcf;2025052822023528945118_fpkdepan-mcf_Applicant.jpeg
fpkbelakang-mcf;2025052822023528945118_fpkbelakang-mcf_Applicant.jpeg
nomorrumah-mcf;2025052822023528945118_nomorrumah-mcf_Applicant.jpeg
rumahjalan-mcf;2025052822023528945118_rumahjalan-mcf_Applicant.jpeg
dalamrumah-mcf;2025052822023528945118_dalamrumah-mcf_Applicant.jpeg
tempatusahadepan-mcf;2025052822023528945118_tempatusahadepan-mcf_Applicant.jpeg
pricelist-mcf;2025052822023528945118_pricelist-mcf_Applicant.jpeg
pasanganttdcmo-mcf;2025052822023528945118_pasanganttdcmo-mcf_Applicant.jpeg
nasabahttdcmo-mcf;2025052822023528945118_nasabahttdcmo-mcf_Applicant.jpeg
pbbrekening-mcf;2025052822023540651611_pbbrekening-mcf_Applicant.jpeg
kksuratnikah-mcf;2025052822023540651611_kksuratnikah-mcf_Applicant.jpeg
salaryslip-mcf;2025052822023540651611_salaryslip-mcf_Applicant.jpeg
allobank-mcf;2025052822023540651611_allobank-mcf_Applicant.jpeg
halamandepanbukutabungan-mcf;2025052822023540651611_halamandepanbukutabungan-mcf_Applicant.jpeg
fpkdepan-mcf;2025052822023540651611_fpkdepan-mcf_Applicant.jpeg
fpkbelakang-mcf;2025052822023540651611_fpkbelakang-mcf_Applicant.jpeg
halamandepanbukutabungan-mcf;2025052822022683626486_halamandepanbukutabungan-mcf_Applicant.jpeg
fpkdepan-mcf;2025052822022683626486_fpkdepan-mcf_Applicant.jpeg
fpkbelakang-mcf;2025052822022683626486_fpkbelakang-mcf_Applicant.jpeg
nasabahttdcmo-mcf;2025052822023540694754_nasabahttdcmo-mcf_Applicant.jpeg
nomorrumah-mcf;2025052822022683626486_nomorrumah-mcf_Applicant.jpeg
pasanganttdcmo-mcf;2025052822023540694754_pasanganttdcmo-mcf_Applicant.jpeg
rumahjalan-mcf;2025052822022683626486_rumahjalan-mcf_Applicant.jpeg
fpkdepan-mcf;2025052822023540694754_fpkdepan-mcf_Applicant.jpeg
fpkbelakang-mcf;2025052822023540694754_fpkbelakang-mcf_Applicant.jpeg
dalamrumah-mcf;2025052822022683626486_dalamrumah-mcf_Applicant.jpeg
tempatusahadepan-mcf;2025052822022683626486_tempatusahadepan-mcf_Applicant.jpeg
pricelist-mcf;2025052822022683626486_pricelist-mcf_Applicant.jpeg
pasanganttdcmo-mcf;2025052822022683626486_pasanganttdcmo-mcf_Applicant.jpeg
salaryslip-mcf;2025052822023540694754_salaryslip-mcf_Applicant.jpeg
allobank-mcf;2025052822023540694754_allobank-mcf_Applicant.jpeg
kksuratnikah-mcf;2025052822023540694754_kksuratnikah-mcf_Applicant.jpeg
halamandepanbukutabungan-mcf;2025052822023540694754_halamandepanbukutabungan-mcf_Applicant.jpeg
nomorrumah-mcf;2025052822023540694754_nomorrumah-mcf_Applicant.jpeg
rumahjalan-mcf;2025052822023540694754_rumahjalan-mcf_Applicant.jpeg
dalamrumah-mcf;2025052822023540694754_dalamrumah-mcf_Applicant.jpeg
tempatusahadepan-mcf;2025052822023540694754_tempatusahadepan-mcf_Applicant.jpeg
pricelist-mcf;2025052822023540694754_pricelist-mcf_Applicant.png
pbbrekening-mcf;2025052822022683626486_pbbrekening-mcf_Applicant.jpeg
kksuratnikah-mcf;2025052822022683626486_kksuratnikah-mcf_Applicant.jpeg
salaryslip-mcf;2025052822022683626486_salaryslip-mcf_Applicant.jpeg
allobank-mcf;2025052822022683626486_allobank-mcf_Applicant.jpeg
tempatusahadepan-mcf;2025052822022612751354_tempatusahadepan-mcf_Applicant.jpeg
bpkbdepan-mcf;2025052822022612751354_bpkbdepan-mcf_Applicant.jpeg
bpkbbelakang-mcf;2025052822022612751354_bpkbbelakang-mcf_Applicant.jpeg
stnkpajak-mcf;2025052822022612751354_stnkpajak-mcf_Applicant.jpeg
unitdepankanan-mcf;2025052822022612751354_unitdepankanan-mcf_Applicant.jpeg
unitdepankiri-mcf;2025052822022612751354_unitdepankiri-mcf_Applicant.jpeg
rangkanomesin-mcf;2025052822022612751354_rangkanomesin-mcf_Applicant.jpeg
pasanganttdcmo-mcf;2025052822022612751354_pasanganttdcmo-mcf_Applicant.jpeg
nasabahttdcmo-mcf;2025052822022612751354_nasabahttdcmo-mcf_Applicant.jpeg
buktikepemilikanusaha-mcf;2025052822023544399625_buktikepemilikanusaha-mcf_Applicant.jpeg
kksuratnikah-mcf;2025052822023544399625_kksuratnikah-mcf_Applicant.jpeg
buktipenghasilanusaha-mcf;2025052822023544399625_buktipenghasilanusaha-mcf_Applicant.jpeg
allobank-mcf;2025052822023544399625_allobank-mcf_Applicant.jpeg
halamandepanbukutabungan-mcf;2025052822023544399625_halamandepanbukutabungan-mcf_Applicant.jpeg
fpkdepan-mcf;2025052822023544399625_fpkdepan-mcf_Applicant.jpeg
nomorrumah-mcf;2025053022022055579442_nomorrumah-mcf_Applicant.jpeg
buktikepemilikanusaha-mcf;2025053022024219035368_buktikepemilikanusaha-mcf_Applicant.jpeg
rumahjalan-mcf;2025053022022055579442_rumahjalan-mcf_Applicant.jpeg
kksuratnikah-mcf;2025053022024219035368_kksuratnikah-mcf_Applicant.jpeg
buktikepemilikanusaha-mcf;2025053022024391233932_buktikepemilikanusaha-mcf_Applicant.jpeg
salaryslip-mcf;2025053022025093073571_salaryslip-mcf_Applicant.jpeg
buktipenghasilanusaha-mcf;2025053022024219035368_buktipenghasilanusaha-mcf_Applicant.jpeg
allobank-mcf;2025053022024219035368_allobank-mcf_Applicant.jpeg
halamandepanbukutabungan-mcf;2025053022024219035368_halamandepanbukutabungan-mcf_Applicant.jpeg
fpkdepan-mcf;2025053022024219035368_fpkdepan-mcf_Applicant.jpeg
fpkbelakang-mcf;2025053022024219035368_fpkbelakang-mcf_Applicant.jpeg
dalamrumah-mcf;2025053022022055579442_dalamrumah-mcf_Applicant.jpeg
allobank-mcf;2025053022025093073571_allobank-mcf_Applicant.jpeg
rumahjalan-mcf;2025053022024219035368_rumahjalan-mcf_Applicant.jpeg
buktipenghasilanusaha-mcf;2025053022024391233932_buktipenghasilanusaha-mcf_Applicant.jpeg
nomorrumah-mcf;2025053022024219035368_nomorrumah-mcf_Applicant.jpeg
tempatusahadepan-mcf;2025053022022055579442_tempatusahadepan-mcf_Applicant.jpeg
halamandepanbukutabungan-mcf;2025053022024391233932_halamandepanbukutabungan-mcf_Applicant.jpeg
kksuratnikah-mcf;2025053022024391233932_kksuratnikah-mcf_Applicant.jpeg
bpkbdepan-mcf;2025053022022055579442_bpkbdepan-mcf_Applicant.jpeg
unitdepankiri-mcf;2025053022024391233932_unitdepankiri-mcf_Applicant.jpeg
rangkanomesin-mcf;2025053022024391233932_rangkanomesin-mcf_Applicant.jpeg
pasanganttdcmo-mcf;2025053022025093073571_pasanganttdcmo-mcf_Applicant.jpeg
pasanganttdcmo-mcf;2025053022024391233932_pasanganttdcmo-mcf_Applicant.jpeg
nasabahttdcmo-mcf;2025053022024391233932_nasabahttdcmo-mcf_Applicant.jpeg
perizinanusaha-mcf;2025053022024391233932_perizinanusaha-mcf_Applicant.jpeg
pbbrekening-mcf;2025053022025126287498_pbbrekening-mcf_Applicant.jpeg
kksuratnikah-mcf;2025053022025126287498_kksuratnikah-mcf_Applicant.jpeg
unitdepankiri-mcf;2025053022025126287498_unitdepankiri-mcf_Applicant.jpeg
rangkanomesin-mcf;2025053022025126287498_rangkanomesin-mcf_Applicant.jpeg
pasanganttdcmo-mcf;2025053022025126287498_pasanganttdcmo-mcf_Applicant.jpeg
nasabahttdcmo-mcf;2025053022025126287498_nasabahttdcmo-mcf_Applicant.jpeg
pbbrekening-mcf;2025053022022661816708_pbbrekening-mcf_Applicant.jpeg
tempatusahadepan-mcf;2025053022025126287498_tempatusahadepan-mcf_Applicant.jpeg
kksuratnikah-mcf;2025053022022661816708_kksuratnikah-mcf_Applicant.jpeg
salaryslip-mcf;2025053022022661816708_salaryslip-mcf_Applicant.jpeg
allobank-mcf;2025053022022661816708_allobank-mcf_Applicant.jpeg
halamandepanbukutabungan-mcf;2025053022022661816708_halamandepanbukutabungan-mcf_Applicant.jpeg
fpkdepan-mcf;2025053022022661816708_fpkdepan-mcf_Applicant.jpeg
fpkbelakang-mcf;2025053022022661816708_fpkbelakang-mcf_Applicant.jpeg
tempatusahadepan-mcf;2025053022025100313776_tempatusahadepan-mcf_Applicant.jpeg
pricelist-mcf;2025053022022661816708_pricelist-mcf_Applicant.jpeg
halamandepanbukutabungan-mcf;2025053022024017175428_halamandepanbukutabungan-mcf_Applicant.jpeg
allobank-mcf;2025053022024017175428_allobank-mcf_Applicant.jpeg
pricelist-mcf;2025053022025100313776_pricelist-mcf_Applicant.jpeg
pasanganttdcmo-mcf;2025053022022661816708_pasanganttdcmo-mcf_Applicant.jpeg
buktikepemilikanusaha-mcf;2025053022024358247434_buktikepemilikanusaha-mcf_Applicant.webp
nasabahttdcmo-mcf;2025053022022661816708_nasabahttdcmo-mcf_Applicant.jpeg
kksuratnikah-mcf;2025053022024358247434_kksuratnikah-mcf_Applicant.jpeg
pasanganttdcmo-mcf;2025053022025100313776_pasanganttdcmo-mcf_Applicant.jpeg
buktipenghasilanusaha-mcf;2025053022024358247434_buktipenghasilanusaha-mcf_Applicant.webp
allobank-mcf;2025053022024358247434_allobank-mcf_Applicant.jpeg
halamandepanbukutabungan-mcf;2025053022024358247434_halamandepanbukutabungan-mcf_Applicant.jpeg
nasabahttdcmo-mcf;2025053022025100313776_nasabahttdcmo-mcf_Applicant.jpeg
nomorrumah-mcf;2025053022024017175428_nomorrumah-mcf_Applicant.jpeg
pbbrekening-mcf;2025053022025100313776_pbbrekening-mcf_Applicant.jpeg
kksuratnikah-mcf;2025053022025100313776_kksuratnikah-mcf_Applicant.jpeg
salaryslip-mcf;2025053022025100313776_salaryslip-mcf_Applicant.jpeg
nomorrumah-mcf;2025053022022661816708_nomorrumah-mcf_Applicant.jpeg
allobank-mcf;2025053022025100313776_allobank-mcf_Applicant.jpeg
halamandepanbukutabungan-mcf;2025053022025100313776_halamandepanbukutabungan-mcf_Applicant.jpeg
rumahjalan-mcf;2025053022022661816708_rumahjalan-mcf_Applicant.jpeg
fpkdepan-mcf;2025053022025100313776_fpkdepan-mcf_Applicant.jpeg
fpkbelakang-mcf;2025053022025100313776_fpkbelakang-mcf_Applicant.jpeg
nomorrumah-mcf;2025053022025100313776_nomorrumah-mcf_Applicant.jpeg
kksuratnikah-mcf;2025053022024017175428_kksuratnikah-mcf_Applicant.jpeg
buktikepemilikanusaha-mcf;2025053022024017175428_buktikepemilikanusaha-mcf_Applicant.jpeg
rumahjalan-mcf;2025053022025100313776_rumahjalan-mcf_Applicant.jpeg
dalamrumah-mcf;2025053022022661816708_dalamrumah-mcf_Applicant.jpeg
buktipenghasilanusaha-mcf;2025053022024017175428_buktipenghasilanusaha-mcf_Applicant.jpeg
dalamrumah-mcf;2025053022025100313776_dalamrumah-mcf_Applicant.jpeg
tempatusahadepan-mcf;2025053022022661816708_tempatusahadepan-mcf_Applicant.jpeg
nasabahttdcmo-mcf;2025053022024017175428_nasabahttdcmo-mcf_Applicant.jpeg
fpkbelakang-mcf;2025053022024358247434_fpkbelakang-mcf_Applicant.jpeg
fpkdepan-mcf;2025053022024358247434_fpkdepan-mcf_Applicant.jpeg
pasanganttdcmo-mcf;2025053022024358247434_pasanganttdcmo-mcf_Applicant.jpeg
nomorrumah-mcf;2025053022022267680040_nomorrumah-mcf_Applicant.jpeg
nasabahttdcmo-mcf;2025053022024358247434_nasabahttdcmo-mcf_Applicant.jpeg
rumahjalan-mcf;2025053022022267680040_rumahjalan-mcf_Applicant.jpeg
fpkbelakang-mcf;2025053022022267680040_fpkbelakang-mcf_Applicant.jpeg
perizinanusaha-mcf;2025053022024017175428_perizinanusaha-mcf_Applicant.jpeg
perizinanusaha-mcf;2025053022024358247434_perizinanusaha-mcf_Applicant.jpeg
tempatusahadepan-mcf;2025053022022267680040_tempatusahadepan-mcf_Applicant.jpeg
pasanganttdcmo-mcf;2025053022022267680040_pasanganttdcmo-mcf_Applicant.jpeg
dalamrumah-mcf;2025053022022267680040_dalamrumah-mcf_Applicant.jpeg
fpkbelakang-mcf;2025053022024017175428_fpkbelakang-mcf_Applicant.jpeg
fpkdepan-mcf;2025053022024017175428_fpkdepan-mcf_Applicant.jpeg
rumahjalan-mcf;2025053022024017175428_rumahjalan-mcf_Applicant.jpeg
rumahjalan-mcf;2025053022024358247434_rumahjalan-mcf_Applicant.jpeg
nomorrumah-mcf;2025053022024358247434_nomorrumah-mcf_Applicant.jpeg
dalamrumah-mcf;2025053022024017175428_dalamrumah-mcf_Applicant.jpeg
dalamrumah-mcf;2025053022024358247434_dalamrumah-mcf_Applicant.jpeg
tempatusahadepan-mcf;2025053022024017175428_tempatusahadepan-mcf_Applicant.jpeg
salaryslip-mcf;2025053022022267680040_salaryslip-mcf_Applicant.jpeg
pricelist-mcf;2025053022024017175428_pricelist-mcf_Applicant.jpeg
allobank-mcf;2025053022022267680040_allobank-mcf_Applicant.jpeg
pbbrekening-mcf;2025053022022267680040_pbbrekening-mcf_Applicant.jpeg
tempatusahadepan-mcf;2025053022024358247434_tempatusahadepan-mcf_Applicant.jpeg
halamandepanbukutabungan-mcf;2025053022022267680040_halamandepanbukutabungan-mcf_Applicant.jpeg
pricelist-mcf;2025053022024358247434_pricelist-mcf_Applicant.jpeg
pasanganttdcmo-mcf;2025053022024017175428_pasanganttdcmo-mcf_Applicant.jpeg
kksuratnikah-mcf;2025053022022267680040_kksuratnikah-mcf_Applicant.jpeg
nasabahttdcmo-mcf;2025053022024209276437_nasabahttdcmo-mcf_Applicant.jpeg
perizinanusaha-mcf;2025052722024212065544_perizinanusaha-mcf_Applicant.jpeg
pbbrekening-mcf;2025053022023508766919_pbbrekening-mcf_Applicant.jpeg
kksuratnikah-mcf;2025053022023508766919_kksuratnikah-mcf_Applicant.jpeg
salaryslip-mcf;2025053022023508766919_salaryslip-mcf_Applicant.jpeg
allobank-mcf;2025053022023508766919_allobank-mcf_Applicant.jpeg
halamandepanbukutabungan-mcf;2025053022023508766919_halamandepanbukutabungan-mcf_Applicant.jpeg
fpkdepan-mcf;2025053022023508766919_fpkdepan-mcf_Applicant.jpeg
fpkbelakang-mcf;2025053022023508766919_fpkbelakang-mcf_Applicant.jpeg
nomorrumah-mcf;2025053022023508766919_nomorrumah-mcf_Applicant.jpeg
rumahjalan-mcf;2025053022023508766919_rumahjalan-mcf_Applicant.jpeg
dalamrumah-mcf;2025053022023508766919_dalamrumah-mcf_Applicant.jpeg
buktikepemilikanusaha-mcf;2025053022023186381580_buktikepemilikanusaha-mcf_Applicant.jpeg
kksuratnikah-mcf;2025053022023186381580_kksuratnikah-mcf_Applicant.jpeg
nasabahttdcmo-mcf;2025053022022267680040_nasabahttdcmo-mcf_Applicant.jpeg
pricelist-mcf;2025053022022267680040_pricelist-mcf_Applicant.jpeg
fpkdepan-mcf;2025053022022267680040_fpkdepan-mcf_Applicant.jpeg
salaryslip-mcf;2025053022024209276437_salaryslip-mcf_Applicant.jpeg
perizinanusaha-mcf;2025053022024209276437_perizinanusaha-mcf_Applicant.jpeg
pbbrekening-mcf;2025053022024209276437_pbbrekening-mcf_Applicant.jpeg
perizinanusaha-mcf;2025052922025100353463_perizinanusaha-mcf_Applicant.jpeg
kksuratnikah-mcf;2025053022024209276437_kksuratnikah-mcf_Applicant.jpeg
allobank-mcf;2025053022024209276437_allobank-mcf_Applicant.jpeg
halamandepanbukutabungan-mcf;2025053022024209276437_halamandepanbukutabungan-mcf_Applicant.jpeg
fpkdepan-mcf;2025053022024209276437_fpkdepan-mcf_Applicant.jpeg
fpkbelakang-mcf;2025053022024209276437_fpkbelakang-mcf_Applicant.jpeg
nomorrumah-mcf;2025053022024209276437_nomorrumah-mcf_Applicant.jpeg
rumahjalan-mcf;2025053022024209276437_rumahjalan-mcf_Applicant.jpeg
dalamrumah-mcf;2025053022024209276437_dalamrumah-mcf_Applicant.jpeg
tempatusahadepan-mcf;2025053022024209276437_tempatusahadepan-mcf_Applicant.jpeg
pricelist-mcf;2025053022024209276437_pricelist-mcf_Applicant.jpeg
pasanganttdcmo-mcf;2025053022024209276437_pasanganttdcmo-mcf_Applicant.jpeg
tempatusahadepan-mcf;2025053022023508766919_tempatusahadepan-mcf_Applicant.jpeg
buktipenghasilanusaha-mcf;2025053022023186381580_buktipenghasilanusaha-mcf_Applicant.jpeg
bpkbdepan-mcf;2025053022023508766919_bpkbdepan-mcf_Applicant.jpeg
perizinanusaha-mcf;2025053022023186381580_perizinanusaha-mcf_Applicant.jpeg
bpkbbelakang-mcf;2025053022023508766919_bpkbbelakang-mcf_Applicant.jpeg
pricelist-mcf;2025053022023186381580_pricelist-mcf_Applicant.jpeg
stnkpajak-mcf;2025053022023508766919_stnkpajak-mcf_Applicant.jpeg
halamandepanbukutabungan-mcf;2025053022023186381580_halamandepanbukutabungan-mcf_Applicant.jpeg
dalamrumah-mcf;2025053022023186381580_dalamrumah-mcf_Applicant.jpeg
allobank-mcf;2025053022023186381580_allobank-mcf_Applicant.jpeg
unitdepankanan-mcf;2025053022023508766919_unitdepankanan-mcf_Applicant.jpeg
fpkdepan-mcf;2025053022023186381580_fpkdepan-mcf_Applicant.jpeg
fpkbelakang-mcf;2025053022023186381580_fpkbelakang-mcf_Applicant.jpeg
unitdepankiri-mcf;2025053022023508766919_unitdepankiri-mcf_Applicant.jpeg
rangkanomesin-mcf;2025053022023508766919_rangkanomesin-mcf_Applicant.jpeg
tempatusahadepan-mcf;2025053022024080015354_tempatusahadepan-mcf_Applicant.jpeg
pricelist-mcf;2025053022024080015354_pricelist-mcf_Applicant.jpeg
pasanganttdcmo-mcf;2025053022024080015354_pasanganttdcmo-mcf_Applicant.jpeg
salaryslip-mcf;2025053022024241574620_salaryslip-mcf_Applicant.jpeg
nasabahttdcmo-mcf;2025053022024080015354_nasabahttdcmo-mcf_Applicant.jpeg
allobank-mcf;2025053022024241574620_allobank-mcf_Applicant.jpeg
perizinanusaha-mcf;2025053022024080015354_perizinanusaha-mcf_Applicant.jpeg
halamandepanbukutabungan-mcf;2025053022024241574620_halamandepanbukutabungan-mcf_Applicant.jpeg
fpkdepan-mcf;2025053022024241574620_fpkdepan-mcf_Applicant.jpeg
pbbrekening-mcf;2025052822015188496467_pbbrekening-mcf_Applicant.jpeg
kksuratnikah-mcf;2025053022024242767048_kksuratnikah-mcf_Applicant.jpeg
fpkbelakang-mcf;2025053022024241574620_fpkbelakang-mcf_Applicant.jpeg
salaryslip-mcf;2025053022024242767048_salaryslip-mcf_Applicant.jpeg
nomorrumah-mcf;2025053022024241574620_nomorrumah-mcf_Applicant.jpeg
allobank-mcf;2025053022024242767048_allobank-mcf_Applicant.jpeg
rumahjalan-mcf;2025053022024241574620_rumahjalan-mcf_Applicant.jpeg
kksuratnikah-mcf;2025052822015188496467_kksuratnikah-mcf_Applicant.jpeg
pasanganttdcmo-mcf;2025053022023508766919_pasanganttdcmo-mcf_Applicant.jpeg
nasabahttdcmo-mcf;2025053022023508766919_nasabahttdcmo-mcf_Applicant.jpeg
pbbrekening-mcf;2025053022024242767048_pbbrekening-mcf_Applicant.jpeg
buktikepemilikanusaha-mcf;2025053022024080015354_buktikepemilikanusaha-mcf_Applicant.jpeg
kksuratnikah-mcf;2025053022024080015354_kksuratnikah-mcf_Applicant.jpeg
buktipenghasilanusaha-mcf;2025053022024080015354_buktipenghasilanusaha-mcf_Applicant.jpeg
allobank-mcf;2025053022024080015354_allobank-mcf_Applicant.jpeg
halamandepanbukutabungan-mcf;2025053022024080015354_halamandepanbukutabungan-mcf_Applicant.jpeg
fpkdepan-mcf;2025053022024080015354_fpkdepan-mcf_Applicant.jpeg
fpkbelakang-mcf;2025053022024080015354_fpkbelakang-mcf_Applicant.jpeg
nomorrumah-mcf;2025053022024080015354_nomorrumah-mcf_Applicant.jpeg
rumahjalan-mcf;2025053022024080015354_rumahjalan-mcf_Applicant.jpeg
pbbrekening-mcf;2025053022024241574620_pbbrekening-mcf_Applicant.jpeg
dalamrumah-mcf;2025053022024080015354_dalamrumah-mcf_Applicant.jpeg
kksuratnikah-mcf;2025053022024241574620_kksuratnikah-mcf_Applicant.jpeg
kksuratnikah-mcf;2025053022021112634538_kksuratnikah-mcf_Applicant.jpeg
rumahjalan-mcf;2025052822015188496467_rumahjalan-mcf_Applicant.jpeg
nasabahttdcmo-mcf;2025053022024241574620_nasabahttdcmo-mcf_Applicant.jpeg
pasanganttdcmo-mcf;2025053022024242767048_pasanganttdcmo-mcf_Applicant.jpeg
salaryslip-mcf;2025053022021112634538_salaryslip-mcf_Applicant.jpeg
allobank-mcf;2025053022021112634538_allobank-mcf_Applicant.jpeg
halamandepanbukutabungan-mcf;2025053022021112634538_halamandepanbukutabungan-mcf_Applicant.jpeg
dalamrumah-mcf;2025052822015188496467_dalamrumah-mcf_Applicant.jpeg
nasabahttdcmo-mcf;2025053022024242767048_nasabahttdcmo-mcf_Applicant.jpeg
fpkdepan-mcf;2025053022021112634538_fpkdepan-mcf_Applicant.jpeg
tempatusahadepan-mcf;2025052822015188496467_tempatusahadepan-mcf_Applicant.jpeg
fpkbelakang-mcf;2025053022021112634538_fpkbelakang-mcf_Applicant.jpeg
pricelist-mcf;2025052822015188496467_pricelist-mcf_Applicant.jpeg
nomorrumah-mcf;2025053022021112634538_nomorrumah-mcf_Applicant.jpeg
rumahjalan-mcf;2025053022021112634538_rumahjalan-mcf_Applicant.jpeg
halamandepanbukutabungan-mcf;2025053022024242767048_halamandepanbukutabungan-mcf_Applicant.jpeg
salaryslip-mcf;2025052822015188496467_salaryslip-mcf_Applicant.jpeg
allobank-mcf;2025052822015188496467_allobank-mcf_Applicant.jpeg
nomorrumah-mcf;2025053022024242767048_nomorrumah-mcf_Applicant.jpeg
halamandepanbukutabungan-mcf;2025052822015188496467_halamandepanbukutabungan-mcf_Applicant.jpeg
rumahjalan-mcf;2025053022024242767048_rumahjalan-mcf_Applicant.jpeg
fpkdepan-mcf;2025052822015188496467_fpkdepan-mcf_Applicant.jpeg
dalamrumah-mcf;2025053022024241574620_dalamrumah-mcf_Applicant.jpeg
dalamrumah-mcf;2025053022024242767048_dalamrumah-mcf_Applicant.jpeg
fpkbelakang-mcf;2025052822015188496467_fpkbelakang-mcf_Applicant.jpeg
tempatusahadepan-mcf;2025053022024241574620_tempatusahadepan-mcf_Applicant.jpeg
tempatusahadepan-mcf;2025053022024242767048_tempatusahadepan-mcf_Applicant.jpeg
pricelist-mcf;2025053022024241574620_pricelist-mcf_Applicant.jpeg
pbbrekening-mcf;2025053022021112634538_pbbrekening-mcf_Applicant.jpeg
nomorrumah-mcf;2025052822015188496467_nomorrumah-mcf_Applicant.jpeg
pasanganttdcmo-mcf;2025053022024241574620_pasanganttdcmo-mcf_Applicant.jpeg
pasanganttdcmo-mcf;2025052822015188496467_pasanganttdcmo-mcf_Applicant.jpeg
nasabahttdcmo-mcf;2025052822015188496467_nasabahttdcmo-mcf_Applicant.jpeg
dalamrumah-mcf;2025053022021112634538_dalamrumah-mcf_Applicant.jpeg
tempatusahadepan-mcf;2025053022021112634538_tempatusahadepan-mcf_Applicant.jpeg
pricelist-mcf;2025053022021112634538_pricelist-mcf_Applicant.jpeg
pasanganttdcmo-mcf;2025053022021112634538_pasanganttdcmo-mcf_Applicant.jpeg
nasabahttdcmo-mcf;2025053022021112634538_nasabahttdcmo-mcf_Applicant.jpeg
nomorrumah-mcf;2025053022023186381580_nomorrumah-mcf_Applicant.jpeg
rumahjalan-mcf;2025053022023186381580_rumahjalan-mcf_Applicant.jpeg
nomorrumah-mcf;2025053022024209230612_nomorrumah-mcf_Applicant.jpeg
allobank-mcf;2025053022021112685282_allobank-mcf_Applicant.jpeg
rumahjalan-mcf;2025053022024209230612_rumahjalan-mcf_Applicant.jpeg
nomorrumah-mcf;2025053022024017117679_nomorrumah-mcf_Applicant.jpeg
dalamrumah-mcf;2025053022024209230612_dalamrumah-mcf_Applicant.jpeg
rumahjalan-mcf;2025053022024017117679_rumahjalan-mcf_Applicant.jpeg
tempatusahadepan-mcf;2025053022024209230612_tempatusahadepan-mcf_Applicant.jpeg
pricelist-mcf;2025053022024209230612_pricelist-mcf_Applicant.jpeg
halamandepanbukutabungan-mcf;2025053022021112685282_halamandepanbukutabungan-mcf_Applicant.jpeg
pasanganttdcmo-mcf;2025053022024209230612_pasanganttdcmo-mcf_Applicant.jpeg
nasabahttdcmo-mcf;2025053022024209230612_nasabahttdcmo-mcf_Applicant.jpeg
fpkbelakang-mcf;2025053022024017117679_fpkbelakang-mcf_Applicant.jpeg
fpkdepan-mcf;2025053022024017117679_fpkdepan-mcf_Applicant.jpeg
fpkdepan-mcf;2025053022021112685282_fpkdepan-mcf_Applicant.jpeg
fpkbelakang-mcf;2025053022021112685282_fpkbelakang-mcf_Applicant.jpeg
nomorrumah-mcf;2025053022021112685282_nomorrumah-mcf_Applicant.jpeg
tempatusahadepan-mcf;2025053022024017117679_tempatusahadepan-mcf_Applicant.jpeg
dalamrumah-mcf;2025053022024017117679_dalamrumah-mcf_Applicant.jpeg
rumahjalan-mcf;2025053022021112685282_rumahjalan-mcf_Applicant.jpeg
pricelist-mcf;2025053022024017117679_pricelist-mcf_Applicant.jpeg
dalamrumah-mcf;2025053022021112685282_dalamrumah-mcf_Applicant.jpeg
pasanganttdcmo-mcf;2025053022024017117679_pasanganttdcmo-mcf_Applicant.jpeg
nasabahttdcmo-mcf;2025053022024017117679_nasabahttdcmo-mcf_Applicant.jpeg
pbbrekening-mcf;2025052922023233524102_pbbrekening-mcf_Applicant.jpeg
tempatusahadepan-mcf;2025053022021112685282_tempatusahadepan-mcf_Applicant.jpeg
pricelist-mcf;2025053022021112685282_pricelist-mcf_Applicant.jpeg
kksuratnikah-mcf;2025052922023233524102_kksuratnikah-mcf_Applicant.jpeg
tempatusahadepan-mcf;2025053022023186381580_tempatusahadepan-mcf_Applicant.jpeg
nasabahttdcmo-mcf;2025053022023186381580_nasabahttdcmo-mcf_Applicant.jpeg
pasanganttdcmo-mcf;2025053022023186381580_pasanganttdcmo-mcf_Applicant.jpeg
fpkdepan-mcf;2025053022024242767048_fpkdepan-mcf_Applicant.jpeg
fpkbelakang-mcf;2025053022024242767048_fpkbelakang-mcf_Applicant.jpeg
pbbrekening-mcf;2025053022024017117679_pbbrekening-mcf_Applicant.jpeg
kksuratnikah-mcf;2025053022024017117679_kksuratnikah-mcf_Applicant.jpeg
pricelist-mcf;2025053022024242767048_pricelist-mcf_Applicant.jpeg
salaryslip-mcf;2025053022024017117679_salaryslip-mcf_Applicant.jpeg
allobank-mcf;2025053022024017117679_allobank-mcf_Applicant.jpeg
halamandepanbukutabungan-mcf;2025053022024017117679_halamandepanbukutabungan-mcf_Applicant.jpeg
pbbrekening-mcf;2025053022021112685282_pbbrekening-mcf_Applicant.jpeg
pbbrekening-mcf;2025053022024209230612_pbbrekening-mcf_Applicant.jpeg
kksuratnikah-mcf;2025053022021112685282_kksuratnikah-mcf_Applicant.jpeg
kksuratnikah-mcf;2025053022024209230612_kksuratnikah-mcf_Applicant.jpeg
salaryslip-mcf;2025053022024209230612_salaryslip-mcf_Applicant.jpeg
allobank-mcf;2025053022024209230612_allobank-mcf_Applicant.jpeg
halamandepanbukutabungan-mcf;2025053022024209230612_halamandepanbukutabungan-mcf_Applicant.jpeg
fpkdepan-mcf;2025053022024209230612_fpkdepan-mcf_Applicant.jpeg
fpkbelakang-mcf;2025053022024209230612_fpkbelakang-mcf_Applicant.jpeg
salaryslip-mcf;2025053022021112685282_salaryslip-mcf_Applicant.jpeg
nomorrumah-mcf;2025053022024080087760_nomorrumah-mcf_Applicant.jpeg
rumahjalan-mcf;2025053022024080087760_rumahjalan-mcf_Applicant.jpeg
fpkdepan-mcf;2025053022025084983407_fpkdepan-mcf_Applicant.jpeg
fpkbelakang-mcf;2025053022025084983407_fpkbelakang-mcf_Applicant.jpeg
dalamrumah-mcf;2025053022024080087760_dalamrumah-mcf_Applicant.jpeg
pbbrekening-mcf;2025053022015188422142_pbbrekening-mcf_Applicant.jpeg
tempatusahadepan-mcf;2025053022024080087760_tempatusahadepan-mcf_Applicant.jpeg
pricelist-mcf;2025053022024080087760_pricelist-mcf_Applicant.jpeg
pasanganttdcmo-mcf;2025053022024080087760_pasanganttdcmo-mcf_Applicant.jpeg
nasabahttdcmo-mcf;2025053022024080087760_nasabahttdcmo-mcf_Applicant.jpeg
nomorrumah-mcf;2025053022025084983407_nomorrumah-mcf_Applicant.jpeg
pbbrekening-mcf;2025053022025042098790_pbbrekening-mcf_Applicant.jpeg
rumahjalan-mcf;2025053022025084983407_rumahjalan-mcf_Applicant.jpeg
kksuratnikah-mcf;2025053022015188422142_kksuratnikah-mcf_Applicant.jpeg
nasabahttdcmo-mcf;2025052922023233524102_nasabahttdcmo-mcf_Applicant.jpeg
fpkdepan-mcf;2025053022025042098790_fpkdepan-mcf_Applicant.jpeg
fpkbelakang-mcf;2025053022025042098790_fpkbelakang-mcf_Applicant.jpeg
salaryslip-mcf;2025053022015188422142_salaryslip-mcf_Applicant.jpeg
allobank-mcf;2025053022015188422142_allobank-mcf_Applicant.jpeg
halamandepanbukutabungan-mcf;2025053022015188422142_halamandepanbukutabungan-mcf_Applicant.jpeg
nomorrumah-mcf;2025053022025042098790_nomorrumah-mcf_Applicant.jpeg
rumahjalan-mcf;2025053022025042098790_rumahjalan-mcf_Applicant.jpeg
dalamrumah-mcf;2025053022015188422142_dalamrumah-mcf_Applicant.jpeg
dalamrumah-mcf;2025053022025042098790_dalamrumah-mcf_Applicant.jpeg
tempatusahadepan-mcf;2025053022025042098790_tempatusahadepan-mcf_Applicant.jpeg
stnkpajak-mcf;2025053022025042098790_stnkpajak-mcf_Applicant.jpeg
unitdepankanan-mcf;2025053022025042098790_unitdepankanan-mcf_Applicant.jpeg
pasanganttdcmo-mcf;2025053022021112685282_pasanganttdcmo-mcf_Applicant.jpeg
salaryslip-mcf;2025052922023233524102_salaryslip-mcf_Applicant.jpeg
halamandepanbukutabungan-mcf;2025052922023233524102_halamandepanbukutabungan-mcf_Applicant.jpeg
nasabahttdcmo-mcf;2025053022021112685282_nasabahttdcmo-mcf_Applicant.jpeg
allobank-mcf;2025052922023233524102_allobank-mcf_Applicant.jpeg
fpkdepan-mcf;2025052922023233524102_fpkdepan-mcf_Applicant.jpeg
fpkbelakang-mcf;2025052922023233524102_fpkbelakang-mcf_Applicant.jpeg
halamandepanbukutabungan-mcf;2025053022024080087760_halamandepanbukutabungan-mcf_Applicant.jpeg
dalamrumah-mcf;2025052922023233524102_dalamrumah-mcf_Applicant.jpeg
pbbrekening-mcf;2025053022025084983407_pbbrekening-mcf_Applicant.jpeg
kksuratnikah-mcf;2025053022025084983407_kksuratnikah-mcf_Applicant.jpeg
salaryslip-mcf;2025053022024080087760_salaryslip-mcf_Applicant.jpeg
pbbrekening-mcf;2025053022024080087760_pbbrekening-mcf_Applicant.jpeg
allobank-mcf;2025053022024080087760_allobank-mcf_Applicant.jpeg
kksuratnikah-mcf;2025053022024080087760_kksuratnikah-mcf_Applicant.jpeg
fpkdepan-mcf;2025053022024080087760_fpkdepan-mcf_Applicant.jpeg
fpkbelakang-mcf;2025053022024080087760_fpkbelakang-mcf_Applicant.jpeg
salaryslip-mcf;2025053022025084983407_salaryslip-mcf_Applicant.jpeg
allobank-mcf;2025053022025084983407_allobank-mcf_Applicant.jpeg
halamandepanbukutabungan-mcf;2025053022025084983407_halamandepanbukutabungan-mcf_Applicant.jpeg
dalamrumah-mcf;2025053022025084983407_dalamrumah-mcf_Applicant.jpeg
nomorrumah-mcf;2025052922023233524102_nomorrumah-mcf_Applicant.jpeg
tempatusahadepan-mcf;2025053022025084983407_tempatusahadepan-mcf_Applicant.jpeg
kksuratnikah-mcf;2025053022025042098790_kksuratnikah-mcf_Applicant.jpeg
pricelist-mcf;2025053022025084983407_pricelist-mcf_Applicant.jpeg
rumahjalan-mcf;2025052922023233524102_rumahjalan-mcf_Applicant.jpeg
salaryslip-mcf;2025053022025042098790_salaryslip-mcf_Applicant.jpeg
pasanganttdcmo-mcf;2025053022025084983407_pasanganttdcmo-mcf_Applicant.jpeg
nasabahttdcmo-mcf;2025053022025084983407_nasabahttdcmo-mcf_Applicant.jpeg
allobank-mcf;2025053022025042098790_allobank-mcf_Applicant.jpeg
tempatusahadepan-mcf;2025052922023233524102_tempatusahadepan-mcf_Applicant.jpeg
pricelist-mcf;2025052922023233524102_pricelist-mcf_Applicant.jpeg
halamandepanbukutabungan-mcf;2025053022025042098790_halamandepanbukutabungan-mcf_Applicant.jpeg
pasanganttdcmo-mcf;2025052922023233524102_pasanganttdcmo-mcf_Applicant.jpeg
tempatusahadepan-mcf;2025053022024219088730_tempatusahadepan-mcf_Applicant.jpeg
pricelist-mcf;2025053022024219088730_pricelist-mcf_Applicant.jpeg
pasanganttdcmo-mcf;2025053022024219088730_pasanganttdcmo-mcf_Applicant.jpeg
nasabahttdcmo-mcf;2025053022024219088730_nasabahttdcmo-mcf_Applicant.jpeg
pbbrekening-mcf;2025053022024017127623_pbbrekening-mcf_Applicant.jpeg
kksuratnikah-mcf;2025053022024080054003_kksuratnikah-mcf_Applicant.jpeg
pbbrekening-mcf;2025053022024080054003_pbbrekening-mcf_Applicant.jpeg
salaryslip-mcf;2025053022024080054003_salaryslip-mcf_Applicant.jpeg
allobank-mcf;2025053022024080054003_allobank-mcf_Applicant.jpeg
fpkbelakang-mcf;2025053022024017127623_fpkbelakang-mcf_Applicant.jpeg
nomorrumah-mcf;2025053022024017127623_nomorrumah-mcf_Applicant.jpeg
rumahjalan-mcf;2025053022024017127623_rumahjalan-mcf_Applicant.jpeg
dalamrumah-mcf;2025053022024017127623_dalamrumah-mcf_Applicant.jpeg
tempatusahadepan-mcf;2025053022024017127623_tempatusahadepan-mcf_Applicant.jpeg
pricelist-mcf;2025053022024017127623_pricelist-mcf_Applicant.jpeg
pasanganttdcmo-mcf;2025053022024017127623_pasanganttdcmo-mcf_Applicant.jpeg
nasabahttdcmo-mcf;2025053022024017127623_nasabahttdcmo-mcf_Applicant.jpeg
pbbrekening-mcf;20250530925006647943_pbbrekening-mcf_Applicant.jpeg
salaryslip-mcf;20250530925006647943_salaryslip-mcf_Applicant.jpeg
kksuratnikah-mcf;20250530925006647943_kksuratnikah-mcf_Applicant.jpeg
allobank-mcf;20250530925006647943_allobank-mcf_Applicant.jpeg
halamandepanbukutabungan-mcf;20250530925006647943_halamandepanbukutabungan-mcf_Applicant.jpeg
fpkdepan-mcf;20250530925006647943_fpkdepan-mcf_Applicant.jpeg
unitdepankiri-mcf;2025053022025042098790_unitdepankiri-mcf_Applicant.jpeg
nasabahttdcmo-mcf;2025053022025042098790_nasabahttdcmo-mcf_Applicant.jpeg
pasanganttdcmo-mcf;2025053022025042098790_pasanganttdcmo-mcf_Applicant.jpeg
rangkanomesin-mcf;2025053022025042098790_rangkanomesin-mcf_Applicant.jpeg
pbbrekening-mcf;2025053022024219088730_pbbrekening-mcf_Applicant.jpeg
kksuratnikah-mcf;2025053022024219088730_kksuratnikah-mcf_Applicant.jpeg
salaryslip-mcf;2025053022024219088730_salaryslip-mcf_Applicant.jpeg
bpkbdepan-mcf;2025053022025042098790_bpkbdepan-mcf_Applicant.jpeg
bpkbbelakang-mcf;2025053022025042098790_bpkbbelakang-mcf_Applicant.jpeg
allobank-mcf;2025053022024219088730_allobank-mcf_Applicant.jpeg
halamandepanbukutabungan-mcf;2025053022024219088730_halamandepanbukutabungan-mcf_Applicant.jpeg
fpkdepan-mcf;2025053022024219088730_fpkdepan-mcf_Applicant.jpeg
fpkbelakang-mcf;2025053022024219088730_fpkbelakang-mcf_Applicant.jpeg
nomorrumah-mcf;2025053022024219088730_nomorrumah-mcf_Applicant.jpeg
rumahjalan-mcf;2025053022024219088730_rumahjalan-mcf_Applicant.jpeg
dalamrumah-mcf;2025053022024219088730_dalamrumah-mcf_Applicant.jpeg
halamandepanbukutabungan-mcf;2025053022024080054003_halamandepanbukutabungan-mcf_Applicant.jpeg
fpkdepan-mcf;2025053022024080054003_fpkdepan-mcf_Applicant.jpeg
fpkbelakang-mcf;2025053022024080054003_fpkbelakang-mcf_Applicant.jpeg
nomorrumah-mcf;2025053022024080054003_nomorrumah-mcf_Applicant.jpeg
rumahjalan-mcf;2025053022024080054003_rumahjalan-mcf_Applicant.jpeg
dalamrumah-mcf;2025053022024080054003_dalamrumah-mcf_Applicant.jpeg
pricelist-mcf;2025053022024080054003_pricelist-mcf_Applicant.jpeg
tempatusahadepan-mcf;2025053022024080054003_tempatusahadepan-mcf_Applicant.jpeg
pasanganttdcmo-mcf;2025053022024080054003_pasanganttdcmo-mcf_Applicant.jpeg
nasabahttdcmo-mcf;2025053022024080054003_nasabahttdcmo-mcf_Applicant.jpeg
kksuratnikah-mcf;2025053022024017127623_kksuratnikah-mcf_Applicant.jpeg
salaryslip-mcf;2025053022024017127623_salaryslip-mcf_Applicant.jpeg
allobank-mcf;2025053022024017127623_allobank-mcf_Applicant.jpeg
halamandepanbukutabungan-mcf;2025053022024017127623_halamandepanbukutabungan-mcf_Applicant.jpeg
pbbrekening-mcf;2025053022023233528885_pbbrekening-mcf_Applicant.jpeg
kksuratnikah-mcf;2025053022023233528885_kksuratnikah-mcf_Applicant.jpeg
fpkdepan-mcf;2025053022024017127623_fpkdepan-mcf_Applicant.jpeg
halamandepanbukutabungan-mcf;2025053022023277477067_halamandepanbukutabungan-mcf_Applicant.jpeg
fpkdepan-mcf;2025053022023277477067_fpkdepan-mcf_Applicant.jpeg
fpkbelakang-mcf;2025053022023277477067_fpkbelakang-mcf_Applicant.jpeg
kksuratnikah-mcf;2025053022023277477067_kksuratnikah-mcf_Applicant.jpeg
salaryslip-mcf;2025053022023277477067_salaryslip-mcf_Applicant.jpeg
nomorrumah-mcf;2025053022023277477067_nomorrumah-mcf_Applicant.jpeg
rumahjalan-mcf;2025053022023277477067_rumahjalan-mcf_Applicant.jpeg
dalamrumah-mcf;2025053022023277477067_dalamrumah-mcf_Applicant.jpeg
tempatusahadepan-mcf;2025053022023277477067_tempatusahadepan-mcf_Applicant.jpeg
pasanganttdcmo-mcf;2025053022023277477067_pasanganttdcmo-mcf_Applicant.jpeg
nasabahttdcmo-mcf;2025053022023277477067_nasabahttdcmo-mcf_Applicant.jpeg
pricelist-mcf;2025053022023277477067_pricelist-mcf_Applicant.jpeg
fpkdepan-mcf;2025053022015188422142_fpkdepan-mcf_Applicant.jpeg
fpkbelakang-mcf;2025053022015188422142_fpkbelakang-mcf_Applicant.jpeg
nomorrumah-mcf;2025053022015188422142_nomorrumah-mcf_Applicant.jpeg
rumahjalan-mcf;2025053022015188422142_rumahjalan-mcf_Applicant.jpeg
tempatusahadepan-mcf;2025053022015188422142_tempatusahadepan-mcf_Applicant.jpeg
pricelist-mcf;2025053022015188422142_pricelist-mcf_Applicant.jpeg
pbbrekening-mcf;2025053022024242788575_pbbrekening-mcf_Applicant.jpeg
kksuratnikah-mcf;2025053022024242788575_kksuratnikah-mcf_Applicant.jpeg
pasanganttdcmo-mcf;2025053022015188422142_pasanganttdcmo-mcf_Applicant.jpeg
nasabahttdcmo-mcf;2025053022015188422142_nasabahttdcmo-mcf_Applicant.jpeg
pbbrekening-mcf;2025052922023528930933_pbbrekening-mcf_Applicant.jpeg
kksuratnikah-mcf;2025052922023528930933_kksuratnikah-mcf_Applicant.jpeg
salaryslip-mcf;2025052922023528930933_salaryslip-mcf_Applicant.jpeg
allobank-mcf;2025053022024242788575_allobank-mcf_Applicant.jpeg
halamandepanbukutabungan-mcf;2025053022024242788575_halamandepanbukutabungan-mcf_Applicant.jpeg
nomorrumah-mcf;2025053022024242788575_nomorrumah-mcf_Applicant.jpeg
rumahjalan-mcf;2025053022024242788575_rumahjalan-mcf_Applicant.jpeg
allobank-mcf;2025052922023528930933_allobank-mcf_Applicant.jpeg
dalamrumah-mcf;2025053022024242788575_dalamrumah-mcf_Applicant.jpeg
salaryslip-mcf;2025053022024242788575_salaryslip-mcf_Applicant.jpeg
tempatusahadepan-mcf;2025053022024242788575_tempatusahadepan-mcf_Applicant.jpeg
fpkdepan-mcf;2025053022024242788575_fpkdepan-mcf_Applicant.jpeg
pricelist-mcf;2025053022024242788575_pricelist-mcf_Applicant.jpeg
fpkbelakang-mcf;2025053022024242788575_fpkbelakang-mcf_Applicant.jpeg
pasanganttdcmo-mcf;2025053022024242788575_pasanganttdcmo-mcf_Applicant.jpeg
nasabahttdcmo-mcf;2025053022024242788575_nasabahttdcmo-mcf_Applicant.jpeg
halamandepanbukutabungan-mcf;2025052922023528930933_halamandepanbukutabungan-mcf_Applicant.jpeg
perizinanusaha-mcf;2025053022024242788575_perizinanusaha-mcf_Applicant.jpeg
fpkdepan-mcf;2025052922023528930933_fpkdepan-mcf_Applicant.jpeg
fpkbelakang-mcf;2025052922023528930933_fpkbelakang-mcf_Applicant.jpeg
nomorrumah-mcf;2025052922023528930933_nomorrumah-mcf_Applicant.jpeg
rumahjalan-mcf;2025052922023528930933_rumahjalan-mcf_Applicant.jpeg
dalamrumah-mcf;2025052922023528930933_dalamrumah-mcf_Applicant.jpeg
rumahjalan-mcf;2025053022021112648779_rumahjalan-mcf_Applicant.jpeg
dalamrumah-mcf;2025053022021112648779_dalamrumah-mcf_Applicant.jpeg
tempatusahadepan-mcf;2025053022021112648779_tempatusahadepan-mcf_Applicant.jpeg
pricelist-mcf;2025053022021112648779_pricelist-mcf_Applicant.jpeg
pasanganttdcmo-mcf;2025053022021112648779_pasanganttdcmo-mcf_Applicant.jpeg
nasabahttdcmo-mcf;2025053022021112648779_nasabahttdcmo-mcf_Applicant.jpeg
perizinanusaha-mcf;2025053022021112648779_perizinanusaha-mcf_Applicant.jpeg
buktikepemilikanusaha-mcf;2025053022024567652576_buktikepemilikanusaha-mcf_Applicant.jpeg
kksuratnikah-mcf;2025053022024567652576_kksuratnikah-mcf_Applicant.jpeg
buktipenghasilanusaha-mcf;2025053022024567652576_buktipenghasilanusaha-mcf_Applicant.jpeg
allobank-mcf;2025053022024567652576_allobank-mcf_Applicant.jpeg
halamandepanbukutabungan-mcf;2025053022024567652576_halamandepanbukutabungan-mcf_Applicant.jpeg
fpkdepan-mcf;2025053022024567652576_fpkdepan-mcf_Applicant.jpeg
fpkbelakang-mcf;2025053022024567652576_fpkbelakang-mcf_Applicant.jpeg
nomorrumah-mcf;2025053022024567652576_nomorrumah-mcf_Applicant.jpeg
rumahjalan-mcf;2025053022024567652576_rumahjalan-mcf_Applicant.jpeg
tempatusahadepan-mcf;2025052922023528930933_tempatusahadepan-mcf_Applicant.jpeg
pbbrekening-mcf;2025050522024212094786_pbbrekening-mcf_Applicant.jpeg
pricelist-mcf;2025052922023528930933_pricelist-mcf_Applicant.jpeg
pasanganttdcmo-mcf;2025052922023528930933_pasanganttdcmo-mcf_Applicant.jpeg
nasabahttdcmo-mcf;2025052922023528930933_nasabahttdcmo-mcf_Applicant.jpeg
kksuratnikah-mcf;2025050522024212094786_kksuratnikah-mcf_Applicant.jpeg
buktikepemilikanusaha-mcf;2025053022021112648779_buktikepemilikanusaha-mcf_Applicant.jpeg
kksuratnikah-mcf;2025053022021112648779_kksuratnikah-mcf_Applicant.jpeg
buktipenghasilanusaha-mcf;2025053022021112648779_buktipenghasilanusaha-mcf_Applicant.jpeg
allobank-mcf;2025053022021112648779_allobank-mcf_Applicant.jpeg
halamandepanbukutabungan-mcf;2025053022021112648779_halamandepanbukutabungan-mcf_Applicant.jpeg
fpkdepan-mcf;2025053022021112648779_fpkdepan-mcf_Applicant.jpeg
fpkbelakang-mcf;2025053022021112648779_fpkbelakang-mcf_Applicant.jpeg
nomorrumah-mcf;2025053022021112648779_nomorrumah-mcf_Applicant.jpeg
perizinanusaha-mcf;2025053022023253970696_perizinanusaha-mcf_Applicant.jpeg
perizinanusaha-mcf;2025053022024567652576_perizinanusaha-mcf_Applicant.jpeg
nomorrumah-mcf;2025053022023253970696_nomorrumah-mcf_Applicant.jpeg
rumahjalan-mcf;2025053022023253970696_rumahjalan-mcf_Applicant.jpeg
buktikepemilikanusaha-mcf;2025053022024566253168_buktikepemilikanusaha-mcf_Applicant.jpeg
kksuratnikah-mcf;2025053022024566253168_kksuratnikah-mcf_Applicant.jpeg
buktipenghasilanusaha-mcf;2025053022024566253168_buktipenghasilanusaha-mcf_Applicant.jpeg
allobank-mcf;2025053022024566253168_allobank-mcf_Applicant.jpeg
halamandepanbukutabungan-mcf;2025053022024566253168_halamandepanbukutabungan-mcf_Applicant.jpeg
fpkdepan-mcf;2025053022024566253168_fpkdepan-mcf_Applicant.jpeg
fpkbelakang-mcf;2025053022024566253168_fpkbelakang-mcf_Applicant.jpeg
nomorrumah-mcf;2025053022024566253168_nomorrumah-mcf_Applicant.jpeg
rumahjalan-mcf;2025053022024566253168_rumahjalan-mcf_Applicant.jpeg
dalamrumah-mcf;2025053022024566253168_dalamrumah-mcf_Applicant.jpeg
tempatusahadepan-mcf;2025053022024566253168_tempatusahadepan-mcf_Applicant.jpeg
pricelist-mcf;2025053022024566253168_pricelist-mcf_Applicant.jpeg
buktikepemilikanusaha-mcf;2025053022023253970696_buktikepemilikanusaha-mcf_Applicant.jpeg
kksuratnikah-mcf;2025053022023253970696_kksuratnikah-mcf_Applicant.jpeg
dalamrumah-mcf;2025053022024567652576_dalamrumah-mcf_Applicant.jpeg
buktipenghasilanusaha-mcf;2025053022023253970696_buktipenghasilanusaha-mcf_Applicant.jpeg
allobank-mcf;2025053022023253970696_allobank-mcf_Applicant.jpeg
halamandepanbukutabungan-mcf;2025053022023253970696_halamandepanbukutabungan-mcf_Applicant.jpeg
fpkdepan-mcf;2025053022023253970696_fpkdepan-mcf_Applicant.jpeg
tempatusahadepan-mcf;2025053022024567652576_tempatusahadepan-mcf_Applicant.jpeg
fpkbelakang-mcf;2025053022023253970696_fpkbelakang-mcf_Applicant.jpeg
pricelist-mcf;2025053022024567652576_pricelist-mcf_Applicant.jpeg
dalamrumah-mcf;2025053022023253970696_dalamrumah-mcf_Applicant.jpeg
pricelist-mcf;2025053022023253970696_pricelist-mcf_Applicant.jpeg
pasanganttdcmo-mcf;2025053022024567652576_pasanganttdcmo-mcf_Applicant.jpeg
pasanganttdcmo-mcf;2025053022023253970696_pasanganttdcmo-mcf_Applicant.jpeg
nasabahttdcmo-mcf;2025053022023253970696_nasabahttdcmo-mcf_Applicant.jpeg
nasabahttdcmo-mcf;2025053022024567652576_nasabahttdcmo-mcf_Applicant.jpeg
fpkbelakang-mcf;20250530925006647943_fpkbelakang-mcf_Applicant.jpeg
nomorrumah-mcf;20250530925006647943_nomorrumah-mcf_Applicant.jpeg
rumahjalan-mcf;20250530925006647943_rumahjalan-mcf_Applicant.jpeg
dalamrumah-mcf;20250530925006647943_dalamrumah-mcf_Applicant.jpeg
tempatusahadepan-mcf;20250530925006647943_tempatusahadepan-mcf_Applicant.jpeg
bpkbdepan-mcf;20250530925006647943_bpkbdepan-mcf_Applicant.jpeg
bpkbbelakang-mcf;20250530925006647943_bpkbbelakang-mcf_Applicant.jpeg
stnkpajak-mcf;20250530925006647943_stnkpajak-mcf_Applicant.jpeg
unitdepankanan-mcf;20250530925006647943_unitdepankanan-mcf_Applicant.jpeg
unitdepankiri-mcf;20250530925006647943_unitdepankiri-mcf_Applicant.jpeg
rangkanomesin-mcf;20250530925006647943_rangkanomesin-mcf_Applicant.jpeg
pbbrekening-mcf;2025053022023277477067_pbbrekening-mcf_Applicant.jpeg
pasanganttdcmo-mcf;20250530925006647943_pasanganttdcmo-mcf_Applicant.jpeg
allobank-mcf;2025053022023277477067_allobank-mcf_Applicant.jpeg
nasabahttdcmo-mcf;20250530925006647943_nasabahttdcmo-mcf_Applicant.jpeg
rumahjalan-mcf;2025053022024391233932_rumahjalan-mcf_Applicant.jpeg
rangkanomesin-mcf;2025053022022055579442_rangkanomesin-mcf_Applicant.jpeg
halamandepanbukutabungan-mcf;2025053022025093073571_halamandepanbukutabungan-mcf_Applicant.jpeg
pasanganttdcmo-mcf;2025053022022055579442_pasanganttdcmo-mcf_Applicant.jpeg
fpkdepan-mcf;2025053022025093073571_fpkdepan-mcf_Applicant.jpeg
dalamrumah-mcf;2025053022024391233932_dalamrumah-mcf_Applicant.jpeg
fpkbelakang-mcf;2025053022025093073571_fpkbelakang-mcf_Applicant.jpeg
tempatusahadepan-mcf;2025053022024391233932_tempatusahadepan-mcf_Applicant.jpeg
nasabahttdcmo-mcf;2025053022022055579442_nasabahttdcmo-mcf_Applicant.jpeg
bpkbdepan-mcf;2025053022024391233932_bpkbdepan-mcf_Applicant.jpeg
bpkbbelakang-mcf;2025053022024391233932_bpkbbelakang-mcf_Applicant.jpeg
stnkpajak-mcf;2025053022024391233932_stnkpajak-mcf_Applicant.jpeg
pricelist-mcf;2025053022025093073571_pricelist-mcf_Applicant.jpeg
unitdepankanan-mcf;2025053022024391233932_unitdepankanan-mcf_Applicant.jpeg
buktipenghasilanusaha-mcf;2025053022024161120503_buktipenghasilanusaha-mcf_Applicant.jpeg
perizinanusaha-mcf;2025053022024161120503_perizinanusaha-mcf_Applicant.jpeg
allobank-mcf;2025053022024161120503_allobank-mcf_Applicant.jpeg
rumahjalan-mcf;2025053022024161120503_rumahjalan-mcf_Applicant.jpeg
nasabahttdcmo-mcf;2025053022024161120503_nasabahttdcmo-mcf_Applicant.jpeg
pbbrekening-mcf;2025053022024566233221_pbbrekening-mcf_Applicant.jpeg
kksuratnikah-mcf;2025053022024566233221_kksuratnikah-mcf_Applicant.jpeg
salaryslip-mcf;2025053022024566233221_salaryslip-mcf_Applicant.jpeg
allobank-mcf;2025053022024566233221_allobank-mcf_Applicant.jpeg
halamandepanbukutabungan-mcf;2025053022024566233221_halamandepanbukutabungan-mcf_Applicant.jpeg
fpkdepan-mcf;2025053022024566233221_fpkdepan-mcf_Applicant.jpeg
fpkbelakang-mcf;2025053022024566233221_fpkbelakang-mcf_Applicant.jpeg
nomorrumah-mcf;2025053022024566233221_nomorrumah-mcf_Applicant.jpeg
rumahjalan-mcf;2025053022024566233221_rumahjalan-mcf_Applicant.jpeg
dalamrumah-mcf;2025053022024566233221_dalamrumah-mcf_Applicant.jpeg
tempatusahadepan-mcf;2025053022024566233221_tempatusahadepan-mcf_Applicant.jpeg
pricelist-mcf;2025053022024566233221_pricelist-mcf_Applicant.jpeg
pasanganttdcmo-mcf;2025053022024566253168_pasanganttdcmo-mcf_Applicant.jpeg
nasabahttdcmo-mcf;2025053022024566253168_nasabahttdcmo-mcf_Applicant.jpeg
perizinanusaha-mcf;2025053022024566253168_perizinanusaha-mcf_Applicant.jpeg
buktikepemilikanusaha-mcf;2025053022024161120503_buktikepemilikanusaha-mcf_Applicant.jpeg
kksuratnikah-mcf;2025053022024161120503_kksuratnikah-mcf_Applicant.jpeg
pricelist-mcf;2025053022024161120503_pricelist-mcf_Applicant.jpeg
pasanganttdcmo-mcf;2025053022024161120503_pasanganttdcmo-mcf_Applicant.jpeg
fpkdepan-mcf;2025053022024161120503_fpkdepan-mcf_Applicant.jpeg
tempatusahadepan-mcf;2025053022024161120503_tempatusahadepan-mcf_Applicant.jpeg
dalamrumah-mcf;2025053022024161120503_dalamrumah-mcf_Applicant.jpeg
halamandepanbukutabungan-mcf;2025053022024161120503_halamandepanbukutabungan-mcf_Applicant.jpeg
fpkbelakang-mcf;2025053022024161120503_fpkbelakang-mcf_Applicant.jpeg
nomorrumah-mcf;2025053022024161120503_nomorrumah-mcf_Applicant.jpeg
rumahjalan-mcf;2025053022024017198524_rumahjalan-mcf_Applicant.jpeg
pasanganttdcmo-mcf;2025053022023540695025_pasanganttdcmo-mcf_Applicant.jpeg
dalamrumah-mcf;2025053022024017198524_dalamrumah-mcf_Applicant.jpeg
tempatusahadepan-mcf;2025053022024017198524_tempatusahadepan-mcf_Applicant.jpeg
pricelist-mcf;2025053022024017198524_pricelist-mcf_Applicant.jpeg
pasanganttdcmo-mcf;2025053022024017198524_pasanganttdcmo-mcf_Applicant.jpeg
nasabahttdcmo-mcf;2025053022024017198524_nasabahttdcmo-mcf_Applicant.jpeg
pbbrekening-mcf;2025053022025142447355_pbbrekening-mcf_Applicant.jpeg
kksuratnikah-mcf;2025053022025142447355_kksuratnikah-mcf_Applicant.jpeg
salaryslip-mcf;2025053022025142447355_salaryslip-mcf_Applicant.jpeg
allobank-mcf;2025053022025142447355_allobank-mcf_Applicant.jpeg
halamandepanbukutabungan-mcf;2025053022025142447355_halamandepanbukutabungan-mcf_Applicant.jpeg
fpkdepan-mcf;2025053022025142447355_fpkdepan-mcf_Applicant.jpeg
fpkbelakang-mcf;2025053022025142447355_fpkbelakang-mcf_Applicant.jpeg
nomorrumah-mcf;2025053022025142447355_nomorrumah-mcf_Applicant.jpeg
rumahjalan-mcf;2025053022025142447355_rumahjalan-mcf_Applicant.jpeg
dalamrumah-mcf;2025053022025142447355_dalamrumah-mcf_Applicant.jpeg
pricelist-mcf;2025053022025142447355_pricelist-mcf_Applicant.jpeg
tempatusahadepan-mcf;2025053022025142447355_tempatusahadepan-mcf_Applicant.jpeg
pasanganttdcmo-mcf;2025053022025142447355_pasanganttdcmo-mcf_Applicant.jpeg
nasabahttdcmo-mcf;2025053022025142447355_nasabahttdcmo-mcf_Applicant.jpeg
nasabahttdcmo-mcf;2025053022025162390880_nasabahttdcmo-mcf_Applicant.jpeg
pasanganttdcmo-mcf;2025053022025162390880_pasanganttdcmo-mcf_Applicant.jpeg
pricelist-mcf;2025053022025162390880_pricelist-mcf_Applicant.jpeg
rumahjalan-mcf;2025053022025162390880_rumahjalan-mcf_Applicant.jpeg
rumahdepan-mcf;2025053022025162390880_rumahdepan-mcf_Applicant.jpeg
nasabahttdcmo-mcf;2025053022024566233221_nasabahttdcmo-mcf_Applicant.jpeg
pasanganttdcmo-mcf;2025053022024566233221_pasanganttdcmo-mcf_Applicant.jpeg
pbbrekening-mcf;2025053022024017198524_pbbrekening-mcf_Applicant.jpeg
kksuratnikah-mcf;2025053022024017198524_kksuratnikah-mcf_Applicant.jpeg
salaryslip-mcf;2025053022024017198524_salaryslip-mcf_Applicant.jpeg
allobank-mcf;2025053022024017198524_allobank-mcf_Applicant.jpeg
halamandepanbukutabungan-mcf;2025053022024017198524_halamandepanbukutabungan-mcf_Applicant.jpeg
fpkdepan-mcf;2025053022024017198524_fpkdepan-mcf_Applicant.jpeg
nasabahttdcmo-mcf;2025053022023540695025_nasabahttdcmo-mcf_Applicant.jpeg
fpkbelakang-mcf;2025053022024017198524_fpkbelakang-mcf_Applicant.jpeg
nomorrumah-mcf;2025053022024017198524_nomorrumah-mcf_Applicant.jpeg
dalamrumah-mcf;2025053022025162390880_dalamrumah-mcf_Applicant.jpeg
tempatusahadepan-mcf;2025053022025162390880_tempatusahadepan-mcf_Applicant.jpeg
pbbrekening-mcf;2025053022025162390880_pbbrekening-mcf_Applicant.jpeg
salaryslip-mcf;2025053022025162390880_salaryslip-mcf_Applicant.jpeg
halamandepanbukutabungan-mcf;2025053022025162390880_halamandepanbukutabungan-mcf_Applicant.jpeg
allobank-mcf;2025053022025162390880_allobank-mcf_Applicant.jpeg
kksuratnikah-mcf;2025053022025162390880_kksuratnikah-mcf_Applicant.jpeg
fpkdepan-mcf;2025053022025162390880_fpkdepan-mcf_Applicant.jpeg
fpkbelakang-mcf;2025053022025162390880_fpkbelakang-mcf_Applicant.jpeg
halamandepanbukutabungan-mcf;2025053022022698084888_halamandepanbukutabungan-mcf_Applicant.jpeg
pbbrekening-mcf;2025053022022698084888_pbbrekening-mcf_Applicant.jpeg
allobank-mcf;2025053022022698084888_allobank-mcf_Applicant.jpeg
kksuratnikah-mcf;2025053022022698084888_kksuratnikah-mcf_Applicant.jpeg
pricelist-mcf;2025053022022698084888_pricelist-mcf_Applicant.jpeg
nomorrumah-mcf;2025053022023598365530_nomorrumah-mcf_Applicant.jpeg
rumahjalan-mcf;2025053022023598365530_rumahjalan-mcf_Applicant.jpeg
dalamrumah-mcf;2025053022023598365530_dalamrumah-mcf_Applicant.jpeg
tempatusahadepan-mcf;2025053022023598365530_tempatusahadepan-mcf_Applicant.jpeg
pasanganttdcmo-mcf;2025053022023598365530_pasanganttdcmo-mcf_Applicant.jpeg
nasabahttdcmo-mcf;2025053022023598365530_nasabahttdcmo-mcf_Applicant.jpeg
kksuratnikah-mcf;2025053022023540695025_kksuratnikah-mcf_Applicant.jpeg
salaryslip-mcf;2025053022023540695025_salaryslip-mcf_Applicant.jpeg
halamandepanbukutabungan-mcf;2025053022023540695025_halamandepanbukutabungan-mcf_Applicant.jpeg
dalamrumah-mcf;2025053022023540695025_dalamrumah-mcf_Applicant.jpeg
pbbrekening-mcf;2025053022025022055656_pbbrekening-mcf_Applicant.jpeg
salaryslip-mcf;2025053022022698084888_salaryslip-mcf_Applicant.jpeg
fpkbelakang-mcf;2025053022022698084888_fpkbelakang-mcf_Applicant.jpeg
fpkdepan-mcf;2025053022022698084888_fpkdepan-mcf_Applicant.jpeg
nomorrumah-mcf;2025053022022698084888_nomorrumah-mcf_Applicant.jpeg
rumahjalan-mcf;2025053022022698084888_rumahjalan-mcf_Applicant.jpeg
dalamrumah-mcf;2025053022022698084888_dalamrumah-mcf_Applicant.jpeg
tempatusahadepan-mcf;2025053022022698084888_tempatusahadepan-mcf_Applicant.jpeg
pasanganttdcmo-mcf;2025053022022698084888_pasanganttdcmo-mcf_Applicant.jpeg
nasabahttdcmo-mcf;2025053022022698084888_nasabahttdcmo-mcf_Applicant.jpeg
pricelist-mcf;2025053022023540695025_pricelist-mcf_Applicant.jpeg
pbbrekening-mcf;2025053022023598365530_pbbrekening-mcf_Applicant.jpeg
kksuratnikah-mcf;2025053022023598365530_kksuratnikah-mcf_Applicant.jpeg
allobank-mcf;2025053022023598365530_allobank-mcf_Applicant.jpeg
halamandepanbukutabungan-mcf;2025053022023598365530_halamandepanbukutabungan-mcf_Applicant.jpeg
fpkdepan-mcf;2025053022023598365530_fpkdepan-mcf_Applicant.jpeg
fpkbelakang-mcf;2025053022023598365530_fpkbelakang-mcf_Applicant.jpeg
pricelist-mcf;2025053022023598365530_pricelist-mcf_Applicant.jpeg
salaryslip-mcf;2025053022023598365530_salaryslip-mcf_Applicant.jpeg
fpkdepan-mcf;2025053022023598348257_fpkdepan-mcf_Applicant.jpeg
fpkbelakang-mcf;2025053022023598348257_fpkbelakang-mcf_Applicant.jpeg
nomorrumah-mcf;2025053022023598348257_nomorrumah-mcf_Applicant.jpeg
rumahjalan-mcf;2025053022023598348257_rumahjalan-mcf_Applicant.jpeg
dalamrumah-mcf;2025053022023598348257_dalamrumah-mcf_Applicant.jpeg
tempatusahadepan-mcf;2025053022023598348257_tempatusahadepan-mcf_Applicant.jpeg
pricelist-mcf;2025053022023598348257_pricelist-mcf_Applicant.jpeg
pasanganttdcmo-mcf;2025053022023598348257_pasanganttdcmo-mcf_Applicant.jpeg
nasabahttdcmo-mcf;2025053022023598348257_nasabahttdcmo-mcf_Applicant.jpeg
allobank-mcf;2025053022023540695025_allobank-mcf_Applicant.jpeg
fpkbelakang-mcf;2025053022023540695025_fpkbelakang-mcf_Applicant.jpeg
fpkdepan-mcf;2025053022023540695025_fpkdepan-mcf_Applicant.jpeg
pbbrekening-mcf;2025053022023540695025_pbbrekening-mcf_Applicant.jpeg
pbbrekening-mcf;2025053022024004531354_pbbrekening-mcf_Applicant.jpeg
kksuratnikah-mcf;2025053022025022055656_kksuratnikah-mcf_Applicant.jpeg
salaryslip-mcf;2025053022025022055656_salaryslip-mcf_Applicant.jpeg
halamandepanbukutabungan-mcf;2025053022025022055656_halamandepanbukutabungan-mcf_Applicant.jpeg
pricelist-mcf;2025053022025022055656_pricelist-mcf_Applicant.jpeg
dalamrumah-mcf;2025053022025022055656_dalamrumah-mcf_Applicant.jpeg
perizinanusaha-mcf;2025053022025022055656_perizinanusaha-mcf_Applicant.jpeg
fpkbelakang-mcf;2025053022025022055656_fpkbelakang-mcf_Applicant.jpeg
fpkdepan-mcf;2025053022025022055656_fpkdepan-mcf_Applicant.jpeg
pasanganttdcmo-mcf;2025053022025022055656_pasanganttdcmo-mcf_Applicant.jpeg
nasabahttdcmo-mcf;2025053022025022055656_nasabahttdcmo-mcf_Applicant.jpeg
tempatusahadepan-mcf;2025053022025022055656_tempatusahadepan-mcf_Applicant.jpeg
nomorrumah-mcf;2025053022025022055656_nomorrumah-mcf_Applicant.jpeg
rumahjalan-mcf;2025053022025022055656_rumahjalan-mcf_Applicant.jpeg
pbbrekening-mcf;2025053022023598348257_pbbrekening-mcf_Applicant.jpeg
kksuratnikah-mcf;2025053022023598348257_kksuratnikah-mcf_Applicant.jpeg
salaryslip-mcf;2025053022023598348257_salaryslip-mcf_Applicant.jpeg
allobank-mcf;2025053022023598348257_allobank-mcf_Applicant.jpeg
halamandepanbukutabungan-mcf;2025053022023598348257_halamandepanbukutabungan-mcf_Applicant.jpeg
rumahjalan-mcf;2025053022023540695025_rumahjalan-mcf_Applicant.jpeg
nomorrumah-mcf;2025053022023540695025_nomorrumah-mcf_Applicant.jpeg
tempatusahadepan-mcf;2025053022023540695025_tempatusahadepan-mcf_Applicant.jpeg
bpkbdepan-mcf;2025053022023540695025_bpkbdepan-mcf_Applicant.jpeg
bpkbbelakang-mcf;2025053022023540695025_bpkbbelakang-mcf_Applicant.jpeg
stnkpajak-mcf;2025053022023540695025_stnkpajak-mcf_Applicant.jpeg
unitdepankanan-mcf;2025053022023540695025_unitdepankanan-mcf_Applicant.jpeg
unitdepankiri-mcf;2025053022023540695025_unitdepankiri-mcf_Applicant.jpeg
rangkanomesin-mcf;2025053022023540695025_rangkanomesin-mcf_Applicant.jpeg
rumahjalan-mcf;2025053022024004531354_rumahjalan-mcf_Applicant.jpeg
nomorrumah-mcf;2025053022024004531354_nomorrumah-mcf_Applicant.jpeg
tempatusahadepan-mcf;2025053022024004531354_tempatusahadepan-mcf_Applicant.jpeg
dalamrumah-mcf;2025053022024004531354_dalamrumah-mcf_Applicant.jpeg
tempatusahadepan-mcf;2025053022021341110497_tempatusahadepan-mcf_Applicant.jpeg
pbbrekening-mcf;2025053022023233547690_pbbrekening-mcf_Applicant.jpeg
kksuratnikah-mcf;2025053022023233547690_kksuratnikah-mcf_Applicant.jpeg
salaryslip-mcf;2025053022023233547690_salaryslip-mcf_Applicant.jpeg
allobank-mcf;2025053022023233547690_allobank-mcf_Applicant.jpeg
halamandepanbukutabungan-mcf;2025053022023233547690_halamandepanbukutabungan-mcf_Applicant.jpeg
fpkdepan-mcf;2025053022023233547690_fpkdepan-mcf_Applicant.jpeg
allobank-mcf;2025053022024004531354_allobank-mcf_Applicant.jpeg
kksuratnikah-mcf;2025053022024004531354_kksuratnikah-mcf_Applicant.jpeg
fpkbelakang-mcf;2025053022023233547690_fpkbelakang-mcf_Applicant.jpeg
salaryslip-mcf;2025053022024004531354_salaryslip-mcf_Applicant.jpeg
halamandepanbukutabungan-mcf;2025053022024004531354_halamandepanbukutabungan-mcf_Applicant.jpeg
nomorrumah-mcf;2025053022023233547690_nomorrumah-mcf_Applicant.jpeg
rumahjalan-mcf;2025053022023233547690_rumahjalan-mcf_Applicant.jpeg
dalamrumah-mcf;2025053022023233547690_dalamrumah-mcf_Applicant.jpeg
tempatusahadepan-mcf;2025053022023233547690_tempatusahadepan-mcf_Applicant.jpeg
pricelist-mcf;2025053022023233547690_pricelist-mcf_Applicant.jpeg
salaryslip-mcf;2025053022025103846950_salaryslip-mcf_Applicant.jpeg
fpkdepan-mcf;2025053022025103846950_fpkdepan-mcf_Applicant.jpeg
fpkbelakang-mcf;2025053022025103846950_fpkbelakang-mcf_Applicant.jpeg
halamandepanbukutabungan-mcf;2025053022025103846950_halamandepanbukutabungan-mcf_Applicant.jpeg
nomorrumah-mcf;2025053022025103846950_nomorrumah-mcf_Applicant.jpeg
rumahjalan-mcf;2025053022025103846950_rumahjalan-mcf_Applicant.jpeg
dalamrumah-mcf;2025053022025103846950_dalamrumah-mcf_Applicant.jpeg
tempatusahadepan-mcf;2025053022025103846950_tempatusahadepan-mcf_Applicant.jpeg
pricelist-mcf;2025053022025103846950_pricelist-mcf_Applicant.jpeg
pasanganttdcmo-mcf;2025053022025103846950_pasanganttdcmo-mcf_Applicant.jpeg
nasabahttdcmo-mcf;2025053022025103846950_nasabahttdcmo-mcf_Applicant.jpeg
perizinanusaha-mcf;2025053022025103846950_perizinanusaha-mcf_Applicant.jpeg
salaryslip-mcf;2025053022024272136937_salaryslip-mcf_Applicant.jpeg
halamandepanbukutabungan-mcf;2025053022024272136937_halamandepanbukutabungan-mcf_Applicant.jpeg
pbbrekening-mcf;2025053022021178753434_pbbrekening-mcf_Applicant.jpeg
pasanganttdcmo-mcf;2025053022024004531354_pasanganttdcmo-mcf_Applicant.jpeg
nasabahttdcmo-mcf;2025053022024004531354_nasabahttdcmo-mcf_Applicant.jpeg
pbbrekening-mcf;2025053022021341110497_pbbrekening-mcf_Applicant.jpeg
salaryslip-mcf;2025053022021341110497_salaryslip-mcf_Applicant.jpeg
allobank-mcf;2025053022021341110497_allobank-mcf_Applicant.jpeg
kksuratnikah-mcf;2025053022021341110497_kksuratnikah-mcf_Applicant.jpeg
halamandepanbukutabungan-mcf;2025053022021341110497_halamandepanbukutabungan-mcf_Applicant.jpeg
dalamrumah-mcf;2025053022021341110497_dalamrumah-mcf_Applicant.jpeg
fpkdepan-mcf;2025053022021341110497_fpkdepan-mcf_Applicant.jpeg
fpkbelakang-mcf;2025053022021341110497_fpkbelakang-mcf_Applicant.jpeg
pricelist-mcf;2025053022021341110497_pricelist-mcf_Applicant.jpeg
pasanganttdcmo-mcf;2025053022021341110497_pasanganttdcmo-mcf_Applicant.jpeg
nasabahttdcmo-mcf;2025053022021341110497_nasabahttdcmo-mcf_Applicant.jpeg
nomorrumah-mcf;2025053022021341110497_nomorrumah-mcf_Applicant.jpeg
rumahjalan-mcf;2025053022021341110497_rumahjalan-mcf_Applicant.jpeg
pasanganttdcmo-mcf;2025053022023233547690_pasanganttdcmo-mcf_Applicant.jpeg
nasabahttdcmo-mcf;2025053022023233547690_nasabahttdcmo-mcf_Applicant.jpeg
pbbrekening-mcf;2025053022023078653065_pbbrekening-mcf_Applicant.jpeg
kksuratnikah-mcf;2025053022023078653065_kksuratnikah-mcf_Applicant.jpeg
salaryslip-mcf;2025053022023078653065_salaryslip-mcf_Applicant.jpeg
allobank-mcf;2025053022023078653065_allobank-mcf_Applicant.jpeg
halamandepanbukutabungan-mcf;2025053022023078653065_halamandepanbukutabungan-mcf_Applicant.jpeg
fpkdepan-mcf;2025053022023078653065_fpkdepan-mcf_Applicant.jpeg
fpkbelakang-mcf;2025053022023078653065_fpkbelakang-mcf_Applicant.jpeg
rangkanomesin-mcf;2025053022023078653065_rangkanomesin-mcf_Applicant.jpeg
nomorrumah-mcf;2025053022023078653065_nomorrumah-mcf_Applicant.jpeg
rumahjalan-mcf;2025053022023078653065_rumahjalan-mcf_Applicant.jpeg
kksuratnikah-mcf;2025053022024212041942_kksuratnikah-mcf_Applicant.jpeg
allobank-mcf;2025053022024212041942_allobank-mcf_Applicant.jpeg
halamandepanbukutabungan-mcf;2025053022024212041942_halamandepanbukutabungan-mcf_Applicant.jpeg
fpkdepan-mcf;2025053022024212041942_fpkdepan-mcf_Applicant.jpeg
fpkbelakang-mcf;2025053022024212041942_fpkbelakang-mcf_Applicant.jpeg
dalamrumah-mcf;2025053022024212041942_dalamrumah-mcf_Applicant.jpeg
pasanganttdcmo-mcf;2025053022024212041942_pasanganttdcmo-mcf_Applicant.jpeg
pricelist-mcf;2025053022024212041942_pricelist-mcf_Applicant.jpeg
tempatusahadepan-mcf;2025053022024212041942_tempatusahadepan-mcf_Applicant.jpeg
nasabahttdcmo-mcf;2025053022024212041942_nasabahttdcmo-mcf_Applicant.jpeg
rumahdepan-mcf;2025053022024212041942_rumahdepan-mcf_Applicant.jpeg
rumahjalan-mcf;2025053022024212041942_rumahjalan-mcf_Applicant.jpeg
pbbrekening-mcf;2025053022022016830590_pbbrekening-mcf_Applicant.jpeg
kksuratnikah-mcf;2025053022022016830590_kksuratnikah-mcf_Applicant.jpeg
salaryslip-mcf;2025053022022016830590_salaryslip-mcf_Applicant.jpeg
halamandepanbukutabungan-mcf;2025053022024272175115_halamandepanbukutabungan-mcf_Applicant.jpeg
nasabahttdcmo-mcf;2025053022022016830590_nasabahttdcmo-mcf_Applicant.jpeg
pasanganttdcmo-mcf;2025053022022016830590_pasanganttdcmo-mcf_Applicant.jpeg
tempatusahadepan-mcf;2025053022022016830590_tempatusahadepan-mcf_Applicant.jpeg
tempatusahadepan-mcf;2025053022023253970696_tempatusahadepan-mcf_Applicant.jpeg
salaryslip-mcf;2025053122022543728125_salaryslip-mcf_Applicant.jpeg
allobank-mcf;2025053122022543728125_allobank-mcf_Applicant.jpeg
halamandepanbukutabungan-mcf;2025053122022543728125_halamandepanbukutabungan-mcf_Applicant.jpeg
pbbrekening-mcf;2025053122022543728125_pbbrekening-mcf_Applicant.jpeg
kksuratnikah-mcf;2025053122022543728125_kksuratnikah-mcf_Applicant.jpeg
fpkbelakang-mcf;2025053122022543728125_fpkbelakang-mcf_Applicant.jpeg
fpkdepan-mcf;2025053122022543728125_fpkdepan-mcf_Applicant.jpeg
nomorrumah-mcf;2025053122022543728125_nomorrumah-mcf_Applicant.jpeg
rumahjalan-mcf;2025053122022543728125_rumahjalan-mcf_Applicant.jpeg
dalamrumah-mcf;2025053122022543728125_dalamrumah-mcf_Applicant.jpeg
tempatusahadepan-mcf;2025053122022543728125_tempatusahadepan-mcf_Applicant.jpeg
pricelist-mcf;2025053122022543728125_pricelist-mcf_Applicant.jpeg
pasanganttdcmo-mcf;2025053122022543728125_pasanganttdcmo-mcf_Applicant.jpeg
nasabahttdcmo-mcf;2025053122022543728125_nasabahttdcmo-mcf_Applicant.jpeg
rangkanomesin-mcf;2025052822024545711639_rangkanomesin-mcf_Applicant.jpeg
nasabahttdcmo-mcf;2025052922024545757874_nasabahttdcmo-mcf_Applicant.jpeg
pasanganttdcmo-mcf;2025052922024545757874_pasanganttdcmo-mcf_Applicant.jpeg
unitdepankanan-mcf;2025052922024545757874_unitdepankanan-mcf_Applicant.jpeg
unitdepankiri-mcf;2025052922024545757874_unitdepankiri-mcf_Applicant.jpeg
rumahdepan-mcf;2025052922024545757874_rumahdepan-mcf_Applicant.jpeg
rumahjalan-mcf;2025052922024545757874_rumahjalan-mcf_Applicant.jpeg
dalamrumah-mcf;2025052922024545757874_dalamrumah-mcf_Applicant.jpeg
tempatusahadepan-mcf;2025052922024545757874_tempatusahadepan-mcf_Applicant.jpeg
bpkbdepan-mcf;2025052922024545757874_bpkbdepan-mcf_Applicant.jpeg
bpkbbelakang-mcf;2025052922024545757874_bpkbbelakang-mcf_Applicant.jpeg
stnkpajak-mcf;2025052922024545757874_stnkpajak-mcf_Applicant.jpeg
allobank-mcf;2025053022022016830590_allobank-mcf_Applicant.jpeg
halamandepanbukutabungan-mcf;2025053022022016830590_halamandepanbukutabungan-mcf_Applicant.jpeg
kksuratnikah-mcf;2025053022024272175115_kksuratnikah-mcf_Applicant.jpeg
fpkdepan-mcf;2025053022022016830590_fpkdepan-mcf_Applicant.jpeg
fpkbelakang-mcf;2025053022022016830590_fpkbelakang-mcf_Applicant.jpeg
pricelist-mcf;2025053022022016830590_pricelist-mcf_Applicant.jpeg
pbbrekening-mcf;2025053022024272175115_pbbrekening-mcf_Applicant.jpeg
nomorrumah-mcf;2025053022022016830590_nomorrumah-mcf_Applicant.jpeg
rumahjalan-mcf;2025053022022016830590_rumahjalan-mcf_Applicant.jpeg
nasabahttdcmo-mcf;2025053022024272175115_nasabahttdcmo-mcf_Applicant.jpeg
pasanganttdcmo-mcf;2025053022024272175115_pasanganttdcmo-mcf_Applicant.jpeg
dalamrumah-mcf;2025053022024272175115_dalamrumah-mcf_Applicant.jpeg
dalamrumah-mcf;2025053022022016830590_dalamrumah-mcf_Applicant.jpeg
nomorrumah-mcf;2025053022024272175115_nomorrumah-mcf_Applicant.jpeg
rumahjalan-mcf;2025053022024272175115_rumahjalan-mcf_Applicant.jpeg
salaryslip-mcf;2025053022024272175115_salaryslip-mcf_Applicant.jpeg
pricelist-mcf;2025053022024272175115_pricelist-mcf_Applicant.jpeg
nasabahttdcmo-mcf;2025053022025093073571_nasabahttdcmo-mcf_Applicant.jpeg
salaryslip-mcf;2025053022025126287498_salaryslip-mcf_Applicant.jpeg
allobank-mcf;2025053022025126287498_allobank-mcf_Applicant.jpeg
halamandepanbukutabungan-mcf;2025053022025126287498_halamandepanbukutabungan-mcf_Applicant.jpeg
nomorrumah-mcf;2025053022025093073571_nomorrumah-mcf_Applicant.jpeg
rumahjalan-mcf;2025053022025093073571_rumahjalan-mcf_Applicant.jpeg
fpkdepan-mcf;2025053022025126287498_fpkdepan-mcf_Applicant.jpeg
fpkbelakang-mcf;2025053022025126287498_fpkbelakang-mcf_Applicant.jpeg
rumahjalan-mcf;2025053022025126287498_rumahjalan-mcf_Applicant.jpeg
dalamrumah-mcf;2025053022025093073571_dalamrumah-mcf_Applicant.jpeg
nomorrumah-mcf;2025053022025126287498_nomorrumah-mcf_Applicant.jpeg
dalamrumah-mcf;2025053022025126287498_dalamrumah-mcf_Applicant.jpeg
stnkpajak-mcf;2025053022025126287498_stnkpajak-mcf_Applicant.jpeg
tempatusahadepan-mcf;2025053022025093073571_tempatusahadepan-mcf_Applicant.jpeg
unitdepankanan-mcf;2025053022025126287498_unitdepankanan-mcf_Applicant.jpeg
dalamrumah-mcf;2025053022023078653065_dalamrumah-mcf_Applicant.jpeg
tempatusahadepan-mcf;2025053022023078653065_tempatusahadepan-mcf_Applicant.jpeg
stnkpajak-mcf;2025053022023078653065_stnkpajak-mcf_Applicant.jpeg
unitdepankanan-mcf;2025053022023078653065_unitdepankanan-mcf_Applicant.jpeg
unitdepankiri-mcf;2025053022023078653065_unitdepankiri-mcf_Applicant.jpeg
pasanganttdcmo-mcf;2025053022023078653065_pasanganttdcmo-mcf_Applicant.jpeg
nasabahttdcmo-mcf;2025053022023078653065_nasabahttdcmo-mcf_Applicant.jpeg
bpkbdepan-mcf;2025053022023078653065_bpkbdepan-mcf_Applicant.jpeg
bpkbbelakang-mcf;2025053022023078653065_bpkbbelakang-mcf_Applicant.jpeg
pbbrekening-mcf;2025053022024212041942_pbbrekening-mcf_Applicant.jpeg
salaryslip-mcf;2025053022024212041942_salaryslip-mcf_Applicant.jpeg
halamandepanbukutabungan-mcf;2025052322024200817882_halamandepanbukutabungan-mcf_Applicant.jpeg
fpkbelakang-mcf;2025052322024200817882_fpkbelakang-mcf_Applicant.jpeg
fpkdepan-mcf;2025052322024200817882_fpkdepan-mcf_Applicant.jpeg
tempatusahadepan-mcf;2025052322024200817882_tempatusahadepan-mcf_Applicant.jpeg
rumahdepan-mcf;2025052322024200817882_rumahdepan-mcf_Applicant.jpeg
pasanganttdcmo-mcf;2025052322024200817882_pasanganttdcmo-mcf_Applicant.jpeg
nasabahttdcmo-mcf;2025052322024200817882_nasabahttdcmo-mcf_Applicant.jpeg
allobank-mcf;2025052322024200817882_allobank-mcf_Applicant.jpeg
rumahjalan-mcf;2025052322024200817882_rumahjalan-mcf_Applicant.jpeg
salaryslip-mcf;2025052322024200817882_salaryslip-mcf_Applicant.jpeg
nomorrumah-mcf;2025052322024200817882_nomorrumah-mcf_Applicant.jpeg
dalamrumah-mcf;2025052322024200817882_dalamrumah-mcf_Applicant.jpeg
pricelist-mcf;2025052322024200817882_pricelist-mcf_Applicant.jpeg
buktipenghasilanusaha-mcf;2025052322024200817882_buktipenghasilanusaha-mcf_Applicant.jpeg
perizinanusaha-mcf;2025052322024200817882_perizinanusaha-mcf_Applicant.jpeg
buktikepemilikanusaha-mcf;2025052322024200817882_buktikepemilikanusaha-mcf_Applicant.jpeg
tempatusahadepan-mcf;2025052022024490832109_tempatusahadepan-mcf_Applicant.jpeg
rumahdepan-mcf;2025052022024490832109_rumahdepan-mcf_Applicant.jpeg
pasanganttdcmo-mcf;2025052022024490832109_pasanganttdcmo-mcf_Applicant.jpeg
nasabahttdcmo-mcf;2025052022024490832109_nasabahttdcmo-mcf_Applicant.jpeg
allobank-mcf;2025052022024490832109_allobank-mcf_Applicant.jpeg
rumahjalan-mcf;2025052022024490832109_rumahjalan-mcf_Applicant.jpeg
salaryslip-mcf;2025052022024490832109_salaryslip-mcf_Applicant.jpeg
nomorrumah-mcf;2025052022024490832109_nomorrumah-mcf_Applicant.jpeg
dalamrumah-mcf;2025052022024490832109_dalamrumah-mcf_Applicant.jpeg
pricelist-mcf;2025052022024490832109_pricelist-mcf_Applicant.jpeg
pbbrekening-mcf;2025051722024242762681_pbbrekening-mcf_Applicant.jpeg
kksuratnikah-mcf;2025051722024242762681_kksuratnikah-mcf_Applicant.jpeg
halamandepanbukutabungan-mcf;2025051722024242762681_halamandepanbukutabungan-mcf_Applicant.jpeg
fpkbelakang-mcf;2025051722024242762681_fpkbelakang-mcf_Applicant.jpeg
fpkdepan-mcf;2025051722024242762681_fpkdepan-mcf_Applicant.jpeg
tempatusahadepan-mcf;2025051722024242762681_tempatusahadepan-mcf_Applicant.jpeg
