Bucket;FileName
halamandepanbukutabungan-maf;2025050522016076367119_halamandepanbukutabungan-maf_Applicant.jpeg
fpkbelakang-maf;2025050522016076367119_fpkbelakang-maf_Applicant.jpeg
fpkdepan-maf;2025050522016076367119_fpkdepan-maf_Applicant.jpeg
tempatusahadepan-maf;2025050522016076367119_tempatusahadepan-maf_Applicant.jpeg
rumahdepan-maf;2025050522016076367119_rumahdepan-maf_Applicant.jpeg
pasanganttdcmo-maf;2025050522016076367119_pasanganttdcmo-maf_Applicant.jpeg
nasabahttdcmo-maf;2025050522016076367119_nasabahttdcmo-maf_Applicant.jpeg
allobank-maf;2025050522016076367119_allobank-maf_Applicant.jpeg
rumahjalan-maf;2025050522016076367119_rumahjalan-maf_Applicant.jpeg
bpkbdepan-maf;2025050522016076367119_bpkbdepan-maf_Applicant.jpeg
bpkbbelakang-maf;2025050522016076367119_bpkbbelakang-maf_Applicant.jpeg
stnkpajak-maf;2025050522016076367119_stnkpajak-maf_Applicant.jpeg
unitdepankanan-maf;2025050522016076367119_unitdepankanan-maf_Applicant.jpeg
unitdepankiri-maf;2025050522016076367119_unitdepankiri-maf_Applicant.jpeg
salaryslip-maf;2025050522016076367119_salaryslip-maf_Applicant.jpeg
nomorrumah-maf;2025050522016076367119_nomorrumah-maf_Applicant.jpeg
dalamrumah-maf;2025050522016076367119_dalamrumah-maf_Applicant.jpeg
rangkanomesin-maf;2025050522016076367119_rangkanomesin-maf_Applicant.jpeg
pbbrekening-maf;2025050322023267346333_pbbrekening-maf_Applicant.jpeg
kksuratnikah-maf;2025050322023267346333_kksuratnikah-maf_Applicant.jpeg
halamandepanbukutabungan-maf;2025050322023267346333_halamandepanbukutabungan-maf_Applicant.jpeg
fpkbelakang-maf;2025050522022677577691_fpkbelakang-maf_Applicant.jpeg
fpkdepan-maf;2025050522022677577691_fpkdepan-maf_Applicant.jpeg
tempatusahadepan-maf;2025050522022677577691_tempatusahadepan-maf_Applicant.jpeg
rumahdepan-maf;2025050522022677577691_rumahdepan-maf_Applicant.jpeg
pasanganttdcmo-maf;2025050522022677577691_pasanganttdcmo-maf_Applicant.jpeg
nasabahttdcmo-maf;2025050522022677577691_nasabahttdcmo-maf_Applicant.jpeg
allobank-maf;2025050522022677577691_allobank-maf_Applicant.jpeg
rumahjalan-maf;2025050522022677577691_rumahjalan-maf_Applicant.jpeg
bpkbdepan-maf;2025050522022677577691_bpkbdepan-maf_Applicant.jpeg
bpkbbelakang-maf;2025050522022677577691_bpkbbelakang-maf_Applicant.jpeg
stnkpajak-maf;2025050522022677577691_stnkpajak-maf_Applicant.jpeg
unitdepankanan-maf;2025050522022677577691_unitdepankanan-maf_Applicant.jpeg
unitdepankiri-maf;2025050522022677577691_unitdepankiri-maf_Applicant.jpeg
salaryslip-maf;2025050522022677577691_salaryslip-maf_Applicant.jpeg
nomorrumah-maf;2025050522022677577691_nomorrumah-maf_Applicant.jpeg
dalamrumah-maf;2025050522022677577691_dalamrumah-maf_Applicant.jpeg
rangkanomesin-maf;2025050522022677577691_rangkanomesin-maf_Applicant.jpeg
pbbrekening-maf;2025050522024338475913_pbbrekening-maf_Applicant.jpeg
kksuratnikah-maf;2025050522024338475913_kksuratnikah-maf_Applicant.jpeg
halamandepanbukutabungan-maf;2025050522024338475913_halamandepanbukutabungan-maf_Applicant.jpeg
fpkbelakang-maf;2025050522024338475913_fpkbelakang-maf_Applicant.jpeg
pbbrekening-maf;2025050522024338451430_pbbrekening-maf_Applicant.jpeg
kksuratnikah-maf;2025050522024338451430_kksuratnikah-maf_Applicant.jpeg
halamandepanbukutabungan-maf;2025050522024338451430_halamandepanbukutabungan-maf_Applicant.jpeg
fpkbelakang-maf;2025050522024338451430_fpkbelakang-maf_Applicant.jpeg
fpkdepan-maf;2025050522024338451430_fpkdepan-maf_Applicant.jpeg
tempatusahadepan-maf;2025050522024338451430_tempatusahadepan-maf_Applicant.jpeg
rumahdepan-maf;2025050522024338451430_rumahdepan-maf_Applicant.jpeg
pasanganttdcmo-maf;2025050522024338451430_pasanganttdcmo-maf_Applicant.jpeg
nasabahttdcmo-maf;2025050522024338451430_nasabahttdcmo-maf_Applicant.jpeg
allobank-maf;2025050522024338451430_allobank-maf_Applicant.jpeg
rumahjalan-maf;2025050522024338451430_rumahjalan-maf_Applicant.jpeg
bpkbdepan-maf;2025050522024338451430_bpkbdepan-maf_Applicant.jpeg
bpkbbelakang-maf;2025050522024338451430_bpkbbelakang-maf_Applicant.jpeg
stnkpajak-maf;2025050522024338451430_stnkpajak-maf_Applicant.jpeg
unitdepankanan-maf;2025050522024338451430_unitdepankanan-maf_Applicant.jpeg
unitdepankiri-maf;2025050522024338451430_unitdepankiri-maf_Applicant.jpeg
salaryslip-maf;2025050522024338451430_salaryslip-maf_Applicant.jpeg
nomorrumah-maf;2025050522024338451430_nomorrumah-maf_Applicant.jpeg
dalamrumah-maf;2025050522024338451430_dalamrumah-maf_Applicant.jpeg
rangkanomesin-maf;2025050522024338451430_rangkanomesin-maf_Applicant.jpeg
pbbrekening-maf;2025050522016076367119_pbbrekening-maf_Applicant.jpeg
kksuratnikah-maf;2025050522016076367119_kksuratnikah-maf_Applicant.jpeg
fpkbelakang-maf;2025050322023267346333_fpkbelakang-maf_Applicant.jpeg
fpkdepan-maf;2025050322023267346333_fpkdepan-maf_Applicant.jpeg
tempatusahadepan-maf;2025050322023267346333_tempatusahadepan-maf_Applicant.jpeg
rumahdepan-maf;2025050322023267346333_rumahdepan-maf_Applicant.jpeg
pasanganttdcmo-maf;2025050322023267346333_pasanganttdcmo-maf_Applicant.jpeg
nasabahttdcmo-maf;2025050322023267346333_nasabahttdcmo-maf_Applicant.jpeg
allobank-maf;2025050322023267346333_allobank-maf_Applicant.jpeg
rumahjalan-maf;2025050322023267346333_rumahjalan-maf_Applicant.jpeg
bpkbdepan-maf;2025050322023267346333_bpkbdepan-maf_Applicant.jpeg
bpkbbelakang-maf;2025050322023267346333_bpkbbelakang-maf_Applicant.jpeg
stnkpajak-maf;2025050322023267346333_stnkpajak-maf_Applicant.jpeg
unitdepankanan-maf;2025050322023267346333_unitdepankanan-maf_Applicant.jpeg
unitdepankiri-maf;2025050322023267346333_unitdepankiri-maf_Applicant.jpeg
salaryslip-maf;2025050322023267346333_salaryslip-maf_Applicant.jpeg
nomorrumah-maf;2025050322023267346333_nomorrumah-maf_Applicant.jpeg
dalamrumah-maf;2025050322023267346333_dalamrumah-maf_Applicant.jpeg
rangkanomesin-maf;2025050322023267346333_rangkanomesin-maf_Applicant.jpeg
pbbrekening-maf;2025050522022677577691_pbbrekening-maf_Applicant.jpeg
kksuratnikah-maf;2025050522022677577691_kksuratnikah-maf_Applicant.jpeg
halamandepanbukutabungan-maf;2025050522022677577691_halamandepanbukutabungan-maf_Applicant.jpeg
fpkdepan-maf;2025050522016076376518_fpkdepan-maf_Applicant.jpeg
tempatusahadepan-maf;2025050522016076376518_tempatusahadepan-maf_Applicant.jpeg
rumahdepan-maf;2025050522016076376518_rumahdepan-maf_Applicant.jpeg
pasanganttdcmo-maf;2025050522016076376518_pasanganttdcmo-maf_Applicant.jpeg
nasabahttdcmo-maf;2025050522016076376518_nasabahttdcmo-maf_Applicant.jpeg
allobank-maf;2025050522016076376518_allobank-maf_Applicant.jpeg
rumahjalan-maf;2025050522016076376518_rumahjalan-maf_Applicant.jpeg
bpkbdepan-maf;2025050522016076376518_bpkbdepan-maf_Applicant.jpeg
bpkbbelakang-maf;2025050522016076376518_bpkbbelakang-maf_Applicant.jpeg
stnkpajak-maf;2025050522016076376518_stnkpajak-maf_Applicant.jpeg
unitdepankanan-maf;2025050522016076376518_unitdepankanan-maf_Applicant.jpeg
unitdepankiri-maf;2025050522016076376518_unitdepankiri-maf_Applicant.jpeg
salaryslip-maf;2025050522016076376518_salaryslip-maf_Applicant.jpeg
nomorrumah-maf;2025050522016076376518_nomorrumah-maf_Applicant.jpeg
dalamrumah-maf;2025050522016076376518_dalamrumah-maf_Applicant.jpeg
buktipenghasilanusaha-maf;2025050522016076376518_buktipenghasilanusaha-maf_Applicant.jpeg
perizinanusaha-maf;2025050522016076376518_perizinanusaha-maf_Applicant.jpeg
buktikepemilikanusaha-maf;2025050522016076376518_buktikepemilikanusaha-maf_Applicant.jpeg
rangkanomesin-maf;2025050522016076376518_rangkanomesin-maf_Applicant.jpeg
pbbrekening-maf;2025050322022677532414_pbbrekening-maf_Applicant.jpeg
fpkdepan-maf;2025050522024338475913_fpkdepan-maf_Applicant.jpeg
tempatusahadepan-maf;2025050522024338475913_tempatusahadepan-maf_Applicant.jpeg
rumahdepan-maf;2025050522024338475913_rumahdepan-maf_Applicant.jpeg
pasanganttdcmo-maf;2025050522024338475913_pasanganttdcmo-maf_Applicant.jpeg
nasabahttdcmo-maf;2025050522024338475913_nasabahttdcmo-maf_Applicant.jpeg
allobank-maf;2025050522024338475913_allobank-maf_Applicant.jpeg
rumahjalan-maf;2025050522024338475913_rumahjalan-maf_Applicant.jpeg
bpkbdepan-maf;2025050522024338475913_bpkbdepan-maf_Applicant.jpeg
bpkbbelakang-maf;2025050522024338475913_bpkbbelakang-maf_Applicant.jpeg
stnkpajak-maf;2025050522024338475913_stnkpajak-maf_Applicant.jpeg
unitdepankanan-maf;2025050522024338475913_unitdepankanan-maf_Applicant.jpeg
unitdepankiri-maf;2025050522024338475913_unitdepankiri-maf_Applicant.jpeg
salaryslip-maf;2025050522024338475913_salaryslip-maf_Applicant.jpeg
nomorrumah-maf;2025050522024338475913_nomorrumah-maf_Applicant.jpeg
dalamrumah-maf;2025050522024338475913_dalamrumah-maf_Applicant.jpeg
buktipenghasilanusaha-maf;2025050522024338475913_buktipenghasilanusaha-maf_Applicant.jpeg
perizinanusaha-maf;2025050522024338475913_perizinanusaha-maf_Applicant.jpeg
buktikepemilikanusaha-maf;2025050522024338475913_buktikepemilikanusaha-maf_Applicant.jpeg
rangkanomesin-maf;2025050522024338475913_rangkanomesin-maf_Applicant.jpeg
pbbrekening-maf;2025050522016076376518_pbbrekening-maf_Applicant.jpeg
kksuratnikah-maf;2025050522016076376518_kksuratnikah-maf_Applicant.jpeg
halamandepanbukutabungan-maf;2025050522016076376518_halamandepanbukutabungan-maf_Applicant.jpeg
fpkbelakang-maf;2025050522016076376518_fpkbelakang-maf_Applicant.jpeg
kksuratnikah-maf;2025050322022677532414_kksuratnikah-maf_Applicant.jpeg
halamandepanbukutabungan-maf;2025050322022677532414_halamandepanbukutabungan-maf_Applicant.jpeg
fpkbelakang-maf;2025050322022677532414_fpkbelakang-maf_Applicant.jpeg
fpkdepan-maf;2025050322022677532414_fpkdepan-maf_Applicant.jpeg
tempatusahadepan-maf;2025050322022677532414_tempatusahadepan-maf_Applicant.jpeg
rumahdepan-maf;2025050322022677532414_rumahdepan-maf_Applicant.jpeg
pasanganttdcmo-maf;2025050322022677532414_pasanganttdcmo-maf_Applicant.jpeg
nasabahttdcmo-maf;2025050322022677532414_nasabahttdcmo-maf_Applicant.jpeg
allobank-maf;2025050322022677532414_allobank-maf_Applicant.jpeg
rumahjalan-maf;2025050322022677532414_rumahjalan-maf_Applicant.jpeg
bpkbdepan-maf;2025050322022677532414_bpkbdepan-maf_Applicant.jpeg
bpkbbelakang-maf;2025050322022677532414_bpkbbelakang-maf_Applicant.jpeg
stnkpajak-maf;2025050322022677532414_stnkpajak-maf_Applicant.jpeg
unitdepankanan-maf;2025050322022677532414_unitdepankanan-maf_Applicant.jpeg
unitdepankiri-maf;2025050322022677532414_unitdepankiri-maf_Applicant.jpeg
salaryslip-maf;2025050322022677532414_salaryslip-maf_Applicant.jpeg
nomorrumah-maf;2025050322022677532414_nomorrumah-maf_Applicant.jpeg
dalamrumah-maf;2025050322022677532414_dalamrumah-maf_Applicant.jpeg
rangkanomesin-maf;2025050322022677532414_rangkanomesin-maf_Applicant.jpeg
fpkdepan-maf;2025052022024255956834_fpkdepan-maf_Applicant.jpeg
tempatusahadepan-maf;2025052022024255956834_tempatusahadepan-maf_Applicant.jpeg
rumahdepan-maf;2025052022024255956834_rumahdepan-maf_Applicant.jpeg
pasanganttdcmo-maf;2025052022024255956834_pasanganttdcmo-maf_Applicant.jpeg
nasabahttdcmo-maf;2025052022024255956834_nasabahttdcmo-maf_Applicant.jpeg
allobank-maf;2025052022024255956834_allobank-maf_Applicant.jpeg
rumahjalan-maf;2025052022024255956834_rumahjalan-maf_Applicant.jpeg
bpkbdepan-maf;2025052022024255956834_bpkbdepan-maf_Applicant.jpeg
bpkbbelakang-maf;2025052022024255956834_bpkbbelakang-maf_Applicant.jpeg
stnkpajak-maf;2025052022024255956834_stnkpajak-maf_Applicant.jpeg
unitdepankanan-maf;2025052022024255956834_unitdepankanan-maf_Applicant.jpeg
unitdepankiri-maf;2025052022024255956834_unitdepankiri-maf_Applicant.jpeg
salaryslip-maf;2025052022024255956834_salaryslip-maf_Applicant.jpeg
nomorrumah-maf;2025052022024255956834_nomorrumah-maf_Applicant.jpeg
pbbrekening-maf;2025052022022677547060_pbbrekening-maf_Applicant.jpeg
kksuratnikah-maf;2025052022022677547060_kksuratnikah-maf_Applicant.jpeg
halamandepanbukutabungan-maf;2025052022022677547060_halamandepanbukutabungan-maf_Applicant.jpeg
fpkbelakang-maf;2025052022022677547060_fpkbelakang-maf_Applicant.jpeg
fpkdepan-maf;2025052022022677547060_fpkdepan-maf_Applicant.jpeg
tempatusahadepan-maf;2025052022022677547060_tempatusahadepan-maf_Applicant.jpeg
rumahdepan-maf;2025052022022677547060_rumahdepan-maf_Applicant.jpeg
pasanganttdcmo-maf;2025052022022677547060_pasanganttdcmo-maf_Applicant.jpeg
nasabahttdcmo-maf;2025052022022677547060_nasabahttdcmo-maf_Applicant.jpeg
allobank-maf;2025052022022677547060_allobank-maf_Applicant.jpeg
rumahjalan-maf;2025052022022677547060_rumahjalan-maf_Applicant.jpeg
bpkbdepan-maf;2025052022022677547060_bpkbdepan-maf_Applicant.jpeg
bpkbbelakang-maf;2025052022022677547060_bpkbbelakang-maf_Applicant.jpeg
stnkpajak-maf;2025052022022677547060_stnkpajak-maf_Applicant.jpeg
unitdepankanan-maf;2025052022022677547060_unitdepankanan-maf_Applicant.jpeg
unitdepankiri-maf;2025052022022677547060_unitdepankiri-maf_Applicant.jpeg
salaryslip-maf;2025052022022677547060_salaryslip-maf_Applicant.jpeg
nomorrumah-maf;2025052022022677547060_nomorrumah-maf_Applicant.jpeg
dalamrumah-maf;2025052022022677547060_dalamrumah-maf_Applicant.jpeg
rangkanomesin-maf;2025052022022677547060_rangkanomesin-maf_Applicant.jpeg
pbbrekening-maf;2025052022024608177774_pbbrekening-maf_Applicant.jpeg
kksuratnikah-maf;2025052022024608177774_kksuratnikah-maf_Applicant.jpeg
halamandepanbukutabungan-maf;2025052022024608177774_halamandepanbukutabungan-maf_Applicant.jpeg
fpkbelakang-maf;2025052022024608177774_fpkbelakang-maf_Applicant.jpeg
fpkdepan-maf;2025052022024608177774_fpkdepan-maf_Applicant.jpeg
tempatusahadepan-maf;2025052022024608177774_tempatusahadepan-maf_Applicant.jpeg
rumahdepan-maf;2025052022024608177774_rumahdepan-maf_Applicant.jpeg
pasanganttdcmo-maf;2025052022024608177774_pasanganttdcmo-maf_Applicant.jpeg
nasabahttdcmo-maf;2025052022024608177774_nasabahttdcmo-maf_Applicant.jpeg
allobank-maf;2025052022024608177774_allobank-maf_Applicant.jpeg
rumahjalan-maf;2025052022024608177774_rumahjalan-maf_Applicant.jpeg
bpkbdepan-maf;2025052022024608177774_bpkbdepan-maf_Applicant.jpeg
bpkbbelakang-maf;2025052022024608177774_bpkbbelakang-maf_Applicant.jpeg
stnkpajak-maf;2025052022024608177774_stnkpajak-maf_Applicant.jpeg
unitdepankanan-maf;2025052022024608177774_unitdepankanan-maf_Applicant.jpeg
unitdepankiri-maf;2025052022024608177774_unitdepankiri-maf_Applicant.jpeg
salaryslip-maf;2025052022024608177774_salaryslip-maf_Applicant.jpeg
nomorrumah-maf;2025052022024608177774_nomorrumah-maf_Applicant.jpeg
dalamrumah-maf;2025052022024608177774_dalamrumah-maf_Applicant.jpeg
rangkanomesin-maf;2025052022024608177774_rangkanomesin-maf_Applicant.jpeg
rumahjalan-maf;2025052022024252689650_rumahjalan-maf_Applicant.jpeg
bpkbdepan-maf;2025052022024252689650_bpkbdepan-maf_Applicant.jpeg
bpkbbelakang-maf;2025052022024252689650_bpkbbelakang-maf_Applicant.jpeg
stnkpajak-maf;2025052022024252689650_stnkpajak-maf_Applicant.jpeg
unitdepankanan-maf;2025052022024252689650_unitdepankanan-maf_Applicant.jpeg
unitdepankiri-maf;2025052022024252689650_unitdepankiri-maf_Applicant.jpeg
salaryslip-maf;2025052022024252689650_salaryslip-maf_Applicant.jpeg
nomorrumah-maf;2025052022024252689650_nomorrumah-maf_Applicant.jpeg
dalamrumah-maf;2025052022024252689650_dalamrumah-maf_Applicant.jpeg
buktipenghasilanusaha-maf;2025052022024252689650_buktipenghasilanusaha-maf_Applicant.jpeg
perizinanusaha-maf;2025052022024252689650_perizinanusaha-maf_Applicant.jpeg
buktikepemilikanusaha-maf;2025052022024252689650_buktikepemilikanusaha-maf_Applicant.jpeg
rangkanomesin-maf;2025052022024252689650_rangkanomesin-maf_Applicant.jpeg
pbbrekening-maf;2025052022020547554736_pbbrekening-maf_Applicant.jpeg
kksuratnikah-maf;2025052022020547554736_kksuratnikah-maf_Applicant.jpeg
halamandepanbukutabungan-maf;2025052022020547554736_halamandepanbukutabungan-maf_Applicant.jpeg
fpkbelakang-maf;2025052022020547554736_fpkbelakang-maf_Applicant.jpeg
fpkdepan-maf;2025052022020547554736_fpkdepan-maf_Applicant.jpeg
tempatusahadepan-maf;2025052022020547554736_tempatusahadepan-maf_Applicant.jpeg
rumahdepan-maf;2025052022020547554736_rumahdepan-maf_Applicant.jpeg
pasanganttdcmo-maf;2025052022020547554736_pasanganttdcmo-maf_Applicant.jpeg
nasabahttdcmo-maf;2025052022020547554736_nasabahttdcmo-maf_Applicant.jpeg
allobank-maf;2025052022020547554736_allobank-maf_Applicant.jpeg
rumahjalan-maf;2025052022020547554736_rumahjalan-maf_Applicant.jpeg
bpkbdepan-maf;2025052022020547554736_bpkbdepan-maf_Applicant.jpeg
bpkbbelakang-maf;2025052022020547554736_bpkbbelakang-maf_Applicant.jpeg
stnkpajak-maf;2025052022020547554736_stnkpajak-maf_Applicant.jpeg
unitdepankanan-maf;2025052022020547554736_unitdepankanan-maf_Applicant.jpeg
unitdepankiri-maf;2025052022020547554736_unitdepankiri-maf_Applicant.jpeg
salaryslip-maf;2025052022020547554736_salaryslip-maf_Applicant.jpeg
nomorrumah-maf;2025052022020547554736_nomorrumah-maf_Applicant.jpeg
dalamrumah-maf;2025052022020547554736_dalamrumah-maf_Applicant.jpeg
rangkanomesin-maf;2025052022020547554736_rangkanomesin-maf_Applicant.jpeg
pbbrekening-maf;2025052122023027360784_pbbrekening-maf_Applicant.jpeg
kksuratnikah-maf;2025052122023027360784_kksuratnikah-maf_Applicant.jpeg
halamandepanbukutabungan-maf;2025052122023027360784_halamandepanbukutabungan-maf_Applicant.jpeg
fpkbelakang-maf;2025052122023027360784_fpkbelakang-maf_Applicant.jpeg
fpkdepan-maf;2025052122023027360784_fpkdepan-maf_Applicant.jpeg
tempatusahadepan-maf;2025052122023027360784_tempatusahadepan-maf_Applicant.jpeg
rumahdepan-maf;2025052122023027360784_rumahdepan-maf_Applicant.jpeg
salaryslip-maf;2025050522023363420578_salaryslip-maf_Applicant.jpeg
nomorrumah-maf;2025050522023363420578_nomorrumah-maf_Applicant.jpeg
dalamrumah-maf;2025050522023363420578_dalamrumah-maf_Applicant.jpeg
rangkanomesin-maf;2025050522023363420578_rangkanomesin-maf_Applicant.jpeg
pbbrekening-maf;2025050522016076380060_pbbrekening-maf_Applicant.jpeg
kksuratnikah-maf;2025050522016076380060_kksuratnikah-maf_Applicant.jpeg
halamandepanbukutabungan-maf;2025050522016076380060_halamandepanbukutabungan-maf_Applicant.jpeg
fpkbelakang-maf;2025050522016076380060_fpkbelakang-maf_Applicant.jpeg
fpkdepan-maf;2025050522016076380060_fpkdepan-maf_Applicant.jpeg
tempatusahadepan-maf;2025050522016076380060_tempatusahadepan-maf_Applicant.jpeg
rumahdepan-maf;2025050522016076380060_rumahdepan-maf_Applicant.jpeg
pasanganttdcmo-maf;2025050522016076380060_pasanganttdcmo-maf_Applicant.jpeg
nasabahttdcmo-maf;2025050522016076380060_nasabahttdcmo-maf_Applicant.jpeg
allobank-maf;2025050522016076380060_allobank-maf_Applicant.jpeg
rumahjalan-maf;2025050522016076380060_rumahjalan-maf_Applicant.jpeg
bpkbdepan-maf;2025050522016076380060_bpkbdepan-maf_Applicant.jpeg
bpkbbelakang-maf;2025050522016076380060_bpkbbelakang-maf_Applicant.jpeg
stnkpajak-maf;2025050522016076380060_stnkpajak-maf_Applicant.jpeg
unitdepankanan-maf;2025050522016076380060_unitdepankanan-maf_Applicant.jpeg
unitdepankiri-maf;2025050522016076380060_unitdepankiri-maf_Applicant.jpeg
salaryslip-maf;2025050522016076380060_salaryslip-maf_Applicant.jpeg
nomorrumah-maf;2025050522016076380060_nomorrumah-maf_Applicant.jpeg
dalamrumah-maf;2025050522016076380060_dalamrumah-maf_Applicant.jpeg
buktipenghasilanusaha-maf;2025050522016076380060_buktipenghasilanusaha-maf_Applicant.jpeg
perizinanusaha-maf;2025050522016076380060_perizinanusaha-maf_Applicant.jpeg
buktikepemilikanusaha-maf;2025050522016076380060_buktikepemilikanusaha-maf_Applicant.jpeg
rangkanomesin-maf;2025050522016076380060_rangkanomesin-maf_Applicant.jpeg
pbbrekening-maf;2025050522023363420578_pbbrekening-maf_Applicant.jpeg
kksuratnikah-maf;2025050522023363420578_kksuratnikah-maf_Applicant.jpeg
halamandepanbukutabungan-maf;2025050522023363420578_halamandepanbukutabungan-maf_Applicant.jpeg
fpkbelakang-maf;2025050522023363420578_fpkbelakang-maf_Applicant.jpeg
fpkdepan-maf;2025050522023363420578_fpkdepan-maf_Applicant.jpeg
tempatusahadepan-maf;2025050522023363420578_tempatusahadepan-maf_Applicant.jpeg
rumahdepan-maf;2025050522023363420578_rumahdepan-maf_Applicant.jpeg
pasanganttdcmo-maf;2025050522023363420578_pasanganttdcmo-maf_Applicant.jpeg
nasabahttdcmo-maf;2025050522023363420578_nasabahttdcmo-maf_Applicant.jpeg
allobank-maf;2025050522023363420578_allobank-maf_Applicant.jpeg
rumahjalan-maf;2025050522023363420578_rumahjalan-maf_Applicant.jpeg
bpkbdepan-maf;2025050522023363420578_bpkbdepan-maf_Applicant.jpeg
bpkbbelakang-maf;2025050522023363420578_bpkbbelakang-maf_Applicant.jpeg
stnkpajak-maf;2025050522023363420578_stnkpajak-maf_Applicant.jpeg
unitdepankanan-maf;2025050522023363420578_unitdepankanan-maf_Applicant.jpeg
unitdepankiri-maf;2025050522023363420578_unitdepankiri-maf_Applicant.jpeg
pbbrekening-maf;2025050522021056448324_pbbrekening-maf_Applicant.jpeg
kksuratnikah-maf;2025050522021056448324_kksuratnikah-maf_Applicant.jpeg
halamandepanbukutabungan-maf;2025050522021056448324_halamandepanbukutabungan-maf_Applicant.jpeg
fpkbelakang-maf;2025050522021056448324_fpkbelakang-maf_Applicant.jpeg
fpkdepan-maf;2025050522021056448324_fpkdepan-maf_Applicant.jpeg
tempatusahadepan-maf;2025050522021056448324_tempatusahadepan-maf_Applicant.jpeg
rumahdepan-maf;2025050522021056448324_rumahdepan-maf_Applicant.jpeg
pasanganttdcmo-maf;2025050522021056448324_pasanganttdcmo-maf_Applicant.jpeg
nasabahttdcmo-maf;2025050522021056448324_nasabahttdcmo-maf_Applicant.jpeg
allobank-maf;2025050522021056448324_allobank-maf_Applicant.jpeg
rumahjalan-maf;2025050522021056448324_rumahjalan-maf_Applicant.jpeg
bpkbdepan-maf;2025050522021056448324_bpkbdepan-maf_Applicant.jpeg
bpkbbelakang-maf;2025050522021056448324_bpkbbelakang-maf_Applicant.jpeg
stnkpajak-maf;2025050522021056448324_stnkpajak-maf_Applicant.jpeg
unitdepankanan-maf;2025050522021056448324_unitdepankanan-maf_Applicant.jpeg
unitdepankiri-maf;2025050522021056448324_unitdepankiri-maf_Applicant.jpeg
salaryslip-maf;2025050522021056448324_salaryslip-maf_Applicant.jpeg
nomorrumah-maf;2025050522021056448324_nomorrumah-maf_Applicant.jpeg
dalamrumah-maf;2025050522021056448324_dalamrumah-maf_Applicant.jpeg
rangkanomesin-maf;2025050522021056448324_rangkanomesin-maf_Applicant.jpeg
pbbrekening-maf;2025050522021056492898_pbbrekening-maf_Applicant.jpeg
kksuratnikah-maf;2025050522021056492898_kksuratnikah-maf_Applicant.jpeg
halamandepanbukutabungan-maf;2025050522021056492898_halamandepanbukutabungan-maf_Applicant.jpeg
fpkbelakang-maf;2025050522021056492898_fpkbelakang-maf_Applicant.jpeg
fpkdepan-maf;2025050522021056492898_fpkdepan-maf_Applicant.jpeg
tempatusahadepan-maf;2025050522021056492898_tempatusahadepan-maf_Applicant.jpeg
rumahdepan-maf;2025050522021056492898_rumahdepan-maf_Applicant.jpeg
pasanganttdcmo-maf;2025050522021056492898_pasanganttdcmo-maf_Applicant.jpeg
nasabahttdcmo-maf;2025050522021056492898_nasabahttdcmo-maf_Applicant.jpeg
allobank-maf;2025050522021056492898_allobank-maf_Applicant.jpeg
rumahjalan-maf;2025050522021056492898_rumahjalan-maf_Applicant.jpeg
bpkbdepan-maf;2025050522021056492898_bpkbdepan-maf_Applicant.jpeg
bpkbbelakang-maf;2025050522021056492898_bpkbbelakang-maf_Applicant.jpeg
stnkpajak-maf;2025050522021056492898_stnkpajak-maf_Applicant.jpeg
unitdepankanan-maf;2025050522021056492898_unitdepankanan-maf_Applicant.jpeg
unitdepankiri-maf;2025050522021056492898_unitdepankiri-maf_Applicant.jpeg
salaryslip-maf;2025050522021056492898_salaryslip-maf_Applicant.jpeg
nomorrumah-maf;2025050522021056492898_nomorrumah-maf_Applicant.jpeg
dalamrumah-maf;2025050522021056492898_dalamrumah-maf_Applicant.jpeg
rangkanomesin-maf;2025050522021056492898_rangkanomesin-maf_Applicant.jpeg
pbbrekening-maf;2025050522021104186906_pbbrekening-maf_Applicant.jpeg
fpkbelakang-maf;2025050622022697751437_fpkbelakang-maf_Applicant.jpeg
fpkdepan-maf;2025050622022697751437_fpkdepan-maf_Applicant.jpeg
tempatusahadepan-maf;2025050622022697751437_tempatusahadepan-maf_Applicant.jpeg
rumahdepan-maf;2025050622022697751437_rumahdepan-maf_Applicant.jpeg
pasanganttdcmo-maf;2025050622022697751437_pasanganttdcmo-maf_Applicant.jpeg
nasabahttdcmo-maf;2025050622022697751437_nasabahttdcmo-maf_Applicant.jpeg
allobank-maf;2025050622022697751437_allobank-maf_Applicant.png
rumahjalan-maf;2025050622022697751437_rumahjalan-maf_Applicant.jpeg
bpkbdepan-maf;2025050622022697751437_bpkbdepan-maf_Applicant.jpeg
bpkbbelakang-maf;2025050622022697751437_bpkbbelakang-maf_Applicant.jpeg
stnkpajak-maf;2025050622022697751437_stnkpajak-maf_Applicant.jpeg
unitdepankanan-maf;2025050622022697751437_unitdepankanan-maf_Applicant.jpeg
unitdepankiri-maf;2025050622022697751437_unitdepankiri-maf_Applicant.jpeg
salaryslip-maf;2025050622022697751437_salaryslip-maf_Applicant.jpeg
nomorrumah-maf;2025050622022697751437_nomorrumah-maf_Applicant.jpeg
dalamrumah-maf;2025050622022697751437_dalamrumah-maf_Applicant.jpeg
rangkanomesin-maf;2025050622022697751437_rangkanomesin-maf_Applicant.jpeg
pbbrekening-maf;2025050622022482742474_pbbrekening-maf_Applicant.jpeg
kksuratnikah-maf;2025050622022482742474_kksuratnikah-maf_Applicant.jpeg
halamandepanbukutabungan-maf;2025050622022482742474_halamandepanbukutabungan-maf_Applicant.jpeg
fpkbelakang-maf;2025050622022482742474_fpkbelakang-maf_Applicant.jpeg
fpkdepan-maf;2025050622022482742474_fpkdepan-maf_Applicant.jpeg
tempatusahadepan-maf;2025050622022482742474_tempatusahadepan-maf_Applicant.jpeg
rumahdepan-maf;2025050622022482742474_rumahdepan-maf_Applicant.jpeg
pasanganttdcmo-maf;2025050622022482742474_pasanganttdcmo-maf_Applicant.jpeg
nasabahttdcmo-maf;2025050622022482742474_nasabahttdcmo-maf_Applicant.jpeg
allobank-maf;2025050622022482742474_allobank-maf_Applicant.jpeg
rumahjalan-maf;2025050622022482742474_rumahjalan-maf_Applicant.jpeg
bpkbdepan-maf;2025050622022482742474_bpkbdepan-maf_Applicant.jpeg
bpkbbelakang-maf;2025050622022482742474_bpkbbelakang-maf_Applicant.jpeg
stnkpajak-maf;2025050622022482742474_stnkpajak-maf_Applicant.jpeg
unitdepankanan-maf;2025050622022482742474_unitdepankanan-maf_Applicant.jpeg
unitdepankiri-maf;2025050622022482742474_unitdepankiri-maf_Applicant.jpeg
salaryslip-maf;2025050622022482742474_salaryslip-maf_Applicant.jpeg
nomorrumah-maf;2025050622022482742474_nomorrumah-maf_Applicant.jpeg
dalamrumah-maf;2025050622022482742474_dalamrumah-maf_Applicant.jpeg
rangkanomesin-maf;2025050622022482742474_rangkanomesin-maf_Applicant.jpeg
pbbrekening-maf;2025050522022482731226_pbbrekening-maf_Applicant.jpeg
kksuratnikah-maf;2025050522022482731226_kksuratnikah-maf_Applicant.jpeg
halamandepanbukutabungan-maf;2025050522022482731226_halamandepanbukutabungan-maf_Applicant.jpeg
fpkbelakang-maf;2025050522022482731226_fpkbelakang-maf_Applicant.jpeg
kksuratnikah-maf;2025050522021104186906_kksuratnikah-maf_Applicant.jpeg
halamandepanbukutabungan-maf;2025050522021104186906_halamandepanbukutabungan-maf_Applicant.jpeg
fpkbelakang-maf;2025050522021104186906_fpkbelakang-maf_Applicant.jpeg
fpkdepan-maf;2025050522021104186906_fpkdepan-maf_Applicant.jpeg
tempatusahadepan-maf;2025050522021104186906_tempatusahadepan-maf_Applicant.jpeg
rumahdepan-maf;2025050522021104186906_rumahdepan-maf_Applicant.jpeg
pasanganttdcmo-maf;2025050522021104186906_pasanganttdcmo-maf_Applicant.jpeg
nasabahttdcmo-maf;2025050522021104186906_nasabahttdcmo-maf_Applicant.jpeg
allobank-maf;2025050522021104186906_allobank-maf_Applicant.jpeg
rumahjalan-maf;2025050522021104186906_rumahjalan-maf_Applicant.jpeg
bpkbdepan-maf;2025050522021104186906_bpkbdepan-maf_Applicant.jpeg
bpkbbelakang-maf;2025050522021104186906_bpkbbelakang-maf_Applicant.jpeg
stnkpajak-maf;2025050522021104186906_stnkpajak-maf_Applicant.jpeg
unitdepankanan-maf;2025050522021104186906_unitdepankanan-maf_Applicant.jpeg
unitdepankiri-maf;2025050522021104186906_unitdepankiri-maf_Applicant.jpeg
salaryslip-maf;2025050522021104186906_salaryslip-maf_Applicant.jpeg
nomorrumah-maf;2025050522021104186906_nomorrumah-maf_Applicant.jpeg
dalamrumah-maf;2025050522021104186906_dalamrumah-maf_Applicant.jpeg
rangkanomesin-maf;2025050522021104186906_rangkanomesin-maf_Applicant.jpeg
pbbrekening-maf;2025050622022697751437_pbbrekening-maf_Applicant.jpeg
kksuratnikah-maf;2025050622022697751437_kksuratnikah-maf_Applicant.jpeg
halamandepanbukutabungan-maf;2025050622022697751437_halamandepanbukutabungan-maf_Applicant.png
fpkdepan-maf;2025050522022482731226_fpkdepan-maf_Applicant.jpeg
tempatusahadepan-maf;2025050522022482731226_tempatusahadepan-maf_Applicant.jpeg
rumahdepan-maf;2025050522022482731226_rumahdepan-maf_Applicant.jpeg
pasanganttdcmo-maf;2025050522022482731226_pasanganttdcmo-maf_Applicant.jpeg
nasabahttdcmo-maf;2025050522022482731226_nasabahttdcmo-maf_Applicant.jpeg
allobank-maf;2025050522022482731226_allobank-maf_Applicant.jpeg
rumahjalan-maf;2025050522022482731226_rumahjalan-maf_Applicant.jpeg
bpkbdepan-maf;2025050522022482731226_bpkbdepan-maf_Applicant.jpeg
bpkbbelakang-maf;2025050522022482731226_bpkbbelakang-maf_Applicant.jpeg
stnkpajak-maf;2025050522022482731226_stnkpajak-maf_Applicant.jpeg
unitdepankanan-maf;2025050522022482731226_unitdepankanan-maf_Applicant.jpeg
unitdepankiri-maf;2025050522022482731226_unitdepankiri-maf_Applicant.jpeg
salaryslip-maf;2025050522022482731226_salaryslip-maf_Applicant.jpeg
nomorrumah-maf;2025050522022482731226_nomorrumah-maf_Applicant.jpeg
dalamrumah-maf;2025050522022482731226_dalamrumah-maf_Applicant.jpeg
rangkanomesin-maf;2025050522022482731226_rangkanomesin-maf_Applicant.jpeg
pbbrekening-maf;2025050522024227936670_pbbrekening-maf_Applicant.jpeg
kksuratnikah-maf;2025050522024227936670_kksuratnikah-maf_Applicant.jpeg
halamandepanbukutabungan-maf;2025050522024227936670_halamandepanbukutabungan-maf_Applicant.jpeg
fpkbelakang-maf;2025050522024227936670_fpkbelakang-maf_Applicant.jpeg
fpkdepan-maf;2025050522024227936670_fpkdepan-maf_Applicant.jpeg
tempatusahadepan-maf;2025050522024227936670_tempatusahadepan-maf_Applicant.jpeg
rumahdepan-maf;2025050522024227936670_rumahdepan-maf_Applicant.jpeg
pasanganttdcmo-maf;2025050522024227936670_pasanganttdcmo-maf_Applicant.jpeg
nasabahttdcmo-maf;2025050522024227936670_nasabahttdcmo-maf_Applicant.jpeg
allobank-maf;2025050522024227936670_allobank-maf_Applicant.jpeg
rumahjalan-maf;2025050522024227936670_rumahjalan-maf_Applicant.jpeg
bpkbdepan-maf;2025050522024227936670_bpkbdepan-maf_Applicant.jpeg
bpkbbelakang-maf;2025050522024227936670_bpkbbelakang-maf_Applicant.jpeg
stnkpajak-maf;2025050522024227936670_stnkpajak-maf_Applicant.jpeg
unitdepankanan-maf;2025050522024227936670_unitdepankanan-maf_Applicant.jpeg
unitdepankiri-maf;2025050522024227936670_unitdepankiri-maf_Applicant.jpeg
salaryslip-maf;2025050522024227936670_salaryslip-maf_Applicant.jpeg
nomorrumah-maf;2025050522024227936670_nomorrumah-maf_Applicant.jpeg
dalamrumah-maf;2025050522024227936670_dalamrumah-maf_Applicant.jpeg
rangkanomesin-maf;2025050522024227936670_rangkanomesin-maf_Applicant.jpeg
pbbrekening-maf;2025050522022677565651_pbbrekening-maf_Applicant.jpeg
kksuratnikah-maf;2025050522022677565651_kksuratnikah-maf_Applicant.jpeg
halamandepanbukutabungan-maf;2025050522022677565651_halamandepanbukutabungan-maf_Applicant.jpeg
fpkbelakang-maf;2025050522022677565651_fpkbelakang-maf_Applicant.jpeg
fpkdepan-maf;2025050522022677565651_fpkdepan-maf_Applicant.jpeg
tempatusahadepan-maf;2025050522022677565651_tempatusahadepan-maf_Applicant.jpeg
rumahdepan-maf;2025050522022677565651_rumahdepan-maf_Applicant.jpeg
pasanganttdcmo-maf;2025050522022677565651_pasanganttdcmo-maf_Applicant.jpeg
nasabahttdcmo-maf;2025050522022677565651_nasabahttdcmo-maf_Applicant.jpeg
allobank-maf;2025050522022677565651_allobank-maf_Applicant.jpeg
rumahjalan-maf;2025050522022677565651_rumahjalan-maf_Applicant.jpeg
bpkbdepan-maf;2025050522022677565651_bpkbdepan-maf_Applicant.jpeg
bpkbbelakang-maf;2025050522022677565651_bpkbbelakang-maf_Applicant.jpeg
stnkpajak-maf;2025050522022677565651_stnkpajak-maf_Applicant.jpeg
unitdepankanan-maf;2025050522022677565651_unitdepankanan-maf_Applicant.jpeg
unitdepankiri-maf;2025050522022677565651_unitdepankiri-maf_Applicant.jpeg
salaryslip-maf;2025050522022677565651_salaryslip-maf_Applicant.jpeg
nomorrumah-maf;2025050522022677565651_nomorrumah-maf_Applicant.jpeg
dalamrumah-maf;2025050522022677565651_dalamrumah-maf_Applicant.jpeg
rangkanomesin-maf;2025050522022677565651_rangkanomesin-maf_Applicant.jpeg
bpkbdepan-maf;2025052022023267350926_bpkbdepan-maf_Applicant.jpeg
bpkbbelakang-maf;2025052022023267350926_bpkbbelakang-maf_Applicant.jpeg
stnkpajak-maf;2025052022023267350926_stnkpajak-maf_Applicant.jpeg
unitdepankanan-maf;2025052022023267350926_unitdepankanan-maf_Applicant.jpeg
unitdepankiri-maf;2025052022023267350926_unitdepankiri-maf_Applicant.jpeg
salaryslip-maf;2025052022023267350926_salaryslip-maf_Applicant.jpeg
nomorrumah-maf;2025052022023267350926_nomorrumah-maf_Applicant.jpeg
dalamrumah-maf;2025052022023267350926_dalamrumah-maf_Applicant.jpeg
buktipenghasilanusaha-maf;2025052022023267350926_buktipenghasilanusaha-maf_Applicant.jpeg
perizinanusaha-maf;2025052022023267350926_perizinanusaha-maf_Applicant.jpeg
buktikepemilikanusaha-maf;2025052022023267350926_buktikepemilikanusaha-maf_Applicant.jpeg
rangkanomesin-maf;2025052022023267350926_rangkanomesin-maf_Applicant.jpeg
pbbrekening-maf;2025052022022482797413_pbbrekening-maf_Applicant.jpeg
kksuratnikah-maf;2025052022022482797413_kksuratnikah-maf_Applicant.jpeg
halamandepanbukutabungan-maf;2025052022022482797413_halamandepanbukutabungan-maf_Applicant.jpeg
fpkbelakang-maf;2025052022022482797413_fpkbelakang-maf_Applicant.jpeg
fpkdepan-maf;2025052022022482797413_fpkdepan-maf_Applicant.jpeg
tempatusahadepan-maf;2025052022022482797413_tempatusahadepan-maf_Applicant.jpeg
rumahdepan-maf;2025052022022482797413_rumahdepan-maf_Applicant.jpeg
pasanganttdcmo-maf;2025052022022482797413_pasanganttdcmo-maf_Applicant.jpeg
nasabahttdcmo-maf;2025052022022482797413_nasabahttdcmo-maf_Applicant.jpeg
allobank-maf;2025052022022482797413_allobank-maf_Applicant.jpeg
pbbrekening-maf;2025052022021332453509_pbbrekening-maf_Applicant.jpeg
kksuratnikah-maf;2025052022021332453509_kksuratnikah-maf_Applicant.jpeg
halamandepanbukutabungan-maf;2025052022021332453509_halamandepanbukutabungan-maf_Applicant.jpeg
fpkbelakang-maf;2025052022021332453509_fpkbelakang-maf_Applicant.jpeg
fpkdepan-maf;2025052022021332453509_fpkdepan-maf_Applicant.jpeg
tempatusahadepan-maf;2025052022021332453509_tempatusahadepan-maf_Applicant.jpeg
rumahdepan-maf;2025052022021332453509_rumahdepan-maf_Applicant.jpeg
pasanganttdcmo-maf;2025052022021332453509_pasanganttdcmo-maf_Applicant.jpeg
nasabahttdcmo-maf;2025052022021332453509_nasabahttdcmo-maf_Applicant.jpeg
allobank-maf;2025052022021332453509_allobank-maf_Applicant.jpeg
rumahjalan-maf;2025052022021332453509_rumahjalan-maf_Applicant.jpeg
bpkbdepan-maf;2025052022021332453509_bpkbdepan-maf_Applicant.jpeg
bpkbbelakang-maf;2025052022021332453509_bpkbbelakang-maf_Applicant.jpeg
stnkpajak-maf;2025052022021332453509_stnkpajak-maf_Applicant.jpeg
unitdepankanan-maf;2025052022021332453509_unitdepankanan-maf_Applicant.jpeg
unitdepankiri-maf;2025052022021332453509_unitdepankiri-maf_Applicant.jpeg
salaryslip-maf;2025052022021332453509_salaryslip-maf_Applicant.jpeg
nomorrumah-maf;2025052022021332453509_nomorrumah-maf_Applicant.jpeg
unitdepankiri-maf;2025051822023156257100_unitdepankiri-maf_Applicant.jpeg
salaryslip-maf;2025051822023156257100_salaryslip-maf_Applicant.jpeg
nomorrumah-maf;2025051822023156257100_nomorrumah-maf_Applicant.jpeg
dalamrumah-maf;2025051822023156257100_dalamrumah-maf_Applicant.jpeg
rangkanomesin-maf;2025051822023156257100_rangkanomesin-maf_Applicant.jpeg
pbbrekening-maf;2025052022024227957027_pbbrekening-maf_Applicant.jpeg
kksuratnikah-maf;2025052022024227957027_kksuratnikah-maf_Applicant.jpeg
halamandepanbukutabungan-maf;2025052022024227957027_halamandepanbukutabungan-maf_Applicant.jpeg
fpkbelakang-maf;2025052022024227957027_fpkbelakang-maf_Applicant.jpeg
pbbrekening-maf;2025052022024252689650_pbbrekening-maf_Applicant.jpeg
kksuratnikah-maf;2025052022024252689650_kksuratnikah-maf_Applicant.jpeg
halamandepanbukutabungan-maf;2025052022024252689650_halamandepanbukutabungan-maf_Applicant.jpeg
fpkbelakang-maf;2025052022024252689650_fpkbelakang-maf_Applicant.jpeg
fpkdepan-maf;2025052022024252689650_fpkdepan-maf_Applicant.jpeg
tempatusahadepan-maf;2025052022024252689650_tempatusahadepan-maf_Applicant.jpeg
rumahdepan-maf;2025052022024252689650_rumahdepan-maf_Applicant.jpeg
pasanganttdcmo-maf;2025052022024252689650_pasanganttdcmo-maf_Applicant.jpeg
nasabahttdcmo-maf;2025052022024252689650_nasabahttdcmo-maf_Applicant.jpeg
allobank-maf;2025052022024252689650_allobank-maf_Applicant.jpeg
dalamrumah-maf;2025052022021332453509_dalamrumah-maf_Applicant.jpeg
buktipenghasilanusaha-maf;2025052022021332453509_buktipenghasilanusaha-maf_Applicant.jpeg
perizinanusaha-maf;2025052022021332453509_perizinanusaha-maf_Applicant.jpeg
buktikepemilikanusaha-maf;2025052022021332453509_buktikepemilikanusaha-maf_Applicant.jpeg
rangkanomesin-maf;2025052022021332453509_rangkanomesin-maf_Applicant.jpeg
pbbrekening-maf;2025052022024130995169_pbbrekening-maf_Applicant.png
kksuratnikah-maf;2025052022024130995169_kksuratnikah-maf_Applicant.jpeg
halamandepanbukutabungan-maf;2025052022024130995169_halamandepanbukutabungan-maf_Applicant.jpeg
fpkbelakang-maf;2025052022024130995169_fpkbelakang-maf_Applicant.jpeg
fpkdepan-maf;2025052022024130995169_fpkdepan-maf_Applicant.jpeg
tempatusahadepan-maf;2025052022024130995169_tempatusahadepan-maf_Applicant.jpeg
rumahdepan-maf;2025052022024130995169_rumahdepan-maf_Applicant.jpeg
pasanganttdcmo-maf;2025052022024130995169_pasanganttdcmo-maf_Applicant.jpeg
pbbrekening-maf;2025052122020696873192_pbbrekening-maf_Applicant.jpeg
kksuratnikah-maf;2025052122020696873192_kksuratnikah-maf_Applicant.jpeg
halamandepanbukutabungan-maf;2025052122020696873192_halamandepanbukutabungan-maf_Applicant.jpeg
fpkbelakang-maf;2025052122020696873192_fpkbelakang-maf_Applicant.jpeg
fpkdepan-maf;2025052122020696873192_fpkdepan-maf_Applicant.jpeg
tempatusahadepan-maf;2025052122020696873192_tempatusahadepan-maf_Applicant.jpeg
rumahdepan-maf;2025052122020696873192_rumahdepan-maf_Applicant.jpeg
pasanganttdcmo-maf;2025052122020696873192_pasanganttdcmo-maf_Applicant.jpeg
nasabahttdcmo-maf;2025052122020696873192_nasabahttdcmo-maf_Applicant.jpeg
allobank-maf;2025052122020696873192_allobank-maf_Applicant.jpeg
rumahjalan-maf;2025052122020696873192_rumahjalan-maf_Applicant.jpeg
bpkbdepan-maf;2025052122020696873192_bpkbdepan-maf_Applicant.jpeg
bpkbbelakang-maf;2025052122020696873192_bpkbbelakang-maf_Applicant.jpeg
stnkpajak-maf;2025052122020696873192_stnkpajak-maf_Applicant.jpeg
unitdepankanan-maf;2025052122020696873192_unitdepankanan-maf_Applicant.jpeg
unitdepankiri-maf;2025052122020696873192_unitdepankiri-maf_Applicant.jpeg
salaryslip-maf;2025052122020696873192_salaryslip-maf_Applicant.jpeg
nomorrumah-maf;2025052122020696873192_nomorrumah-maf_Applicant.jpeg
dalamrumah-maf;2025052122020696873192_dalamrumah-maf_Applicant.jpeg
rangkanomesin-maf;2025052122020696873192_rangkanomesin-maf_Applicant.jpeg
pbbrekening-maf;2025052422024572920717_pbbrekening-maf_Applicant.jpeg
kksuratnikah-maf;2025052422024572920717_kksuratnikah-maf_Applicant.jpeg
halamandepanbukutabungan-maf;2025052422024572920717_halamandepanbukutabungan-maf_Applicant.jpeg
fpkbelakang-maf;2025052422024572920717_fpkbelakang-maf_Applicant.jpeg
fpkdepan-maf;2025052422024572920717_fpkdepan-maf_Applicant.jpeg
tempatusahadepan-maf;2025052422024572920717_tempatusahadepan-maf_Applicant.jpeg
rumahdepan-maf;2025052422024572920717_rumahdepan-maf_Applicant.jpeg
pasanganttdcmo-maf;2025052422024572920717_pasanganttdcmo-maf_Applicant.jpeg
nasabahttdcmo-maf;2025052422024572920717_nasabahttdcmo-maf_Applicant.jpeg
allobank-maf;2025052422024572920717_allobank-maf_Applicant.jpeg
rumahjalan-maf;2025052422024572920717_rumahjalan-maf_Applicant.jpeg
bpkbdepan-maf;2025052422024572920717_bpkbdepan-maf_Applicant.jpeg
bpkbbelakang-maf;2025052422024572920717_bpkbbelakang-maf_Applicant.jpeg
stnkpajak-maf;2025052422024572920717_stnkpajak-maf_Applicant.jpeg
unitdepankanan-maf;2025052422024572920717_unitdepankanan-maf_Applicant.jpeg
unitdepankiri-maf;2025052422024572920717_unitdepankiri-maf_Applicant.jpeg
salaryslip-maf;2025052422024572920717_salaryslip-maf_Applicant.jpeg
nomorrumah-maf;2025052422024572920717_nomorrumah-maf_Applicant.jpeg
dalamrumah-maf;2025052422024572920717_dalamrumah-maf_Applicant.jpeg
rangkanomesin-maf;2025052422024572920717_rangkanomesin-maf_Applicant.jpeg
pbbrekening-maf;2025052422023363416282_pbbrekening-maf_Applicant.jpeg
kksuratnikah-maf;2025052422023363416282_kksuratnikah-maf_Applicant.jpeg
halamandepanbukutabungan-maf;2025052422023363416282_halamandepanbukutabungan-maf_Applicant.jpeg
fpkbelakang-maf;2025052422023363416282_fpkbelakang-maf_Applicant.jpeg
fpkdepan-maf;2025052422023363416282_fpkdepan-maf_Applicant.jpeg
tempatusahadepan-maf;2025052422023363416282_tempatusahadepan-maf_Applicant.jpeg
rumahdepan-maf;2025052422023363416282_rumahdepan-maf_Applicant.jpeg
pasanganttdcmo-maf;2025052422023363416282_pasanganttdcmo-maf_Applicant.jpeg
nasabahttdcmo-maf;2025052422023363416282_nasabahttdcmo-maf_Applicant.jpeg
allobank-maf;2025052422023363416282_allobank-maf_Applicant.jpeg
rumahjalan-maf;2025052422023363416282_rumahjalan-maf_Applicant.jpeg
bpkbdepan-maf;2025052422023363416282_bpkbdepan-maf_Applicant.jpeg
bpkbbelakang-maf;2025052422023363416282_bpkbbelakang-maf_Applicant.jpeg
stnkpajak-maf;2025052422023363416282_stnkpajak-maf_Applicant.jpeg
unitdepankanan-maf;2025052422023363416282_unitdepankanan-maf_Applicant.jpeg
unitdepankiri-maf;2025052422023363416282_unitdepankiri-maf_Applicant.jpeg
salaryslip-maf;2025052422023363416282_salaryslip-maf_Applicant.jpeg
nomorrumah-maf;2025052422023363416282_nomorrumah-maf_Applicant.jpeg
dalamrumah-maf;2025052422023363416282_dalamrumah-maf_Applicant.jpeg
rangkanomesin-maf;2025052422023363416282_rangkanomesin-maf_Applicant.jpeg
pbbrekening-maf;2025052422025077225127_pbbrekening-maf_Applicant.jpeg
kksuratnikah-maf;2025052422025077225127_kksuratnikah-maf_Applicant.jpeg
halamandepanbukutabungan-maf;2025052422025077225127_halamandepanbukutabungan-maf_Applicant.jpeg
fpkbelakang-maf;2025052422025077225127_fpkbelakang-maf_Applicant.jpeg
fpkdepan-maf;2025052422025077225127_fpkdepan-maf_Applicant.jpeg
tempatusahadepan-maf;2025052422025077225127_tempatusahadepan-maf_Applicant.jpeg
rumahdepan-maf;2025052422025077225127_rumahdepan-maf_Applicant.jpeg
pasanganttdcmo-maf;2025052422025077225127_pasanganttdcmo-maf_Applicant.jpeg
kksuratnikah-maf;2025052422022281643033_kksuratnikah-maf_Applicant.jpeg
halamandepanbukutabungan-maf;2025052422022281643033_halamandepanbukutabungan-maf_Applicant.jpeg
fpkbelakang-maf;2025052422022281643033_fpkbelakang-maf_Applicant.jpeg
fpkdepan-maf;2025052422022281643033_fpkdepan-maf_Applicant.jpeg
tempatusahadepan-maf;2025052422022281643033_tempatusahadepan-maf_Applicant.jpeg
rumahdepan-maf;2025052422022281643033_rumahdepan-maf_Applicant.jpeg
pasanganttdcmo-maf;2025052422022281643033_pasanganttdcmo-maf_Applicant.jpeg
nasabahttdcmo-maf;2025052422022281643033_nasabahttdcmo-maf_Applicant.jpeg
allobank-maf;2025052422022281643033_allobank-maf_Applicant.jpeg
rumahjalan-maf;2025052422022281643033_rumahjalan-maf_Applicant.jpeg
bpkbdepan-maf;2025052422022281643033_bpkbdepan-maf_Applicant.jpeg
bpkbbelakang-maf;2025052422022281643033_bpkbbelakang-maf_Applicant.jpeg
stnkpajak-maf;2025052422022281643033_stnkpajak-maf_Applicant.jpeg
unitdepankanan-maf;2025052422022281643033_unitdepankanan-maf_Applicant.jpeg
unitdepankiri-maf;2025052422022281643033_unitdepankiri-maf_Applicant.jpeg
pbbrekening-maf;2025052422024422613101_pbbrekening-maf_Applicant.jpeg
kksuratnikah-maf;2025052422024422613101_kksuratnikah-maf_Applicant.jpeg
halamandepanbukutabungan-maf;2025052422024422613101_halamandepanbukutabungan-maf_Applicant.jpeg
fpkbelakang-maf;2025052422024422613101_fpkbelakang-maf_Applicant.jpeg
fpkdepan-maf;2025052422024422613101_fpkdepan-maf_Applicant.jpeg
tempatusahadepan-maf;2025052422024422613101_tempatusahadepan-maf_Applicant.jpeg
rumahdepan-maf;2025052422024422613101_rumahdepan-maf_Applicant.jpeg
pasanganttdcmo-maf;2025052422024422613101_pasanganttdcmo-maf_Applicant.jpeg
nasabahttdcmo-maf;2025052422024422613101_nasabahttdcmo-maf_Applicant.jpeg
allobank-maf;2025052422024422613101_allobank-maf_Applicant.jpeg
rumahjalan-maf;2025052422024422613101_rumahjalan-maf_Applicant.jpeg
bpkbdepan-maf;2025052422024422613101_bpkbdepan-maf_Applicant.jpeg
bpkbbelakang-maf;2025052422024422613101_bpkbbelakang-maf_Applicant.jpeg
stnkpajak-maf;2025052422024422613101_stnkpajak-maf_Applicant.jpeg
unitdepankanan-maf;2025052422024422613101_unitdepankanan-maf_Applicant.jpeg
pbbrekening-maf;2025052322023197948837_pbbrekening-maf_Applicant.jpeg
kksuratnikah-maf;2025052322023197948837_kksuratnikah-maf_Applicant.jpeg
halamandepanbukutabungan-maf;2025052322023197948837_halamandepanbukutabungan-maf_Applicant.jpeg
fpkbelakang-maf;2025052322023197948837_fpkbelakang-maf_Applicant.jpeg
fpkdepan-maf;2025052322023197948837_fpkdepan-maf_Applicant.jpeg
tempatusahadepan-maf;2025052322023197948837_tempatusahadepan-maf_Applicant.jpeg
rumahdepan-maf;2025052322023197948837_rumahdepan-maf_Applicant.jpeg
pasanganttdcmo-maf;2025052322023197948837_pasanganttdcmo-maf_Applicant.jpeg
nasabahttdcmo-maf;2025052322023197948837_nasabahttdcmo-maf_Applicant.jpeg
allobank-maf;2025052322023197948837_allobank-maf_Applicant.jpeg
rumahjalan-maf;2025052322023197948837_rumahjalan-maf_Applicant.jpeg
bpkbdepan-maf;2025052322023197948837_bpkbdepan-maf_Applicant.jpeg
bpkbbelakang-maf;2025052322023197948837_bpkbbelakang-maf_Applicant.jpeg
stnkpajak-maf;2025052322023197948837_stnkpajak-maf_Applicant.jpeg
unitdepankanan-maf;2025052322023197948837_unitdepankanan-maf_Applicant.jpeg
unitdepankiri-maf;2025052322023197948837_unitdepankiri-maf_Applicant.jpeg
salaryslip-maf;2025052322023197948837_salaryslip-maf_Applicant.jpeg
nomorrumah-maf;2025052322023197948837_nomorrumah-maf_Applicant.jpeg
dalamrumah-maf;2025052322023197948837_dalamrumah-maf_Applicant.jpeg
rangkanomesin-maf;2025052322023197948837_rangkanomesin-maf_Applicant.jpeg
pbbrekening-maf;2025052422021298166982_pbbrekening-maf_Applicant.jpeg
kksuratnikah-maf;2025052422021298166982_kksuratnikah-maf_Applicant.jpeg
halamandepanbukutabungan-maf;2025052422021298166982_halamandepanbukutabungan-maf_Applicant.jpeg
fpkbelakang-maf;2025052422021298166982_fpkbelakang-maf_Applicant.jpeg
fpkdepan-maf;2025052422021298166982_fpkdepan-maf_Applicant.jpeg
tempatusahadepan-maf;2025052422021298166982_tempatusahadepan-maf_Applicant.jpeg
rumahdepan-maf;2025052422021298166982_rumahdepan-maf_Applicant.jpeg
pbbrekening-maf;2025052522024077093134_pbbrekening-maf_Applicant.jpeg
kksuratnikah-maf;2025052522024077093134_kksuratnikah-maf_Applicant.jpeg
halamandepanbukutabungan-maf;2025052522024077093134_halamandepanbukutabungan-maf_Applicant.jpeg
fpkbelakang-maf;2025052522024077093134_fpkbelakang-maf_Applicant.jpeg
fpkdepan-maf;2025052522024077093134_fpkdepan-maf_Applicant.jpeg
tempatusahadepan-maf;2025052522024077093134_tempatusahadepan-maf_Applicant.jpeg
rumahdepan-maf;2025052522024077093134_rumahdepan-maf_Applicant.jpeg
pasanganttdcmo-maf;2025052522024077093134_pasanganttdcmo-maf_Applicant.jpeg
nasabahttdcmo-maf;2025052522024077093134_nasabahttdcmo-maf_Applicant.jpeg
allobank-maf;2025052522024077093134_allobank-maf_Applicant.jpeg
rumahjalan-maf;2025052522024077093134_rumahjalan-maf_Applicant.jpeg
bpkbdepan-maf;2025052522024077093134_bpkbdepan-maf_Applicant.jpeg
nasabahttdcmo-maf;2025052422025077225127_nasabahttdcmo-maf_Applicant.jpeg
allobank-maf;2025052422025077225127_allobank-maf_Applicant.jpeg
rumahjalan-maf;2025052422025077225127_rumahjalan-maf_Applicant.jpeg
bpkbdepan-maf;2025052422025077225127_bpkbdepan-maf_Applicant.jpeg
bpkbbelakang-maf;2025052422025077225127_bpkbbelakang-maf_Applicant.jpeg
stnkpajak-maf;2025052422025077225127_stnkpajak-maf_Applicant.jpeg
unitdepankanan-maf;2025052422025077225127_unitdepankanan-maf_Applicant.jpeg
unitdepankiri-maf;2025052422025077225127_unitdepankiri-maf_Applicant.jpeg
salaryslip-maf;2025052422025077225127_salaryslip-maf_Applicant.jpeg
nomorrumah-maf;2025052422025077225127_nomorrumah-maf_Applicant.jpeg
dalamrumah-maf;2025052422025077225127_dalamrumah-maf_Applicant.jpeg
buktipenghasilanusaha-maf;2025052422025077225127_buktipenghasilanusaha-maf_Applicant.jpeg
perizinanusaha-maf;2025052422025077225127_perizinanusaha-maf_Applicant.jpeg
buktikepemilikanusaha-maf;2025052422025077225127_buktikepemilikanusaha-maf_Applicant.jpeg
rangkanomesin-maf;2025052422025077225127_rangkanomesin-maf_Applicant.jpeg
pbbrekening-maf;2025052422022281643033_pbbrekening-maf_Applicant.jpeg
pbbrekening-maf;2025052122024255936285_pbbrekening-maf_Applicant.jpeg
kksuratnikah-maf;2025052122024255936285_kksuratnikah-maf_Applicant.jpeg
halamandepanbukutabungan-maf;2025052122024255936285_halamandepanbukutabungan-maf_Applicant.jpeg
fpkbelakang-maf;2025052122024255936285_fpkbelakang-maf_Applicant.jpeg
fpkdepan-maf;2025052122024255936285_fpkdepan-maf_Applicant.jpeg
tempatusahadepan-maf;2025052122024255936285_tempatusahadepan-maf_Applicant.jpeg
rumahdepan-maf;2025052122024255936285_rumahdepan-maf_Applicant.jpeg
pasanganttdcmo-maf;2025052122024255936285_pasanganttdcmo-maf_Applicant.jpeg
nasabahttdcmo-maf;2025052122024255936285_nasabahttdcmo-maf_Applicant.jpeg
allobank-maf;2025052122024255936285_allobank-maf_Applicant.jpeg
rumahjalan-maf;2025052122024255936285_rumahjalan-maf_Applicant.jpeg
bpkbdepan-maf;2025052122024255936285_bpkbdepan-maf_Applicant.jpeg
bpkbbelakang-maf;2025052122024255936285_bpkbbelakang-maf_Applicant.jpeg
stnkpajak-maf;2025052122024255936285_stnkpajak-maf_Applicant.jpeg
unitdepankanan-maf;2025052122024255936285_unitdepankanan-maf_Applicant.jpeg
unitdepankiri-maf;2025052122024255936285_unitdepankiri-maf_Applicant.jpeg
salaryslip-maf;2025052122024255936285_salaryslip-maf_Applicant.jpeg
nomorrumah-maf;2025052122024255936285_nomorrumah-maf_Applicant.jpeg
dalamrumah-maf;2025052122024255936285_dalamrumah-maf_Applicant.jpeg
rangkanomesin-maf;2025052122024255936285_rangkanomesin-maf_Applicant.jpeg
pbbrekening-maf;2025051822024252659655_pbbrekening-maf_Applicant.jpeg
kksuratnikah-maf;2025051822024252659655_kksuratnikah-maf_Applicant.jpeg
halamandepanbukutabungan-maf;2025051822024252659655_halamandepanbukutabungan-maf_Applicant.jpeg
fpkbelakang-maf;2025051822024252659655_fpkbelakang-maf_Applicant.jpeg
fpkdepan-maf;2025051822024252659655_fpkdepan-maf_Applicant.jpeg
tempatusahadepan-maf;2025051822024252659655_tempatusahadepan-maf_Applicant.jpeg
rumahdepan-maf;2025051822024252659655_rumahdepan-maf_Applicant.jpeg
pasanganttdcmo-maf;2025051822024252659655_pasanganttdcmo-maf_Applicant.jpeg
nasabahttdcmo-maf;2025051822024252659655_nasabahttdcmo-maf_Applicant.jpeg
allobank-maf;2025051822024252659655_allobank-maf_Applicant.jpeg
rumahjalan-maf;2025051822024252659655_rumahjalan-maf_Applicant.jpeg
bpkbdepan-maf;2025051822024252659655_bpkbdepan-maf_Applicant.jpeg
bpkbbelakang-maf;2025051822024252659655_bpkbbelakang-maf_Applicant.jpeg
stnkpajak-maf;2025051822024252659655_stnkpajak-maf_Applicant.jpeg
unitdepankanan-maf;2025051822024252659655_unitdepankanan-maf_Applicant.jpeg
unitdepankiri-maf;2025051822024252659655_unitdepankiri-maf_Applicant.jpeg
salaryslip-maf;2025051822024252659655_salaryslip-maf_Applicant.jpeg
nomorrumah-maf;2025051822024252659655_nomorrumah-maf_Applicant.jpeg
stnkpajak-maf;2025052122023363439726_stnkpajak-maf_Applicant.jpeg
unitdepankanan-maf;2025052122023363439726_unitdepankanan-maf_Applicant.jpeg
unitdepankiri-maf;2025052122023363439726_unitdepankiri-maf_Applicant.jpeg
salaryslip-maf;2025052122023363439726_salaryslip-maf_Applicant.jpeg
nomorrumah-maf;2025052122023363439726_nomorrumah-maf_Applicant.jpeg
dalamrumah-maf;2025052122023363439726_dalamrumah-maf_Applicant.jpeg
rangkanomesin-maf;2025052122023363439726_rangkanomesin-maf_Applicant.jpeg
pbbrekening-maf;2025052122024227954012_pbbrekening-maf_Applicant.jpeg
kksuratnikah-maf;2025052122024227954012_kksuratnikah-maf_Applicant.jpeg
halamandepanbukutabungan-maf;2025052122024227954012_halamandepanbukutabungan-maf_Applicant.jpeg
fpkbelakang-maf;2025052122024227954012_fpkbelakang-maf_Applicant.jpeg
fpkdepan-maf;2025052122024227954012_fpkdepan-maf_Applicant.jpeg
tempatusahadepan-maf;2025052122024227954012_tempatusahadepan-maf_Applicant.jpeg
rumahdepan-maf;2025052122024227954012_rumahdepan-maf_Applicant.jpeg
pasanganttdcmo-maf;2025052122024227954012_pasanganttdcmo-maf_Applicant.jpeg
dalamrumah-maf;2025051822024252659655_dalamrumah-maf_Applicant.jpeg
rangkanomesin-maf;2025051822024252659655_rangkanomesin-maf_Applicant.jpeg
pbbrekening-maf;2025052122023363439726_pbbrekening-maf_Applicant.jpeg
kksuratnikah-maf;2025052122023363439726_kksuratnikah-maf_Applicant.jpeg
halamandepanbukutabungan-maf;2025052122023363439726_halamandepanbukutabungan-maf_Applicant.jpeg
fpkbelakang-maf;2025052122023363439726_fpkbelakang-maf_Applicant.jpeg
fpkdepan-maf;2025052122023363439726_fpkdepan-maf_Applicant.jpeg
tempatusahadepan-maf;2025052122023363439726_tempatusahadepan-maf_Applicant.jpeg
rumahdepan-maf;2025052122023363439726_rumahdepan-maf_Applicant.jpeg
pasanganttdcmo-maf;2025052122023363439726_pasanganttdcmo-maf_Applicant.jpeg
nasabahttdcmo-maf;2025052122023363439726_nasabahttdcmo-maf_Applicant.jpeg
allobank-maf;2025052122023363439726_allobank-maf_Applicant.jpeg
rumahjalan-maf;2025052122023363439726_rumahjalan-maf_Applicant.jpeg
bpkbdepan-maf;2025052122023363439726_bpkbdepan-maf_Applicant.jpeg
bpkbbelakang-maf;2025052122023363439726_bpkbbelakang-maf_Applicant.jpeg
rumahdepan-maf;2025052022023470132268_rumahdepan-maf_Applicant.jpeg
pasanganttdcmo-maf;2025052022023470132268_pasanganttdcmo-maf_Applicant.jpeg
nasabahttdcmo-maf;2025052022023470132268_nasabahttdcmo-maf_Applicant.jpeg
allobank-maf;2025052022023470132268_allobank-maf_Applicant.jpeg
rumahjalan-maf;2025052022023470132268_rumahjalan-maf_Applicant.jpeg
bpkbdepan-maf;2025052022023470132268_bpkbdepan-maf_Applicant.jpeg
bpkbbelakang-maf;2025052022023470132268_bpkbbelakang-maf_Applicant.jpeg
stnkpajak-maf;2025052022023470132268_stnkpajak-maf_Applicant.jpeg
unitdepankanan-maf;2025052022023470132268_unitdepankanan-maf_Applicant.jpeg
unitdepankiri-maf;2025052022023470132268_unitdepankiri-maf_Applicant.jpeg
salaryslip-maf;2025052022023470132268_salaryslip-maf_Applicant.jpeg
nomorrumah-maf;2025052022023470132268_nomorrumah-maf_Applicant.jpeg
dalamrumah-maf;2025052022023470132268_dalamrumah-maf_Applicant.jpeg
buktipenghasilanusaha-maf;2025052022023470132268_buktipenghasilanusaha-maf_Applicant.jpeg
pbbrekening-maf;2025052022023470132268_pbbrekening-maf_Applicant.jpeg
kksuratnikah-maf;2025052022023470132268_kksuratnikah-maf_Applicant.jpeg
halamandepanbukutabungan-maf;2025052022023470132268_halamandepanbukutabungan-maf_Applicant.jpeg
fpkbelakang-maf;2025052022023470132268_fpkbelakang-maf_Applicant.jpeg
fpkdepan-maf;2025052022023470132268_fpkdepan-maf_Applicant.jpeg
tempatusahadepan-maf;2025052022023470132268_tempatusahadepan-maf_Applicant.jpeg
rangkanomesin-maf;2025052222015002489966_rangkanomesin-maf_Applicant.jpeg
pbbrekening-maf;2025052222023061019364_pbbrekening-maf_Applicant.jpeg
kksuratnikah-maf;2025052222023061019364_kksuratnikah-maf_Applicant.jpeg
halamandepanbukutabungan-maf;2025052222023061019364_halamandepanbukutabungan-maf_Applicant.jpeg
fpkbelakang-maf;2025052222023061019364_fpkbelakang-maf_Applicant.jpeg
fpkdepan-maf;2025052222023061019364_fpkdepan-maf_Applicant.jpeg
tempatusahadepan-maf;2025052222023061019364_tempatusahadepan-maf_Applicant.jpeg
rumahdepan-maf;2025052222023061019364_rumahdepan-maf_Applicant.jpeg
pasanganttdcmo-maf;2025052222023061019364_pasanganttdcmo-maf_Applicant.jpeg
nasabahttdcmo-maf;2025052222023061019364_nasabahttdcmo-maf_Applicant.jpeg
allobank-maf;2025052222023061019364_allobank-maf_Applicant.jpeg
rumahjalan-maf;2025052222023061019364_rumahjalan-maf_Applicant.jpeg
salaryslip-maf;2025052222023061019364_salaryslip-maf_Applicant.jpeg
nomorrumah-maf;2025052222023061019364_nomorrumah-maf_Applicant.jpeg
dalamrumah-maf;2025052222023061019364_dalamrumah-maf_Applicant.jpeg
unitdepankiri-maf;2025052222023197967893_unitdepankiri-maf_Applicant.jpeg
salaryslip-maf;2025052222023197967893_salaryslip-maf_Applicant.jpeg
nomorrumah-maf;2025052222023197967893_nomorrumah-maf_Applicant.jpeg
dalamrumah-maf;2025052222023197967893_dalamrumah-maf_Applicant.jpeg
rangkanomesin-maf;2025052222023197967893_rangkanomesin-maf_Applicant.jpeg
pbbrekening-maf;2025052222022281627402_pbbrekening-maf_Applicant.jpeg
kksuratnikah-maf;2025052222022281627402_kksuratnikah-maf_Applicant.jpeg
halamandepanbukutabungan-maf;2025052222022281627402_halamandepanbukutabungan-maf_Applicant.jpeg
fpkbelakang-maf;2025052222022281627402_fpkbelakang-maf_Applicant.jpeg
fpkdepan-maf;2025052222022281627402_fpkdepan-maf_Applicant.jpeg
tempatusahadepan-maf;2025052222022281627402_tempatusahadepan-maf_Applicant.jpeg
rumahdepan-maf;2025052222022281627402_rumahdepan-maf_Applicant.jpeg
nasabahttdcmo-maf;2025052022024130995169_nasabahttdcmo-maf_Applicant.jpeg
allobank-maf;2025052022024130995169_allobank-maf_Applicant.jpeg
rumahjalan-maf;2025052022024130995169_rumahjalan-maf_Applicant.jpeg
bpkbdepan-maf;2025052022024130995169_bpkbdepan-maf_Applicant.jpeg
bpkbbelakang-maf;2025052022024130995169_bpkbbelakang-maf_Applicant.jpeg
stnkpajak-maf;2025052022024130995169_stnkpajak-maf_Applicant.jpeg
unitdepankanan-maf;2025052022024130995169_unitdepankanan-maf_Applicant.jpeg
unitdepankiri-maf;2025052022024130995169_unitdepankiri-maf_Applicant.jpeg
salaryslip-maf;2025052022024130995169_salaryslip-maf_Applicant.jpeg
nomorrumah-maf;2025052022024130995169_nomorrumah-maf_Applicant.jpeg
dalamrumah-maf;2025052022024130995169_dalamrumah-maf_Applicant.jpeg
buktipenghasilanusaha-maf;2025052022024130995169_buktipenghasilanusaha-maf_Applicant.jpeg
perizinanusaha-maf;2025052022024130995169_perizinanusaha-maf_Applicant.jpeg
buktikepemilikanusaha-maf;2025052022024130995169_buktikepemilikanusaha-maf_Applicant.jpeg
rangkanomesin-maf;2025052022024130995169_rangkanomesin-maf_Applicant.jpeg
dalamrumah-maf;2025052022024255956834_dalamrumah-maf_Applicant.jpeg
rangkanomesin-maf;2025052022024255956834_rangkanomesin-maf_Applicant.jpeg
pbbrekening-maf;2025051922024229099145_pbbrekening-maf_Applicant.jpeg
kksuratnikah-maf;2025051922024229099145_kksuratnikah-maf_Applicant.jpeg
halamandepanbukutabungan-maf;2025051922024229099145_halamandepanbukutabungan-maf_Applicant.jpeg
fpkbelakang-maf;2025051922024229099145_fpkbelakang-maf_Applicant.jpeg
fpkdepan-maf;2025051922024229099145_fpkdepan-maf_Applicant.jpeg
tempatusahadepan-maf;2025051922024229099145_tempatusahadepan-maf_Applicant.jpeg
rumahdepan-maf;2025051922024229099145_rumahdepan-maf_Applicant.jpeg
pasanganttdcmo-maf;2025051922024229099145_pasanganttdcmo-maf_Applicant.jpeg
nasabahttdcmo-maf;2025051922024229099145_nasabahttdcmo-maf_Applicant.jpeg
allobank-maf;2025051922024229099145_allobank-maf_Applicant.jpeg
rumahjalan-maf;2025051922024229099145_rumahjalan-maf_Applicant.jpeg
bpkbdepan-maf;2025051922024229099145_bpkbdepan-maf_Applicant.jpeg
bpkbbelakang-maf;2025051922024229099145_bpkbbelakang-maf_Applicant.jpeg
stnkpajak-maf;2025051922024229099145_stnkpajak-maf_Applicant.jpeg
unitdepankanan-maf;2025051922024229099145_unitdepankanan-maf_Applicant.jpeg
unitdepankiri-maf;2025051922024229099145_unitdepankiri-maf_Applicant.jpeg
salaryslip-maf;2025051922024229099145_salaryslip-maf_Applicant.jpeg
nomorrumah-maf;2025051922024229099145_nomorrumah-maf_Applicant.jpeg
dalamrumah-maf;2025051922024229099145_dalamrumah-maf_Applicant.jpeg
rangkanomesin-maf;2025051922024229099145_rangkanomesin-maf_Applicant.jpeg
pbbrekening-maf;2025052022023503066607_pbbrekening-maf_Applicant.jpeg
kksuratnikah-maf;2025052022023503066607_kksuratnikah-maf_Applicant.jpeg
halamandepanbukutabungan-maf;2025052022023503066607_halamandepanbukutabungan-maf_Applicant.jpeg
fpkbelakang-maf;2025052022023503066607_fpkbelakang-maf_Applicant.jpeg
fpkdepan-maf;2025052022023503066607_fpkdepan-maf_Applicant.jpeg
tempatusahadepan-maf;2025052022023503066607_tempatusahadepan-maf_Applicant.jpeg
nasabahttdcmo-maf;2025052122024227954012_nasabahttdcmo-maf_Applicant.jpeg
allobank-maf;2025052122024227954012_allobank-maf_Applicant.jpeg
rumahjalan-maf;2025052122024227954012_rumahjalan-maf_Applicant.jpeg
bpkbdepan-maf;2025052122024227954012_bpkbdepan-maf_Applicant.jpeg
bpkbbelakang-maf;2025052122024227954012_bpkbbelakang-maf_Applicant.jpeg
stnkpajak-maf;2025052122024227954012_stnkpajak-maf_Applicant.jpeg
unitdepankanan-maf;2025052122024227954012_unitdepankanan-maf_Applicant.jpeg
unitdepankiri-maf;2025052122024227954012_unitdepankiri-maf_Applicant.jpeg
salaryslip-maf;2025052122024227954012_salaryslip-maf_Applicant.jpeg
nomorrumah-maf;2025052122024227954012_nomorrumah-maf_Applicant.jpeg
dalamrumah-maf;2025052122024227954012_dalamrumah-maf_Applicant.jpeg
rangkanomesin-maf;2025052122024227954012_rangkanomesin-maf_Applicant.jpeg
rumahdepan-maf;2025052022023503066607_rumahdepan-maf_Applicant.jpeg
pasanganttdcmo-maf;2025052022023503066607_pasanganttdcmo-maf_Applicant.jpeg
nasabahttdcmo-maf;2025052022023503066607_nasabahttdcmo-maf_Applicant.jpeg
allobank-maf;2025052022023503066607_allobank-maf_Applicant.jpeg
rumahjalan-maf;2025052022023503066607_rumahjalan-maf_Applicant.jpeg
bpkbdepan-maf;2025052022023503066607_bpkbdepan-maf_Applicant.jpeg
bpkbbelakang-maf;2025052022023503066607_bpkbbelakang-maf_Applicant.jpeg
stnkpajak-maf;2025052022023503066607_stnkpajak-maf_Applicant.jpeg
unitdepankanan-maf;2025052022023503066607_unitdepankanan-maf_Applicant.jpeg
unitdepankiri-maf;2025052022023503066607_unitdepankiri-maf_Applicant.jpeg
salaryslip-maf;2025052022023503066607_salaryslip-maf_Applicant.jpeg
nomorrumah-maf;2025052022023503066607_nomorrumah-maf_Applicant.jpeg
dalamrumah-maf;2025052022023503066607_dalamrumah-maf_Applicant.jpeg
rangkanomesin-maf;2025052022023503066607_rangkanomesin-maf_Applicant.jpeg
pbbrekening-maf;2025052122016076366177_pbbrekening-maf_Applicant.jpeg
kksuratnikah-maf;2025052122016076366177_kksuratnikah-maf_Applicant.jpeg
halamandepanbukutabungan-maf;2025052122016076366177_halamandepanbukutabungan-maf_Applicant.jpeg
fpkbelakang-maf;2025052122016076366177_fpkbelakang-maf_Applicant.jpeg
fpkdepan-maf;2025052122016076366177_fpkdepan-maf_Applicant.jpeg
tempatusahadepan-maf;2025052122016076366177_tempatusahadepan-maf_Applicant.jpeg
rumahdepan-maf;2025052122016076366177_rumahdepan-maf_Applicant.jpeg
pasanganttdcmo-maf;2025052122016076366177_pasanganttdcmo-maf_Applicant.jpeg
nasabahttdcmo-maf;2025052122016076366177_nasabahttdcmo-maf_Applicant.jpeg
allobank-maf;2025052122016076366177_allobank-maf_Applicant.jpeg
rumahjalan-maf;2025052122016076366177_rumahjalan-maf_Applicant.jpeg
bpkbdepan-maf;2025052122016076366177_bpkbdepan-maf_Applicant.jpeg
bpkbbelakang-maf;2025052122016076366177_bpkbbelakang-maf_Applicant.jpeg
stnkpajak-maf;2025052122016076366177_stnkpajak-maf_Applicant.jpeg
unitdepankanan-maf;2025052122016076366177_unitdepankanan-maf_Applicant.jpeg
pbbrekening-maf;2025052022024572922761_pbbrekening-maf_Applicant.jpeg
kksuratnikah-maf;2025052022024572922761_kksuratnikah-maf_Applicant.jpeg
halamandepanbukutabungan-maf;2025052022024572922761_halamandepanbukutabungan-maf_Applicant.jpeg
fpkbelakang-maf;2025052022024572922761_fpkbelakang-maf_Applicant.jpeg
fpkdepan-maf;2025052022024572922761_fpkdepan-maf_Applicant.jpeg
tempatusahadepan-maf;2025052022024572922761_tempatusahadepan-maf_Applicant.jpeg
rumahdepan-maf;2025052022024572922761_rumahdepan-maf_Applicant.jpeg
pasanganttdcmo-maf;2025052022024572922761_pasanganttdcmo-maf_Applicant.jpeg
nasabahttdcmo-maf;2025052022024572922761_nasabahttdcmo-maf_Applicant.jpeg
allobank-maf;2025052022024572922761_allobank-maf_Applicant.jpeg
rumahjalan-maf;2025052022024572922761_rumahjalan-maf_Applicant.jpeg
bpkbdepan-maf;2025052022024572922761_bpkbdepan-maf_Applicant.jpeg
bpkbbelakang-maf;2025052022024572922761_bpkbbelakang-maf_Applicant.jpeg
stnkpajak-maf;2025052022024572922761_stnkpajak-maf_Applicant.jpeg
unitdepankanan-maf;2025052022024572922761_unitdepankanan-maf_Applicant.jpeg
unitdepankiri-maf;2025052022024572922761_unitdepankiri-maf_Applicant.jpeg
salaryslip-maf;2025052022024572922761_salaryslip-maf_Applicant.jpeg
nomorrumah-maf;2025052022024572922761_nomorrumah-maf_Applicant.jpeg
dalamrumah-maf;2025052022024572922761_dalamrumah-maf_Applicant.jpeg
rangkanomesin-maf;2025052022024572922761_rangkanomesin-maf_Applicant.jpeg
fpkdepan-maf;2025052022024227957027_fpkdepan-maf_Applicant.jpeg
tempatusahadepan-maf;2025052022024227957027_tempatusahadepan-maf_Applicant.jpeg
rumahdepan-maf;2025052022024227957027_rumahdepan-maf_Applicant.jpeg
pasanganttdcmo-maf;2025052022024227957027_pasanganttdcmo-maf_Applicant.jpeg
nasabahttdcmo-maf;2025052022024227957027_nasabahttdcmo-maf_Applicant.jpeg
allobank-maf;2025052022024227957027_allobank-maf_Applicant.jpeg
rumahjalan-maf;2025052022024227957027_rumahjalan-maf_Applicant.jpeg
bpkbdepan-maf;2025052022024227957027_bpkbdepan-maf_Applicant.jpeg
bpkbbelakang-maf;2025052022024227957027_bpkbbelakang-maf_Applicant.jpeg
stnkpajak-maf;2025052022024227957027_stnkpajak-maf_Applicant.jpeg
unitdepankanan-maf;2025052022024227957027_unitdepankanan-maf_Applicant.jpeg
unitdepankiri-maf;2025052022024227957027_unitdepankiri-maf_Applicant.jpeg
salaryslip-maf;2025052022024227957027_salaryslip-maf_Applicant.jpeg
nomorrumah-maf;2025052022024227957027_nomorrumah-maf_Applicant.jpeg
dalamrumah-maf;2025052022024227957027_dalamrumah-maf_Applicant.jpeg
rangkanomesin-maf;2025052022024227957027_rangkanomesin-maf_Applicant.jpeg
pbbrekening-maf;2025052122021056499632_pbbrekening-maf_Applicant.jpeg
kksuratnikah-maf;2025052122021056499632_kksuratnikah-maf_Applicant.jpeg
halamandepanbukutabungan-maf;2025052122021056499632_halamandepanbukutabungan-maf_Applicant.jpeg
fpkbelakang-maf;2025052122021056499632_fpkbelakang-maf_Applicant.jpeg
fpkdepan-maf;2025052122021056499632_fpkdepan-maf_Applicant.jpeg
tempatusahadepan-maf;2025052122021056499632_tempatusahadepan-maf_Applicant.jpeg
rumahdepan-maf;2025052122021056499632_rumahdepan-maf_Applicant.jpeg
pasanganttdcmo-maf;2025052122021056499632_pasanganttdcmo-maf_Applicant.jpeg
nasabahttdcmo-maf;2025052122021056499632_nasabahttdcmo-maf_Applicant.jpeg
allobank-maf;2025052122021056499632_allobank-maf_Applicant.jpeg
rumahjalan-maf;2025052122021056499632_rumahjalan-maf_Applicant.jpeg
bpkbdepan-maf;2025052122021056499632_bpkbdepan-maf_Applicant.jpeg
bpkbbelakang-maf;2025052122021056499632_bpkbbelakang-maf_Applicant.jpeg
stnkpajak-maf;2025052122021056499632_stnkpajak-maf_Applicant.jpeg
unitdepankanan-maf;2025052122021056499632_unitdepankanan-maf_Applicant.jpeg
unitdepankiri-maf;2025052122021056499632_unitdepankiri-maf_Applicant.jpeg
salaryslip-maf;2025052122021056499632_salaryslip-maf_Applicant.jpeg
nomorrumah-maf;2025052122021056499632_nomorrumah-maf_Applicant.jpeg
dalamrumah-maf;2025052122021056499632_dalamrumah-maf_Applicant.jpeg
buktipenghasilanusaha-maf;2025052122021056499632_buktipenghasilanusaha-maf_Applicant.jpeg
stnkpajak-maf;2025052122024338477650_stnkpajak-maf_Applicant.jpeg
unitdepankanan-maf;2025052122024338477650_unitdepankanan-maf_Applicant.jpeg
unitdepankiri-maf;2025052122024338477650_unitdepankiri-maf_Applicant.jpeg
salaryslip-maf;2025052122024338477650_salaryslip-maf_Applicant.jpeg
nomorrumah-maf;2025052122024338477650_nomorrumah-maf_Applicant.jpeg
dalamrumah-maf;2025052122024338477650_dalamrumah-maf_Applicant.jpeg
rangkanomesin-maf;2025052122024338477650_rangkanomesin-maf_Applicant.jpeg
pbbrekening-maf;2025052122024338477650_pbbrekening-maf_Applicant.jpeg
kksuratnikah-maf;2025052122024338477650_kksuratnikah-maf_Applicant.jpeg
halamandepanbukutabungan-maf;2025052122024338477650_halamandepanbukutabungan-maf_Applicant.jpeg
fpkbelakang-maf;2025052122024338477650_fpkbelakang-maf_Applicant.jpeg
fpkdepan-maf;2025052122024338477650_fpkdepan-maf_Applicant.jpeg
tempatusahadepan-maf;2025052122024338477650_tempatusahadepan-maf_Applicant.jpeg
rumahdepan-maf;2025052122024338477650_rumahdepan-maf_Applicant.jpeg
pasanganttdcmo-maf;2025052122024338477650_pasanganttdcmo-maf_Applicant.jpeg
nasabahttdcmo-maf;2025052122024338477650_nasabahttdcmo-maf_Applicant.jpeg
allobank-maf;2025052122024338477650_allobank-maf_Applicant.jpeg
rumahjalan-maf;2025052122024338477650_rumahjalan-maf_Applicant.jpeg
bpkbdepan-maf;2025052122024338477650_bpkbdepan-maf_Applicant.jpeg
bpkbbelakang-maf;2025052122024338477650_bpkbbelakang-maf_Applicant.jpeg
pbbrekening-maf;2025052122024007736564_pbbrekening-maf_Applicant.jpeg
kksuratnikah-maf;2025052122024007736564_kksuratnikah-maf_Applicant.jpeg
halamandepanbukutabungan-maf;2025052122024007736564_halamandepanbukutabungan-maf_Applicant.jpeg
fpkbelakang-maf;2025052122024007736564_fpkbelakang-maf_Applicant.jpeg
fpkdepan-maf;2025052122024007736564_fpkdepan-maf_Applicant.jpeg
tempatusahadepan-maf;2025052122024007736564_tempatusahadepan-maf_Applicant.jpeg
rumahdepan-maf;2025052122024007736564_rumahdepan-maf_Applicant.jpeg
pasanganttdcmo-maf;2025052122024007736564_pasanganttdcmo-maf_Applicant.jpeg
nasabahttdcmo-maf;2025052122024007736564_nasabahttdcmo-maf_Applicant.jpeg
allobank-maf;2025052122024007736564_allobank-maf_Applicant.jpeg
rumahjalan-maf;2025052122024007736564_rumahjalan-maf_Applicant.jpeg
bpkbdepan-maf;2025052122024007736564_bpkbdepan-maf_Applicant.jpeg
bpkbbelakang-maf;2025052122024007736564_bpkbbelakang-maf_Applicant.jpeg
stnkpajak-maf;2025052122024007736564_stnkpajak-maf_Applicant.jpeg
unitdepankanan-maf;2025052122024007736564_unitdepankanan-maf_Applicant.jpeg
unitdepankiri-maf;2025052122024007736564_unitdepankiri-maf_Applicant.jpeg
salaryslip-maf;2025052122024007736564_salaryslip-maf_Applicant.jpeg
nomorrumah-maf;2025052122024007736564_nomorrumah-maf_Applicant.jpeg
dalamrumah-maf;2025052122024007736564_dalamrumah-maf_Applicant.jpeg
rangkanomesin-maf;2025052122024007736564_rangkanomesin-maf_Applicant.jpeg
pbbrekening-maf;2025052122024227943584_pbbrekening-maf_Applicant.jpeg
kksuratnikah-maf;2025052122024227943584_kksuratnikah-maf_Applicant.jpeg
halamandepanbukutabungan-maf;2025052122024227943584_halamandepanbukutabungan-maf_Applicant.jpeg
fpkbelakang-maf;2025052122024227943584_fpkbelakang-maf_Applicant.jpeg
fpkdepan-maf;2025052122024227943584_fpkdepan-maf_Applicant.jpeg
tempatusahadepan-maf;2025052122024227943584_tempatusahadepan-maf_Applicant.jpeg
rumahdepan-maf;2025052122024227943584_rumahdepan-maf_Applicant.jpeg
pasanganttdcmo-maf;2025052122024227943584_pasanganttdcmo-maf_Applicant.jpeg
nasabahttdcmo-maf;2025052122024227943584_nasabahttdcmo-maf_Applicant.jpeg
allobank-maf;2025052122024227943584_allobank-maf_Applicant.jpeg
rumahjalan-maf;2025052122024227943584_rumahjalan-maf_Applicant.jpeg
salaryslip-maf;2025052122024227943584_salaryslip-maf_Applicant.jpeg
nomorrumah-maf;2025052122024227943584_nomorrumah-maf_Applicant.jpeg
dalamrumah-maf;2025052122024227943584_dalamrumah-maf_Applicant.jpeg
pricelist-maf;2025052122024227943584_pricelist-maf_Applicant.jpeg
pbbrekening-maf;2025052022021332483092_pbbrekening-maf_Applicant.jpeg
kksuratnikah-maf;2025052022021332483092_kksuratnikah-maf_Applicant.jpeg
halamandepanbukutabungan-maf;2025052022021332483092_halamandepanbukutabungan-maf_Applicant.jpeg
fpkbelakang-maf;2025052022021332483092_fpkbelakang-maf_Applicant.jpeg
fpkdepan-maf;2025052022021332483092_fpkdepan-maf_Applicant.jpeg
tempatusahadepan-maf;2025052022021332483092_tempatusahadepan-maf_Applicant.jpeg
rumahdepan-maf;2025052022021332483092_rumahdepan-maf_Applicant.jpeg
pasanganttdcmo-maf;2025052022021332483092_pasanganttdcmo-maf_Applicant.jpeg
nasabahttdcmo-maf;2025052022021332483092_nasabahttdcmo-maf_Applicant.jpeg
allobank-maf;2025052022021332483092_allobank-maf_Applicant.jpeg
rumahjalan-maf;2025052022021332483092_rumahjalan-maf_Applicant.jpeg
bpkbdepan-maf;2025052022021332483092_bpkbdepan-maf_Applicant.jpeg
bpkbbelakang-maf;2025052022021332483092_bpkbbelakang-maf_Applicant.jpeg
stnkpajak-maf;2025052022021332483092_stnkpajak-maf_Applicant.jpeg
unitdepankanan-maf;2025052022021332483092_unitdepankanan-maf_Applicant.jpeg
unitdepankiri-maf;2025052022021332483092_unitdepankiri-maf_Applicant.jpeg
salaryslip-maf;2025052022021332483092_salaryslip-maf_Applicant.jpeg
nomorrumah-maf;2025052022021332483092_nomorrumah-maf_Applicant.jpeg
dalamrumah-maf;2025052022021332483092_dalamrumah-maf_Applicant.jpeg
buktipenghasilanusaha-maf;2025052022021332483092_buktipenghasilanusaha-maf_Applicant.jpeg
perizinanusaha-maf;2025052022021332483092_perizinanusaha-maf_Applicant.jpeg
buktikepemilikanusaha-maf;2025052022021332483092_buktikepemilikanusaha-maf_Applicant.jpeg
rangkanomesin-maf;2025052022021332483092_rangkanomesin-maf_Applicant.jpeg
pbbrekening-maf;2025052022023267350926_pbbrekening-maf_Applicant.jpeg
kksuratnikah-maf;2025052022023267350926_kksuratnikah-maf_Applicant.jpeg
halamandepanbukutabungan-maf;2025052022023267350926_halamandepanbukutabungan-maf_Applicant.jpeg
fpkbelakang-maf;2025052022023267350926_fpkbelakang-maf_Applicant.jpeg
fpkdepan-maf;2025052022023267350926_fpkdepan-maf_Applicant.jpeg
tempatusahadepan-maf;2025052022023267350926_tempatusahadepan-maf_Applicant.jpeg
rumahdepan-maf;2025052022023267350926_rumahdepan-maf_Applicant.jpeg
pasanganttdcmo-maf;2025052022023267350926_pasanganttdcmo-maf_Applicant.jpeg
nasabahttdcmo-maf;2025052022023267350926_nasabahttdcmo-maf_Applicant.jpeg
allobank-maf;2025052022023267350926_allobank-maf_Applicant.jpeg
rumahjalan-maf;2025052022023267350926_rumahjalan-maf_Applicant.jpeg
salaryslip-maf;2025052422022281643033_salaryslip-maf_Applicant.jpeg
nomorrumah-maf;2025052422022281643033_nomorrumah-maf_Applicant.jpeg
dalamrumah-maf;2025052422022281643033_dalamrumah-maf_Applicant.jpeg
rangkanomesin-maf;2025052422022281643033_rangkanomesin-maf_Applicant.jpeg
pasanganttdcmo-maf;2025052422021298166982_pasanganttdcmo-maf_Applicant.jpeg
nasabahttdcmo-maf;2025052422021298166982_nasabahttdcmo-maf_Applicant.jpeg
allobank-maf;2025052422021298166982_allobank-maf_Applicant.jpeg
rumahjalan-maf;2025052422021298166982_rumahjalan-maf_Applicant.jpeg
bpkbdepan-maf;2025052422021298166982_bpkbdepan-maf_Applicant.jpeg
bpkbbelakang-maf;2025052422021298166982_bpkbbelakang-maf_Applicant.jpeg
stnkpajak-maf;2025052422021298166982_stnkpajak-maf_Applicant.jpeg
unitdepankanan-maf;2025052422021298166982_unitdepankanan-maf_Applicant.jpeg
unitdepankiri-maf;2025052422021298166982_unitdepankiri-maf_Applicant.jpeg
salaryslip-maf;2025052422021298166982_salaryslip-maf_Applicant.jpeg
nomorrumah-maf;2025052422021298166982_nomorrumah-maf_Applicant.jpeg
dalamrumah-maf;2025052422021298166982_dalamrumah-maf_Applicant.jpeg
buktipenghasilanusaha-maf;2025052422021298166982_buktipenghasilanusaha-maf_Applicant.jpeg
perizinanusaha-maf;2025052422021298166982_perizinanusaha-maf_Applicant.jpeg
buktikepemilikanusaha-maf;2025052422021298166982_buktikepemilikanusaha-maf_Applicant.jpeg
unitdepankiri-maf;2025052322015199739995_unitdepankiri-maf_Applicant.jpeg
salaryslip-maf;2025052322015199739995_salaryslip-maf_Applicant.jpeg
nomorrumah-maf;2025052322015199739995_nomorrumah-maf_Applicant.jpeg
dalamrumah-maf;2025052322015199739995_dalamrumah-maf_Applicant.jpeg
buktipenghasilanusaha-maf;2025052322015199739995_buktipenghasilanusaha-maf_Applicant.jpeg
perizinanusaha-maf;2025052322015199739995_perizinanusaha-maf_Applicant.jpeg
buktikepemilikanusaha-maf;2025052322015199739995_buktikepemilikanusaha-maf_Applicant.jpeg
rangkanomesin-maf;2025052322015199739995_rangkanomesin-maf_Applicant.jpeg
rangkanomesin-maf;2025052422021298166982_rangkanomesin-maf_Applicant.jpeg
pbbrekening-maf;2025052322015199739995_pbbrekening-maf_Applicant.jpeg
kksuratnikah-maf;2025052322015199739995_kksuratnikah-maf_Applicant.jpeg
halamandepanbukutabungan-maf;2025052322015199739995_halamandepanbukutabungan-maf_Applicant.jpeg
fpkbelakang-maf;2025052322015199739995_fpkbelakang-maf_Applicant.jpeg
fpkdepan-maf;2025052322015199739995_fpkdepan-maf_Applicant.jpeg
tempatusahadepan-maf;2025052322015199739995_tempatusahadepan-maf_Applicant.jpeg
rumahdepan-maf;2025052322015199739995_rumahdepan-maf_Applicant.jpeg
pasanganttdcmo-maf;2025052322015199739995_pasanganttdcmo-maf_Applicant.jpeg
nasabahttdcmo-maf;2025052322015199739995_nasabahttdcmo-maf_Applicant.jpeg
allobank-maf;2025052322015199739995_allobank-maf_Applicant.jpeg
rumahjalan-maf;2025052322015199739995_rumahjalan-maf_Applicant.jpeg
bpkbdepan-maf;2025052322015199739995_bpkbdepan-maf_Applicant.jpeg
bpkbbelakang-maf;2025052322015199739995_bpkbbelakang-maf_Applicant.jpeg
stnkpajak-maf;2025052322015199739995_stnkpajak-maf_Applicant.jpeg
unitdepankanan-maf;2025052322015199739995_unitdepankanan-maf_Applicant.jpeg
tempatusahadepan-maf;2025052722015002458496_tempatusahadepan-maf_Applicant.jpeg
rumahdepan-maf;2025052722015002458496_rumahdepan-maf_Applicant.jpeg
pasanganttdcmo-maf;2025052722015002458496_pasanganttdcmo-maf_Applicant.jpeg
nasabahttdcmo-maf;2025052722015002458496_nasabahttdcmo-maf_Applicant.jpeg
allobank-maf;2025052722015002458496_allobank-maf_Applicant.jpeg
rumahjalan-maf;2025052722015002458496_rumahjalan-maf_Applicant.jpeg
bpkbdepan-maf;2025052722015002458496_bpkbdepan-maf_Applicant.jpeg
bpkbbelakang-maf;2025052722015002458496_bpkbbelakang-maf_Applicant.jpeg
stnkpajak-maf;2025052722015002458496_stnkpajak-maf_Applicant.jpeg
unitdepankanan-maf;2025052722015002458496_unitdepankanan-maf_Applicant.jpeg
unitdepankiri-maf;2025052722015002458496_unitdepankiri-maf_Applicant.jpeg
salaryslip-maf;2025052722015002458496_salaryslip-maf_Applicant.jpeg
nomorrumah-maf;2025052722015002458496_nomorrumah-maf_Applicant.jpeg
dalamrumah-maf;2025052722015002458496_dalamrumah-maf_Applicant.jpeg
pbbrekening-maf;2025052722024386092937_pbbrekening-maf_Applicant.jpeg
kksuratnikah-maf;2025052722024386092937_kksuratnikah-maf_Applicant.jpeg
buktipenghasilanusaha-maf;2025052722024386092937_buktipenghasilanusaha-maf_Applicant.jpeg
allobank-maf;2025052722024386092937_allobank-maf_Applicant.jpeg
halamandepanbukutabungan-maf;2025052722024386092937_halamandepanbukutabungan-maf_Applicant.jpeg
fpkdepan-maf;2025052722024386092937_fpkdepan-maf_Applicant.jpeg
fpkbelakang-maf;2025052722024386092937_fpkbelakang-maf_Applicant.jpeg
rumahdepan-maf;2025052722024386092937_rumahdepan-maf_Applicant.jpeg
rumahjalan-maf;2025052722024386092937_rumahjalan-maf_Applicant.jpeg
dalamrumah-maf;2025052722024386092937_dalamrumah-maf_Applicant.jpeg
tempatusahadepan-maf;2025052722024386092937_tempatusahadepan-maf_Applicant.jpeg
bpkbdepan-maf;2025052722024386092937_bpkbdepan-maf_Applicant.jpeg
bpkbbelakang-maf;2025052722024386092937_bpkbbelakang-maf_Applicant.jpeg
stnkpajak-maf;2025052722024386092937_stnkpajak-maf_Applicant.jpeg
unitdepankanan-maf;2025052722024386092937_unitdepankanan-maf_Applicant.jpeg
unitdepankiri-maf;2025052722024386092937_unitdepankiri-maf_Applicant.jpeg
pbbrekening-maf;2025052322024456176387_pbbrekening-maf_Applicant.jpeg
kksuratnikah-maf;2025052322024456176387_kksuratnikah-maf_Applicant.jpeg
halamandepanbukutabungan-maf;2025052322024456176387_halamandepanbukutabungan-maf_Applicant.jpeg
fpkbelakang-maf;2025052322024456176387_fpkbelakang-maf_Applicant.jpeg
fpkdepan-maf;2025052322024456176387_fpkdepan-maf_Applicant.jpeg
tempatusahadepan-maf;2025052322024456176387_tempatusahadepan-maf_Applicant.jpeg
rumahdepan-maf;2025052322024456176387_rumahdepan-maf_Applicant.jpeg
pasanganttdcmo-maf;2025052322024456176387_pasanganttdcmo-maf_Applicant.jpeg
nasabahttdcmo-maf;2025052322024456176387_nasabahttdcmo-maf_Applicant.jpeg
allobank-maf;2025052322024456176387_allobank-maf_Applicant.jpeg
rumahjalan-maf;2025052322024456176387_rumahjalan-maf_Applicant.jpeg
bpkbdepan-maf;2025052322024456176387_bpkbdepan-maf_Applicant.jpeg
bpkbbelakang-maf;2025052322024456176387_bpkbbelakang-maf_Applicant.jpeg
stnkpajak-maf;2025052322024456176387_stnkpajak-maf_Applicant.jpeg
unitdepankanan-maf;2025052322024456176387_unitdepankanan-maf_Applicant.jpeg
unitdepankiri-maf;2025052322024456176387_unitdepankiri-maf_Applicant.jpeg
salaryslip-maf;2025052322024456176387_salaryslip-maf_Applicant.jpeg
nomorrumah-maf;2025052322024456176387_nomorrumah-maf_Applicant.jpeg
dalamrumah-maf;2025052322024456176387_dalamrumah-maf_Applicant.jpeg
rangkanomesin-maf;2025052322024456176387_rangkanomesin-maf_Applicant.jpeg
pbbrekening-maf;2025052422020547580405_pbbrekening-maf_Applicant.jpeg
kksuratnikah-maf;2025052422020547580405_kksuratnikah-maf_Applicant.jpeg
halamandepanbukutabungan-maf;2025052422020547580405_halamandepanbukutabungan-maf_Applicant.jpeg
fpkbelakang-maf;2025052422020547580405_fpkbelakang-maf_Applicant.jpeg
fpkdepan-maf;2025052422020547580405_fpkdepan-maf_Applicant.jpeg
tempatusahadepan-maf;2025052422020547580405_tempatusahadepan-maf_Applicant.jpeg
rumahdepan-maf;2025052422020547580405_rumahdepan-maf_Applicant.jpeg
pasanganttdcmo-maf;2025052422020547580405_pasanganttdcmo-maf_Applicant.jpeg
nasabahttdcmo-maf;2025052422020547580405_nasabahttdcmo-maf_Applicant.jpeg
allobank-maf;2025052422020547580405_allobank-maf_Applicant.jpeg
rumahjalan-maf;2025052422020547580405_rumahjalan-maf_Applicant.jpeg
bpkbdepan-maf;2025052422020547580405_bpkbdepan-maf_Applicant.jpeg
bpkbbelakang-maf;2025052422020547580405_bpkbbelakang-maf_Applicant.jpeg
stnkpajak-maf;2025052422020547580405_stnkpajak-maf_Applicant.jpeg
unitdepankanan-maf;2025052422020547580405_unitdepankanan-maf_Applicant.jpeg
unitdepankiri-maf;2025052422020547580405_unitdepankiri-maf_Applicant.jpeg
salaryslip-maf;2025052422020547580405_salaryslip-maf_Applicant.jpeg
nomorrumah-maf;2025052422020547580405_nomorrumah-maf_Applicant.jpeg
dalamrumah-maf;2025052422020547580405_dalamrumah-maf_Applicant.jpeg
buktipenghasilanusaha-maf;2025052422020547580405_buktipenghasilanusaha-maf_Applicant.jpeg
perizinanusaha-maf;2025052422020547580405_perizinanusaha-maf_Applicant.jpeg
buktikepemilikanusaha-maf;2025052422020547580405_buktikepemilikanusaha-maf_Applicant.jpeg
rangkanomesin-maf;2025052422020547580405_rangkanomesin-maf_Applicant.jpeg
pbbrekening-maf;2025052422021827640357_pbbrekening-maf_Applicant.jpeg
kksuratnikah-maf;2025052422021827640357_kksuratnikah-maf_Applicant.jpeg
halamandepanbukutabungan-maf;2025052422021827640357_halamandepanbukutabungan-maf_Applicant.jpeg
fpkbelakang-maf;2025052422021827640357_fpkbelakang-maf_Applicant.jpeg
fpkdepan-maf;2025052422021827640357_fpkdepan-maf_Applicant.jpeg
tempatusahadepan-maf;2025052422021827640357_tempatusahadepan-maf_Applicant.jpeg
rumahdepan-maf;2025052422021827640357_rumahdepan-maf_Applicant.jpeg
pasanganttdcmo-maf;2025052422021827640357_pasanganttdcmo-maf_Applicant.jpeg
nasabahttdcmo-maf;2025052422021827640357_nasabahttdcmo-maf_Applicant.jpeg
allobank-maf;2025052422021827640357_allobank-maf_Applicant.jpeg
rumahjalan-maf;2025052422021827640357_rumahjalan-maf_Applicant.jpeg
bpkbdepan-maf;2025052422021827640357_bpkbdepan-maf_Applicant.jpeg
bpkbbelakang-maf;2025052422021827640357_bpkbbelakang-maf_Applicant.jpeg
stnkpajak-maf;2025052422021827640357_stnkpajak-maf_Applicant.jpeg
unitdepankanan-maf;2025052422021827640357_unitdepankanan-maf_Applicant.jpeg
unitdepankiri-maf;2025052422021827640357_unitdepankiri-maf_Applicant.jpeg
salaryslip-maf;2025052422021827640357_salaryslip-maf_Applicant.jpeg
nomorrumah-maf;2025052422021827640357_nomorrumah-maf_Applicant.jpeg
dalamrumah-maf;2025052422021827640357_dalamrumah-maf_Applicant.jpeg
buktipenghasilanusaha-maf;2025052422021827640357_buktipenghasilanusaha-maf_Applicant.jpeg
perizinanusaha-maf;2025052422021827640357_perizinanusaha-maf_Applicant.jpeg
buktikepemilikanusaha-maf;2025052422021827640357_buktikepemilikanusaha-maf_Applicant.jpeg
rangkanomesin-maf;2025052422021827640357_rangkanomesin-maf_Applicant.jpeg
halamandepanbukutabungan-maf;2025052322015199717456_halamandepanbukutabungan-maf_Applicant.jpeg
fpkbelakang-maf;2025052322015199717456_fpkbelakang-maf_Applicant.jpeg
fpkdepan-maf;2025052322015199717456_fpkdepan-maf_Applicant.jpeg
tempatusahadepan-maf;2025052322015199717456_tempatusahadepan-maf_Applicant.jpeg
rumahdepan-maf;2025052322015199717456_rumahdepan-maf_Applicant.jpeg
pasanganttdcmo-maf;2025052322015199717456_pasanganttdcmo-maf_Applicant.jpeg
nasabahttdcmo-maf;2025052322015199717456_nasabahttdcmo-maf_Applicant.jpeg
allobank-maf;2025052322015199717456_allobank-maf_Applicant.jpeg
rumahjalan-maf;2025052322015199717456_rumahjalan-maf_Applicant.jpeg
bpkbdepan-maf;2025052322015199717456_bpkbdepan-maf_Applicant.jpeg
bpkbbelakang-maf;2025052322015199717456_bpkbbelakang-maf_Applicant.jpeg
stnkpajak-maf;2025052322015199717456_stnkpajak-maf_Applicant.jpeg
unitdepankanan-maf;2025052322015199717456_unitdepankanan-maf_Applicant.jpeg
unitdepankiri-maf;2025052322015199717456_unitdepankiri-maf_Applicant.jpeg
salaryslip-maf;2025052322015199717456_salaryslip-maf_Applicant.jpeg
bpkbbelakang-maf;2025052422024511984244_bpkbbelakang-maf_Applicant.jpeg
stnkpajak-maf;2025052422024511984244_stnkpajak-maf_Applicant.jpeg
unitdepankanan-maf;2025052422024511984244_unitdepankanan-maf_Applicant.jpeg
unitdepankiri-maf;2025052422024511984244_unitdepankiri-maf_Applicant.jpeg
salaryslip-maf;2025052422024511984244_salaryslip-maf_Applicant.jpeg
nomorrumah-maf;2025052422024511984244_nomorrumah-maf_Applicant.jpeg
dalamrumah-maf;2025052422024511984244_dalamrumah-maf_Applicant.jpeg
buktipenghasilanusaha-maf;2025052422024511984244_buktipenghasilanusaha-maf_Applicant.jpeg
perizinanusaha-maf;2025052422024511984244_perizinanusaha-maf_Applicant.jpeg
buktikepemilikanusaha-maf;2025052422024511984244_buktikepemilikanusaha-maf_Applicant.jpeg
rangkanomesin-maf;2025052422024511984244_rangkanomesin-maf_Applicant.jpeg
pbbrekening-maf;2025052422024156753880_pbbrekening-maf_Applicant.jpeg
kksuratnikah-maf;2025052422024156753880_kksuratnikah-maf_Applicant.jpeg
halamandepanbukutabungan-maf;2025052422024156753880_halamandepanbukutabungan-maf_Applicant.jpeg
fpkbelakang-maf;2025052422024156753880_fpkbelakang-maf_Applicant.jpeg
fpkdepan-maf;2025052422024156753880_fpkdepan-maf_Applicant.jpeg
tempatusahadepan-maf;2025052422024156753880_tempatusahadepan-maf_Applicant.jpeg
rumahdepan-maf;2025052422024156753880_rumahdepan-maf_Applicant.jpeg
pasanganttdcmo-maf;2025052422024156753880_pasanganttdcmo-maf_Applicant.jpeg
nasabahttdcmo-maf;2025052422024156753880_nasabahttdcmo-maf_Applicant.jpeg
allobank-maf;2025052422024156753880_allobank-maf_Applicant.jpeg
rumahjalan-maf;2025052422024156753880_rumahjalan-maf_Applicant.jpeg
bpkbdepan-maf;2025052422024156753880_bpkbdepan-maf_Applicant.jpeg
bpkbbelakang-maf;2025052422024156753880_bpkbbelakang-maf_Applicant.jpeg
stnkpajak-maf;2025052422024156753880_stnkpajak-maf_Applicant.jpeg
unitdepankanan-maf;2025052422024156753880_unitdepankanan-maf_Applicant.jpeg
unitdepankiri-maf;2025052422024156753880_unitdepankiri-maf_Applicant.jpeg
salaryslip-maf;2025052422024156753880_salaryslip-maf_Applicant.jpeg
nomorrumah-maf;2025052422024156753880_nomorrumah-maf_Applicant.jpeg
dalamrumah-maf;2025052422024156753880_dalamrumah-maf_Applicant.jpeg
rangkanomesin-maf;2025052422024156753880_rangkanomesin-maf_Applicant.jpeg
pbbrekening-maf;2025052322015199717456_pbbrekening-maf_Applicant.jpeg
kksuratnikah-maf;2025052322015199717456_kksuratnikah-maf_Applicant.jpeg
nomorrumah-maf;2025052322015199717456_nomorrumah-maf_Applicant.jpeg
dalamrumah-maf;2025052322015199717456_dalamrumah-maf_Applicant.jpeg
rangkanomesin-maf;2025052322015199717456_rangkanomesin-maf_Applicant.jpeg
pbbrekening-maf;2025052422024511984244_pbbrekening-maf_Applicant.jpeg
kksuratnikah-maf;2025052422024511984244_kksuratnikah-maf_Applicant.jpeg
halamandepanbukutabungan-maf;2025052422024511984244_halamandepanbukutabungan-maf_Applicant.jpeg
fpkbelakang-maf;2025052422024511984244_fpkbelakang-maf_Applicant.jpeg
fpkdepan-maf;2025052422024511984244_fpkdepan-maf_Applicant.jpeg
tempatusahadepan-maf;2025052422024511984244_tempatusahadepan-maf_Applicant.jpeg
rumahdepan-maf;2025052422024511984244_rumahdepan-maf_Applicant.jpeg
pasanganttdcmo-maf;2025052422024511984244_pasanganttdcmo-maf_Applicant.jpeg
nasabahttdcmo-maf;2025052422024511984244_nasabahttdcmo-maf_Applicant.jpeg
allobank-maf;2025052422024511984244_allobank-maf_Applicant.jpeg
rumahjalan-maf;2025052422024511984244_rumahjalan-maf_Applicant.jpeg
bpkbdepan-maf;2025052422024511984244_bpkbdepan-maf_Applicant.jpeg
pbbrekening-maf;2025052622023267374304_pbbrekening-maf_Applicant.jpeg
kksuratnikah-maf;2025052622023267374304_kksuratnikah-maf_Applicant.jpeg
halamandepanbukutabungan-maf;2025052622023267374304_halamandepanbukutabungan-maf_Applicant.jpeg
fpkbelakang-maf;2025052622023267374304_fpkbelakang-maf_Applicant.jpeg
fpkdepan-maf;2025052622023267374304_fpkdepan-maf_Applicant.jpeg
tempatusahadepan-maf;2025052622023267374304_tempatusahadepan-maf_Applicant.jpeg
rumahdepan-maf;2025052622023267374304_rumahdepan-maf_Applicant.jpeg
pasanganttdcmo-maf;2025052622023267374304_pasanganttdcmo-maf_Applicant.jpeg
nasabahttdcmo-maf;2025052622023267374304_nasabahttdcmo-maf_Applicant.jpeg
allobank-maf;2025052622023267374304_allobank-maf_Applicant.jpeg
rumahjalan-maf;2025052622023267374304_rumahjalan-maf_Applicant.jpeg
bpkbdepan-maf;2025052622023267374304_bpkbdepan-maf_Applicant.jpeg
nasabahttdcmo-maf;_nasabahttdcmo-maf_Applicant.jpeg
bpkbdepan-maf;2025052722016045775005_bpkbdepan-maf_Applicant.jpeg
bpkbbelakang-maf;2025052722016045775005_bpkbbelakang-maf_Applicant.jpeg
stnkpajak-maf;2025052722016045775005_stnkpajak-maf_Applicant.jpeg
unitdepankanan-maf;2025052722016045775005_unitdepankanan-maf_Applicant.jpeg
unitdepankiri-maf;2025052722016045775005_unitdepankiri-maf_Applicant.jpeg
rangkanomesin-maf;2025052722016045775005_rangkanomesin-maf_Applicant.jpeg
pasanganttdcmo-maf;2025052722016045775005_pasanganttdcmo-maf_Applicant.jpeg
nasabahttdcmo-maf;2025052722016045775005_nasabahttdcmo-maf_Applicant.jpeg
pbbrekening-maf;2025052722024016048622_pbbrekening-maf_Applicant.jpeg
kksuratnikah-maf;2025052722024016048622_kksuratnikah-maf_Applicant.jpeg
salaryslip-maf;2025052722024016048622_salaryslip-maf_Applicant.jpeg
allobank-maf;2025052722024016048622_allobank-maf_Applicant.jpeg
halamandepanbukutabungan-maf;2025052722024016048622_halamandepanbukutabungan-maf_Applicant.jpeg
fpkdepan-maf;2025052722024016048622_fpkdepan-maf_Applicant.jpeg
fpkbelakang-maf;2025052722024016048622_fpkbelakang-maf_Applicant.jpeg
nomorrumah-maf;2025052722024016048622_nomorrumah-maf_Applicant.jpeg
rumahjalan-maf;2025052722024016048622_rumahjalan-maf_Applicant.jpeg
tempatusahadepan-maf;2025052722024016048622_tempatusahadepan-maf_Applicant.jpeg
dalamrumah-maf;2025052722024016048622_dalamrumah-maf_Applicant.jpeg
bpkbdepan-maf;2025052722024016048622_bpkbdepan-maf_Applicant.jpeg
bpkbbelakang-maf;2025052722024016048622_bpkbbelakang-maf_Applicant.jpeg
stnkpajak-maf;2025052722024016048622_stnkpajak-maf_Applicant.jpeg
unitdepankanan-maf;2025052722024016048622_unitdepankanan-maf_Applicant.jpeg
unitdepankiri-maf;2025052722024016048622_unitdepankiri-maf_Applicant.jpeg
rangkanomesin-maf;2025052722024016048622_rangkanomesin-maf_Applicant.jpeg
pasanganttdcmo-maf;2025052722024016048622_pasanganttdcmo-maf_Applicant.jpeg
pbbrekening-maf;2025052522024252615110_pbbrekening-maf_Applicant.jpeg
unitdepankiri-maf;2025052422024422613101_unitdepankiri-maf_Applicant.jpeg
salaryslip-maf;2025052422024422613101_salaryslip-maf_Applicant.jpeg
nomorrumah-maf;2025052422024422613101_nomorrumah-maf_Applicant.jpeg
dalamrumah-maf;2025052422024422613101_dalamrumah-maf_Applicant.jpeg
rangkanomesin-maf;2025052422024422613101_rangkanomesin-maf_Applicant.jpeg
kksuratnikah-maf;2025052522024252615110_kksuratnikah-maf_Applicant.jpeg
halamandepanbukutabungan-maf;2025052522024252615110_halamandepanbukutabungan-maf_Applicant.jpeg
fpkbelakang-maf;2025052522024252615110_fpkbelakang-maf_Applicant.jpeg
fpkdepan-maf;2025052522024252615110_fpkdepan-maf_Applicant.jpeg
tempatusahadepan-maf;2025052522024252615110_tempatusahadepan-maf_Applicant.jpeg
rumahdepan-maf;2025052522024252615110_rumahdepan-maf_Applicant.jpeg
pasanganttdcmo-maf;2025052522024252615110_pasanganttdcmo-maf_Applicant.jpeg
nasabahttdcmo-maf;2025052522024252615110_nasabahttdcmo-maf_Applicant.jpeg
allobank-maf;2025052522024252615110_allobank-maf_Applicant.jpeg
rumahjalan-maf;2025052522024252615110_rumahjalan-maf_Applicant.jpeg
bpkbdepan-maf;2025052522024252615110_bpkbdepan-maf_Applicant.jpeg
bpkbbelakang-maf;2025052522024252615110_bpkbbelakang-maf_Applicant.jpeg
stnkpajak-maf;2025052522024252615110_stnkpajak-maf_Applicant.jpeg
unitdepankanan-maf;2025052522024252615110_unitdepankanan-maf_Applicant.jpeg
unitdepankiri-maf;2025052522024252615110_unitdepankiri-maf_Applicant.jpeg
salaryslip-maf;2025052522024252615110_salaryslip-maf_Applicant.jpeg
nomorrumah-maf;2025052522024252615110_nomorrumah-maf_Applicant.jpeg
dalamrumah-maf;2025052522024252615110_dalamrumah-maf_Applicant.jpeg
rangkanomesin-maf;2025052522024252615110_rangkanomesin-maf_Applicant.jpeg
pbbrekening-maf;2025052522023061061095_pbbrekening-maf_Applicant.jpeg
kksuratnikah-maf;2025052522023061061095_kksuratnikah-maf_Applicant.jpeg
halamandepanbukutabungan-maf;2025052522023061061095_halamandepanbukutabungan-maf_Applicant.jpeg
fpkbelakang-maf;2025052522023061061095_fpkbelakang-maf_Applicant.jpeg
fpkdepan-maf;2025052522023061061095_fpkdepan-maf_Applicant.jpeg
tempatusahadepan-maf;2025052522023061061095_tempatusahadepan-maf_Applicant.jpeg
rumahdepan-maf;2025052522023061061095_rumahdepan-maf_Applicant.jpeg
pasanganttdcmo-maf;2025052522023061061095_pasanganttdcmo-maf_Applicant.jpeg
nasabahttdcmo-maf;2025052522023061061095_nasabahttdcmo-maf_Applicant.jpeg
allobank-maf;2025052522023061061095_allobank-maf_Applicant.jpeg
rumahjalan-maf;2025052522023061061095_rumahjalan-maf_Applicant.jpeg
salaryslip-maf;2025052522023061061095_salaryslip-maf_Applicant.jpeg
nomorrumah-maf;2025052522023061061095_nomorrumah-maf_Applicant.jpeg
dalamrumah-maf;2025052522023061061095_dalamrumah-maf_Applicant.jpeg
pricelist-maf;2025052522023061061095_pricelist-maf_Applicant.jpeg
buktipenghasilanusaha-maf;2025052522023061061095_buktipenghasilanusaha-maf_Applicant.jpeg
salaryslip-maf;2025052522021298135114_salaryslip-maf_Applicant.jpeg
nomorrumah-maf;2025052522021298135114_nomorrumah-maf_Applicant.jpeg
dalamrumah-maf;2025052522021298135114_dalamrumah-maf_Applicant.jpeg
rangkanomesin-maf;2025052522021298135114_rangkanomesin-maf_Applicant.jpeg
pbbrekening-maf;2025052522021298135114_pbbrekening-maf_Applicant.jpeg
kksuratnikah-maf;2025052522021298135114_kksuratnikah-maf_Applicant.jpeg
halamandepanbukutabungan-maf;2025052522021298135114_halamandepanbukutabungan-maf_Applicant.jpeg
fpkbelakang-maf;2025052522021298135114_fpkbelakang-maf_Applicant.jpeg
fpkdepan-maf;2025052522021298135114_fpkdepan-maf_Applicant.jpeg
tempatusahadepan-maf;2025052522021298135114_tempatusahadepan-maf_Applicant.jpeg
rumahdepan-maf;2025052522021298135114_rumahdepan-maf_Applicant.jpeg
pasanganttdcmo-maf;2025052522021298135114_pasanganttdcmo-maf_Applicant.jpeg
nasabahttdcmo-maf;2025052522021298135114_nasabahttdcmo-maf_Applicant.jpeg
allobank-maf;2025052522021298135114_allobank-maf_Applicant.jpeg
rumahjalan-maf;2025052522021298135114_rumahjalan-maf_Applicant.jpeg
bpkbdepan-maf;2025052522021298135114_bpkbdepan-maf_Applicant.jpeg
bpkbbelakang-maf;2025052522021298135114_bpkbbelakang-maf_Applicant.jpeg
stnkpajak-maf;2025052522021298135114_stnkpajak-maf_Applicant.jpeg
unitdepankanan-maf;2025052522021298135114_unitdepankanan-maf_Applicant.jpeg
unitdepankiri-maf;2025052522021298135114_unitdepankiri-maf_Applicant.jpeg
pbbrekening-maf;2025052522022482737799_pbbrekening-maf_Applicant.jpeg
kksuratnikah-maf;2025052522022482737799_kksuratnikah-maf_Applicant.jpeg
halamandepanbukutabungan-maf;2025052522022482737799_halamandepanbukutabungan-maf_Applicant.jpeg
fpkbelakang-maf;2025052522022482737799_fpkbelakang-maf_Applicant.jpeg
fpkdepan-maf;2025052522022482737799_fpkdepan-maf_Applicant.jpeg
tempatusahadepan-maf;2025052522022482737799_tempatusahadepan-maf_Applicant.jpeg
rumahdepan-maf;2025052522022482737799_rumahdepan-maf_Applicant.jpeg
pasanganttdcmo-maf;2025052522022482737799_pasanganttdcmo-maf_Applicant.jpeg
nasabahttdcmo-maf;2025052522022482737799_nasabahttdcmo-maf_Applicant.jpeg
allobank-maf;2025052522022482737799_allobank-maf_Applicant.jpeg
rumahjalan-maf;2025052522022482737799_rumahjalan-maf_Applicant.jpeg
bpkbdepan-maf;2025052522022482737799_bpkbdepan-maf_Applicant.jpeg
bpkbbelakang-maf;2025052522022482737799_bpkbbelakang-maf_Applicant.jpeg
bpkbdepan-maf;2025052422021104177123_bpkbdepan-maf_Applicant.jpeg
bpkbbelakang-maf;2025052422021104177123_bpkbbelakang-maf_Applicant.jpeg
stnkpajak-maf;2025052422021104177123_stnkpajak-maf_Applicant.jpeg
unitdepankanan-maf;2025052422021104177123_unitdepankanan-maf_Applicant.jpeg
unitdepankiri-maf;2025052422021104177123_unitdepankiri-maf_Applicant.jpeg
salaryslip-maf;2025052422021104177123_salaryslip-maf_Applicant.jpeg
nomorrumah-maf;2025052422021104177123_nomorrumah-maf_Applicant.jpeg
dalamrumah-maf;2025052422021104177123_dalamrumah-maf_Applicant.jpeg
buktipenghasilanusaha-maf;2025052422021104177123_buktipenghasilanusaha-maf_Applicant.jpeg
perizinanusaha-maf;2025052422021104177123_perizinanusaha-maf_Applicant.jpeg
buktikepemilikanusaha-maf;2025052422021104177123_buktikepemilikanusaha-maf_Applicant.jpeg
rangkanomesin-maf;2025052422021104177123_rangkanomesin-maf_Applicant.jpeg
stnkpajak-maf;2025052522022482737799_stnkpajak-maf_Applicant.jpeg
unitdepankanan-maf;2025052522022482737799_unitdepankanan-maf_Applicant.jpeg
unitdepankiri-maf;2025052522022482737799_unitdepankiri-maf_Applicant.jpeg
salaryslip-maf;2025052522022482737799_salaryslip-maf_Applicant.jpeg
nomorrumah-maf;2025052522022482737799_nomorrumah-maf_Applicant.jpeg
dalamrumah-maf;2025052522022482737799_dalamrumah-maf_Applicant.jpeg
rangkanomesin-maf;2025052522022482737799_rangkanomesin-maf_Applicant.jpeg
pbbrekening-maf;2025052422021104177123_pbbrekening-maf_Applicant.jpeg
kksuratnikah-maf;2025052422021104177123_kksuratnikah-maf_Applicant.jpeg
halamandepanbukutabungan-maf;2025052422021104177123_halamandepanbukutabungan-maf_Applicant.jpeg
fpkbelakang-maf;2025052422021104177123_fpkbelakang-maf_Applicant.jpeg
fpkdepan-maf;2025052422021104177123_fpkdepan-maf_Applicant.jpeg
tempatusahadepan-maf;2025052422021104177123_tempatusahadepan-maf_Applicant.jpeg
rumahdepan-maf;2025052422021104177123_rumahdepan-maf_Applicant.jpeg
pasanganttdcmo-maf;2025052422021104177123_pasanganttdcmo-maf_Applicant.jpeg
nasabahttdcmo-maf;2025052422021104177123_nasabahttdcmo-maf_Applicant.jpeg
allobank-maf;2025052422021104177123_allobank-maf_Applicant.jpeg
rumahjalan-maf;2025052422021104177123_rumahjalan-maf_Applicant.jpeg
bpkbbelakang-maf;2025052522020696819479_bpkbbelakang-maf_Applicant.jpeg
stnkpajak-maf;2025052522020696819479_stnkpajak-maf_Applicant.jpeg
unitdepankanan-maf;2025052522020696819479_unitdepankanan-maf_Applicant.jpeg
unitdepankiri-maf;2025052522020696819479_unitdepankiri-maf_Applicant.jpeg
salaryslip-maf;2025052522020696819479_salaryslip-maf_Applicant.jpeg
nomorrumah-maf;2025052522020696819479_nomorrumah-maf_Applicant.jpeg
dalamrumah-maf;2025052522020696819479_dalamrumah-maf_Applicant.jpeg
buktipenghasilanusaha-maf;2025052522020696819479_buktipenghasilanusaha-maf_Applicant.jpeg
perizinanusaha-maf;2025052522020696819479_perizinanusaha-maf_Applicant.jpeg
buktikepemilikanusaha-maf;2025052522020696819479_buktikepemilikanusaha-maf_Applicant.jpeg
rangkanomesin-maf;2025052522020696819479_rangkanomesin-maf_Applicant.jpeg
pbbrekening-maf;2025052522024252645402_pbbrekening-maf_Applicant.jpeg
kksuratnikah-maf;2025052522024252645402_kksuratnikah-maf_Applicant.jpeg
halamandepanbukutabungan-maf;2025052522024252645402_halamandepanbukutabungan-maf_Applicant.jpeg
fpkbelakang-maf;2025052522024252645402_fpkbelakang-maf_Applicant.jpeg
fpkdepan-maf;2025052522024252645402_fpkdepan-maf_Applicant.jpeg
tempatusahadepan-maf;2025052522024252645402_tempatusahadepan-maf_Applicant.jpeg
rumahdepan-maf;2025052522024252645402_rumahdepan-maf_Applicant.jpeg
pbbrekening-maf;2025052522017380911594_pbbrekening-maf_Applicant.jpeg
kksuratnikah-maf;2025052522017380911594_kksuratnikah-maf_Applicant.jpeg
halamandepanbukutabungan-maf;2025052522017380911594_halamandepanbukutabungan-maf_Applicant.jpeg
fpkbelakang-maf;2025052522017380911594_fpkbelakang-maf_Applicant.jpeg
fpkdepan-maf;2025052522017380911594_fpkdepan-maf_Applicant.jpeg
tempatusahadepan-maf;2025052522017380911594_tempatusahadepan-maf_Applicant.jpeg
rumahdepan-maf;2025052522017380911594_rumahdepan-maf_Applicant.jpeg
pasanganttdcmo-maf;2025052522017380911594_pasanganttdcmo-maf_Applicant.jpeg
nasabahttdcmo-maf;2025052522017380911594_nasabahttdcmo-maf_Applicant.jpeg
allobank-maf;2025052522017380911594_allobank-maf_Applicant.jpeg
rumahjalan-maf;2025052522017380911594_rumahjalan-maf_Applicant.jpeg
bpkbdepan-maf;2025052522017380911594_bpkbdepan-maf_Applicant.jpeg
bpkbbelakang-maf;2025052522017380911594_bpkbbelakang-maf_Applicant.jpeg
stnkpajak-maf;2025052522017380911594_stnkpajak-maf_Applicant.jpeg
unitdepankanan-maf;2025052522017380911594_unitdepankanan-maf_Applicant.jpeg
unitdepankiri-maf;2025052522017380911594_unitdepankiri-maf_Applicant.jpeg
salaryslip-maf;2025052522017380911594_salaryslip-maf_Applicant.jpeg
nomorrumah-maf;2025052522017380911594_nomorrumah-maf_Applicant.jpeg
dalamrumah-maf;2025052522017380911594_dalamrumah-maf_Applicant.jpeg
rangkanomesin-maf;2025052522017380911594_rangkanomesin-maf_Applicant.jpeg
pbbrekening-maf;2025052522020696819479_pbbrekening-maf_Applicant.jpeg
kksuratnikah-maf;2025052522020696819479_kksuratnikah-maf_Applicant.jpeg
halamandepanbukutabungan-maf;2025052522020696819479_halamandepanbukutabungan-maf_Applicant.jpeg
fpkbelakang-maf;2025052522020696819479_fpkbelakang-maf_Applicant.jpeg
fpkdepan-maf;2025052522020696819479_fpkdepan-maf_Applicant.jpeg
tempatusahadepan-maf;2025052522020696819479_tempatusahadepan-maf_Applicant.jpeg
rumahdepan-maf;2025052522020696819479_rumahdepan-maf_Applicant.jpeg
pasanganttdcmo-maf;2025052522020696819479_pasanganttdcmo-maf_Applicant.jpeg
nasabahttdcmo-maf;2025052522020696819479_nasabahttdcmo-maf_Applicant.jpeg
allobank-maf;2025052522020696819479_allobank-maf_Applicant.jpeg
rumahjalan-maf;2025052522020696819479_rumahjalan-maf_Applicant.jpeg
bpkbdepan-maf;2025052522020696819479_bpkbdepan-maf_Applicant.jpeg
pasanganttdcmo-maf;2025052522024252645402_pasanganttdcmo-maf_Applicant.jpeg
nasabahttdcmo-maf;2025052522024252645402_nasabahttdcmo-maf_Applicant.jpeg
allobank-maf;2025052522024252645402_allobank-maf_Applicant.jpeg
rumahjalan-maf;2025052522024252645402_rumahjalan-maf_Applicant.jpeg
bpkbdepan-maf;2025052522024252645402_bpkbdepan-maf_Applicant.jpeg
bpkbbelakang-maf;2025052522024252645402_bpkbbelakang-maf_Applicant.jpeg
stnkpajak-maf;2025052522024252645402_stnkpajak-maf_Applicant.jpeg
unitdepankanan-maf;2025052522024252645402_unitdepankanan-maf_Applicant.jpeg
unitdepankiri-maf;2025052522024252645402_unitdepankiri-maf_Applicant.jpeg
salaryslip-maf;2025052522024252645402_salaryslip-maf_Applicant.jpeg
nomorrumah-maf;2025052522024252645402_nomorrumah-maf_Applicant.jpeg
dalamrumah-maf;2025052522024252645402_dalamrumah-maf_Applicant.jpeg
buktipenghasilanusaha-maf;2025052522024252645402_buktipenghasilanusaha-maf_Applicant.jpeg
perizinanusaha-maf;2025052522024252645402_perizinanusaha-maf_Applicant.jpeg
buktikepemilikanusaha-maf;2025052522024252645402_buktikepemilikanusaha-maf_Applicant.jpeg
pbbrekening-maf;2025052222023061025379_pbbrekening-maf_Applicant.jpeg
kksuratnikah-maf;2025052222023061025379_kksuratnikah-maf_Applicant.jpeg
halamandepanbukutabungan-maf;2025052222023061025379_halamandepanbukutabungan-maf_Applicant.jpeg
fpkbelakang-maf;2025052222023061025379_fpkbelakang-maf_Applicant.jpeg
fpkdepan-maf;2025052222023061025379_fpkdepan-maf_Applicant.jpeg
tempatusahadepan-maf;2025052222023061025379_tempatusahadepan-maf_Applicant.jpeg
rumahdepan-maf;2025052222023061025379_rumahdepan-maf_Applicant.jpeg
pasanganttdcmo-maf;2025052222023061025379_pasanganttdcmo-maf_Applicant.jpeg
nasabahttdcmo-maf;2025052222023061025379_nasabahttdcmo-maf_Applicant.jpeg
allobank-maf;2025052222023061025379_allobank-maf_Applicant.jpeg
rumahjalan-maf;2025052222023061025379_rumahjalan-maf_Applicant.jpeg
bpkbdepan-maf;2025052222023061025379_bpkbdepan-maf_Applicant.jpeg
bpkbbelakang-maf;2025052222023061025379_bpkbbelakang-maf_Applicant.jpeg
stnkpajak-maf;2025052222023061025379_stnkpajak-maf_Applicant.jpeg
unitdepankanan-maf;2025052222023061025379_unitdepankanan-maf_Applicant.jpeg
unitdepankiri-maf;2025052222023061025379_unitdepankiri-maf_Applicant.jpeg
salaryslip-maf;2025052222023061025379_salaryslip-maf_Applicant.jpeg
nomorrumah-maf;2025052222023061025379_nomorrumah-maf_Applicant.jpeg
dalamrumah-maf;2025052222023061025379_dalamrumah-maf_Applicant.jpeg
rangkanomesin-maf;2025052222023061025379_rangkanomesin-maf_Applicant.jpeg
rangkanomesin-maf;2025052522024252645402_rangkanomesin-maf_Applicant.jpeg
perizinanusaha-maf;2025052522023061061095_perizinanusaha-maf_Applicant.jpeg
buktikepemilikanusaha-maf;2025052522023061061095_buktikepemilikanusaha-maf_Applicant.jpeg
pbbrekening-maf;2025052522023503029329_pbbrekening-maf_Applicant.jpeg
kksuratnikah-maf;2025052522023503029329_kksuratnikah-maf_Applicant.jpeg
halamandepanbukutabungan-maf;2025052522023503029329_halamandepanbukutabungan-maf_Applicant.jpeg
fpkbelakang-maf;2025052522023503029329_fpkbelakang-maf_Applicant.jpeg
fpkdepan-maf;2025052522023503029329_fpkdepan-maf_Applicant.jpeg
tempatusahadepan-maf;2025052522023503029329_tempatusahadepan-maf_Applicant.jpeg
rumahdepan-maf;2025052522023503029329_rumahdepan-maf_Applicant.jpeg
pasanganttdcmo-maf;2025052522023503029329_pasanganttdcmo-maf_Applicant.jpeg
nasabahttdcmo-maf;2025052522023503029329_nasabahttdcmo-maf_Applicant.jpeg
allobank-maf;2025052522023503029329_allobank-maf_Applicant.jpeg
rumahjalan-maf;2025052522023503029329_rumahjalan-maf_Applicant.jpeg
bpkbdepan-maf;2025052522023503029329_bpkbdepan-maf_Applicant.jpeg
bpkbbelakang-maf;2025052522023503029329_bpkbbelakang-maf_Applicant.jpeg
stnkpajak-maf;2025052522023503029329_stnkpajak-maf_Applicant.jpeg
unitdepankanan-maf;2025052522023503029329_unitdepankanan-maf_Applicant.jpeg
unitdepankiri-maf;2025052522023503029329_unitdepankiri-maf_Applicant.jpeg
salaryslip-maf;2025052522023503029329_salaryslip-maf_Applicant.jpeg
nomorrumah-maf;2025052522023503029329_nomorrumah-maf_Applicant.jpeg
allobank-maf;2025052622022744224973_allobank-maf_Applicant.jpeg
rumahjalan-maf;2025052622022744224973_rumahjalan-maf_Applicant.jpeg
bpkbdepan-maf;2025052622022744224973_bpkbdepan-maf_Applicant.jpeg
bpkbbelakang-maf;2025052622022744224973_bpkbbelakang-maf_Applicant.jpeg
stnkpajak-maf;2025052622022744224973_stnkpajak-maf_Applicant.jpeg
unitdepankanan-maf;2025052622022744224973_unitdepankanan-maf_Applicant.jpeg
unitdepankiri-maf;2025052622022744224973_unitdepankiri-maf_Applicant.jpeg
salaryslip-maf;2025052622022744224973_salaryslip-maf_Applicant.jpeg
nomorrumah-maf;2025052622022744224973_nomorrumah-maf_Applicant.jpeg
dalamrumah-maf;2025052622022744224973_dalamrumah-maf_Applicant.jpeg
rangkanomesin-maf;2025052622022744224973_rangkanomesin-maf_Applicant.jpeg
dalamrumah-maf;2025052522023503029329_dalamrumah-maf_Applicant.jpeg
buktipenghasilanusaha-maf;2025052522023503029329_buktipenghasilanusaha-maf_Applicant.jpeg
perizinanusaha-maf;2025052522023503029329_perizinanusaha-maf_Applicant.jpeg
buktikepemilikanusaha-maf;2025052522023503029329_buktikepemilikanusaha-maf_Applicant.jpeg
rangkanomesin-maf;2025052522023503029329_rangkanomesin-maf_Applicant.jpeg
pbbrekening-maf;2025052622022744224973_pbbrekening-maf_Applicant.jpeg
kksuratnikah-maf;2025052622022744224973_kksuratnikah-maf_Applicant.jpeg
halamandepanbukutabungan-maf;2025052622022744224973_halamandepanbukutabungan-maf_Applicant.jpeg
fpkbelakang-maf;2025052622022744224973_fpkbelakang-maf_Applicant.jpeg
fpkdepan-maf;2025052622022744224973_fpkdepan-maf_Applicant.jpeg
tempatusahadepan-maf;2025052622022744224973_tempatusahadepan-maf_Applicant.jpeg
rumahdepan-maf;2025052622022744224973_rumahdepan-maf_Applicant.jpeg
pasanganttdcmo-maf;2025052622022744224973_pasanganttdcmo-maf_Applicant.jpeg
nasabahttdcmo-maf;2025052622022744224973_nasabahttdcmo-maf_Applicant.jpeg
bpkbbelakang-maf;2025052522024077093134_bpkbbelakang-maf_Applicant.jpeg
stnkpajak-maf;2025052522024077093134_stnkpajak-maf_Applicant.jpeg
unitdepankanan-maf;2025052522024077093134_unitdepankanan-maf_Applicant.jpeg
unitdepankiri-maf;2025052522024077093134_unitdepankiri-maf_Applicant.jpeg
salaryslip-maf;2025052522024077093134_salaryslip-maf_Applicant.jpeg
nomorrumah-maf;2025052522024077093134_nomorrumah-maf_Applicant.jpeg
dalamrumah-maf;2025052522024077093134_dalamrumah-maf_Applicant.jpeg
rangkanomesin-maf;2025052522024077093134_rangkanomesin-maf_Applicant.jpeg
pbbrekening-maf;2025052522022482778481_pbbrekening-maf_Applicant.jpeg
kksuratnikah-maf;2025052522022482778481_kksuratnikah-maf_Applicant.jpeg
halamandepanbukutabungan-maf;2025052522022482778481_halamandepanbukutabungan-maf_Applicant.jpeg
fpkbelakang-maf;2025052522022482778481_fpkbelakang-maf_Applicant.jpeg
fpkdepan-maf;2025052522022482778481_fpkdepan-maf_Applicant.jpeg
tempatusahadepan-maf;2025052522022482778481_tempatusahadepan-maf_Applicant.jpeg
rumahdepan-maf;2025052522022482778481_rumahdepan-maf_Applicant.jpeg
pasanganttdcmo-maf;2025052522022482778481_pasanganttdcmo-maf_Applicant.jpeg
nasabahttdcmo-maf;2025052522022482778481_nasabahttdcmo-maf_Applicant.jpeg
allobank-maf;2025052522022482778481_allobank-maf_Applicant.jpeg
rumahjalan-maf;2025052522022482778481_rumahjalan-maf_Applicant.jpeg
bpkbdepan-maf;2025052522022482778481_bpkbdepan-maf_Applicant.jpeg
bpkbbelakang-maf;2025052522022482778481_bpkbbelakang-maf_Applicant.jpeg
stnkpajak-maf;2025052522022482778481_stnkpajak-maf_Applicant.jpeg
unitdepankanan-maf;2025052522022482778481_unitdepankanan-maf_Applicant.jpeg
unitdepankiri-maf;2025052522022482778481_unitdepankiri-maf_Applicant.jpeg
salaryslip-maf;2025052522022482778481_salaryslip-maf_Applicant.jpeg
nomorrumah-maf;2025052522022482778481_nomorrumah-maf_Applicant.jpeg
dalamrumah-maf;2025052522022482778481_dalamrumah-maf_Applicant.jpeg
rangkanomesin-maf;2025052522022482778481_rangkanomesin-maf_Applicant.jpeg
pbbrekening-maf;2025052622021298182302_pbbrekening-maf_Applicant.jpeg
kksuratnikah-maf;2025052622021298182302_kksuratnikah-maf_Applicant.jpeg
halamandepanbukutabungan-maf;2025052622021298182302_halamandepanbukutabungan-maf_Applicant.jpeg
fpkbelakang-maf;2025052622021298182302_fpkbelakang-maf_Applicant.jpeg
fpkdepan-maf;2025052622021298182302_fpkdepan-maf_Applicant.jpeg
tempatusahadepan-maf;2025052622021298182302_tempatusahadepan-maf_Applicant.jpeg
rumahdepan-maf;2025052622021298182302_rumahdepan-maf_Applicant.jpeg
pasanganttdcmo-maf;2025052622021298182302_pasanganttdcmo-maf_Applicant.jpeg
nasabahttdcmo-maf;2025052622021298182302_nasabahttdcmo-maf_Applicant.jpeg
allobank-maf;2025052622021298182302_allobank-maf_Applicant.jpeg
rumahjalan-maf;2025052622021298182302_rumahjalan-maf_Applicant.jpeg
bpkbdepan-maf;2025052622021298182302_bpkbdepan-maf_Applicant.jpeg
bpkbbelakang-maf;2025052622021298182302_bpkbbelakang-maf_Applicant.jpeg
stnkpajak-maf;2025052622021298182302_stnkpajak-maf_Applicant.jpeg
unitdepankanan-maf;2025052622021298182302_unitdepankanan-maf_Applicant.jpeg
unitdepankiri-maf;2025052622021298182302_unitdepankiri-maf_Applicant.jpeg
salaryslip-maf;2025052622021298182302_salaryslip-maf_Applicant.jpeg
nomorrumah-maf;2025052622021298182302_nomorrumah-maf_Applicant.jpeg
dalamrumah-maf;2025052622021298182302_dalamrumah-maf_Applicant.jpeg
rangkanomesin-maf;2025052622021298182302_rangkanomesin-maf_Applicant.jpeg
pbbrekening-maf;2025052522021104163511_pbbrekening-maf_Applicant.jpeg
kksuratnikah-maf;2025052522021104163511_kksuratnikah-maf_Applicant.jpeg
halamandepanbukutabungan-maf;2025052522021104163511_halamandepanbukutabungan-maf_Applicant.jpeg
fpkbelakang-maf;2025052522021104163511_fpkbelakang-maf_Applicant.jpeg
fpkdepan-maf;2025052522021104163511_fpkdepan-maf_Applicant.jpeg
tempatusahadepan-maf;2025052522021104163511_tempatusahadepan-maf_Applicant.jpeg
rumahdepan-maf;2025052522021104163511_rumahdepan-maf_Applicant.jpeg
pasanganttdcmo-maf;2025052522021104163511_pasanganttdcmo-maf_Applicant.jpeg
nasabahttdcmo-maf;2025052522021104163511_nasabahttdcmo-maf_Applicant.jpeg
allobank-maf;2025052522021104163511_allobank-maf_Applicant.jpeg
rumahjalan-maf;2025052522021104163511_rumahjalan-maf_Applicant.jpeg
bpkbdepan-maf;2025052522021104163511_bpkbdepan-maf_Applicant.jpeg
bpkbbelakang-maf;2025052522021104163511_bpkbbelakang-maf_Applicant.jpeg
stnkpajak-maf;2025052522021104163511_stnkpajak-maf_Applicant.jpeg
unitdepankanan-maf;2025052522021104163511_unitdepankanan-maf_Applicant.jpeg
unitdepankiri-maf;2025052522021104163511_unitdepankiri-maf_Applicant.jpeg
salaryslip-maf;2025052522021104163511_salaryslip-maf_Applicant.jpeg
nomorrumah-maf;2025052522021104163511_nomorrumah-maf_Applicant.jpeg
dalamrumah-maf;2025052522021104163511_dalamrumah-maf_Applicant.jpeg
rangkanomesin-maf;2025052522021104163511_rangkanomesin-maf_Applicant.jpeg
pbbrekening-maf;2025052622024255972311_pbbrekening-maf_Applicant.jpeg
kksuratnikah-maf;2025052622024255972311_kksuratnikah-maf_Applicant.jpeg
halamandepanbukutabungan-maf;2025052622024255972311_halamandepanbukutabungan-maf_Applicant.jpeg
fpkbelakang-maf;2025052622024255972311_fpkbelakang-maf_Applicant.jpeg
fpkdepan-maf;2025052622024255972311_fpkdepan-maf_Applicant.jpeg
tempatusahadepan-maf;2025052622024255972311_tempatusahadepan-maf_Applicant.jpeg
rumahdepan-maf;2025052622024255972311_rumahdepan-maf_Applicant.jpeg
pasanganttdcmo-maf;2025052622024255972311_pasanganttdcmo-maf_Applicant.jpeg
nasabahttdcmo-maf;2025052622024255972311_nasabahttdcmo-maf_Applicant.jpeg
allobank-maf;2025052622024255972311_allobank-maf_Applicant.jpeg
rumahjalan-maf;2025052622024255972311_rumahjalan-maf_Applicant.jpeg
bpkbdepan-maf;2025052622024255972311_bpkbdepan-maf_Applicant.jpeg
bpkbbelakang-maf;2025052622024255972311_bpkbbelakang-maf_Applicant.jpeg
stnkpajak-maf;2025052622024255972311_stnkpajak-maf_Applicant.jpeg
unitdepankanan-maf;2025052622024255972311_unitdepankanan-maf_Applicant.jpeg
unitdepankiri-maf;2025052622024255972311_unitdepankiri-maf_Applicant.jpeg
salaryslip-maf;2025052622024255972311_salaryslip-maf_Applicant.jpeg
nomorrumah-maf;2025052622024255972311_nomorrumah-maf_Applicant.jpeg
dalamrumah-maf;2025052622024255972311_dalamrumah-maf_Applicant.jpeg
rangkanomesin-maf;2025052622024255972311_rangkanomesin-maf_Applicant.jpeg
pbbrekening-maf;2025052622016045763210_pbbrekening-maf_Applicant.jpeg
kksuratnikah-maf;2025052622016045763210_kksuratnikah-maf_Applicant.jpeg
halamandepanbukutabungan-maf;2025052622016045763210_halamandepanbukutabungan-maf_Applicant.jpeg
fpkbelakang-maf;2025052622016045763210_fpkbelakang-maf_Applicant.jpeg
fpkdepan-maf;2025052622016045763210_fpkdepan-maf_Applicant.jpeg
tempatusahadepan-maf;2025052622016045763210_tempatusahadepan-maf_Applicant.jpeg
rumahdepan-maf;2025052622016045763210_rumahdepan-maf_Applicant.jpeg
pasanganttdcmo-maf;2025052622016045763210_pasanganttdcmo-maf_Applicant.jpeg
nasabahttdcmo-maf;2025052622016045763210_nasabahttdcmo-maf_Applicant.jpeg
allobank-maf;2025052622016045763210_allobank-maf_Applicant.jpeg
rumahjalan-maf;2025052622016045763210_rumahjalan-maf_Applicant.jpeg
bpkbdepan-maf;2025052622016045763210_bpkbdepan-maf_Applicant.jpeg
bpkbbelakang-maf;2025052622016045763210_bpkbbelakang-maf_Applicant.jpeg
stnkpajak-maf;2025052622016045763210_stnkpajak-maf_Applicant.jpeg
unitdepankanan-maf;2025052622016045763210_unitdepankanan-maf_Applicant.jpeg
unitdepankiri-maf;2025052622016045763210_unitdepankiri-maf_Applicant.jpeg
salaryslip-maf;2025052622016045763210_salaryslip-maf_Applicant.jpeg
bpkbdepan-maf;2025052622020696894299_bpkbdepan-maf_Applicant.jpeg
bpkbbelakang-maf;2025052622020696894299_bpkbbelakang-maf_Applicant.jpeg
stnkpajak-maf;2025052622020696894299_stnkpajak-maf_Applicant.jpeg
unitdepankanan-maf;2025052622020696894299_unitdepankanan-maf_Applicant.jpeg
unitdepankiri-maf;2025052622020696894299_unitdepankiri-maf_Applicant.jpeg
salaryslip-maf;2025052622020696894299_salaryslip-maf_Applicant.jpeg
nomorrumah-maf;2025052622020696894299_nomorrumah-maf_Applicant.jpeg
dalamrumah-maf;2025052622020696894299_dalamrumah-maf_Applicant.jpeg
rangkanomesin-maf;2025052622020696894299_rangkanomesin-maf_Applicant.jpeg
pbbrekening-maf;2025052322023070439102_pbbrekening-maf_Applicant.jpeg
kksuratnikah-maf;2025052322023070439102_kksuratnikah-maf_Applicant.jpeg
halamandepanbukutabungan-maf;2025052322023070439102_halamandepanbukutabungan-maf_Applicant.jpeg
fpkbelakang-maf;2025052322023070439102_fpkbelakang-maf_Applicant.jpeg
fpkdepan-maf;2025052322023070439102_fpkdepan-maf_Applicant.jpeg
nomorrumah-maf;2025052622016045763210_nomorrumah-maf_Applicant.jpeg
dalamrumah-maf;2025052622016045763210_dalamrumah-maf_Applicant.jpeg
buktipenghasilanusaha-maf;2025052622016045763210_buktipenghasilanusaha-maf_Applicant.jpeg
perizinanusaha-maf;2025052622016045763210_perizinanusaha-maf_Applicant.jpeg
buktikepemilikanusaha-maf;2025052622016045763210_buktikepemilikanusaha-maf_Applicant.jpeg
rangkanomesin-maf;2025052622016045763210_rangkanomesin-maf_Applicant.jpeg
pbbrekening-maf;2025052622020696894299_pbbrekening-maf_Applicant.jpeg
kksuratnikah-maf;2025052622020696894299_kksuratnikah-maf_Applicant.jpeg
halamandepanbukutabungan-maf;2025052622020696894299_halamandepanbukutabungan-maf_Applicant.jpeg
fpkbelakang-maf;2025052622020696894299_fpkbelakang-maf_Applicant.jpeg
fpkdepan-maf;2025052622020696894299_fpkdepan-maf_Applicant.jpeg
tempatusahadepan-maf;2025052622020696894299_tempatusahadepan-maf_Applicant.jpeg
rumahdepan-maf;2025052622020696894299_rumahdepan-maf_Applicant.jpeg
pasanganttdcmo-maf;2025052622020696894299_pasanganttdcmo-maf_Applicant.jpeg
nasabahttdcmo-maf;2025052622020696894299_nasabahttdcmo-maf_Applicant.jpeg
allobank-maf;2025052622020696894299_allobank-maf_Applicant.jpeg
rumahjalan-maf;2025052622020696894299_rumahjalan-maf_Applicant.jpeg
tempatusahadepan-maf;2025052322023070439102_tempatusahadepan-maf_Applicant.jpeg
rumahdepan-maf;2025052322023070439102_rumahdepan-maf_Applicant.jpeg
pasanganttdcmo-maf;2025052322023070439102_pasanganttdcmo-maf_Applicant.jpeg
nasabahttdcmo-maf;2025052322023070439102_nasabahttdcmo-maf_Applicant.jpeg
allobank-maf;2025052322023070439102_allobank-maf_Applicant.jpeg
rumahjalan-maf;2025052322023070439102_rumahjalan-maf_Applicant.jpeg
bpkbdepan-maf;2025052322023070439102_bpkbdepan-maf_Applicant.jpeg
bpkbbelakang-maf;2025052322023070439102_bpkbbelakang-maf_Applicant.jpeg
stnkpajak-maf;2025052322023070439102_stnkpajak-maf_Applicant.jpeg
unitdepankanan-maf;2025052322023070439102_unitdepankanan-maf_Applicant.jpeg
unitdepankiri-maf;2025052322023070439102_unitdepankiri-maf_Applicant.jpeg
salaryslip-maf;2025052322023070439102_salaryslip-maf_Applicant.jpeg
nomorrumah-maf;2025052322023070439102_nomorrumah-maf_Applicant.jpeg
pbbrekening-maf;2025052522022482792053_pbbrekening-maf_Applicant.jpeg
kksuratnikah-maf;2025052522022482792053_kksuratnikah-maf_Applicant.jpeg
halamandepanbukutabungan-maf;2025052522022482792053_halamandepanbukutabungan-maf_Applicant.jpeg
fpkbelakang-maf;2025052522022482792053_fpkbelakang-maf_Applicant.jpeg
fpkdepan-maf;2025052522022482792053_fpkdepan-maf_Applicant.jpeg
tempatusahadepan-maf;2025052522022482792053_tempatusahadepan-maf_Applicant.jpeg
rumahdepan-maf;2025052522022482792053_rumahdepan-maf_Applicant.jpeg
pasanganttdcmo-maf;2025052522022482792053_pasanganttdcmo-maf_Applicant.jpeg
nasabahttdcmo-maf;2025052522022482792053_nasabahttdcmo-maf_Applicant.jpeg
allobank-maf;2025052522022482792053_allobank-maf_Applicant.jpeg
rumahjalan-maf;2025052522022482792053_rumahjalan-maf_Applicant.jpeg
bpkbdepan-maf;2025052522022482792053_bpkbdepan-maf_Applicant.jpeg
bpkbbelakang-maf;2025052522022482792053_bpkbbelakang-maf_Applicant.jpeg
stnkpajak-maf;2025052522022482792053_stnkpajak-maf_Applicant.jpeg
unitdepankanan-maf;2025052522022482792053_unitdepankanan-maf_Applicant.jpeg
unitdepankiri-maf;2025052522022482792053_unitdepankiri-maf_Applicant.jpeg
salaryslip-maf;2025052522022482792053_salaryslip-maf_Applicant.jpeg
nomorrumah-maf;2025052522022482792053_nomorrumah-maf_Applicant.jpeg
dalamrumah-maf;2025052522022482792053_dalamrumah-maf_Applicant.jpeg
rangkanomesin-maf;2025052522022482792053_rangkanomesin-maf_Applicant.jpeg
dalamrumah-maf;2025052322023070439102_dalamrumah-maf_Applicant.jpeg
rangkanomesin-maf;2025052322023070439102_rangkanomesin-maf_Applicant.jpeg
pbbrekening-maf;2025052622016076352789_pbbrekening-maf_Applicant.jpeg
kksuratnikah-maf;2025052622016076352789_kksuratnikah-maf_Applicant.jpeg
halamandepanbukutabungan-maf;2025052622016076352789_halamandepanbukutabungan-maf_Applicant.jpeg
fpkbelakang-maf;2025052622016076352789_fpkbelakang-maf_Applicant.jpeg
fpkdepan-maf;2025052622016076352789_fpkdepan-maf_Applicant.jpeg
tempatusahadepan-maf;2025052622016076352789_tempatusahadepan-maf_Applicant.jpeg
rumahdepan-maf;2025052622016076352789_rumahdepan-maf_Applicant.jpeg
pasanganttdcmo-maf;2025052622016076352789_pasanganttdcmo-maf_Applicant.jpeg
nasabahttdcmo-maf;2025052622016076352789_nasabahttdcmo-maf_Applicant.jpeg
allobank-maf;2025052622016076352789_allobank-maf_Applicant.jpeg
rumahjalan-maf;2025052622016076352789_rumahjalan-maf_Applicant.jpeg
bpkbdepan-maf;2025052622016076352789_bpkbdepan-maf_Applicant.jpeg
bpkbbelakang-maf;2025052622016076352789_bpkbbelakang-maf_Applicant.jpeg
stnkpajak-maf;2025052622016076352789_stnkpajak-maf_Applicant.jpeg
unitdepankanan-maf;2025052622016076352789_unitdepankanan-maf_Applicant.jpeg
unitdepankiri-maf;2025052622016076352789_unitdepankiri-maf_Applicant.jpeg
salaryslip-maf;2025052622016076352789_salaryslip-maf_Applicant.jpeg
nomorrumah-maf;2025052622016076352789_nomorrumah-maf_Applicant.jpeg
dalamrumah-maf;2025052622016076352789_dalamrumah-maf_Applicant.jpeg
rangkanomesin-maf;2025052622016076352789_rangkanomesin-maf_Applicant.jpeg
pbbrekening-maf;2025052622024243557435_pbbrekening-maf_Applicant.jpeg
kksuratnikah-maf;2025052622024243557435_kksuratnikah-maf_Applicant.jpeg
halamandepanbukutabungan-maf;2025052622024243557435_halamandepanbukutabungan-maf_Applicant.jpeg
fpkbelakang-maf;2025052622024243557435_fpkbelakang-maf_Applicant.jpeg
fpkdepan-maf;2025052622024243557435_fpkdepan-maf_Applicant.jpeg
tempatusahadepan-maf;2025052622024243557435_tempatusahadepan-maf_Applicant.jpeg
rumahdepan-maf;2025052622024243557435_rumahdepan-maf_Applicant.jpeg
pasanganttdcmo-maf;2025052622024243557435_pasanganttdcmo-maf_Applicant.jpeg
nasabahttdcmo-maf;2025052622024243557435_nasabahttdcmo-maf_Applicant.jpeg
pasanganttdcmo-maf;2025052622021298176577_pasanganttdcmo-maf_Applicant.jpeg
nasabahttdcmo-maf;2025052622021298176577_nasabahttdcmo-maf_Applicant.jpeg
allobank-maf;2025052622021298176577_allobank-maf_Applicant.jpeg
rumahjalan-maf;2025052622021298176577_rumahjalan-maf_Applicant.jpeg
bpkbdepan-maf;2025052622021298176577_bpkbdepan-maf_Applicant.jpeg
bpkbbelakang-maf;2025052622021298176577_bpkbbelakang-maf_Applicant.jpeg
stnkpajak-maf;2025052622021298176577_stnkpajak-maf_Applicant.jpeg
unitdepankanan-maf;2025052622021298176577_unitdepankanan-maf_Applicant.jpeg
unitdepankiri-maf;2025052622021298176577_unitdepankiri-maf_Applicant.jpeg
salaryslip-maf;2025052622021298176577_salaryslip-maf_Applicant.jpeg
nomorrumah-maf;2025052622021298176577_nomorrumah-maf_Applicant.jpeg
dalamrumah-maf;2025052622021298176577_dalamrumah-maf_Applicant.jpeg
rangkanomesin-maf;2025052622021298176577_rangkanomesin-maf_Applicant.jpeg
pbbrekening-maf;2025052622023267350480_pbbrekening-maf_Applicant.jpeg
kksuratnikah-maf;2025052622023267350480_kksuratnikah-maf_Applicant.jpeg
halamandepanbukutabungan-maf;2025052622023267350480_halamandepanbukutabungan-maf_Applicant.jpeg
fpkbelakang-maf;2025052622023267350480_fpkbelakang-maf_Applicant.jpeg
fpkdepan-maf;2025052622023267350480_fpkdepan-maf_Applicant.jpeg
tempatusahadepan-maf;2025052622023267350480_tempatusahadepan-maf_Applicant.jpeg
rumahdepan-maf;2025052622023267350480_rumahdepan-maf_Applicant.jpeg
pasanganttdcmo-maf;2025052622023267350480_pasanganttdcmo-maf_Applicant.jpeg
nasabahttdcmo-maf;2025052622023267350480_nasabahttdcmo-maf_Applicant.jpeg
allobank-maf;2025052622023267350480_allobank-maf_Applicant.jpeg
rumahjalan-maf;2025052622023267350480_rumahjalan-maf_Applicant.jpeg
bpkbdepan-maf;2025052622023267350480_bpkbdepan-maf_Applicant.jpeg
bpkbbelakang-maf;2025052622023267350480_bpkbbelakang-maf_Applicant.jpeg
stnkpajak-maf;2025052622023267350480_stnkpajak-maf_Applicant.jpeg
unitdepankanan-maf;2025052622023267350480_unitdepankanan-maf_Applicant.jpeg
unitdepankiri-maf;2025052622023267350480_unitdepankiri-maf_Applicant.jpeg
salaryslip-maf;2025052622023267350480_salaryslip-maf_Applicant.jpeg
nomorrumah-maf;2025052622023267350480_nomorrumah-maf_Applicant.jpeg
dalamrumah-maf;2025052622023267350480_dalamrumah-maf_Applicant.jpeg
rangkanomesin-maf;2025052622023267350480_rangkanomesin-maf_Applicant.jpeg
allobank-maf;2025052622024243557435_allobank-maf_Applicant.jpeg
rumahjalan-maf;2025052622024243557435_rumahjalan-maf_Applicant.jpeg
bpkbdepan-maf;2025052622024243557435_bpkbdepan-maf_Applicant.jpeg
bpkbbelakang-maf;2025052622024243557435_bpkbbelakang-maf_Applicant.jpeg
stnkpajak-maf;2025052622024243557435_stnkpajak-maf_Applicant.jpeg
unitdepankanan-maf;2025052622024243557435_unitdepankanan-maf_Applicant.jpeg
unitdepankiri-maf;2025052622024243557435_unitdepankiri-maf_Applicant.jpeg
salaryslip-maf;2025052622024243557435_salaryslip-maf_Applicant.jpeg
nomorrumah-maf;2025052622024243557435_nomorrumah-maf_Applicant.jpeg
dalamrumah-maf;2025052622024243557435_dalamrumah-maf_Applicant.jpeg
rangkanomesin-maf;2025052622024243557435_rangkanomesin-maf_Applicant.jpeg
pbbrekening-maf;2025052622023156268635_pbbrekening-maf_Applicant.jpeg
kksuratnikah-maf;2025052622023156268635_kksuratnikah-maf_Applicant.jpeg
halamandepanbukutabungan-maf;2025052622023156268635_halamandepanbukutabungan-maf_Applicant.jpeg
fpkbelakang-maf;2025052622023156268635_fpkbelakang-maf_Applicant.jpeg
fpkdepan-maf;2025052622023156268635_fpkdepan-maf_Applicant.jpeg
tempatusahadepan-maf;2025052622023156268635_tempatusahadepan-maf_Applicant.jpeg
unitdepankanan-maf;2025052522017392065706_unitdepankanan-maf_Applicant.jpeg
unitdepankiri-maf;2025052522017392065706_unitdepankiri-maf_Applicant.jpeg
salaryslip-maf;2025052522017392065706_salaryslip-maf_Applicant.jpeg
nomorrumah-maf;2025052522017392065706_nomorrumah-maf_Applicant.jpeg
dalamrumah-maf;2025052522017392065706_dalamrumah-maf_Applicant.jpeg
rangkanomesin-maf;2025052522017392065706_rangkanomesin-maf_Applicant.jpeg
pbbrekening-maf;2025052622024572975405_pbbrekening-maf_Applicant.jpeg
kksuratnikah-maf;2025052622024572975405_kksuratnikah-maf_Applicant.jpeg
halamandepanbukutabungan-maf;2025052622024572975405_halamandepanbukutabungan-maf_Applicant.jpeg
fpkbelakang-maf;2025052622024572975405_fpkbelakang-maf_Applicant.jpeg
fpkdepan-maf;2025052622024572975405_fpkdepan-maf_Applicant.jpeg
tempatusahadepan-maf;2025052622024572975405_tempatusahadepan-maf_Applicant.jpeg
rumahdepan-maf;2025052622024572975405_rumahdepan-maf_Applicant.jpeg
pasanganttdcmo-maf;2025052622024572975405_pasanganttdcmo-maf_Applicant.jpeg
nasabahttdcmo-maf;2025052622024572975405_nasabahttdcmo-maf_Applicant.jpeg
allobank-maf;2025052622024572975405_allobank-maf_Applicant.jpeg
rumahjalan-maf;2025052622024572975405_rumahjalan-maf_Applicant.jpeg
bpkbdepan-maf;2025052622024572975405_bpkbdepan-maf_Applicant.jpeg
bpkbbelakang-maf;2025052622024572975405_bpkbbelakang-maf_Applicant.jpeg
stnkpajak-maf;2025052622024572975405_stnkpajak-maf_Applicant.jpeg
unitdepankanan-maf;2025052622024572975405_unitdepankanan-maf_Applicant.jpeg
unitdepankiri-maf;2025052622024572975405_unitdepankiri-maf_Applicant.jpeg
salaryslip-maf;2025052622024572975405_salaryslip-maf_Applicant.jpeg
nomorrumah-maf;2025052622024572975405_nomorrumah-maf_Applicant.jpeg
dalamrumah-maf;2025052622024572975405_dalamrumah-maf_Applicant.jpeg
rangkanomesin-maf;2025052622024572975405_rangkanomesin-maf_Applicant.jpeg
pbbrekening-maf;2025052622017380984458_pbbrekening-maf_Applicant.jpeg
kksuratnikah-maf;2025052622017380984458_kksuratnikah-maf_Applicant.jpeg
halamandepanbukutabungan-maf;2025052622017380984458_halamandepanbukutabungan-maf_Applicant.jpeg
rangkanomesin-maf;2025052622023156268635_rangkanomesin-maf_Applicant.jpeg
pbbrekening-maf;2025052522017392065706_pbbrekening-maf_Applicant.jpeg
kksuratnikah-maf;2025052522017392065706_kksuratnikah-maf_Applicant.jpeg
halamandepanbukutabungan-maf;2025052522017392065706_halamandepanbukutabungan-maf_Applicant.jpeg
fpkbelakang-maf;2025052522017392065706_fpkbelakang-maf_Applicant.jpeg
fpkdepan-maf;2025052522017392065706_fpkdepan-maf_Applicant.jpeg
tempatusahadepan-maf;2025052522017392065706_tempatusahadepan-maf_Applicant.jpeg
rumahdepan-maf;2025052522017392065706_rumahdepan-maf_Applicant.jpeg
pasanganttdcmo-maf;2025052522017392065706_pasanganttdcmo-maf_Applicant.jpeg
nasabahttdcmo-maf;2025052522017392065706_nasabahttdcmo-maf_Applicant.jpeg
allobank-maf;2025052522017392065706_allobank-maf_Applicant.jpeg
rumahjalan-maf;2025052522017392065706_rumahjalan-maf_Applicant.jpeg
bpkbdepan-maf;2025052522017392065706_bpkbdepan-maf_Applicant.jpeg
bpkbbelakang-maf;2025052522017392065706_bpkbbelakang-maf_Applicant.jpeg
stnkpajak-maf;2025052522017392065706_stnkpajak-maf_Applicant.jpeg
fpkbelakang-maf;2025052622017380984458_fpkbelakang-maf_Applicant.jpeg
fpkdepan-maf;2025052622017380984458_fpkdepan-maf_Applicant.jpeg
tempatusahadepan-maf;2025052622017380984458_tempatusahadepan-maf_Applicant.jpeg
rumahdepan-maf;2025052622017380984458_rumahdepan-maf_Applicant.jpeg
pasanganttdcmo-maf;2025052622017380984458_pasanganttdcmo-maf_Applicant.jpeg
nasabahttdcmo-maf;2025052622017380984458_nasabahttdcmo-maf_Applicant.jpeg
allobank-maf;2025052622017380984458_allobank-maf_Applicant.jpeg
rumahjalan-maf;2025052622017380984458_rumahjalan-maf_Applicant.jpeg
bpkbdepan-maf;2025052622017380984458_bpkbdepan-maf_Applicant.jpeg
bpkbbelakang-maf;2025052622017380984458_bpkbbelakang-maf_Applicant.jpeg
stnkpajak-maf;2025052622017380984458_stnkpajak-maf_Applicant.jpeg
unitdepankanan-maf;2025052622017380984458_unitdepankanan-maf_Applicant.jpeg
unitdepankiri-maf;2025052622017380984458_unitdepankiri-maf_Applicant.jpeg
salaryslip-maf;2025052622017380984458_salaryslip-maf_Applicant.jpeg
nomorrumah-maf;2025052622017380984458_nomorrumah-maf_Applicant.jpeg
dalamrumah-maf;2025052622017380984458_dalamrumah-maf_Applicant.jpeg
buktipenghasilanusaha-maf;2025052622017380984458_buktipenghasilanusaha-maf_Applicant.jpeg
perizinanusaha-maf;2025052622017380984458_perizinanusaha-maf_Applicant.jpeg
buktikepemilikanusaha-maf;2025052622017380984458_buktikepemilikanusaha-maf_Applicant.jpeg
rangkanomesin-maf;2025052622017380984458_rangkanomesin-maf_Applicant.jpeg
pbbrekening-maf;2025052622024608150324_pbbrekening-maf_Applicant.jpeg
kksuratnikah-maf;2025052622024608150324_kksuratnikah-maf_Applicant.jpeg
halamandepanbukutabungan-maf;2025052622024608150324_halamandepanbukutabungan-maf_Applicant.jpeg
fpkbelakang-maf;2025052622024608150324_fpkbelakang-maf_Applicant.jpeg
fpkdepan-maf;2025052622024608150324_fpkdepan-maf_Applicant.jpeg
tempatusahadepan-maf;2025052622024608150324_tempatusahadepan-maf_Applicant.jpeg
rumahdepan-maf;2025052622024608150324_rumahdepan-maf_Applicant.jpeg
pasanganttdcmo-maf;2025052622024608150324_pasanganttdcmo-maf_Applicant.jpeg
nasabahttdcmo-maf;2025052622024608150324_nasabahttdcmo-maf_Applicant.jpeg
allobank-maf;2025052622024608150324_allobank-maf_Applicant.jpeg
rumahjalan-maf;2025052622024608150324_rumahjalan-maf_Applicant.jpeg
bpkbdepan-maf;2025052622024608150324_bpkbdepan-maf_Applicant.jpeg
bpkbbelakang-maf;2025052622024608150324_bpkbbelakang-maf_Applicant.jpeg
stnkpajak-maf;2025052622024608150324_stnkpajak-maf_Applicant.jpeg
unitdepankanan-maf;2025052622024608150324_unitdepankanan-maf_Applicant.jpeg
unitdepankiri-maf;2025052622024608150324_unitdepankiri-maf_Applicant.jpeg
salaryslip-maf;2025052622024608150324_salaryslip-maf_Applicant.jpeg
nomorrumah-maf;2025052622024608150324_nomorrumah-maf_Applicant.jpeg
dalamrumah-maf;2025052622024608150324_dalamrumah-maf_Applicant.jpeg
rangkanomesin-maf;2025052622024608150324_rangkanomesin-maf_Applicant.jpeg
pbbrekening-maf;2025052622024229074926_pbbrekening-maf_Applicant.jpeg
kksuratnikah-maf;2025052622024229074926_kksuratnikah-maf_Applicant.jpeg
halamandepanbukutabungan-maf;2025052622024229074926_halamandepanbukutabungan-maf_Applicant.jpeg
dalamrumah-maf;2025052622024229074926_dalamrumah-maf_Applicant.jpeg
buktipenghasilanusaha-maf;2025052622024229074926_buktipenghasilanusaha-maf_Applicant.jpeg
perizinanusaha-maf;2025052622024229074926_perizinanusaha-maf_Applicant.jpeg
buktikepemilikanusaha-maf;2025052622024229074926_buktikepemilikanusaha-maf_Applicant.jpeg
rangkanomesin-maf;2025052622024229074926_rangkanomesin-maf_Applicant.jpeg
pbbrekening-maf;2025052522022195840250_pbbrekening-maf_Applicant.jpeg
kksuratnikah-maf;2025052522022195840250_kksuratnikah-maf_Applicant.jpeg
halamandepanbukutabungan-maf;2025052522022195840250_halamandepanbukutabungan-maf_Applicant.jpeg
fpkbelakang-maf;2025052522022195840250_fpkbelakang-maf_Applicant.jpeg
fpkdepan-maf;2025052522022195840250_fpkdepan-maf_Applicant.jpeg
tempatusahadepan-maf;2025052522022195840250_tempatusahadepan-maf_Applicant.jpeg
rumahdepan-maf;2025052522022195840250_rumahdepan-maf_Applicant.jpeg
pasanganttdcmo-maf;2025052522022195840250_pasanganttdcmo-maf_Applicant.jpeg
nasabahttdcmo-maf;2025052522022195840250_nasabahttdcmo-maf_Applicant.jpeg
allobank-maf;2025052522022195840250_allobank-maf_Applicant.jpeg
rumahjalan-maf;2025052522022195840250_rumahjalan-maf_Applicant.jpeg
bpkbdepan-maf;2025052522022195840250_bpkbdepan-maf_Applicant.jpeg
bpkbbelakang-maf;2025052522022195840250_bpkbbelakang-maf_Applicant.jpeg
stnkpajak-maf;2025052522022195840250_stnkpajak-maf_Applicant.jpeg
unitdepankanan-maf;2025052522022195840250_unitdepankanan-maf_Applicant.jpeg
unitdepankiri-maf;2025052522022195840250_unitdepankiri-maf_Applicant.jpeg
salaryslip-maf;2025052522022195840250_salaryslip-maf_Applicant.jpeg
nomorrumah-maf;2025052522022195840250_nomorrumah-maf_Applicant.jpeg
dalamrumah-maf;2025052522022195840250_dalamrumah-maf_Applicant.jpeg
rangkanomesin-maf;2025052522022195840250_rangkanomesin-maf_Applicant.jpeg
fpkbelakang-maf;2025052622024229074926_fpkbelakang-maf_Applicant.jpeg
fpkdepan-maf;2025052622024229074926_fpkdepan-maf_Applicant.jpeg
tempatusahadepan-maf;2025052622024229074926_tempatusahadepan-maf_Applicant.jpeg
rumahdepan-maf;2025052622024229074926_rumahdepan-maf_Applicant.jpeg
pasanganttdcmo-maf;2025052622024229074926_pasanganttdcmo-maf_Applicant.jpeg
nasabahttdcmo-maf;2025052622024229074926_nasabahttdcmo-maf_Applicant.jpeg
allobank-maf;2025052622024229074926_allobank-maf_Applicant.jpeg
rumahjalan-maf;2025052622024229074926_rumahjalan-maf_Applicant.jpeg
bpkbdepan-maf;2025052622024229074926_bpkbdepan-maf_Applicant.jpeg
bpkbbelakang-maf;2025052622024229074926_bpkbbelakang-maf_Applicant.jpeg
stnkpajak-maf;2025052622024229074926_stnkpajak-maf_Applicant.jpeg
unitdepankanan-maf;2025052622024229074926_unitdepankanan-maf_Applicant.jpeg
unitdepankiri-maf;2025052622024229074926_unitdepankiri-maf_Applicant.jpeg
salaryslip-maf;2025052622024229074926_salaryslip-maf_Applicant.jpeg
nomorrumah-maf;2025052622024229074926_nomorrumah-maf_Applicant.jpeg
bpkbdepan-maf;2025052622024381851915_bpkbdepan-maf_Applicant.jpeg
bpkbbelakang-maf;2025052622024381851915_bpkbbelakang-maf_Applicant.jpeg
stnkpajak-maf;2025052622024381851915_stnkpajak-maf_Applicant.jpeg
unitdepankanan-maf;2025052622024381851915_unitdepankanan-maf_Applicant.jpeg
unitdepankiri-maf;2025052622024381851915_unitdepankiri-maf_Applicant.jpeg
salaryslip-maf;2025052622024381851915_salaryslip-maf_Applicant.jpeg
nomorrumah-maf;2025052622024381851915_nomorrumah-maf_Applicant.jpeg
dalamrumah-maf;2025052622024381851915_dalamrumah-maf_Applicant.jpeg
rangkanomesin-maf;2025052622024381851915_rangkanomesin-maf_Applicant.jpeg
pbbrekening-maf;2025052622023061077910_pbbrekening-maf_Applicant.jpeg
kksuratnikah-maf;2025052622023061077910_kksuratnikah-maf_Applicant.jpeg
halamandepanbukutabungan-maf;2025052622023061077910_halamandepanbukutabungan-maf_Applicant.jpeg
fpkbelakang-maf;2025052622023061077910_fpkbelakang-maf_Applicant.jpeg
fpkdepan-maf;2025052622023061077910_fpkdepan-maf_Applicant.jpeg
tempatusahadepan-maf;2025052622023061077910_tempatusahadepan-maf_Applicant.jpeg
pbbrekening-maf;2025052622024077020672_pbbrekening-maf_Applicant.jpeg
kksuratnikah-maf;2025052622024077020672_kksuratnikah-maf_Applicant.jpeg
halamandepanbukutabungan-maf;2025052622024077020672_halamandepanbukutabungan-maf_Applicant.jpeg
fpkbelakang-maf;2025052622024077020672_fpkbelakang-maf_Applicant.jpeg
fpkdepan-maf;2025052622024077020672_fpkdepan-maf_Applicant.jpeg
tempatusahadepan-maf;2025052622024077020672_tempatusahadepan-maf_Applicant.jpeg
rangkanomesin-maf;2025052622024077020672_rangkanomesin-maf_Applicant.jpeg
allobank-maf;2025052622024388019020_allobank-maf_Applicant.jpeg
rumahjalan-maf;2025052622024388019020_rumahjalan-maf_Applicant.jpeg
bpkbdepan-maf;2025052622024388019020_bpkbdepan-maf_Applicant.jpeg
bpkbbelakang-maf;2025052622024388019020_bpkbbelakang-maf_Applicant.jpeg
stnkpajak-maf;2025052622024388019020_stnkpajak-maf_Applicant.jpeg
unitdepankanan-maf;2025052622024388019020_unitdepankanan-maf_Applicant.jpeg
unitdepankiri-maf;2025052622024388019020_unitdepankiri-maf_Applicant.jpeg
salaryslip-maf;2025052622024388019020_salaryslip-maf_Applicant.jpeg
nomorrumah-maf;2025052622024388019020_nomorrumah-maf_Applicant.jpeg
dalamrumah-maf;2025052622024388019020_dalamrumah-maf_Applicant.jpeg
buktipenghasilanusaha-maf;2025052622024388019020_buktipenghasilanusaha-maf_Applicant.jpeg
perizinanusaha-maf;2025052622024388019020_perizinanusaha-maf_Applicant.jpeg
buktikepemilikanusaha-maf;2025052622024388019020_buktikepemilikanusaha-maf_Applicant.jpeg
rangkanomesin-maf;2025052622024388019020_rangkanomesin-maf_Applicant.jpeg
pbbrekening-maf;2025052522022162931650_pbbrekening-maf_Applicant.jpeg
kksuratnikah-maf;2025052522022162931650_kksuratnikah-maf_Applicant.jpeg
halamandepanbukutabungan-maf;2025052522022162931650_halamandepanbukutabungan-maf_Applicant.jpeg
rumahdepan-maf;2025052622024077020672_rumahdepan-maf_Applicant.jpeg
pasanganttdcmo-maf;2025052622024077020672_pasanganttdcmo-maf_Applicant.jpeg
nasabahttdcmo-maf;2025052622024077020672_nasabahttdcmo-maf_Applicant.jpeg
allobank-maf;2025052622024077020672_allobank-maf_Applicant.jpeg
rumahjalan-maf;2025052622024077020672_rumahjalan-maf_Applicant.jpeg
bpkbdepan-maf;2025052622024077020672_bpkbdepan-maf_Applicant.jpeg
bpkbbelakang-maf;2025052622024077020672_bpkbbelakang-maf_Applicant.jpeg
stnkpajak-maf;2025052622024077020672_stnkpajak-maf_Applicant.jpeg
unitdepankanan-maf;2025052622024077020672_unitdepankanan-maf_Applicant.jpeg
unitdepankiri-maf;2025052622024077020672_unitdepankiri-maf_Applicant.jpeg
salaryslip-maf;2025052622024077020672_salaryslip-maf_Applicant.jpeg
nomorrumah-maf;2025052622024077020672_nomorrumah-maf_Applicant.jpeg
dalamrumah-maf;2025052622024077020672_dalamrumah-maf_Applicant.jpeg
buktipenghasilanusaha-maf;2025052622024077020672_buktipenghasilanusaha-maf_Applicant.jpeg
perizinanusaha-maf;2025052622024077020672_perizinanusaha-maf_Applicant.jpeg
buktikepemilikanusaha-maf;2025052622024077020672_buktikepemilikanusaha-maf_Applicant.jpeg
pbbrekening-maf;2025052622024388019020_pbbrekening-maf_Applicant.jpeg
kksuratnikah-maf;2025052622024388019020_kksuratnikah-maf_Applicant.jpeg
halamandepanbukutabungan-maf;2025052622024388019020_halamandepanbukutabungan-maf_Applicant.jpeg
fpkbelakang-maf;2025052622024388019020_fpkbelakang-maf_Applicant.jpeg
fpkdepan-maf;2025052622024388019020_fpkdepan-maf_Applicant.jpeg
tempatusahadepan-maf;2025052622024388019020_tempatusahadepan-maf_Applicant.jpeg
rumahdepan-maf;2025052622024388019020_rumahdepan-maf_Applicant.jpeg
pasanganttdcmo-maf;2025052622024388019020_pasanganttdcmo-maf_Applicant.jpeg
nasabahttdcmo-maf;2025052622024388019020_nasabahttdcmo-maf_Applicant.jpeg
dalamrumah-maf;2025052522022162931650_dalamrumah-maf_Applicant.jpeg
rangkanomesin-maf;2025052522022162931650_rangkanomesin-maf_Applicant.jpeg
pbbrekening-maf;2025052522022145395070_pbbrekening-maf_Applicant.jpeg
kksuratnikah-maf;2025052522022145395070_kksuratnikah-maf_Applicant.jpeg
halamandepanbukutabungan-maf;2025052522022145395070_halamandepanbukutabungan-maf_Applicant.jpeg
fpkbelakang-maf;2025052522022145395070_fpkbelakang-maf_Applicant.jpeg
fpkdepan-maf;2025052522022145395070_fpkdepan-maf_Applicant.jpeg
tempatusahadepan-maf;2025052522022145395070_tempatusahadepan-maf_Applicant.jpeg
rumahdepan-maf;2025052522022145395070_rumahdepan-maf_Applicant.jpeg
pasanganttdcmo-maf;2025052522022145395070_pasanganttdcmo-maf_Applicant.jpeg
nasabahttdcmo-maf;2025052522022145395070_nasabahttdcmo-maf_Applicant.jpeg
allobank-maf;2025052522022145395070_allobank-maf_Applicant.jpeg
rumahjalan-maf;2025052522022145395070_rumahjalan-maf_Applicant.jpeg
bpkbdepan-maf;2025052522022145395070_bpkbdepan-maf_Applicant.jpeg
bpkbbelakang-maf;2025052522022145395070_bpkbbelakang-maf_Applicant.jpeg
stnkpajak-maf;2025052522022145395070_stnkpajak-maf_Applicant.jpeg
unitdepankanan-maf;2025052522022145395070_unitdepankanan-maf_Applicant.jpeg
unitdepankiri-maf;2025052522022145395070_unitdepankiri-maf_Applicant.jpeg
salaryslip-maf;2025052522022145395070_salaryslip-maf_Applicant.jpeg
nomorrumah-maf;2025052522022145395070_nomorrumah-maf_Applicant.jpeg
dalamrumah-maf;2025052522022145395070_dalamrumah-maf_Applicant.jpeg
buktipenghasilanusaha-maf;2025052522022145395070_buktipenghasilanusaha-maf_Applicant.jpeg
perizinanusaha-maf;2025052522022145395070_perizinanusaha-maf_Applicant.jpeg
buktikepemilikanusaha-maf;2025052522022145395070_buktikepemilikanusaha-maf_Applicant.jpeg
rangkanomesin-maf;2025052522022145395070_rangkanomesin-maf_Applicant.jpeg
fpkbelakang-maf;2025052522022162931650_fpkbelakang-maf_Applicant.jpeg
fpkdepan-maf;2025052522022162931650_fpkdepan-maf_Applicant.jpeg
tempatusahadepan-maf;2025052522022162931650_tempatusahadepan-maf_Applicant.jpeg
rumahdepan-maf;2025052522022162931650_rumahdepan-maf_Applicant.jpeg
pasanganttdcmo-maf;2025052522022162931650_pasanganttdcmo-maf_Applicant.jpeg
nasabahttdcmo-maf;2025052522022162931650_nasabahttdcmo-maf_Applicant.jpeg
allobank-maf;2025052522022162931650_allobank-maf_Applicant.jpeg
rumahjalan-maf;2025052522022162931650_rumahjalan-maf_Applicant.jpeg
bpkbdepan-maf;2025052522022162931650_bpkbdepan-maf_Applicant.jpeg
bpkbbelakang-maf;2025052522022162931650_bpkbbelakang-maf_Applicant.jpeg
stnkpajak-maf;2025052522022162931650_stnkpajak-maf_Applicant.jpeg
unitdepankanan-maf;2025052522022162931650_unitdepankanan-maf_Applicant.jpeg
unitdepankiri-maf;2025052522022162931650_unitdepankiri-maf_Applicant.jpeg
salaryslip-maf;2025052522022162931650_salaryslip-maf_Applicant.jpeg
nomorrumah-maf;2025052522022162931650_nomorrumah-maf_Applicant.jpeg
pbbrekening-maf;2025052622023363465612_pbbrekening-maf_Applicant.jpeg
kksuratnikah-maf;2025052622023363465612_kksuratnikah-maf_Applicant.jpeg
halamandepanbukutabungan-maf;2025052622023363465612_halamandepanbukutabungan-maf_Applicant.jpeg
fpkbelakang-maf;2025052622023363465612_fpkbelakang-maf_Applicant.jpeg
fpkdepan-maf;2025052622023363465612_fpkdepan-maf_Applicant.jpeg
tempatusahadepan-maf;2025052622023363465612_tempatusahadepan-maf_Applicant.jpeg
rumahdepan-maf;2025052622023363465612_rumahdepan-maf_Applicant.jpeg
pasanganttdcmo-maf;2025052622023363465612_pasanganttdcmo-maf_Applicant.jpeg
nasabahttdcmo-maf;2025052622023363465612_nasabahttdcmo-maf_Applicant.jpeg
allobank-maf;2025052622023363465612_allobank-maf_Applicant.jpeg
rumahjalan-maf;2025052622023363465612_rumahjalan-maf_Applicant.jpeg
bpkbdepan-maf;2025052622023363465612_bpkbdepan-maf_Applicant.jpeg
bpkbbelakang-maf;2025052622023363465612_bpkbbelakang-maf_Applicant.jpeg
stnkpajak-maf;2025052622023363465612_stnkpajak-maf_Applicant.jpeg
unitdepankanan-maf;2025052622023363465612_unitdepankanan-maf_Applicant.jpeg
unitdepankiri-maf;2025052622023363465612_unitdepankiri-maf_Applicant.jpeg
salaryslip-maf;2025052622023363465612_salaryslip-maf_Applicant.jpeg
nomorrumah-maf;2025052622023363465612_nomorrumah-maf_Applicant.jpeg
dalamrumah-maf;2025052622023363465612_dalamrumah-maf_Applicant.jpeg
rangkanomesin-maf;2025052622023363465612_rangkanomesin-maf_Applicant.jpeg
pbbrekening-maf;2025052622016076321897_pbbrekening-maf_Applicant.jpeg
kksuratnikah-maf;2025052622016076321897_kksuratnikah-maf_Applicant.jpeg
halamandepanbukutabungan-maf;2025052622016076321897_halamandepanbukutabungan-maf_Applicant.jpeg
fpkbelakang-maf;2025052622016076321897_fpkbelakang-maf_Applicant.jpeg
fpkdepan-maf;2025052622016076321897_fpkdepan-maf_Applicant.jpeg
tempatusahadepan-maf;2025052622016076321897_tempatusahadepan-maf_Applicant.jpeg
rumahdepan-maf;2025052622016076321897_rumahdepan-maf_Applicant.jpeg
pasanganttdcmo-maf;2025052622016076321897_pasanganttdcmo-maf_Applicant.jpeg
nasabahttdcmo-maf;2025052622016076321897_nasabahttdcmo-maf_Applicant.jpeg
allobank-maf;2025052622016076321897_allobank-maf_Applicant.jpeg
rumahjalan-maf;2025052622016076321897_rumahjalan-maf_Applicant.jpeg
bpkbdepan-maf;2025052622016076321897_bpkbdepan-maf_Applicant.jpeg
bpkbbelakang-maf;2025052622016076321897_bpkbbelakang-maf_Applicant.jpeg
stnkpajak-maf;2025052622016076321897_stnkpajak-maf_Applicant.jpeg
unitdepankanan-maf;2025052622016076321897_unitdepankanan-maf_Applicant.jpeg
unitdepankiri-maf;2025052622016076321897_unitdepankiri-maf_Applicant.jpeg
salaryslip-maf;2025052622016076321897_salaryslip-maf_Applicant.jpeg
nomorrumah-maf;2025052622016076321897_nomorrumah-maf_Applicant.jpeg
dalamrumah-maf;2025052622016076321897_dalamrumah-maf_Applicant.jpeg
rangkanomesin-maf;2025052622016076321897_rangkanomesin-maf_Applicant.jpeg
pbbrekening-maf;2025052622024150340665_pbbrekening-maf_Applicant.jpeg
kksuratnikah-maf;2025052622024150340665_kksuratnikah-maf_Applicant.jpeg
halamandepanbukutabungan-maf;2025052622024150340665_halamandepanbukutabungan-maf_Applicant.jpeg
fpkbelakang-maf;2025052622024150340665_fpkbelakang-maf_Applicant.jpeg
fpkdepan-maf;2025052622024150340665_fpkdepan-maf_Applicant.jpeg
tempatusahadepan-maf;2025052622024150340665_tempatusahadepan-maf_Applicant.jpeg
rumahdepan-maf;2025052622024150340665_rumahdepan-maf_Applicant.jpeg
pasanganttdcmo-maf;2025052622024150340665_pasanganttdcmo-maf_Applicant.jpeg
nasabahttdcmo-maf;2025052622024150340665_nasabahttdcmo-maf_Applicant.jpeg
allobank-maf;2025052622024150340665_allobank-maf_Applicant.jpeg
rumahjalan-maf;2025052622024150340665_rumahjalan-maf_Applicant.jpeg
bpkbdepan-maf;2025052622024150340665_bpkbdepan-maf_Applicant.jpeg
bpkbbelakang-maf;2025052622024150340665_bpkbbelakang-maf_Applicant.jpeg
stnkpajak-maf;2025052622024150340665_stnkpajak-maf_Applicant.jpeg
unitdepankanan-maf;2025052622024150340665_unitdepankanan-maf_Applicant.jpeg
unitdepankiri-maf;2025052622024150340665_unitdepankiri-maf_Applicant.jpeg
salaryslip-maf;2025052622024150340665_salaryslip-maf_Applicant.jpeg
nomorrumah-maf;2025052622024150340665_nomorrumah-maf_Applicant.jpeg
dalamrumah-maf;2025052622024150340665_dalamrumah-maf_Applicant.jpeg
rangkanomesin-maf;2025052622024150340665_rangkanomesin-maf_Applicant.jpeg
pbbrekening-maf;2025052622024229040801_pbbrekening-maf_Applicant.jpeg
kksuratnikah-maf;2025052622024229040801_kksuratnikah-maf_Applicant.jpeg
halamandepanbukutabungan-maf;2025052622024229040801_halamandepanbukutabungan-maf_Applicant.jpeg
fpkbelakang-maf;2025052622024229040801_fpkbelakang-maf_Applicant.jpeg
fpkdepan-maf;2025052622024229040801_fpkdepan-maf_Applicant.jpeg
tempatusahadepan-maf;2025052622024229040801_tempatusahadepan-maf_Applicant.jpeg
rumahdepan-maf;2025052622024229040801_rumahdepan-maf_Applicant.jpeg
pasanganttdcmo-maf;2025052622024229040801_pasanganttdcmo-maf_Applicant.jpeg
nasabahttdcmo-maf;2025052622024229040801_nasabahttdcmo-maf_Applicant.jpeg
allobank-maf;2025052622024229040801_allobank-maf_Applicant.jpeg
rumahjalan-maf;2025052622024229040801_rumahjalan-maf_Applicant.jpeg
bpkbdepan-maf;2025052622024229040801_bpkbdepan-maf_Applicant.jpeg
bpkbbelakang-maf;2025052622024229040801_bpkbbelakang-maf_Applicant.jpeg
stnkpajak-maf;2025052622024229040801_stnkpajak-maf_Applicant.jpeg
unitdepankanan-maf;2025052622024229040801_unitdepankanan-maf_Applicant.jpeg
unitdepankiri-maf;2025052622024229040801_unitdepankiri-maf_Applicant.jpeg
salaryslip-maf;2025052622024229040801_salaryslip-maf_Applicant.jpeg
nomorrumah-maf;2025052622024229040801_nomorrumah-maf_Applicant.jpeg
dalamrumah-maf;2025052622024229040801_dalamrumah-maf_Applicant.jpeg
rangkanomesin-maf;2025052622024229040801_rangkanomesin-maf_Applicant.jpeg
pbbrekening-maf;2025052422024227950764_pbbrekening-maf_Applicant.jpeg
kksuratnikah-maf;2025052422024227950764_kksuratnikah-maf_Applicant.jpeg
halamandepanbukutabungan-maf;2025052422024227950764_halamandepanbukutabungan-maf_Applicant.jpeg
fpkbelakang-maf;2025052422024227950764_fpkbelakang-maf_Applicant.jpeg
fpkdepan-maf;2025052422024227950764_fpkdepan-maf_Applicant.jpeg
tempatusahadepan-maf;2025052422024227950764_tempatusahadepan-maf_Applicant.jpeg
rumahdepan-maf;2025052422024227950764_rumahdepan-maf_Applicant.jpeg
pasanganttdcmo-maf;2025052422024227950764_pasanganttdcmo-maf_Applicant.jpeg
nasabahttdcmo-maf;2025052422024227950764_nasabahttdcmo-maf_Applicant.jpeg
allobank-maf;2025052422024227950764_allobank-maf_Applicant.jpeg
rumahjalan-maf;2025052422024227950764_rumahjalan-maf_Applicant.jpeg
bpkbdepan-maf;2025052422024227950764_bpkbdepan-maf_Applicant.jpeg
bpkbbelakang-maf;2025052422024227950764_bpkbbelakang-maf_Applicant.jpeg
stnkpajak-maf;2025052422024227950764_stnkpajak-maf_Applicant.jpeg
unitdepankanan-maf;2025052422024227950764_unitdepankanan-maf_Applicant.jpeg
unitdepankiri-maf;2025052422024227950764_unitdepankiri-maf_Applicant.jpeg
salaryslip-maf;2025052422024227950764_salaryslip-maf_Applicant.jpeg
nomorrumah-maf;2025052422024227950764_nomorrumah-maf_Applicant.jpeg
dalamrumah-maf;2025052422024227950764_dalamrumah-maf_Applicant.jpeg
rangkanomesin-maf;2025052422024227950764_rangkanomesin-maf_Applicant.jpeg
pbbrekening-maf;2025052322021056453576_pbbrekening-maf_Applicant.jpeg
kksuratnikah-maf;2025052322021056453576_kksuratnikah-maf_Applicant.jpeg
halamandepanbukutabungan-maf;2025052322021056453576_halamandepanbukutabungan-maf_Applicant.jpeg
fpkbelakang-maf;2025052322021056453576_fpkbelakang-maf_Applicant.jpeg
fpkdepan-maf;2025052322021056453576_fpkdepan-maf_Applicant.jpeg
tempatusahadepan-maf;2025052322021056453576_tempatusahadepan-maf_Applicant.jpeg
rumahdepan-maf;2025052322021056453576_rumahdepan-maf_Applicant.jpeg
pasanganttdcmo-maf;2025052322021056453576_pasanganttdcmo-maf_Applicant.jpeg
nasabahttdcmo-maf;2025052322021056453576_nasabahttdcmo-maf_Applicant.jpeg
allobank-maf;2025052322021056453576_allobank-maf_Applicant.jpeg
rumahjalan-maf;2025052322021056453576_rumahjalan-maf_Applicant.jpeg
salaryslip-maf;2025052322021056453576_salaryslip-maf_Applicant.jpeg
nomorrumah-maf;2025052322021056453576_nomorrumah-maf_Applicant.jpeg
dalamrumah-maf;2025052322021056453576_dalamrumah-maf_Applicant.jpeg
pricelist-maf;2025052322021056453576_pricelist-maf_Applicant.jpeg
buktipenghasilanusaha-maf;2025052322021056453576_buktipenghasilanusaha-maf_Applicant.jpeg
perizinanusaha-maf;2025052322021056453576_perizinanusaha-maf_Applicant.jpeg
buktikepemilikanusaha-maf;2025052322021056453576_buktikepemilikanusaha-maf_Applicant.jpeg
pbbrekening-maf;2025052422023061098675_pbbrekening-maf_Applicant.jpeg
kksuratnikah-maf;2025052422023061098675_kksuratnikah-maf_Applicant.jpeg
halamandepanbukutabungan-maf;2025052422023061098675_halamandepanbukutabungan-maf_Applicant.jpeg
fpkbelakang-maf;2025052422023061098675_fpkbelakang-maf_Applicant.jpeg
fpkdepan-maf;2025052422023061098675_fpkdepan-maf_Applicant.jpeg
tempatusahadepan-maf;2025052422023061098675_tempatusahadepan-maf_Applicant.jpeg
rumahdepan-maf;2025052422023061098675_rumahdepan-maf_Applicant.jpeg
pasanganttdcmo-maf;2025052422023061098675_pasanganttdcmo-maf_Applicant.jpeg
nasabahttdcmo-maf;2025052422023061098675_nasabahttdcmo-maf_Applicant.jpeg
allobank-maf;2025052422023061098675_allobank-maf_Applicant.jpeg
rumahjalan-maf;2025052422023061098675_rumahjalan-maf_Applicant.jpeg
bpkbdepan-maf;2025052422023061098675_bpkbdepan-maf_Applicant.jpeg
bpkbbelakang-maf;2025052422023061098675_bpkbbelakang-maf_Applicant.jpeg
stnkpajak-maf;2025052422023061098675_stnkpajak-maf_Applicant.jpeg
unitdepankanan-maf;2025052422023061098675_unitdepankanan-maf_Applicant.jpeg
unitdepankiri-maf;2025052422023061098675_unitdepankiri-maf_Applicant.jpeg
salaryslip-maf;2025052422023061098675_salaryslip-maf_Applicant.jpeg
nomorrumah-maf;2025052422023061098675_nomorrumah-maf_Applicant.jpeg
dalamrumah-maf;2025052422023061098675_dalamrumah-maf_Applicant.jpeg
buktipenghasilanusaha-maf;2025052422023061098675_buktipenghasilanusaha-maf_Applicant.jpeg
perizinanusaha-maf;2025052422023061098675_perizinanusaha-maf_Applicant.jpeg
buktikepemilikanusaha-maf;2025052422023061098675_buktikepemilikanusaha-maf_Applicant.jpeg
rangkanomesin-maf;2025052422023061098675_rangkanomesin-maf_Applicant.jpeg
pbbrekening-maf;2025052622024338462308_pbbrekening-maf_Applicant.jpeg
kksuratnikah-maf;2025052622024338462308_kksuratnikah-maf_Applicant.jpeg
halamandepanbukutabungan-maf;2025052622024338462308_halamandepanbukutabungan-maf_Applicant.jpeg
fpkbelakang-maf;2025052622024338462308_fpkbelakang-maf_Applicant.jpeg
fpkdepan-maf;2025052622024338462308_fpkdepan-maf_Applicant.jpeg
tempatusahadepan-maf;2025052622024338462308_tempatusahadepan-maf_Applicant.jpeg
rumahdepan-maf;2025052622024338462308_rumahdepan-maf_Applicant.jpeg
pasanganttdcmo-maf;2025052622024338462308_pasanganttdcmo-maf_Applicant.jpeg
nasabahttdcmo-maf;2025052622024338462308_nasabahttdcmo-maf_Applicant.jpeg
allobank-maf;2025052622024338462308_allobank-maf_Applicant.jpeg
rumahjalan-maf;2025052622024338462308_rumahjalan-maf_Applicant.jpeg
bpkbdepan-maf;2025052622024338462308_bpkbdepan-maf_Applicant.jpeg
bpkbbelakang-maf;2025052622024338462308_bpkbbelakang-maf_Applicant.jpeg
stnkpajak-maf;2025052622024338462308_stnkpajak-maf_Applicant.jpeg
unitdepankanan-maf;2025052622024338462308_unitdepankanan-maf_Applicant.jpeg
unitdepankiri-maf;2025052622024338462308_unitdepankiri-maf_Applicant.jpeg
salaryslip-maf;2025052622024338462308_salaryslip-maf_Applicant.jpeg
nomorrumah-maf;2025052622024338462308_nomorrumah-maf_Applicant.jpeg
dalamrumah-maf;2025052622024338462308_dalamrumah-maf_Applicant.jpeg
rangkanomesin-maf;2025052622024338462308_rangkanomesin-maf_Applicant.jpeg
pbbrekening-maf;2025052622021298176577_pbbrekening-maf_Applicant.jpeg
kksuratnikah-maf;2025052622021298176577_kksuratnikah-maf_Applicant.jpeg
halamandepanbukutabungan-maf;2025052622021298176577_halamandepanbukutabungan-maf_Applicant.jpeg
fpkbelakang-maf;2025052622021298176577_fpkbelakang-maf_Applicant.jpeg
fpkdepan-maf;2025052622021298176577_fpkdepan-maf_Applicant.jpeg
tempatusahadepan-maf;2025052622021298176577_tempatusahadepan-maf_Applicant.jpeg
rumahdepan-maf;2025052622021298176577_rumahdepan-maf_Applicant.jpeg
bpkbbelakang-maf;2025052622021104169144_bpkbbelakang-maf_Applicant.jpeg
stnkpajak-maf;2025052622021104169144_stnkpajak-maf_Applicant.jpeg
unitdepankanan-maf;2025052622021104169144_unitdepankanan-maf_Applicant.jpeg
unitdepankiri-maf;2025052622021104169144_unitdepankiri-maf_Applicant.jpeg
salaryslip-maf;2025052622021104169144_salaryslip-maf_Applicant.jpeg
nomorrumah-maf;2025052622021104169144_nomorrumah-maf_Applicant.jpeg
dalamrumah-maf;2025052622021104169144_dalamrumah-maf_Applicant.jpeg
rangkanomesin-maf;2025052622021104169144_rangkanomesin-maf_Applicant.jpeg
pbbrekening-maf;2025052622021298133206_pbbrekening-maf_Applicant.jpeg
kksuratnikah-maf;2025052622021298133206_kksuratnikah-maf_Applicant.jpeg
halamandepanbukutabungan-maf;2025052622021298133206_halamandepanbukutabungan-maf_Applicant.jpeg
fpkbelakang-maf;2025052622021298133206_fpkbelakang-maf_Applicant.jpeg
fpkdepan-maf;2025052622021298133206_fpkdepan-maf_Applicant.jpeg
tempatusahadepan-maf;2025052622021298133206_tempatusahadepan-maf_Applicant.jpeg
rumahdepan-maf;2025052622021298133206_rumahdepan-maf_Applicant.jpeg
pasanganttdcmo-maf;2025052622021298133206_pasanganttdcmo-maf_Applicant.jpeg
nasabahttdcmo-maf;2025052622021298133206_nasabahttdcmo-maf_Applicant.jpeg
allobank-maf;2025052622021298133206_allobank-maf_Applicant.jpeg
rumahjalan-maf;2025052622021298133206_rumahjalan-maf_Applicant.jpeg
bpkbdepan-maf;2025052622021298133206_bpkbdepan-maf_Applicant.jpeg
bpkbbelakang-maf;2025052622021298133206_bpkbbelakang-maf_Applicant.jpeg
stnkpajak-maf;2025052622021298133206_stnkpajak-maf_Applicant.jpeg
unitdepankanan-maf;2025052622021298133206_unitdepankanan-maf_Applicant.jpeg
unitdepankiri-maf;2025052622021298133206_unitdepankiri-maf_Applicant.jpeg
salaryslip-maf;2025052622021298133206_salaryslip-maf_Applicant.jpeg
nomorrumah-maf;2025052622021298133206_nomorrumah-maf_Applicant.jpeg
dalamrumah-maf;2025052622021298133206_dalamrumah-maf_Applicant.jpeg
rangkanomesin-maf;2025052622021298133206_rangkanomesin-maf_Applicant.jpeg
pbbrekening-maf;2025052622024388094701_pbbrekening-maf_Applicant.jpeg
kksuratnikah-maf;2025052622024388094701_kksuratnikah-maf_Applicant.jpeg
halamandepanbukutabungan-maf;2025052622024388094701_halamandepanbukutabungan-maf_Applicant.jpeg
fpkbelakang-maf;2025052622024388094701_fpkbelakang-maf_Applicant.jpeg
fpkdepan-maf;2025052622024388094701_fpkdepan-maf_Applicant.jpeg
pbbrekening-maf;2025052622021104169144_pbbrekening-maf_Applicant.jpeg
kksuratnikah-maf;2025052622021104169144_kksuratnikah-maf_Applicant.jpeg
halamandepanbukutabungan-maf;2025052622021104169144_halamandepanbukutabungan-maf_Applicant.jpeg
fpkbelakang-maf;2025052622021104169144_fpkbelakang-maf_Applicant.jpeg
fpkdepan-maf;2025052622021104169144_fpkdepan-maf_Applicant.jpeg
tempatusahadepan-maf;2025052622021104169144_tempatusahadepan-maf_Applicant.jpeg
rumahdepan-maf;2025052622021104169144_rumahdepan-maf_Applicant.jpeg
pasanganttdcmo-maf;2025052622021104169144_pasanganttdcmo-maf_Applicant.jpeg
nasabahttdcmo-maf;2025052622021104169144_nasabahttdcmo-maf_Applicant.jpeg
allobank-maf;2025052622021104169144_allobank-maf_Applicant.jpeg
rumahjalan-maf;2025052622021104169144_rumahjalan-maf_Applicant.jpeg
bpkbdepan-maf;2025052622021104169144_bpkbdepan-maf_Applicant.jpeg
tempatusahadepan-maf;2025052622024388094701_tempatusahadepan-maf_Applicant.jpeg
rumahdepan-maf;2025052622024388094701_rumahdepan-maf_Applicant.jpeg
pasanganttdcmo-maf;2025052622024388094701_pasanganttdcmo-maf_Applicant.jpeg
nasabahttdcmo-maf;2025052622024388094701_nasabahttdcmo-maf_Applicant.jpeg
allobank-maf;2025052622024388094701_allobank-maf_Applicant.jpeg
rumahjalan-maf;2025052622024388094701_rumahjalan-maf_Applicant.jpeg
bpkbdepan-maf;2025052622024388094701_bpkbdepan-maf_Applicant.jpeg
bpkbbelakang-maf;2025052622024388094701_bpkbbelakang-maf_Applicant.jpeg
stnkpajak-maf;2025052622024388094701_stnkpajak-maf_Applicant.jpeg
unitdepankanan-maf;2025052622024388094701_unitdepankanan-maf_Applicant.jpeg
unitdepankiri-maf;2025052622024388094701_unitdepankiri-maf_Applicant.jpeg
salaryslip-maf;2025052622024388094701_salaryslip-maf_Applicant.jpeg
nomorrumah-maf;2025052622024388094701_nomorrumah-maf_Applicant.jpeg
bpkbdepan-maf;2025052422021332439976_bpkbdepan-maf_Applicant.jpeg
bpkbbelakang-maf;2025052422021332439976_bpkbbelakang-maf_Applicant.jpeg
stnkpajak-maf;2025052422021332439976_stnkpajak-maf_Applicant.jpeg
unitdepankanan-maf;2025052422021332439976_unitdepankanan-maf_Applicant.jpeg
unitdepankiri-maf;2025052422021332439976_unitdepankiri-maf_Applicant.jpeg
salaryslip-maf;2025052422021332439976_salaryslip-maf_Applicant.jpeg
nomorrumah-maf;2025052422021332439976_nomorrumah-maf_Applicant.jpeg
dalamrumah-maf;2025052422021332439976_dalamrumah-maf_Applicant.jpeg
rangkanomesin-maf;2025052422021332439976_rangkanomesin-maf_Applicant.jpeg
dalamrumah-maf;2025052622024388094701_dalamrumah-maf_Applicant.jpeg
buktipenghasilanusaha-maf;2025052622024388094701_buktipenghasilanusaha-maf_Applicant.jpeg
perizinanusaha-maf;2025052622024388094701_perizinanusaha-maf_Applicant.jpeg
buktikepemilikanusaha-maf;2025052622024388094701_buktikepemilikanusaha-maf_Applicant.jpeg
rangkanomesin-maf;2025052622024388094701_rangkanomesin-maf_Applicant.jpeg
pbbrekening-maf;2025052422021332439976_pbbrekening-maf_Applicant.jpeg
kksuratnikah-maf;2025052422021332439976_kksuratnikah-maf_Applicant.jpeg
halamandepanbukutabungan-maf;2025052422021332439976_halamandepanbukutabungan-maf_Applicant.jpeg
fpkbelakang-maf;2025052422021332439976_fpkbelakang-maf_Applicant.jpeg
fpkdepan-maf;2025052422021332439976_fpkdepan-maf_Applicant.jpeg
tempatusahadepan-maf;2025052422021332439976_tempatusahadepan-maf_Applicant.jpeg
rumahdepan-maf;2025052422021332439976_rumahdepan-maf_Applicant.jpeg
pasanganttdcmo-maf;2025052422021332439976_pasanganttdcmo-maf_Applicant.jpeg
nasabahttdcmo-maf;2025052422021332439976_nasabahttdcmo-maf_Applicant.jpeg
allobank-maf;2025052422021332439976_allobank-maf_Applicant.jpeg
rumahjalan-maf;2025052422021332439976_rumahjalan-maf_Applicant.jpeg
pbbrekening-maf;2025052522018031881189_pbbrekening-maf_Applicant.jpeg
kksuratnikah-maf;2025052522018031881189_kksuratnikah-maf_Applicant.jpeg
halamandepanbukutabungan-maf;2025052522018031881189_halamandepanbukutabungan-maf_Applicant.jpeg
fpkbelakang-maf;2025052522018031881189_fpkbelakang-maf_Applicant.jpeg
fpkdepan-maf;2025052522018031881189_fpkdepan-maf_Applicant.jpeg
tempatusahadepan-maf;2025052522018031881189_tempatusahadepan-maf_Applicant.jpeg
rumahdepan-maf;2025052522018031881189_rumahdepan-maf_Applicant.jpeg
pasanganttdcmo-maf;2025052522018031881189_pasanganttdcmo-maf_Applicant.jpeg
nasabahttdcmo-maf;2025052522018031881189_nasabahttdcmo-maf_Applicant.jpeg
allobank-maf;2025052522018031881189_allobank-maf_Applicant.jpeg
rumahjalan-maf;2025052522018031881189_rumahjalan-maf_Applicant.jpeg
bpkbdepan-maf;2025052522018031881189_bpkbdepan-maf_Applicant.jpeg
bpkbbelakang-maf;2025052522018031881189_bpkbbelakang-maf_Applicant.jpeg
stnkpajak-maf;2025052522018031881189_stnkpajak-maf_Applicant.jpeg
unitdepankanan-maf;2025052522018031881189_unitdepankanan-maf_Applicant.jpeg
unitdepankiri-maf;2025052522018031881189_unitdepankiri-maf_Applicant.jpeg
salaryslip-maf;2025052522018031881189_salaryslip-maf_Applicant.jpeg
nomorrumah-maf;2025052522018031881189_nomorrumah-maf_Applicant.jpeg
dalamrumah-maf;2025052522018031881189_dalamrumah-maf_Applicant.jpeg
rangkanomesin-maf;2025052522018031881189_rangkanomesin-maf_Applicant.jpeg
pbbrekening-maf;2025050122023267349442_pbbrekening-maf_Applicant.jpeg
kksuratnikah-maf;2025050122023267349442_kksuratnikah-maf_Applicant.jpeg
halamandepanbukutabungan-maf;2025050122023267349442_halamandepanbukutabungan-maf_Applicant.jpeg
fpkbelakang-maf;2025050122023267349442_fpkbelakang-maf_Applicant.jpeg
fpkdepan-maf;2025050122023267349442_fpkdepan-maf_Applicant.jpeg
tempatusahadepan-maf;2025050122023267349442_tempatusahadepan-maf_Applicant.jpeg
rumahdepan-maf;2025050122023267349442_rumahdepan-maf_Applicant.jpeg
pasanganttdcmo-maf;2025050122023267349442_pasanganttdcmo-maf_Applicant.jpeg
nasabahttdcmo-maf;2025050122023267349442_nasabahttdcmo-maf_Applicant.jpeg
allobank-maf;2025050122023267349442_allobank-maf_Applicant.jpeg
rumahjalan-maf;2025050122023267349442_rumahjalan-maf_Applicant.jpeg
bpkbdepan-maf;2025050122023267349442_bpkbdepan-maf_Applicant.jpeg
bpkbbelakang-maf;2025050122023267349442_bpkbbelakang-maf_Applicant.jpeg
stnkpajak-maf;2025050122023267349442_stnkpajak-maf_Applicant.jpeg
unitdepankanan-maf;2025050122023267349442_unitdepankanan-maf_Applicant.jpeg
unitdepankiri-maf;2025050122023267349442_unitdepankiri-maf_Applicant.jpeg
salaryslip-maf;2025050122023267349442_salaryslip-maf_Applicant.jpeg
nomorrumah-maf;2025050122023267349442_nomorrumah-maf_Applicant.jpeg
dalamrumah-maf;2025050122023267349442_dalamrumah-maf_Applicant.jpeg
rangkanomesin-maf;2025050122023267349442_rangkanomesin-maf_Applicant.jpeg
pbbrekening-maf;2025050222016076352905_pbbrekening-maf_Applicant.jpeg
kksuratnikah-maf;2025050222016076352905_kksuratnikah-maf_Applicant.jpeg
halamandepanbukutabungan-maf;2025050222016076352905_halamandepanbukutabungan-maf_Applicant.jpeg
fpkbelakang-maf;2025050222016076352905_fpkbelakang-maf_Applicant.jpeg
fpkdepan-maf;2025050222016076352905_fpkdepan-maf_Applicant.jpeg
tempatusahadepan-maf;2025050222016076352905_tempatusahadepan-maf_Applicant.jpeg
rumahdepan-maf;2025050222016076352905_rumahdepan-maf_Applicant.jpeg
pasanganttdcmo-maf;2025050222016076352905_pasanganttdcmo-maf_Applicant.jpeg
nasabahttdcmo-maf;2025050222016076352905_nasabahttdcmo-maf_Applicant.jpeg
allobank-maf;2025050222016076352905_allobank-maf_Applicant.jpeg
rumahjalan-maf;2025050222016076352905_rumahjalan-maf_Applicant.jpeg
bpkbdepan-maf;2025050222016076352905_bpkbdepan-maf_Applicant.jpeg
bpkbbelakang-maf;2025050222016076352905_bpkbbelakang-maf_Applicant.jpeg
stnkpajak-maf;2025050222016076352905_stnkpajak-maf_Applicant.jpeg
unitdepankanan-maf;2025050222016076352905_unitdepankanan-maf_Applicant.jpeg
unitdepankiri-maf;2025050222016076352905_unitdepankiri-maf_Applicant.jpeg
salaryslip-maf;2025050222016076352905_salaryslip-maf_Applicant.jpeg
nomorrumah-maf;2025050222016076352905_nomorrumah-maf_Applicant.jpeg
dalamrumah-maf;2025050222016076352905_dalamrumah-maf_Applicant.jpeg
rangkanomesin-maf;2025050222016076352905_rangkanomesin-maf_Applicant.jpeg
pbbrekening-maf;2025050222022697764909_pbbrekening-maf_Applicant.jpeg
kksuratnikah-maf;2025050222022697764909_kksuratnikah-maf_Applicant.jpeg
halamandepanbukutabungan-maf;2025050222022697764909_halamandepanbukutabungan-maf_Applicant.png
fpkbelakang-maf;2025050222022697764909_fpkbelakang-maf_Applicant.jpeg
fpkdepan-maf;2025050222022697764909_fpkdepan-maf_Applicant.jpeg
tempatusahadepan-maf;2025050222022697764909_tempatusahadepan-maf_Applicant.jpeg
rumahdepan-maf;2025050222022697764909_rumahdepan-maf_Applicant.jpeg
pasanganttdcmo-maf;2025050222022697764909_pasanganttdcmo-maf_Applicant.jpeg
nasabahttdcmo-maf;2025050222022697764909_nasabahttdcmo-maf_Applicant.jpeg
allobank-maf;2025050222022697764909_allobank-maf_Applicant.png
rumahjalan-maf;2025050222022697764909_rumahjalan-maf_Applicant.jpeg
bpkbdepan-maf;2025050222022697764909_bpkbdepan-maf_Applicant.jpeg
bpkbbelakang-maf;2025050222022697764909_bpkbbelakang-maf_Applicant.jpeg
stnkpajak-maf;2025050222022697764909_stnkpajak-maf_Applicant.jpeg
unitdepankanan-maf;2025050222022697764909_unitdepankanan-maf_Applicant.jpeg
unitdepankiri-maf;2025050222022697764909_unitdepankiri-maf_Applicant.jpeg
salaryslip-maf;2025050222022697764909_salaryslip-maf_Applicant.jpeg
nomorrumah-maf;2025050222022697764909_nomorrumah-maf_Applicant.jpeg
dalamrumah-maf;2025050222022697764909_dalamrumah-maf_Applicant.jpeg
rangkanomesin-maf;2025050222022697764909_rangkanomesin-maf_Applicant.jpeg
pbbrekening-maf;2025050222016076337588_pbbrekening-maf_Applicant.jpeg
kksuratnikah-maf;2025050222016076337588_kksuratnikah-maf_Applicant.jpeg
halamandepanbukutabungan-maf;2025050222016076337588_halamandepanbukutabungan-maf_Applicant.jpeg
fpkbelakang-maf;2025050222016076337588_fpkbelakang-maf_Applicant.jpeg
fpkdepan-maf;2025050222016076337588_fpkdepan-maf_Applicant.jpeg
tempatusahadepan-maf;2025050222016076337588_tempatusahadepan-maf_Applicant.jpeg
rumahdepan-maf;2025050222016076337588_rumahdepan-maf_Applicant.jpeg
pasanganttdcmo-maf;2025050222016076337588_pasanganttdcmo-maf_Applicant.jpeg
nasabahttdcmo-maf;2025050222016076337588_nasabahttdcmo-maf_Applicant.jpeg
allobank-maf;2025050222016076337588_allobank-maf_Applicant.jpeg
rumahjalan-maf;2025050222016076337588_rumahjalan-maf_Applicant.jpeg
bpkbdepan-maf;2025050222016076337588_bpkbdepan-maf_Applicant.jpeg
bpkbbelakang-maf;2025050222016076337588_bpkbbelakang-maf_Applicant.jpeg
stnkpajak-maf;2025050222016076337588_stnkpajak-maf_Applicant.jpeg
unitdepankanan-maf;2025050222016076337588_unitdepankanan-maf_Applicant.jpeg
unitdepankiri-maf;2025050222016076337588_unitdepankiri-maf_Applicant.jpeg
salaryslip-maf;2025050222016076337588_salaryslip-maf_Applicant.jpeg
nomorrumah-maf;2025050222016076337588_nomorrumah-maf_Applicant.jpeg
dalamrumah-maf;2025050222016076337588_dalamrumah-maf_Applicant.jpeg
dalamrumah-maf;2025050222020696856050_dalamrumah-maf_Applicant.jpeg
rangkanomesin-maf;2025050222020696856050_rangkanomesin-maf_Applicant.jpeg
pbbrekening-maf;2025050222021056472040_pbbrekening-maf_Applicant.jpeg
kksuratnikah-maf;2025050222021056472040_kksuratnikah-maf_Applicant.jpeg
halamandepanbukutabungan-maf;2025050222021056472040_halamandepanbukutabungan-maf_Applicant.jpeg
fpkbelakang-maf;2025050222021056472040_fpkbelakang-maf_Applicant.jpeg
fpkdepan-maf;2025050222021056472040_fpkdepan-maf_Applicant.jpeg
tempatusahadepan-maf;2025050222021056472040_tempatusahadepan-maf_Applicant.jpeg
rumahdepan-maf;2025050222021056472040_rumahdepan-maf_Applicant.jpeg
pasanganttdcmo-maf;2025050222021056472040_pasanganttdcmo-maf_Applicant.jpeg
nasabahttdcmo-maf;2025050222021056472040_nasabahttdcmo-maf_Applicant.jpeg
allobank-maf;2025050222021056472040_allobank-maf_Applicant.jpeg
rumahjalan-maf;2025050222021056472040_rumahjalan-maf_Applicant.jpeg
bpkbdepan-maf;2025050222021056472040_bpkbdepan-maf_Applicant.jpeg
bpkbbelakang-maf;2025050222021056472040_bpkbbelakang-maf_Applicant.jpeg
stnkpajak-maf;2025050222021056472040_stnkpajak-maf_Applicant.jpeg
unitdepankanan-maf;2025050222021056472040_unitdepankanan-maf_Applicant.jpeg
unitdepankiri-maf;2025050222021056472040_unitdepankiri-maf_Applicant.jpeg
salaryslip-maf;2025050222021056472040_salaryslip-maf_Applicant.jpeg
nomorrumah-maf;2025050222021056472040_nomorrumah-maf_Applicant.jpeg
dalamrumah-maf;2025050222021056472040_dalamrumah-maf_Applicant.jpeg
rangkanomesin-maf;2025050222016076337588_rangkanomesin-maf_Applicant.jpeg
pbbrekening-maf;2025050222020696856050_pbbrekening-maf_Applicant.jpeg
kksuratnikah-maf;2025050222020696856050_kksuratnikah-maf_Applicant.jpeg
halamandepanbukutabungan-maf;2025050222020696856050_halamandepanbukutabungan-maf_Applicant.jpeg
fpkbelakang-maf;2025050222020696856050_fpkbelakang-maf_Applicant.jpeg
fpkdepan-maf;2025050222020696856050_fpkdepan-maf_Applicant.jpeg
tempatusahadepan-maf;2025050222020696856050_tempatusahadepan-maf_Applicant.jpeg
rumahdepan-maf;2025050222020696856050_rumahdepan-maf_Applicant.jpeg
pasanganttdcmo-maf;2025050222020696856050_pasanganttdcmo-maf_Applicant.jpeg
nasabahttdcmo-maf;2025050222020696856050_nasabahttdcmo-maf_Applicant.jpeg
allobank-maf;2025050222020696856050_allobank-maf_Applicant.jpeg
rumahjalan-maf;2025050222020696856050_rumahjalan-maf_Applicant.jpeg
bpkbdepan-maf;2025050222020696856050_bpkbdepan-maf_Applicant.jpeg
bpkbbelakang-maf;2025050222020696856050_bpkbbelakang-maf_Applicant.jpeg
stnkpajak-maf;2025050222020696856050_stnkpajak-maf_Applicant.jpeg
unitdepankanan-maf;2025050222020696856050_unitdepankanan-maf_Applicant.jpeg
unitdepankiri-maf;2025050222020696856050_unitdepankiri-maf_Applicant.jpeg
salaryslip-maf;2025050222020696856050_salaryslip-maf_Applicant.jpeg
nomorrumah-maf;2025050222020696856050_nomorrumah-maf_Applicant.jpeg
dalamrumah-maf;2025050222021056483805_dalamrumah-maf_Applicant.jpeg
rangkanomesin-maf;2025050222021056483805_rangkanomesin-maf_Applicant.jpeg
pbbrekening-maf;2025050222022697783667_pbbrekening-maf_Applicant.jpeg
kksuratnikah-maf;2025050222022697783667_kksuratnikah-maf_Applicant.jpeg
halamandepanbukutabungan-maf;2025050222022697783667_halamandepanbukutabungan-maf_Applicant.png
fpkbelakang-maf;2025050222022697783667_fpkbelakang-maf_Applicant.jpeg
fpkdepan-maf;2025050222022697783667_fpkdepan-maf_Applicant.jpeg
tempatusahadepan-maf;2025050222022697783667_tempatusahadepan-maf_Applicant.jpeg
rumahdepan-maf;2025050222022697783667_rumahdepan-maf_Applicant.jpeg
pasanganttdcmo-maf;2025050222022697783667_pasanganttdcmo-maf_Applicant.jpeg
nasabahttdcmo-maf;2025050222022697783667_nasabahttdcmo-maf_Applicant.jpeg
allobank-maf;2025050222022697783667_allobank-maf_Applicant.jpeg
rumahjalan-maf;2025050222022697783667_rumahjalan-maf_Applicant.jpeg
bpkbdepan-maf;2025050222022697783667_bpkbdepan-maf_Applicant.jpeg
bpkbbelakang-maf;2025050222022697783667_bpkbbelakang-maf_Applicant.jpeg
stnkpajak-maf;2025050222022697783667_stnkpajak-maf_Applicant.jpeg
unitdepankanan-maf;2025050222022697783667_unitdepankanan-maf_Applicant.jpeg
unitdepankiri-maf;2025050222022697783667_unitdepankiri-maf_Applicant.jpeg
salaryslip-maf;2025050222022697783667_salaryslip-maf_Applicant.jpeg
nomorrumah-maf;2025050222022697783667_nomorrumah-maf_Applicant.jpeg
dalamrumah-maf;2025050222022697783667_dalamrumah-maf_Applicant.jpeg
rangkanomesin-maf;2025050222022697783667_rangkanomesin-maf_Applicant.jpeg
pbbrekening-maf;2025050222024338454026_pbbrekening-maf_Applicant.jpeg
kksuratnikah-maf;2025050222024338454026_kksuratnikah-maf_Applicant.jpeg
halamandepanbukutabungan-maf;2025050222024338454026_halamandepanbukutabungan-maf_Applicant.jpeg
fpkbelakang-maf;2025050222024338454026_fpkbelakang-maf_Applicant.jpeg
fpkdepan-maf;2025050222024338454026_fpkdepan-maf_Applicant.jpeg
tempatusahadepan-maf;2025050222024338454026_tempatusahadepan-maf_Applicant.jpeg
rumahdepan-maf;2025050222024338454026_rumahdepan-maf_Applicant.jpeg
pasanganttdcmo-maf;2025050222024338454026_pasanganttdcmo-maf_Applicant.jpeg
nasabahttdcmo-maf;2025050222024338454026_nasabahttdcmo-maf_Applicant.jpeg
allobank-maf;2025050222024338454026_allobank-maf_Applicant.jpeg
rumahjalan-maf;2025050222024338454026_rumahjalan-maf_Applicant.jpeg
bpkbdepan-maf;2025050222024338454026_bpkbdepan-maf_Applicant.jpeg
bpkbbelakang-maf;2025050222024338454026_bpkbbelakang-maf_Applicant.jpeg
stnkpajak-maf;2025050222024338454026_stnkpajak-maf_Applicant.jpeg
unitdepankanan-maf;2025050222024338454026_unitdepankanan-maf_Applicant.jpeg
unitdepankiri-maf;2025050222024338454026_unitdepankiri-maf_Applicant.jpeg
salaryslip-maf;2025050222024338454026_salaryslip-maf_Applicant.jpeg
nomorrumah-maf;2025050222024338454026_nomorrumah-maf_Applicant.jpeg
dalamrumah-maf;2025050222024338454026_dalamrumah-maf_Applicant.jpeg
buktipenghasilanusaha-maf;2025050222024338454026_buktipenghasilanusaha-maf_Applicant.jpeg
perizinanusaha-maf;2025050222024338454026_perizinanusaha-maf_Applicant.jpeg
buktikepemilikanusaha-maf;2025050222024338454026_buktikepemilikanusaha-maf_Applicant.jpeg
buktipenghasilanusaha-maf;2025050222021056472040_buktipenghasilanusaha-maf_Applicant.jpeg
perizinanusaha-maf;2025050222021056472040_perizinanusaha-maf_Applicant.jpeg
buktikepemilikanusaha-maf;2025050222021056472040_buktikepemilikanusaha-maf_Applicant.jpeg
rangkanomesin-maf;2025050222021056472040_rangkanomesin-maf_Applicant.jpeg
pbbrekening-maf;2025050222021056483805_pbbrekening-maf_Applicant.jpeg
kksuratnikah-maf;2025050222021056483805_kksuratnikah-maf_Applicant.jpeg
halamandepanbukutabungan-maf;2025050222021056483805_halamandepanbukutabungan-maf_Applicant.jpeg
fpkbelakang-maf;2025050222021056483805_fpkbelakang-maf_Applicant.jpeg
fpkdepan-maf;2025050222021056483805_fpkdepan-maf_Applicant.jpeg
tempatusahadepan-maf;2025050222021056483805_tempatusahadepan-maf_Applicant.jpeg
rumahdepan-maf;2025050222021056483805_rumahdepan-maf_Applicant.jpeg
pasanganttdcmo-maf;2025050222021056483805_pasanganttdcmo-maf_Applicant.jpeg
nasabahttdcmo-maf;2025050222021056483805_nasabahttdcmo-maf_Applicant.jpeg
allobank-maf;2025050222021056483805_allobank-maf_Applicant.jpeg
rumahjalan-maf;2025050222021056483805_rumahjalan-maf_Applicant.jpeg
bpkbdepan-maf;2025050222021056483805_bpkbdepan-maf_Applicant.jpeg
bpkbbelakang-maf;2025050222021056483805_bpkbbelakang-maf_Applicant.jpeg
stnkpajak-maf;2025050222021056483805_stnkpajak-maf_Applicant.jpeg
unitdepankanan-maf;2025050222021056483805_unitdepankanan-maf_Applicant.jpeg
unitdepankiri-maf;2025050222021056483805_unitdepankiri-maf_Applicant.jpeg
salaryslip-maf;2025050222021056483805_salaryslip-maf_Applicant.jpeg
nomorrumah-maf;2025050222021056483805_nomorrumah-maf_Applicant.jpeg
rangkanomesin-maf;2025050222024338454026_rangkanomesin-maf_Applicant.jpeg
pbbrekening-maf;2025050222021056411481_pbbrekening-maf_Applicant.jpeg
kksuratnikah-maf;2025050222021056411481_kksuratnikah-maf_Applicant.jpeg
halamandepanbukutabungan-maf;2025050222021056411481_halamandepanbukutabungan-maf_Applicant.jpeg
fpkbelakang-maf;2025050222021056411481_fpkbelakang-maf_Applicant.jpeg
fpkdepan-maf;2025050222021056411481_fpkdepan-maf_Applicant.jpeg
tempatusahadepan-maf;2025050222021056411481_tempatusahadepan-maf_Applicant.jpeg
rumahdepan-maf;2025050222021056411481_rumahdepan-maf_Applicant.jpeg
pasanganttdcmo-maf;2025050222021056411481_pasanganttdcmo-maf_Applicant.jpeg
nasabahttdcmo-maf;2025050222021056411481_nasabahttdcmo-maf_Applicant.jpeg
allobank-maf;2025050222021056411481_allobank-maf_Applicant.jpeg
rumahjalan-maf;2025050222021056411481_rumahjalan-maf_Applicant.jpeg
bpkbdepan-maf;2025050222021056411481_bpkbdepan-maf_Applicant.jpeg
bpkbbelakang-maf;2025050222021056411481_bpkbbelakang-maf_Applicant.jpeg
stnkpajak-maf;2025050222021056411481_stnkpajak-maf_Applicant.jpeg
unitdepankanan-maf;2025050222021056411481_unitdepankanan-maf_Applicant.jpeg
unitdepankiri-maf;2025050222021056411481_unitdepankiri-maf_Applicant.jpeg
salaryslip-maf;2025050222021056411481_salaryslip-maf_Applicant.jpeg
nomorrumah-maf;2025050222021056411481_nomorrumah-maf_Applicant.jpeg
dalamrumah-maf;2025050222021056411481_dalamrumah-maf_Applicant.jpeg
buktipenghasilanusaha-maf;2025050222021056411481_buktipenghasilanusaha-maf_Applicant.jpeg
perizinanusaha-maf;2025050222021056411481_perizinanusaha-maf_Applicant.jpeg
buktikepemilikanusaha-maf;2025050222021056411481_buktikepemilikanusaha-maf_Applicant.jpeg
rangkanomesin-maf;2025050222021056411481_rangkanomesin-maf_Applicant.jpeg
pbbrekening-maf;2025050222024227991124_pbbrekening-maf_Applicant.jpeg
kksuratnikah-maf;2025050222024227991124_kksuratnikah-maf_Applicant.jpeg
halamandepanbukutabungan-maf;2025050222024227991124_halamandepanbukutabungan-maf_Applicant.jpeg
fpkbelakang-maf;2025050222024227991124_fpkbelakang-maf_Applicant.jpeg
fpkdepan-maf;2025050222024227991124_fpkdepan-maf_Applicant.jpeg
tempatusahadepan-maf;2025050222024227991124_tempatusahadepan-maf_Applicant.jpeg
rumahdepan-maf;2025050222024227991124_rumahdepan-maf_Applicant.jpeg
pasanganttdcmo-maf;2025050222024227991124_pasanganttdcmo-maf_Applicant.jpeg
nasabahttdcmo-maf;2025050222024227991124_nasabahttdcmo-maf_Applicant.jpeg
allobank-maf;2025050222024227991124_allobank-maf_Applicant.jpeg
rumahjalan-maf;2025050222024227991124_rumahjalan-maf_Applicant.jpeg
bpkbdepan-maf;2025050222024227991124_bpkbdepan-maf_Applicant.jpeg
bpkbbelakang-maf;2025050222024227991124_bpkbbelakang-maf_Applicant.jpeg
stnkpajak-maf;2025050222024227991124_stnkpajak-maf_Applicant.jpeg
unitdepankanan-maf;2025050222024227991124_unitdepankanan-maf_Applicant.jpeg
unitdepankiri-maf;2025050222024227991124_unitdepankiri-maf_Applicant.jpeg
salaryslip-maf;2025050222024227991124_salaryslip-maf_Applicant.jpeg
nomorrumah-maf;2025050222024227991124_nomorrumah-maf_Applicant.jpeg
dalamrumah-maf;2025050222024227991124_dalamrumah-maf_Applicant.jpeg
rangkanomesin-maf;2025050222024227991124_rangkanomesin-maf_Applicant.jpeg
pbbrekening-maf;2025050322020696854645_pbbrekening-maf_Applicant.jpeg
kksuratnikah-maf;2025050322020696854645_kksuratnikah-maf_Applicant.jpeg
halamandepanbukutabungan-maf;2025050322020696854645_halamandepanbukutabungan-maf_Applicant.jpeg
fpkbelakang-maf;2025050322020696854645_fpkbelakang-maf_Applicant.jpeg
fpkdepan-maf;2025050322020696854645_fpkdepan-maf_Applicant.jpeg
tempatusahadepan-maf;2025050322020696854645_tempatusahadepan-maf_Applicant.jpeg
rumahdepan-maf;2025050322020696854645_rumahdepan-maf_Applicant.jpeg
pasanganttdcmo-maf;2025050322020696854645_pasanganttdcmo-maf_Applicant.jpeg
nasabahttdcmo-maf;2025050322020696854645_nasabahttdcmo-maf_Applicant.jpeg
allobank-maf;2025050322020696854645_allobank-maf_Applicant.jpeg
rumahjalan-maf;2025050322020696854645_rumahjalan-maf_Applicant.jpeg
bpkbdepan-maf;2025050322020696854645_bpkbdepan-maf_Applicant.jpeg
bpkbbelakang-maf;2025050322020696854645_bpkbbelakang-maf_Applicant.jpeg
stnkpajak-maf;2025050322020696854645_stnkpajak-maf_Applicant.jpeg
unitdepankanan-maf;2025050322020696854645_unitdepankanan-maf_Applicant.jpeg
unitdepankiri-maf;2025050322020696854645_unitdepankiri-maf_Applicant.jpeg
unitdepankanan-maf;2025050322021056471179_unitdepankanan-maf_Applicant.jpeg
unitdepankiri-maf;2025050322021056471179_unitdepankiri-maf_Applicant.jpeg
salaryslip-maf;2025050322021056471179_salaryslip-maf_Applicant.jpeg
nomorrumah-maf;2025050322021056471179_nomorrumah-maf_Applicant.jpeg
dalamrumah-maf;2025050322021056471179_dalamrumah-maf_Applicant.jpeg
rangkanomesin-maf;2025050322021056471179_rangkanomesin-maf_Applicant.jpeg
salaryslip-maf;2025050322020696854645_salaryslip-maf_Applicant.jpeg
nomorrumah-maf;2025050322020696854645_nomorrumah-maf_Applicant.jpeg
dalamrumah-maf;2025050322020696854645_dalamrumah-maf_Applicant.jpeg
buktipenghasilanusaha-maf;2025050322020696854645_buktipenghasilanusaha-maf_Applicant.jpeg
perizinanusaha-maf;2025050322020696854645_perizinanusaha-maf_Applicant.jpeg
buktikepemilikanusaha-maf;2025050322020696854645_buktikepemilikanusaha-maf_Applicant.jpeg
rangkanomesin-maf;2025050322020696854645_rangkanomesin-maf_Applicant.jpeg
pbbrekening-maf;2025050322021056471179_pbbrekening-maf_Applicant.jpeg
kksuratnikah-maf;2025050322021056471179_kksuratnikah-maf_Applicant.jpeg
halamandepanbukutabungan-maf;2025050322021056471179_halamandepanbukutabungan-maf_Applicant.jpeg
fpkbelakang-maf;2025050322021056471179_fpkbelakang-maf_Applicant.jpeg
fpkdepan-maf;2025050322021056471179_fpkdepan-maf_Applicant.jpeg
tempatusahadepan-maf;2025050322021056471179_tempatusahadepan-maf_Applicant.jpeg
rumahdepan-maf;2025050322021056471179_rumahdepan-maf_Applicant.jpeg
pasanganttdcmo-maf;2025050322021056471179_pasanganttdcmo-maf_Applicant.jpeg
nasabahttdcmo-maf;2025050322021056471179_nasabahttdcmo-maf_Applicant.jpeg
allobank-maf;2025050322021056471179_allobank-maf_Applicant.jpeg
rumahjalan-maf;2025050322021056471179_rumahjalan-maf_Applicant.jpeg
bpkbdepan-maf;2025050322021056471179_bpkbdepan-maf_Applicant.jpeg
bpkbbelakang-maf;2025050322021056471179_bpkbbelakang-maf_Applicant.jpeg
stnkpajak-maf;2025050322021056471179_stnkpajak-maf_Applicant.jpeg
pbbrekening-maf;2025050322021298194087_pbbrekening-maf_Applicant.jpeg
kksuratnikah-maf;2025050322021298194087_kksuratnikah-maf_Applicant.jpeg
halamandepanbukutabungan-maf;2025050322021298194087_halamandepanbukutabungan-maf_Applicant.jpeg
fpkbelakang-maf;2025050322021298194087_fpkbelakang-maf_Applicant.jpeg
fpkdepan-maf;2025050322021298194087_fpkdepan-maf_Applicant.jpeg
tempatusahadepan-maf;2025050322021298194087_tempatusahadepan-maf_Applicant.jpeg
rumahdepan-maf;2025050322021298194087_rumahdepan-maf_Applicant.jpeg
pasanganttdcmo-maf;2025050322021298194087_pasanganttdcmo-maf_Applicant.jpeg
nasabahttdcmo-maf;2025050322021298194087_nasabahttdcmo-maf_Applicant.jpeg
allobank-maf;2025050322021298194087_allobank-maf_Applicant.jpeg
rumahjalan-maf;2025050322021298194087_rumahjalan-maf_Applicant.jpeg
bpkbdepan-maf;2025050322021298194087_bpkbdepan-maf_Applicant.jpeg
bpkbbelakang-maf;2025050322021298194087_bpkbbelakang-maf_Applicant.jpeg
stnkpajak-maf;2025050322021298194087_stnkpajak-maf_Applicant.jpeg
unitdepankanan-maf;2025050322021298194087_unitdepankanan-maf_Applicant.jpeg
unitdepankiri-maf;2025050322021298194087_unitdepankiri-maf_Applicant.jpeg
salaryslip-maf;2025050322021298194087_salaryslip-maf_Applicant.jpeg
nomorrumah-maf;2025050322021298194087_nomorrumah-maf_Applicant.jpeg
dalamrumah-maf;2025050322021298194087_dalamrumah-maf_Applicant.jpeg
rangkanomesin-maf;2025050322021298194087_rangkanomesin-maf_Applicant.jpeg
pbbrekening-maf;2025050222024338423477_pbbrekening-maf_Applicant.jpeg
kksuratnikah-maf;2025050222024338423477_kksuratnikah-maf_Applicant.jpeg
halamandepanbukutabungan-maf;2025050222024338423477_halamandepanbukutabungan-maf_Applicant.jpeg
fpkbelakang-maf;2025050222024338423477_fpkbelakang-maf_Applicant.jpeg
fpkdepan-maf;2025050222024338423477_fpkdepan-maf_Applicant.jpeg
tempatusahadepan-maf;2025050222024338423477_tempatusahadepan-maf_Applicant.jpeg
rumahdepan-maf;2025050222024338423477_rumahdepan-maf_Applicant.jpeg
pasanganttdcmo-maf;2025050222024338423477_pasanganttdcmo-maf_Applicant.jpeg
nasabahttdcmo-maf;2025050222024338423477_nasabahttdcmo-maf_Applicant.jpeg
allobank-maf;2025050222024338423477_allobank-maf_Applicant.jpeg
rumahjalan-maf;2025050222024338423477_rumahjalan-maf_Applicant.jpeg
bpkbdepan-maf;2025050222024338423477_bpkbdepan-maf_Applicant.jpeg
bpkbbelakang-maf;2025050222024338423477_bpkbbelakang-maf_Applicant.jpeg
stnkpajak-maf;2025050222024338423477_stnkpajak-maf_Applicant.jpeg
unitdepankanan-maf;2025050222024338423477_unitdepankanan-maf_Applicant.jpeg
unitdepankiri-maf;2025050222024338423477_unitdepankiri-maf_Applicant.jpeg
salaryslip-maf;2025050222024338423477_salaryslip-maf_Applicant.jpeg
nomorrumah-maf;2025050222024338423477_nomorrumah-maf_Applicant.jpeg
dalamrumah-maf;2025050222024338423477_dalamrumah-maf_Applicant.jpeg
buktipenghasilanusaha-maf;2025050222024338423477_buktipenghasilanusaha-maf_Applicant.jpeg
perizinanusaha-maf;2025050222024338423477_perizinanusaha-maf_Applicant.jpeg
buktikepemilikanusaha-maf;2025050222024338423477_buktikepemilikanusaha-maf_Applicant.jpeg
rangkanomesin-maf;2025050222024338423477_rangkanomesin-maf_Applicant.jpeg
pbbrekening-maf;2025050322024252688519_pbbrekening-maf_Applicant.jpeg
kksuratnikah-maf;2025050322024252688519_kksuratnikah-maf_Applicant.jpeg
halamandepanbukutabungan-maf;2025050322024252688519_halamandepanbukutabungan-maf_Applicant.jpeg
fpkbelakang-maf;2025050322024252688519_fpkbelakang-maf_Applicant.jpeg
fpkdepan-maf;2025050322024252688519_fpkdepan-maf_Applicant.jpeg
tempatusahadepan-maf;2025050322024252688519_tempatusahadepan-maf_Applicant.jpeg
rumahdepan-maf;2025050322024252688519_rumahdepan-maf_Applicant.jpeg
pasanganttdcmo-maf;2025050322024252688519_pasanganttdcmo-maf_Applicant.jpeg
nasabahttdcmo-maf;2025050322024252688519_nasabahttdcmo-maf_Applicant.jpeg
allobank-maf;2025050322024252688519_allobank-maf_Applicant.jpeg
rumahjalan-maf;2025050322024252688519_rumahjalan-maf_Applicant.jpeg
bpkbdepan-maf;2025050322024252688519_bpkbdepan-maf_Applicant.jpeg
bpkbbelakang-maf;2025050322024252688519_bpkbbelakang-maf_Applicant.jpeg
stnkpajak-maf;2025050322024252688519_stnkpajak-maf_Applicant.jpeg
unitdepankanan-maf;2025050322024252688519_unitdepankanan-maf_Applicant.jpeg
unitdepankiri-maf;2025050322024252688519_unitdepankiri-maf_Applicant.jpeg
salaryslip-maf;2025050322024252688519_salaryslip-maf_Applicant.jpeg
nomorrumah-maf;2025050322024252688519_nomorrumah-maf_Applicant.jpeg
dalamrumah-maf;2025050322024252688519_dalamrumah-maf_Applicant.jpeg
rangkanomesin-maf;2025050322024252688519_rangkanomesin-maf_Applicant.jpeg
buktikepemilikanusaha-maf;2025050322020696892399_buktikepemilikanusaha-maf_Applicant.jpeg
rangkanomesin-maf;2025050322020696892399_rangkanomesin-maf_Applicant.jpeg
pbbrekening-maf;2025050322020696892399_pbbrekening-maf_Applicant.jpeg
kksuratnikah-maf;2025050322020696892399_kksuratnikah-maf_Applicant.jpeg
halamandepanbukutabungan-maf;2025050322020696892399_halamandepanbukutabungan-maf_Applicant.jpeg
fpkbelakang-maf;2025050322020696892399_fpkbelakang-maf_Applicant.jpeg
fpkdepan-maf;2025050322020696892399_fpkdepan-maf_Applicant.jpeg
tempatusahadepan-maf;2025050322020696892399_tempatusahadepan-maf_Applicant.jpeg
rumahdepan-maf;2025050322020696892399_rumahdepan-maf_Applicant.jpeg
pasanganttdcmo-maf;2025050322020696892399_pasanganttdcmo-maf_Applicant.jpeg
nasabahttdcmo-maf;2025050322020696892399_nasabahttdcmo-maf_Applicant.jpeg
allobank-maf;2025050322020696892399_allobank-maf_Applicant.jpeg
rumahjalan-maf;2025050322020696892399_rumahjalan-maf_Applicant.jpeg
bpkbdepan-maf;2025050322020696892399_bpkbdepan-maf_Applicant.jpeg
bpkbbelakang-maf;2025050322020696892399_bpkbbelakang-maf_Applicant.jpeg
stnkpajak-maf;2025050322020696892399_stnkpajak-maf_Applicant.jpeg
unitdepankanan-maf;2025050322020696892399_unitdepankanan-maf_Applicant.jpeg
unitdepankiri-maf;2025050322020696892399_unitdepankiri-maf_Applicant.jpeg
salaryslip-maf;2025050322020696892399_salaryslip-maf_Applicant.jpeg
nomorrumah-maf;2025050322020696892399_nomorrumah-maf_Applicant.jpeg
dalamrumah-maf;2025050322020696892399_dalamrumah-maf_Applicant.jpeg
buktipenghasilanusaha-maf;2025050322020696892399_buktipenghasilanusaha-maf_Applicant.jpeg
perizinanusaha-maf;2025050322020696892399_perizinanusaha-maf_Applicant.jpeg
pbbrekening-maf;2025050422022482742964_pbbrekening-maf_Applicant.jpeg
kksuratnikah-maf;2025050422022482742964_kksuratnikah-maf_Applicant.jpeg
halamandepanbukutabungan-maf;2025050422022482742964_halamandepanbukutabungan-maf_Applicant.jpeg
fpkbelakang-maf;2025050422022482742964_fpkbelakang-maf_Applicant.jpeg
fpkdepan-maf;2025050422022482742964_fpkdepan-maf_Applicant.jpeg
tempatusahadepan-maf;2025050422022482742964_tempatusahadepan-maf_Applicant.jpeg
rumahdepan-maf;2025050422022482742964_rumahdepan-maf_Applicant.jpeg
pasanganttdcmo-maf;2025050422022482742964_pasanganttdcmo-maf_Applicant.jpeg
nasabahttdcmo-maf;2025050422022482742964_nasabahttdcmo-maf_Applicant.jpeg
allobank-maf;2025050422022482742964_allobank-maf_Applicant.jpeg
rumahjalan-maf;2025050422022482742964_rumahjalan-maf_Applicant.jpeg
bpkbdepan-maf;2025050422022482742964_bpkbdepan-maf_Applicant.jpeg
bpkbbelakang-maf;2025050422022482742964_bpkbbelakang-maf_Applicant.jpeg
stnkpajak-maf;2025050422022482742964_stnkpajak-maf_Applicant.jpeg
unitdepankanan-maf;2025050422022482742964_unitdepankanan-maf_Applicant.jpeg
unitdepankiri-maf;2025050422022482742964_unitdepankiri-maf_Applicant.jpeg
salaryslip-maf;2025050422022482742964_salaryslip-maf_Applicant.jpeg
nomorrumah-maf;2025050422022482742964_nomorrumah-maf_Applicant.jpeg
dalamrumah-maf;2025050422022482742964_dalamrumah-maf_Applicant.jpeg
rangkanomesin-maf;2025050422022482742964_rangkanomesin-maf_Applicant.jpeg
pbbrekening-maf;2025050422022482719997_pbbrekening-maf_Applicant.jpeg
kksuratnikah-maf;2025050422022482719997_kksuratnikah-maf_Applicant.jpeg
halamandepanbukutabungan-maf;2025050422022482719997_halamandepanbukutabungan-maf_Applicant.jpeg
fpkbelakang-maf;2025050422022482719997_fpkbelakang-maf_Applicant.jpeg
fpkdepan-maf;2025050422022482719997_fpkdepan-maf_Applicant.jpeg
tempatusahadepan-maf;2025050422022482719997_tempatusahadepan-maf_Applicant.jpeg
rumahdepan-maf;2025050422022482719997_rumahdepan-maf_Applicant.jpeg
pasanganttdcmo-maf;2025050422022482719997_pasanganttdcmo-maf_Applicant.jpeg
nasabahttdcmo-maf;2025050422022482719997_nasabahttdcmo-maf_Applicant.jpeg
allobank-maf;2025050422022482719997_allobank-maf_Applicant.jpeg
rumahjalan-maf;2025050422022482719997_rumahjalan-maf_Applicant.jpeg
bpkbdepan-maf;2025050422022482719997_bpkbdepan-maf_Applicant.jpeg
bpkbbelakang-maf;2025050422022482719997_bpkbbelakang-maf_Applicant.jpeg
stnkpajak-maf;2025050422022482719997_stnkpajak-maf_Applicant.jpeg
unitdepankanan-maf;2025050422022482719997_unitdepankanan-maf_Applicant.jpeg
unitdepankiri-maf;2025050422022482719997_unitdepankiri-maf_Applicant.jpeg
salaryslip-maf;2025050422022482719997_salaryslip-maf_Applicant.jpeg
nomorrumah-maf;2025050422022482719997_nomorrumah-maf_Applicant.jpeg
dalamrumah-maf;2025050422022482719997_dalamrumah-maf_Applicant.jpeg
rangkanomesin-maf;2025050422022482719997_rangkanomesin-maf_Applicant.jpeg
pbbrekening-maf;2025050422022677517718_pbbrekening-maf_Applicant.jpeg
kksuratnikah-maf;2025050422022677517718_kksuratnikah-maf_Applicant.jpeg
halamandepanbukutabungan-maf;2025050422022677517718_halamandepanbukutabungan-maf_Applicant.jpeg
fpkbelakang-maf;2025050422022677517718_fpkbelakang-maf_Applicant.jpeg
fpkdepan-maf;2025050422022677517718_fpkdepan-maf_Applicant.jpeg
tempatusahadepan-maf;2025050422022677517718_tempatusahadepan-maf_Applicant.jpeg
rumahdepan-maf;2025050422022677517718_rumahdepan-maf_Applicant.jpeg
pasanganttdcmo-maf;2025050422022677517718_pasanganttdcmo-maf_Applicant.jpeg
nasabahttdcmo-maf;2025050422022677517718_nasabahttdcmo-maf_Applicant.jpeg
allobank-maf;2025050422022677517718_allobank-maf_Applicant.jpeg
rumahjalan-maf;2025050422022677517718_rumahjalan-maf_Applicant.jpeg
bpkbdepan-maf;2025050422022677517718_bpkbdepan-maf_Applicant.jpeg
bpkbbelakang-maf;2025050422022677517718_bpkbbelakang-maf_Applicant.jpeg
stnkpajak-maf;2025050422022677517718_stnkpajak-maf_Applicant.jpeg
unitdepankanan-maf;2025050422022677517718_unitdepankanan-maf_Applicant.jpeg
unitdepankiri-maf;2025050422022677517718_unitdepankiri-maf_Applicant.jpeg
salaryslip-maf;2025050422022677517718_salaryslip-maf_Applicant.jpeg
nomorrumah-maf;2025050422022677517718_nomorrumah-maf_Applicant.jpeg
dalamrumah-maf;2025050422022677517718_dalamrumah-maf_Applicant.jpeg
rangkanomesin-maf;2025050422022677517718_rangkanomesin-maf_Applicant.jpeg
pbbrekening-maf;2025050522022697773064_pbbrekening-maf_Applicant.jpeg
kksuratnikah-maf;2025050522022697773064_kksuratnikah-maf_Applicant.jpeg
halamandepanbukutabungan-maf;2025050522022697773064_halamandepanbukutabungan-maf_Applicant.png
fpkbelakang-maf;2025050522022697773064_fpkbelakang-maf_Applicant.jpeg
fpkdepan-maf;2025050522022697773064_fpkdepan-maf_Applicant.jpeg
tempatusahadepan-maf;2025050522022697773064_tempatusahadepan-maf_Applicant.jpeg
rumahdepan-maf;2025050522022697773064_rumahdepan-maf_Applicant.jpeg
pasanganttdcmo-maf;2025050522022697773064_pasanganttdcmo-maf_Applicant.jpeg
nasabahttdcmo-maf;2025050522022697773064_nasabahttdcmo-maf_Applicant.jpeg
allobank-maf;2025050522022697773064_allobank-maf_Applicant.jpeg
rumahjalan-maf;2025050522022697773064_rumahjalan-maf_Applicant.jpeg
bpkbdepan-maf;2025050522022697773064_bpkbdepan-maf_Applicant.jpeg
bpkbbelakang-maf;2025050522022697773064_bpkbbelakang-maf_Applicant.jpeg
stnkpajak-maf;2025050522022697773064_stnkpajak-maf_Applicant.jpeg
unitdepankanan-maf;2025050522022697773064_unitdepankanan-maf_Applicant.jpeg
unitdepankiri-maf;2025050522022697773064_unitdepankiri-maf_Applicant.jpeg
salaryslip-maf;2025050522022697773064_salaryslip-maf_Applicant.jpeg
nomorrumah-maf;2025050522022697773064_nomorrumah-maf_Applicant.jpeg
dalamrumah-maf;2025050522022697773064_dalamrumah-maf_Applicant.jpeg
rangkanomesin-maf;2025050522022697773064_rangkanomesin-maf_Applicant.jpeg
pbbrekening-maf;2025050522016076359242_pbbrekening-maf_Applicant.jpeg
kksuratnikah-maf;2025050522016076359242_kksuratnikah-maf_Applicant.jpeg
halamandepanbukutabungan-maf;2025050522016076359242_halamandepanbukutabungan-maf_Applicant.jpeg
fpkbelakang-maf;2025050522016076359242_fpkbelakang-maf_Applicant.jpeg
fpkdepan-maf;2025050522016076359242_fpkdepan-maf_Applicant.jpeg
tempatusahadepan-maf;2025050522016076359242_tempatusahadepan-maf_Applicant.jpeg
rumahdepan-maf;2025050522016076359242_rumahdepan-maf_Applicant.jpeg
pasanganttdcmo-maf;2025050522016076359242_pasanganttdcmo-maf_Applicant.jpeg
nasabahttdcmo-maf;2025050522016076359242_nasabahttdcmo-maf_Applicant.jpeg
allobank-maf;2025050522016076359242_allobank-maf_Applicant.jpeg
rumahjalan-maf;2025050522016076359242_rumahjalan-maf_Applicant.jpeg
bpkbdepan-maf;2025050522016076359242_bpkbdepan-maf_Applicant.jpeg
bpkbbelakang-maf;2025050522016076359242_bpkbbelakang-maf_Applicant.jpeg
stnkpajak-maf;2025050522016076359242_stnkpajak-maf_Applicant.jpeg
unitdepankanan-maf;2025050522016076359242_unitdepankanan-maf_Applicant.jpeg
unitdepankiri-maf;2025050522016076359242_unitdepankiri-maf_Applicant.jpeg
salaryslip-maf;2025050522016076359242_salaryslip-maf_Applicant.jpeg
nomorrumah-maf;2025050522016076359242_nomorrumah-maf_Applicant.jpeg
dalamrumah-maf;2025050522016076359242_dalamrumah-maf_Applicant.jpeg
rangkanomesin-maf;2025050522016076359242_rangkanomesin-maf_Applicant.jpeg
pbbrekening-maf;2025050522023267333521_pbbrekening-maf_Applicant.jpeg
kksuratnikah-maf;2025050522023267333521_kksuratnikah-maf_Applicant.jpeg
halamandepanbukutabungan-maf;2025050522023267333521_halamandepanbukutabungan-maf_Applicant.jpeg
fpkbelakang-maf;2025050522023267333521_fpkbelakang-maf_Applicant.jpeg
fpkdepan-maf;2025050522023267333521_fpkdepan-maf_Applicant.jpeg
tempatusahadepan-maf;2025050522023267333521_tempatusahadepan-maf_Applicant.jpeg
rumahdepan-maf;2025050522023267333521_rumahdepan-maf_Applicant.jpeg
pasanganttdcmo-maf;2025050522023267333521_pasanganttdcmo-maf_Applicant.jpeg
nasabahttdcmo-maf;2025050522023267333521_nasabahttdcmo-maf_Applicant.jpeg
allobank-maf;2025050522023267333521_allobank-maf_Applicant.jpeg
rumahjalan-maf;2025050522023267333521_rumahjalan-maf_Applicant.jpeg
bpkbdepan-maf;2025050522023267333521_bpkbdepan-maf_Applicant.jpeg
bpkbbelakang-maf;2025050522023267333521_bpkbbelakang-maf_Applicant.jpeg
stnkpajak-maf;2025050522023267333521_stnkpajak-maf_Applicant.jpeg
unitdepankanan-maf;2025050522023267333521_unitdepankanan-maf_Applicant.jpeg
unitdepankiri-maf;2025050522023267333521_unitdepankiri-maf_Applicant.jpeg
salaryslip-maf;2025050522023267333521_salaryslip-maf_Applicant.jpeg
nomorrumah-maf;2025050522023267333521_nomorrumah-maf_Applicant.jpeg
dalamrumah-maf;2025050522023267333521_dalamrumah-maf_Applicant.jpeg
rangkanomesin-maf;2025050522023267333521_rangkanomesin-maf_Applicant.jpeg
pbbrekening-maf;2025050522023363421497_pbbrekening-maf_Applicant.jpeg
kksuratnikah-maf;2025050522023363421497_kksuratnikah-maf_Applicant.jpeg
halamandepanbukutabungan-maf;2025050522023363421497_halamandepanbukutabungan-maf_Applicant.jpeg
fpkbelakang-maf;2025050522023363421497_fpkbelakang-maf_Applicant.jpeg
fpkdepan-maf;2025050522023363421497_fpkdepan-maf_Applicant.jpeg
tempatusahadepan-maf;2025050522023363421497_tempatusahadepan-maf_Applicant.jpeg
rumahdepan-maf;2025050522023363421497_rumahdepan-maf_Applicant.jpeg
pasanganttdcmo-maf;2025050522023363421497_pasanganttdcmo-maf_Applicant.jpeg
nasabahttdcmo-maf;2025050522023363421497_nasabahttdcmo-maf_Applicant.jpeg
allobank-maf;2025050522023363421497_allobank-maf_Applicant.jpeg
rumahjalan-maf;2025050522023363421497_rumahjalan-maf_Applicant.jpeg
bpkbdepan-maf;2025050522023363421497_bpkbdepan-maf_Applicant.jpeg
bpkbbelakang-maf;2025050522023363421497_bpkbbelakang-maf_Applicant.jpeg
stnkpajak-maf;2025050522023363421497_stnkpajak-maf_Applicant.jpeg
unitdepankanan-maf;2025050522023363421497_unitdepankanan-maf_Applicant.jpeg
unitdepankiri-maf;2025050522023363421497_unitdepankiri-maf_Applicant.jpeg
salaryslip-maf;2025050522023363421497_salaryslip-maf_Applicant.jpeg
nomorrumah-maf;2025050522023363421497_nomorrumah-maf_Applicant.jpeg
dalamrumah-maf;2025050522023363421497_dalamrumah-maf_Applicant.jpeg
rangkanomesin-maf;2025050522023363421497_rangkanomesin-maf_Applicant.jpeg
pbbrekening-maf;2025050522023363415070_pbbrekening-maf_Applicant.jpeg
kksuratnikah-maf;2025050522023363415070_kksuratnikah-maf_Applicant.jpeg
halamandepanbukutabungan-maf;2025050522023363415070_halamandepanbukutabungan-maf_Applicant.jpeg
fpkbelakang-maf;2025050522023363415070_fpkbelakang-maf_Applicant.jpeg
fpkdepan-maf;2025050522023363415070_fpkdepan-maf_Applicant.jpeg
tempatusahadepan-maf;2025050522023363415070_tempatusahadepan-maf_Applicant.jpeg
rumahdepan-maf;2025050522023363415070_rumahdepan-maf_Applicant.jpeg
pasanganttdcmo-maf;2025050522023363415070_pasanganttdcmo-maf_Applicant.jpeg
nasabahttdcmo-maf;2025050522023363415070_nasabahttdcmo-maf_Applicant.jpeg
allobank-maf;2025050522023363415070_allobank-maf_Applicant.jpeg
rumahjalan-maf;2025050522023363415070_rumahjalan-maf_Applicant.jpeg
bpkbdepan-maf;2025050522023363415070_bpkbdepan-maf_Applicant.jpeg
bpkbbelakang-maf;2025050522023363415070_bpkbbelakang-maf_Applicant.jpeg
stnkpajak-maf;2025050522023363415070_stnkpajak-maf_Applicant.jpeg
unitdepankanan-maf;2025050522023363415070_unitdepankanan-maf_Applicant.jpeg
unitdepankiri-maf;2025050522023363415070_unitdepankiri-maf_Applicant.jpeg
salaryslip-maf;2025050522023363415070_salaryslip-maf_Applicant.jpeg
nomorrumah-maf;2025050522023363415070_nomorrumah-maf_Applicant.jpeg
dalamrumah-maf;2025050522023363415070_dalamrumah-maf_Applicant.jpeg
rangkanomesin-maf;2025050522023363415070_rangkanomesin-maf_Applicant.jpeg
rumahdepan-maf;2025050622016076352483_rumahdepan-maf_Applicant.jpeg
pasanganttdcmo-maf;2025050622016076352483_pasanganttdcmo-maf_Applicant.jpeg
nasabahttdcmo-maf;2025050622016076352483_nasabahttdcmo-maf_Applicant.jpeg
allobank-maf;2025050622016076352483_allobank-maf_Applicant.jpeg
rumahjalan-maf;2025050622016076352483_rumahjalan-maf_Applicant.jpeg
bpkbdepan-maf;2025050622016076352483_bpkbdepan-maf_Applicant.jpeg
bpkbbelakang-maf;2025050622016076352483_bpkbbelakang-maf_Applicant.jpeg
stnkpajak-maf;2025050622016076352483_stnkpajak-maf_Applicant.jpeg
unitdepankanan-maf;2025050622016076352483_unitdepankanan-maf_Applicant.jpeg
unitdepankiri-maf;2025050622016076352483_unitdepankiri-maf_Applicant.jpeg
salaryslip-maf;2025050622016076352483_salaryslip-maf_Applicant.jpeg
nomorrumah-maf;2025050622016076352483_nomorrumah-maf_Applicant.jpeg
dalamrumah-maf;2025050622016076352483_dalamrumah-maf_Applicant.jpeg
buktipenghasilanusaha-maf;2025050622016076352483_buktipenghasilanusaha-maf_Applicant.jpeg
perizinanusaha-maf;2025050622016076352483_perizinanusaha-maf_Applicant.jpeg
buktikepemilikanusaha-maf;2025050622016076352483_buktikepemilikanusaha-maf_Applicant.jpeg
rangkanomesin-maf;2025050622016076352483_rangkanomesin-maf_Applicant.jpeg
pbbrekening-maf;2025050622024338475810_pbbrekening-maf_Applicant.jpeg
kksuratnikah-maf;2025050622024338475810_kksuratnikah-maf_Applicant.jpeg
halamandepanbukutabungan-maf;2025050622024338475810_halamandepanbukutabungan-maf_Applicant.jpeg
fpkbelakang-maf;2025050622024338475810_fpkbelakang-maf_Applicant.jpeg
fpkdepan-maf;2025050622024338475810_fpkdepan-maf_Applicant.jpeg
tempatusahadepan-maf;2025050622024338475810_tempatusahadepan-maf_Applicant.jpeg
rumahdepan-maf;2025050622024338475810_rumahdepan-maf_Applicant.jpeg
pasanganttdcmo-maf;2025050622024338475810_pasanganttdcmo-maf_Applicant.jpeg
nasabahttdcmo-maf;2025050622024338475810_nasabahttdcmo-maf_Applicant.jpeg
allobank-maf;2025050622024338475810_allobank-maf_Applicant.jpeg
rumahjalan-maf;2025050622024338475810_rumahjalan-maf_Applicant.jpeg
bpkbdepan-maf;2025050622024338475810_bpkbdepan-maf_Applicant.jpeg
bpkbbelakang-maf;2025050622024338475810_bpkbbelakang-maf_Applicant.jpeg
stnkpajak-maf;2025050622024338475810_stnkpajak-maf_Applicant.jpeg
unitdepankanan-maf;2025050622024338475810_unitdepankanan-maf_Applicant.jpeg
unitdepankiri-maf;2025050622024338475810_unitdepankiri-maf_Applicant.jpeg
salaryslip-maf;2025050622024338475810_salaryslip-maf_Applicant.jpeg
nomorrumah-maf;2025050622024338475810_nomorrumah-maf_Applicant.jpeg
dalamrumah-maf;2025050622024338475810_dalamrumah-maf_Applicant.jpeg
rangkanomesin-maf;2025050622024338475810_rangkanomesin-maf_Applicant.jpeg
pbbrekening-maf;2025050622016076352483_pbbrekening-maf_Applicant.jpeg
kksuratnikah-maf;2025050622016076352483_kksuratnikah-maf_Applicant.jpeg
halamandepanbukutabungan-maf;2025050622016076352483_halamandepanbukutabungan-maf_Applicant.jpeg
fpkbelakang-maf;2025050622016076352483_fpkbelakang-maf_Applicant.jpeg
fpkdepan-maf;2025050622016076352483_fpkdepan-maf_Applicant.jpeg
tempatusahadepan-maf;2025050622016076352483_tempatusahadepan-maf_Applicant.jpeg
pbbrekening-maf;2025050622021104160008_pbbrekening-maf_Applicant.jpeg
kksuratnikah-maf;2025050622021104160008_kksuratnikah-maf_Applicant.jpeg
halamandepanbukutabungan-maf;2025050622021104160008_halamandepanbukutabungan-maf_Applicant.jpeg
fpkbelakang-maf;2025050622021104160008_fpkbelakang-maf_Applicant.jpeg
fpkdepan-maf;2025050622021104160008_fpkdepan-maf_Applicant.jpeg
tempatusahadepan-maf;2025050622021104160008_tempatusahadepan-maf_Applicant.jpeg
rumahdepan-maf;2025050622021104160008_rumahdepan-maf_Applicant.jpeg
pasanganttdcmo-maf;2025050622021104160008_pasanganttdcmo-maf_Applicant.jpeg
nasabahttdcmo-maf;2025050622021104160008_nasabahttdcmo-maf_Applicant.jpeg
allobank-maf;2025050622021104160008_allobank-maf_Applicant.jpeg
rumahjalan-maf;2025050622021104160008_rumahjalan-maf_Applicant.jpeg
bpkbdepan-maf;2025050622021104160008_bpkbdepan-maf_Applicant.jpeg
bpkbbelakang-maf;2025050622021104160008_bpkbbelakang-maf_Applicant.jpeg
stnkpajak-maf;2025050622021104160008_stnkpajak-maf_Applicant.jpeg
unitdepankanan-maf;2025050622021104160008_unitdepankanan-maf_Applicant.jpeg
unitdepankiri-maf;2025050622021104160008_unitdepankiri-maf_Applicant.jpeg
salaryslip-maf;2025050622021104160008_salaryslip-maf_Applicant.jpeg
nomorrumah-maf;2025050622021104160008_nomorrumah-maf_Applicant.jpeg
dalamrumah-maf;2025050622021104160008_dalamrumah-maf_Applicant.jpeg
rangkanomesin-maf;2025050622021104160008_rangkanomesin-maf_Applicant.jpeg
pbbrekening-maf;2025050722024338473627_pbbrekening-maf_Applicant.jpeg
kksuratnikah-maf;2025050722024338473627_kksuratnikah-maf_Applicant.jpeg
halamandepanbukutabungan-maf;2025050722024338473627_halamandepanbukutabungan-maf_Applicant.jpeg
fpkbelakang-maf;2025050722024338473627_fpkbelakang-maf_Applicant.jpeg
fpkdepan-maf;2025050722024338473627_fpkdepan-maf_Applicant.jpeg
tempatusahadepan-maf;2025050722024338473627_tempatusahadepan-maf_Applicant.jpeg
rumahdepan-maf;2025050722024338473627_rumahdepan-maf_Applicant.jpeg
pasanganttdcmo-maf;2025050722024338473627_pasanganttdcmo-maf_Applicant.jpeg
nasabahttdcmo-maf;2025050722024338473627_nasabahttdcmo-maf_Applicant.jpeg
allobank-maf;2025050722024338473627_allobank-maf_Applicant.jpeg
rumahjalan-maf;2025050722024338473627_rumahjalan-maf_Applicant.jpeg
bpkbdepan-maf;2025050722024338473627_bpkbdepan-maf_Applicant.jpeg
bpkbbelakang-maf;2025050722024338473627_bpkbbelakang-maf_Applicant.jpeg
stnkpajak-maf;2025050722024338473627_stnkpajak-maf_Applicant.jpeg
unitdepankanan-maf;2025050722024338473627_unitdepankanan-maf_Applicant.jpeg
unitdepankiri-maf;2025050722024338473627_unitdepankiri-maf_Applicant.jpeg
salaryslip-maf;2025050722024338473627_salaryslip-maf_Applicant.jpeg
nomorrumah-maf;2025050722024338473627_nomorrumah-maf_Applicant.jpeg
dalamrumah-maf;2025050722024338473627_dalamrumah-maf_Applicant.jpeg
rangkanomesin-maf;2025050722024338473627_rangkanomesin-maf_Applicant.jpeg
pbbrekening-maf;2025050722021056496185_pbbrekening-maf_Applicant.jpeg
kksuratnikah-maf;2025050722021056496185_kksuratnikah-maf_Applicant.jpeg
halamandepanbukutabungan-maf;2025050722021056496185_halamandepanbukutabungan-maf_Applicant.jpeg
fpkbelakang-maf;2025050722021056496185_fpkbelakang-maf_Applicant.jpeg
fpkdepan-maf;2025050722021056496185_fpkdepan-maf_Applicant.jpeg
tempatusahadepan-maf;2025050722021056496185_tempatusahadepan-maf_Applicant.jpeg
rumahdepan-maf;2025050722021056496185_rumahdepan-maf_Applicant.jpeg
pasanganttdcmo-maf;2025050722021056496185_pasanganttdcmo-maf_Applicant.jpeg
nasabahttdcmo-maf;2025050722021056496185_nasabahttdcmo-maf_Applicant.jpeg
allobank-maf;2025050722021056496185_allobank-maf_Applicant.jpeg
rumahjalan-maf;2025050722021056496185_rumahjalan-maf_Applicant.jpeg
bpkbdepan-maf;2025050722021056496185_bpkbdepan-maf_Applicant.jpeg
bpkbbelakang-maf;2025050722021056496185_bpkbbelakang-maf_Applicant.jpeg
stnkpajak-maf;2025050722021056496185_stnkpajak-maf_Applicant.jpeg
unitdepankanan-maf;2025050722021056496185_unitdepankanan-maf_Applicant.jpeg
unitdepankiri-maf;2025050722021056496185_unitdepankiri-maf_Applicant.jpeg
salaryslip-maf;2025050722021056496185_salaryslip-maf_Applicant.jpeg
nomorrumah-maf;2025050722021056496185_nomorrumah-maf_Applicant.jpeg
dalamrumah-maf;2025050722021056496185_dalamrumah-maf_Applicant.jpeg
rangkanomesin-maf;2025050722021056496185_rangkanomesin-maf_Applicant.jpeg
pbbrekening-maf;2025050722024227950490_pbbrekening-maf_Applicant.jpeg
kksuratnikah-maf;2025050722024227950490_kksuratnikah-maf_Applicant.jpeg
pbbrekening-maf;2025050622022677531992_pbbrekening-maf_Applicant.jpeg
kksuratnikah-maf;2025050622022677531992_kksuratnikah-maf_Applicant.jpeg
halamandepanbukutabungan-maf;2025050622022677531992_halamandepanbukutabungan-maf_Applicant.jpeg
fpkbelakang-maf;2025050622022677531992_fpkbelakang-maf_Applicant.jpeg
fpkdepan-maf;2025050622022677531992_fpkdepan-maf_Applicant.jpeg
tempatusahadepan-maf;2025050622022677531992_tempatusahadepan-maf_Applicant.jpeg
rumahdepan-maf;2025050622022677531992_rumahdepan-maf_Applicant.jpeg
pasanganttdcmo-maf;2025050622022677531992_pasanganttdcmo-maf_Applicant.jpeg
nasabahttdcmo-maf;2025050622022677531992_nasabahttdcmo-maf_Applicant.jpeg
allobank-maf;2025050622022677531992_allobank-maf_Applicant.jpeg
rumahjalan-maf;2025050622022677531992_rumahjalan-maf_Applicant.jpeg
bpkbdepan-maf;2025050622022677531992_bpkbdepan-maf_Applicant.jpeg
bpkbbelakang-maf;2025050622022677531992_bpkbbelakang-maf_Applicant.jpeg
stnkpajak-maf;2025050622022677531992_stnkpajak-maf_Applicant.jpeg
unitdepankanan-maf;2025050622022677531992_unitdepankanan-maf_Applicant.jpeg
unitdepankiri-maf;2025050622022677531992_unitdepankiri-maf_Applicant.jpeg
salaryslip-maf;2025050622022677531992_salaryslip-maf_Applicant.jpeg
nomorrumah-maf;2025050622022677531992_nomorrumah-maf_Applicant.jpeg
dalamrumah-maf;2025050622022677531992_dalamrumah-maf_Applicant.jpeg
rangkanomesin-maf;2025050622022677531992_rangkanomesin-maf_Applicant.jpeg
allobank-maf;2025050722022697758902_allobank-maf_Applicant.jpeg
rumahjalan-maf;2025050722022697758902_rumahjalan-maf_Applicant.jpeg
bpkbdepan-maf;2025050722022697758902_bpkbdepan-maf_Applicant.jpeg
bpkbbelakang-maf;2025050722022697758902_bpkbbelakang-maf_Applicant.jpeg
stnkpajak-maf;2025050722022697758902_stnkpajak-maf_Applicant.jpeg
unitdepankanan-maf;2025050722022697758902_unitdepankanan-maf_Applicant.jpeg
unitdepankiri-maf;2025050722022697758902_unitdepankiri-maf_Applicant.jpeg
salaryslip-maf;2025050722022697758902_salaryslip-maf_Applicant.jpeg
nomorrumah-maf;2025050722022697758902_nomorrumah-maf_Applicant.jpeg
dalamrumah-maf;2025050722022697758902_dalamrumah-maf_Applicant.jpeg
rangkanomesin-maf;2025050722022697758902_rangkanomesin-maf_Applicant.jpeg
pbbrekening-maf;2025050622021298159795_pbbrekening-maf_Applicant.jpeg
kksuratnikah-maf;2025050622021298159795_kksuratnikah-maf_Applicant.jpeg
halamandepanbukutabungan-maf;2025050622021298159795_halamandepanbukutabungan-maf_Applicant.jpeg
fpkbelakang-maf;2025050622021298159795_fpkbelakang-maf_Applicant.jpeg
fpkdepan-maf;2025050622021298159795_fpkdepan-maf_Applicant.jpeg
tempatusahadepan-maf;2025050622021298159795_tempatusahadepan-maf_Applicant.jpeg
rumahdepan-maf;2025050622021298159795_rumahdepan-maf_Applicant.jpeg
pasanganttdcmo-maf;2025050622021298159795_pasanganttdcmo-maf_Applicant.jpeg
nasabahttdcmo-maf;2025050622021298159795_nasabahttdcmo-maf_Applicant.jpeg
allobank-maf;2025050622021298159795_allobank-maf_Applicant.jpeg
pbbrekening-maf;2025050722022697758902_pbbrekening-maf_Applicant.jpeg
kksuratnikah-maf;2025050722022697758902_kksuratnikah-maf_Applicant.jpeg
halamandepanbukutabungan-maf;2025050722022697758902_halamandepanbukutabungan-maf_Applicant.jpeg
fpkbelakang-maf;2025050722022697758902_fpkbelakang-maf_Applicant.jpeg
fpkdepan-maf;2025050722022697758902_fpkdepan-maf_Applicant.jpeg
tempatusahadepan-maf;2025050722022697758902_tempatusahadepan-maf_Applicant.jpeg
rumahdepan-maf;2025050722022697758902_rumahdepan-maf_Applicant.jpeg
pasanganttdcmo-maf;2025050722022697758902_pasanganttdcmo-maf_Applicant.jpeg
nasabahttdcmo-maf;2025050722022697758902_nasabahttdcmo-maf_Applicant.jpeg
halamandepanbukutabungan-maf;2025050722024227950490_halamandepanbukutabungan-maf_Applicant.jpeg
fpkbelakang-maf;2025050722024227950490_fpkbelakang-maf_Applicant.jpeg
fpkdepan-maf;2025050722024227950490_fpkdepan-maf_Applicant.jpeg
tempatusahadepan-maf;2025050722024227950490_tempatusahadepan-maf_Applicant.jpeg
rumahdepan-maf;2025050722024227950490_rumahdepan-maf_Applicant.jpeg
pasanganttdcmo-maf;2025050722024227950490_pasanganttdcmo-maf_Applicant.jpeg
nasabahttdcmo-maf;2025050722024227950490_nasabahttdcmo-maf_Applicant.jpeg
allobank-maf;2025050722024227950490_allobank-maf_Applicant.jpeg
rumahjalan-maf;2025050722024227950490_rumahjalan-maf_Applicant.jpeg
bpkbdepan-maf;2025050722024227950490_bpkbdepan-maf_Applicant.jpeg
bpkbbelakang-maf;2025050722024227950490_bpkbbelakang-maf_Applicant.jpeg
stnkpajak-maf;2025050722024227950490_stnkpajak-maf_Applicant.jpeg
unitdepankanan-maf;2025050722024227950490_unitdepankanan-maf_Applicant.jpeg
unitdepankiri-maf;2025050722024227950490_unitdepankiri-maf_Applicant.jpeg
salaryslip-maf;2025050722024227950490_salaryslip-maf_Applicant.jpeg
nomorrumah-maf;2025050722024227950490_nomorrumah-maf_Applicant.jpeg
dalamrumah-maf;2025050722024227950490_dalamrumah-maf_Applicant.jpeg
rangkanomesin-maf;2025050722024227950490_rangkanomesin-maf_Applicant.jpeg
bpkbbelakang-maf;2025050722021298111511_bpkbbelakang-maf_Applicant.jpeg
stnkpajak-maf;2025050722021298111511_stnkpajak-maf_Applicant.jpeg
unitdepankanan-maf;2025050722021298111511_unitdepankanan-maf_Applicant.jpeg
unitdepankiri-maf;2025050722021298111511_unitdepankiri-maf_Applicant.jpeg
salaryslip-maf;2025050722021298111511_salaryslip-maf_Applicant.jpeg
nomorrumah-maf;2025050722021298111511_nomorrumah-maf_Applicant.jpeg
dalamrumah-maf;2025050722021298111511_dalamrumah-maf_Applicant.jpeg
rangkanomesin-maf;2025050722021298111511_rangkanomesin-maf_Applicant.jpeg
rumahjalan-maf;2025050622021298159795_rumahjalan-maf_Applicant.jpeg
bpkbdepan-maf;2025050622021298159795_bpkbdepan-maf_Applicant.jpeg
bpkbbelakang-maf;2025050622021298159795_bpkbbelakang-maf_Applicant.jpeg
stnkpajak-maf;2025050622021298159795_stnkpajak-maf_Applicant.jpeg
unitdepankanan-maf;2025050622021298159795_unitdepankanan-maf_Applicant.jpeg
unitdepankiri-maf;2025050622021298159795_unitdepankiri-maf_Applicant.jpeg
salaryslip-maf;2025050622021298159795_salaryslip-maf_Applicant.jpeg
nomorrumah-maf;2025050622021298159795_nomorrumah-maf_Applicant.jpeg
dalamrumah-maf;2025050622021298159795_dalamrumah-maf_Applicant.jpeg
rangkanomesin-maf;2025050622021298159795_rangkanomesin-maf_Applicant.jpeg
pbbrekening-maf;2025050722021298111511_pbbrekening-maf_Applicant.jpeg
kksuratnikah-maf;2025050722021298111511_kksuratnikah-maf_Applicant.jpeg
halamandepanbukutabungan-maf;2025050722021298111511_halamandepanbukutabungan-maf_Applicant.jpeg
fpkbelakang-maf;2025050722021298111511_fpkbelakang-maf_Applicant.jpeg
fpkdepan-maf;2025050722021298111511_fpkdepan-maf_Applicant.jpeg
tempatusahadepan-maf;2025050722021298111511_tempatusahadepan-maf_Applicant.jpeg
rumahdepan-maf;2025050722021298111511_rumahdepan-maf_Applicant.jpeg
pasanganttdcmo-maf;2025050722021298111511_pasanganttdcmo-maf_Applicant.jpeg
nasabahttdcmo-maf;2025050722021298111511_nasabahttdcmo-maf_Applicant.jpeg
allobank-maf;2025050722021298111511_allobank-maf_Applicant.jpeg
rumahjalan-maf;2025050722021298111511_rumahjalan-maf_Applicant.jpeg
bpkbdepan-maf;2025050722021298111511_bpkbdepan-maf_Applicant.jpeg
pbbrekening-maf;2025050722023267366424_pbbrekening-maf_Applicant.jpeg
kksuratnikah-maf;2025050722023267366424_kksuratnikah-maf_Applicant.jpeg
halamandepanbukutabungan-maf;2025050722023267366424_halamandepanbukutabungan-maf_Applicant.jpeg
fpkbelakang-maf;2025050722023267366424_fpkbelakang-maf_Applicant.jpeg
fpkdepan-maf;2025050722023267366424_fpkdepan-maf_Applicant.jpeg
tempatusahadepan-maf;2025050722023267366424_tempatusahadepan-maf_Applicant.jpeg
rumahdepan-maf;2025050722023267366424_rumahdepan-maf_Applicant.jpeg
pasanganttdcmo-maf;2025050722023267366424_pasanganttdcmo-maf_Applicant.jpeg
nasabahttdcmo-maf;2025050722023267366424_nasabahttdcmo-maf_Applicant.jpeg
allobank-maf;2025050722023267366424_allobank-maf_Applicant.jpeg
rumahjalan-maf;2025050722023267366424_rumahjalan-maf_Applicant.jpeg
bpkbdepan-maf;2025050722023267366424_bpkbdepan-maf_Applicant.jpeg
bpkbbelakang-maf;2025050722023267366424_bpkbbelakang-maf_Applicant.jpeg
stnkpajak-maf;2025050722023267366424_stnkpajak-maf_Applicant.jpeg
unitdepankanan-maf;2025050722023267366424_unitdepankanan-maf_Applicant.jpeg
unitdepankiri-maf;2025050722023267366424_unitdepankiri-maf_Applicant.jpeg
salaryslip-maf;2025050722023267366424_salaryslip-maf_Applicant.jpeg
nomorrumah-maf;2025050722023267366424_nomorrumah-maf_Applicant.jpeg
dalamrumah-maf;2025050722023267366424_dalamrumah-maf_Applicant.jpeg
rangkanomesin-maf;2025050722023267366424_rangkanomesin-maf_Applicant.jpeg
pbbrekening-maf;2025050522021298185481_pbbrekening-maf_Applicant.jpeg
kksuratnikah-maf;2025050522021298185481_kksuratnikah-maf_Applicant.jpeg
halamandepanbukutabungan-maf;2025050522021298185481_halamandepanbukutabungan-maf_Applicant.jpeg
fpkbelakang-maf;2025050522021298185481_fpkbelakang-maf_Applicant.jpeg
fpkdepan-maf;2025050522021298185481_fpkdepan-maf_Applicant.jpeg
tempatusahadepan-maf;2025050522021298185481_tempatusahadepan-maf_Applicant.jpeg
rumahdepan-maf;2025050522021298185481_rumahdepan-maf_Applicant.jpeg
pasanganttdcmo-maf;2025050522021298185481_pasanganttdcmo-maf_Applicant.jpeg
nasabahttdcmo-maf;2025050522021298185481_nasabahttdcmo-maf_Applicant.jpeg
allobank-maf;2025050522021298185481_allobank-maf_Applicant.jpeg
rumahjalan-maf;2025050522021298185481_rumahjalan-maf_Applicant.jpeg
bpkbdepan-maf;2025050522021298185481_bpkbdepan-maf_Applicant.jpeg
bpkbbelakang-maf;2025050522021298185481_bpkbbelakang-maf_Applicant.jpeg
stnkpajak-maf;2025050522021298185481_stnkpajak-maf_Applicant.jpeg
unitdepankanan-maf;2025050522021298185481_unitdepankanan-maf_Applicant.jpeg
unitdepankiri-maf;2025050522021298185481_unitdepankiri-maf_Applicant.jpeg
salaryslip-maf;2025050522021298185481_salaryslip-maf_Applicant.jpeg
nomorrumah-maf;2025050522021298185481_nomorrumah-maf_Applicant.jpeg
dalamrumah-maf;2025050522021298185481_dalamrumah-maf_Applicant.jpeg
rangkanomesin-maf;2025050522021298185481_rangkanomesin-maf_Applicant.jpeg
pbbrekening-maf;2025050722021298121021_pbbrekening-maf_Applicant.jpeg
kksuratnikah-maf;2025050722021298121021_kksuratnikah-maf_Applicant.jpeg
halamandepanbukutabungan-maf;2025050722021298121021_halamandepanbukutabungan-maf_Applicant.jpeg
fpkbelakang-maf;2025050722021298121021_fpkbelakang-maf_Applicant.jpeg
fpkdepan-maf;2025050722021298121021_fpkdepan-maf_Applicant.jpeg
tempatusahadepan-maf;2025050722021298121021_tempatusahadepan-maf_Applicant.jpeg
rumahdepan-maf;2025050722021298121021_rumahdepan-maf_Applicant.jpeg
pasanganttdcmo-maf;2025050722021298121021_pasanganttdcmo-maf_Applicant.jpeg
nasabahttdcmo-maf;2025050722021298121021_nasabahttdcmo-maf_Applicant.jpeg
allobank-maf;2025050722021298121021_allobank-maf_Applicant.jpeg
rumahjalan-maf;2025050722021298121021_rumahjalan-maf_Applicant.jpeg
bpkbdepan-maf;2025050722021298121021_bpkbdepan-maf_Applicant.jpeg
bpkbbelakang-maf;2025050722021298121021_bpkbbelakang-maf_Applicant.jpeg
stnkpajak-maf;2025050722021298121021_stnkpajak-maf_Applicant.jpeg
unitdepankanan-maf;2025050722021298121021_unitdepankanan-maf_Applicant.jpeg
unitdepankiri-maf;2025050722021298121021_unitdepankiri-maf_Applicant.jpeg
salaryslip-maf;2025050722021298121021_salaryslip-maf_Applicant.jpeg
nomorrumah-maf;2025050722021298121021_nomorrumah-maf_Applicant.jpeg
dalamrumah-maf;2025050722021298121021_dalamrumah-maf_Applicant.jpeg
rangkanomesin-maf;2025050722021298121021_rangkanomesin-maf_Applicant.jpeg
kksuratnikah-maf;2025050822016076320875_kksuratnikah-maf_Applicant.jpeg
halamandepanbukutabungan-maf;2025050822016076320875_halamandepanbukutabungan-maf_Applicant.jpeg
fpkbelakang-maf;2025050822016076320875_fpkbelakang-maf_Applicant.jpeg
fpkdepan-maf;2025050822016076320875_fpkdepan-maf_Applicant.jpeg
tempatusahadepan-maf;2025050822016076320875_tempatusahadepan-maf_Applicant.jpeg
rumahdepan-maf;2025050822016076320875_rumahdepan-maf_Applicant.jpeg
pasanganttdcmo-maf;2025050822016076320875_pasanganttdcmo-maf_Applicant.jpeg
nasabahttdcmo-maf;2025050822016076320875_nasabahttdcmo-maf_Applicant.jpeg
allobank-maf;2025050822016076320875_allobank-maf_Applicant.jpeg
rumahjalan-maf;2025050822016076320875_rumahjalan-maf_Applicant.jpeg
bpkbdepan-maf;2025050822016076320875_bpkbdepan-maf_Applicant.jpeg
bpkbbelakang-maf;2025050822016076320875_bpkbbelakang-maf_Applicant.jpeg
stnkpajak-maf;2025050822016076320875_stnkpajak-maf_Applicant.jpeg
unitdepankanan-maf;2025050822016076320875_unitdepankanan-maf_Applicant.jpeg
unitdepankiri-maf;2025050822016076320875_unitdepankiri-maf_Applicant.jpeg
salaryslip-maf;2025050822016076320875_salaryslip-maf_Applicant.jpeg
nomorrumah-maf;2025050822016076320875_nomorrumah-maf_Applicant.jpeg
dalamrumah-maf;2025050822016076320875_dalamrumah-maf_Applicant.jpeg
rangkanomesin-maf;2025050822016076320875_rangkanomesin-maf_Applicant.jpeg
pbbrekening-maf;2025050722021056423397_pbbrekening-maf_Applicant.jpeg
kksuratnikah-maf;2025050722021056423397_kksuratnikah-maf_Applicant.jpeg
halamandepanbukutabungan-maf;2025050722021056423397_halamandepanbukutabungan-maf_Applicant.jpeg
fpkbelakang-maf;2025050722021056423397_fpkbelakang-maf_Applicant.jpeg
fpkdepan-maf;2025050722021056423397_fpkdepan-maf_Applicant.jpeg
tempatusahadepan-maf;2025050722021056423397_tempatusahadepan-maf_Applicant.jpeg
rumahdepan-maf;2025050722021056423397_rumahdepan-maf_Applicant.jpeg
pasanganttdcmo-maf;2025050722021056423397_pasanganttdcmo-maf_Applicant.jpeg
nasabahttdcmo-maf;2025050722021056423397_nasabahttdcmo-maf_Applicant.jpeg
allobank-maf;2025050722021056423397_allobank-maf_Applicant.jpeg
rumahjalan-maf;2025050722021056423397_rumahjalan-maf_Applicant.jpeg
bpkbdepan-maf;2025050722021056423397_bpkbdepan-maf_Applicant.jpeg
bpkbbelakang-maf;2025050722021056423397_bpkbbelakang-maf_Applicant.jpeg
stnkpajak-maf;2025050722021056423397_stnkpajak-maf_Applicant.jpeg
unitdepankanan-maf;2025050722021056423397_unitdepankanan-maf_Applicant.jpeg
unitdepankiri-maf;2025050722021056423397_unitdepankiri-maf_Applicant.jpeg
salaryslip-maf;2025050722021056423397_salaryslip-maf_Applicant.jpeg
nomorrumah-maf;2025050722021056423397_nomorrumah-maf_Applicant.jpeg
dalamrumah-maf;2025050722021056423397_dalamrumah-maf_Applicant.jpeg
rangkanomesin-maf;2025050722021056423397_rangkanomesin-maf_Applicant.jpeg
pbbrekening-maf;2025050822021104182579_pbbrekening-maf_Applicant.jpeg
pbbrekening-maf;2025050822022697729441_pbbrekening-maf_Applicant.jpeg
kksuratnikah-maf;2025050822022697729441_kksuratnikah-maf_Applicant.jpeg
halamandepanbukutabungan-maf;2025050822022697729441_halamandepanbukutabungan-maf_Applicant.png
fpkbelakang-maf;2025050822022697729441_fpkbelakang-maf_Applicant.jpeg
fpkdepan-maf;2025050822022697729441_fpkdepan-maf_Applicant.jpeg
tempatusahadepan-maf;2025050822022697729441_tempatusahadepan-maf_Applicant.jpeg
rumahdepan-maf;2025050822022697729441_rumahdepan-maf_Applicant.jpeg
pasanganttdcmo-maf;2025050822022697729441_pasanganttdcmo-maf_Applicant.jpeg
nasabahttdcmo-maf;2025050822022697729441_nasabahttdcmo-maf_Applicant.jpeg
allobank-maf;2025050822022697729441_allobank-maf_Applicant.png
rumahjalan-maf;2025050822022697729441_rumahjalan-maf_Applicant.jpeg
bpkbdepan-maf;2025050822022697729441_bpkbdepan-maf_Applicant.jpeg
bpkbbelakang-maf;2025050822022697729441_bpkbbelakang-maf_Applicant.jpeg
stnkpajak-maf;2025050822022697729441_stnkpajak-maf_Applicant.jpeg
unitdepankanan-maf;2025050822022697729441_unitdepankanan-maf_Applicant.jpeg
unitdepankiri-maf;2025050822022697729441_unitdepankiri-maf_Applicant.jpeg
salaryslip-maf;2025050822022697729441_salaryslip-maf_Applicant.jpeg
nomorrumah-maf;2025050822022697729441_nomorrumah-maf_Applicant.jpeg
dalamrumah-maf;2025050822022697729441_dalamrumah-maf_Applicant.jpeg
rangkanomesin-maf;2025050822022697729441_rangkanomesin-maf_Applicant.jpeg
pbbrekening-maf;2025050822016076320875_pbbrekening-maf_Applicant.jpeg
kksuratnikah-maf;2025050822021104182579_kksuratnikah-maf_Applicant.jpeg
halamandepanbukutabungan-maf;2025050822021104182579_halamandepanbukutabungan-maf_Applicant.jpeg
fpkbelakang-maf;2025050822021104182579_fpkbelakang-maf_Applicant.jpeg
fpkdepan-maf;2025050822021104182579_fpkdepan-maf_Applicant.jpeg
tempatusahadepan-maf;2025050822021104182579_tempatusahadepan-maf_Applicant.jpeg
rumahdepan-maf;2025050822021104182579_rumahdepan-maf_Applicant.jpeg
pasanganttdcmo-maf;2025050822021104182579_pasanganttdcmo-maf_Applicant.jpeg
nasabahttdcmo-maf;2025050822021104182579_nasabahttdcmo-maf_Applicant.jpeg
allobank-maf;2025050822021104182579_allobank-maf_Applicant.jpeg
rumahjalan-maf;2025050822021104182579_rumahjalan-maf_Applicant.jpeg
bpkbdepan-maf;2025050822021104182579_bpkbdepan-maf_Applicant.jpeg
bpkbbelakang-maf;2025050822021104182579_bpkbbelakang-maf_Applicant.jpeg
stnkpajak-maf;2025050822021104182579_stnkpajak-maf_Applicant.jpeg
unitdepankanan-maf;2025050822021104182579_unitdepankanan-maf_Applicant.jpeg
unitdepankiri-maf;2025050822021104182579_unitdepankiri-maf_Applicant.jpeg
salaryslip-maf;2025050822021104182579_salaryslip-maf_Applicant.jpeg
nomorrumah-maf;2025050822021104182579_nomorrumah-maf_Applicant.jpeg
dalamrumah-maf;2025050822021104182579_dalamrumah-maf_Applicant.jpeg
rangkanomesin-maf;2025050822021104182579_rangkanomesin-maf_Applicant.jpeg
pbbrekening-maf;2025050722023363499303_pbbrekening-maf_Applicant.jpeg
kksuratnikah-maf;2025050722023363499303_kksuratnikah-maf_Applicant.jpeg
halamandepanbukutabungan-maf;2025050722023363499303_halamandepanbukutabungan-maf_Applicant.jpeg
fpkbelakang-maf;2025050722023363499303_fpkbelakang-maf_Applicant.jpeg
fpkdepan-maf;2025050722023363499303_fpkdepan-maf_Applicant.jpeg
tempatusahadepan-maf;2025050722023363499303_tempatusahadepan-maf_Applicant.jpeg
rumahdepan-maf;2025050722023363499303_rumahdepan-maf_Applicant.jpeg
pasanganttdcmo-maf;2025050722023363499303_pasanganttdcmo-maf_Applicant.jpeg
nasabahttdcmo-maf;2025050722023363499303_nasabahttdcmo-maf_Applicant.jpeg
allobank-maf;2025050722023363499303_allobank-maf_Applicant.jpeg
rumahjalan-maf;2025050722023363499303_rumahjalan-maf_Applicant.jpeg
bpkbdepan-maf;2025050722023363499303_bpkbdepan-maf_Applicant.jpeg
bpkbbelakang-maf;2025050722023363499303_bpkbbelakang-maf_Applicant.jpeg
stnkpajak-maf;2025050722023363499303_stnkpajak-maf_Applicant.jpeg
unitdepankanan-maf;2025050722023363499303_unitdepankanan-maf_Applicant.jpeg
unitdepankiri-maf;2025050722023363499303_unitdepankiri-maf_Applicant.jpeg
salaryslip-maf;2025050722023363499303_salaryslip-maf_Applicant.jpeg
nomorrumah-maf;2025050722023363499303_nomorrumah-maf_Applicant.jpeg
dalamrumah-maf;2025050722023363499303_dalamrumah-maf_Applicant.jpeg
rangkanomesin-maf;2025050722023363499303_rangkanomesin-maf_Applicant.jpeg
pbbrekening-maf;2025050722021056479230_pbbrekening-maf_Applicant.jpeg
kksuratnikah-maf;2025050722021056479230_kksuratnikah-maf_Applicant.jpeg
halamandepanbukutabungan-maf;2025050722021056479230_halamandepanbukutabungan-maf_Applicant.jpeg
fpkbelakang-maf;2025050722021056479230_fpkbelakang-maf_Applicant.jpeg
fpkdepan-maf;2025050722021056479230_fpkdepan-maf_Applicant.jpeg
tempatusahadepan-maf;2025050722021056479230_tempatusahadepan-maf_Applicant.jpeg
rumahdepan-maf;2025050722021056479230_rumahdepan-maf_Applicant.jpeg
pasanganttdcmo-maf;2025050722021056479230_pasanganttdcmo-maf_Applicant.jpeg
nasabahttdcmo-maf;2025050722021056479230_nasabahttdcmo-maf_Applicant.jpeg
allobank-maf;2025050722021056479230_allobank-maf_Applicant.jpeg
rumahjalan-maf;2025050722021056479230_rumahjalan-maf_Applicant.jpeg
bpkbdepan-maf;2025050722021056479230_bpkbdepan-maf_Applicant.jpeg
bpkbbelakang-maf;2025050722021056479230_bpkbbelakang-maf_Applicant.jpeg
stnkpajak-maf;2025050722021056479230_stnkpajak-maf_Applicant.jpeg
unitdepankanan-maf;2025050722021056479230_unitdepankanan-maf_Applicant.jpeg
unitdepankiri-maf;2025050722021056479230_unitdepankiri-maf_Applicant.jpeg
salaryslip-maf;2025050722021056479230_salaryslip-maf_Applicant.jpeg
nomorrumah-maf;2025050722021056479230_nomorrumah-maf_Applicant.jpeg
dalamrumah-maf;2025050722021056479230_dalamrumah-maf_Applicant.jpeg
rangkanomesin-maf;2025050722021056479230_rangkanomesin-maf_Applicant.jpeg
pbbrekening-maf;2025050822024252681107_pbbrekening-maf_Applicant.jpeg
kksuratnikah-maf;2025050822024252681107_kksuratnikah-maf_Applicant.jpeg
halamandepanbukutabungan-maf;2025050822024252681107_halamandepanbukutabungan-maf_Applicant.jpeg
fpkbelakang-maf;2025050822024252681107_fpkbelakang-maf_Applicant.jpeg
fpkdepan-maf;2025050822024252681107_fpkdepan-maf_Applicant.jpeg
tempatusahadepan-maf;2025050822024252681107_tempatusahadepan-maf_Applicant.jpeg
rumahdepan-maf;2025050822024252681107_rumahdepan-maf_Applicant.jpeg
pasanganttdcmo-maf;2025050822024252681107_pasanganttdcmo-maf_Applicant.jpeg
nasabahttdcmo-maf;2025050822024252681107_nasabahttdcmo-maf_Applicant.jpeg
allobank-maf;2025050822024252681107_allobank-maf_Applicant.jpeg
rumahjalan-maf;2025050822024252681107_rumahjalan-maf_Applicant.jpeg
bpkbdepan-maf;2025050822024252681107_bpkbdepan-maf_Applicant.jpeg
bpkbbelakang-maf;2025050822024252681107_bpkbbelakang-maf_Applicant.jpeg
stnkpajak-maf;2025050822024252681107_stnkpajak-maf_Applicant.jpeg
unitdepankanan-maf;2025050822024252681107_unitdepankanan-maf_Applicant.jpeg
unitdepankiri-maf;2025050822024252681107_unitdepankiri-maf_Applicant.jpeg
salaryslip-maf;2025050822024252681107_salaryslip-maf_Applicant.jpeg
nomorrumah-maf;2025050822024252681107_nomorrumah-maf_Applicant.jpeg
dalamrumah-maf;2025050822024252681107_dalamrumah-maf_Applicant.jpeg
buktipenghasilanusaha-maf;2025050822024252681107_buktipenghasilanusaha-maf_Applicant.jpeg
perizinanusaha-maf;2025050822024252681107_perizinanusaha-maf_Applicant.jpeg
buktikepemilikanusaha-maf;2025050822024252681107_buktikepemilikanusaha-maf_Applicant.jpeg
rangkanomesin-maf;2025050822024252681107_rangkanomesin-maf_Applicant.jpeg
pbbrekening-maf;2025050822020696830972_pbbrekening-maf_Applicant.jpeg
kksuratnikah-maf;2025050822020696830972_kksuratnikah-maf_Applicant.jpeg
halamandepanbukutabungan-maf;2025050822020696830972_halamandepanbukutabungan-maf_Applicant.jpeg
fpkbelakang-maf;2025050822020696830972_fpkbelakang-maf_Applicant.jpeg
fpkdepan-maf;2025050822020696830972_fpkdepan-maf_Applicant.jpeg
tempatusahadepan-maf;2025050822020696830972_tempatusahadepan-maf_Applicant.jpeg
rumahdepan-maf;2025050822020696830972_rumahdepan-maf_Applicant.jpeg
pasanganttdcmo-maf;2025050822020696830972_pasanganttdcmo-maf_Applicant.jpeg
nasabahttdcmo-maf;2025050822020696830972_nasabahttdcmo-maf_Applicant.jpeg
allobank-maf;2025050822020696830972_allobank-maf_Applicant.jpeg
rumahjalan-maf;2025050822020696830972_rumahjalan-maf_Applicant.jpeg
bpkbdepan-maf;2025050822020696830972_bpkbdepan-maf_Applicant.jpeg
bpkbbelakang-maf;2025050822020696830972_bpkbbelakang-maf_Applicant.jpeg
stnkpajak-maf;2025050822020696830972_stnkpajak-maf_Applicant.jpeg
unitdepankanan-maf;2025050822020696830972_unitdepankanan-maf_Applicant.jpeg
unitdepankiri-maf;2025050822020696830972_unitdepankiri-maf_Applicant.jpeg
salaryslip-maf;2025050822020696830972_salaryslip-maf_Applicant.jpeg
nomorrumah-maf;2025050822020696830972_nomorrumah-maf_Applicant.jpeg
dalamrumah-maf;2025050822020696830972_dalamrumah-maf_Applicant.jpeg
rangkanomesin-maf;2025050822020696830972_rangkanomesin-maf_Applicant.jpeg
pbbrekening-maf;2025050822022697769540_pbbrekening-maf_Applicant.jpeg
kksuratnikah-maf;2025050822022697769540_kksuratnikah-maf_Applicant.jpeg
halamandepanbukutabungan-maf;2025050822022697769540_halamandepanbukutabungan-maf_Applicant.png
fpkbelakang-maf;2025050822022697769540_fpkbelakang-maf_Applicant.jpeg
fpkdepan-maf;2025050822022697769540_fpkdepan-maf_Applicant.jpeg
tempatusahadepan-maf;2025050822022697769540_tempatusahadepan-maf_Applicant.jpeg
rumahdepan-maf;2025050822022697769540_rumahdepan-maf_Applicant.jpeg
pasanganttdcmo-maf;2025050822022697769540_pasanganttdcmo-maf_Applicant.jpeg
nasabahttdcmo-maf;2025050822022697769540_nasabahttdcmo-maf_Applicant.jpeg
allobank-maf;2025050822022697769540_allobank-maf_Applicant.png
rumahjalan-maf;2025050822022697769540_rumahjalan-maf_Applicant.jpeg
bpkbdepan-maf;2025050822022697769540_bpkbdepan-maf_Applicant.jpeg
bpkbbelakang-maf;2025050822022697769540_bpkbbelakang-maf_Applicant.jpeg
stnkpajak-maf;2025050822022697769540_stnkpajak-maf_Applicant.jpeg
unitdepankanan-maf;2025050822022697769540_unitdepankanan-maf_Applicant.jpeg
unitdepankiri-maf;2025050822022697769540_unitdepankiri-maf_Applicant.jpeg
salaryslip-maf;2025050822022697769540_salaryslip-maf_Applicant.jpeg
nomorrumah-maf;2025050822022697769540_nomorrumah-maf_Applicant.jpeg
dalamrumah-maf;2025050822022697769540_dalamrumah-maf_Applicant.jpeg
buktipenghasilanusaha-maf;2025050822022697769540_buktipenghasilanusaha-maf_Applicant.jpeg
perizinanusaha-maf;2025050822022697769540_perizinanusaha-maf_Applicant.jpeg
buktikepemilikanusaha-maf;2025050822022697769540_buktikepemilikanusaha-maf_Applicant.jpeg
rangkanomesin-maf;2025050822022697769540_rangkanomesin-maf_Applicant.jpeg
pbbrekening-maf;2025050822022482736217_pbbrekening-maf_Applicant.jpeg
kksuratnikah-maf;2025050822022482736217_kksuratnikah-maf_Applicant.jpeg
halamandepanbukutabungan-maf;2025050822022482736217_halamandepanbukutabungan-maf_Applicant.jpeg
fpkbelakang-maf;2025050822022482736217_fpkbelakang-maf_Applicant.jpeg
fpkdepan-maf;2025050822022482736217_fpkdepan-maf_Applicant.jpeg
tempatusahadepan-maf;2025050822022482736217_tempatusahadepan-maf_Applicant.jpeg
rumahdepan-maf;2025050822022482736217_rumahdepan-maf_Applicant.jpeg
pasanganttdcmo-maf;2025050822022482736217_pasanganttdcmo-maf_Applicant.jpeg
nasabahttdcmo-maf;2025050822022482736217_nasabahttdcmo-maf_Applicant.jpeg
allobank-maf;2025050822022482736217_allobank-maf_Applicant.jpeg
rumahjalan-maf;2025050822022482736217_rumahjalan-maf_Applicant.jpeg
bpkbdepan-maf;2025050822022482736217_bpkbdepan-maf_Applicant.jpeg
bpkbbelakang-maf;2025050822022482736217_bpkbbelakang-maf_Applicant.jpeg
stnkpajak-maf;2025050822022482736217_stnkpajak-maf_Applicant.jpeg
unitdepankanan-maf;2025050822022482736217_unitdepankanan-maf_Applicant.jpeg
unitdepankiri-maf;2025050822022482736217_unitdepankiri-maf_Applicant.jpeg
salaryslip-maf;2025050822022482736217_salaryslip-maf_Applicant.jpeg
nomorrumah-maf;2025050822022482736217_nomorrumah-maf_Applicant.jpeg
dalamrumah-maf;2025050822022482736217_dalamrumah-maf_Applicant.jpeg
rangkanomesin-maf;2025050822022482736217_rangkanomesin-maf_Applicant.jpeg
fpkbelakang-maf;2025050822021056420266_fpkbelakang-maf_Applicant.jpeg
fpkdepan-maf;2025050822021056420266_fpkdepan-maf_Applicant.jpeg
tempatusahadepan-maf;2025050822021056420266_tempatusahadepan-maf_Applicant.jpeg
rumahdepan-maf;2025050822021056420266_rumahdepan-maf_Applicant.jpeg
pasanganttdcmo-maf;2025050822021056420266_pasanganttdcmo-maf_Applicant.jpeg
nasabahttdcmo-maf;2025050822021056420266_nasabahttdcmo-maf_Applicant.jpeg
allobank-maf;2025050822021056420266_allobank-maf_Applicant.jpeg
rumahjalan-maf;2025050822021056420266_rumahjalan-maf_Applicant.jpeg
bpkbdepan-maf;2025050822021056420266_bpkbdepan-maf_Applicant.jpeg
bpkbbelakang-maf;2025050822021056420266_bpkbbelakang-maf_Applicant.jpeg
stnkpajak-maf;2025050822021056420266_stnkpajak-maf_Applicant.jpeg
unitdepankanan-maf;2025050822021056420266_unitdepankanan-maf_Applicant.jpeg
unitdepankiri-maf;2025050822021056420266_unitdepankiri-maf_Applicant.jpeg
salaryslip-maf;2025050822021056420266_salaryslip-maf_Applicant.jpeg
nomorrumah-maf;2025050822021056420266_nomorrumah-maf_Applicant.jpeg
dalamrumah-maf;2025050822021056420266_dalamrumah-maf_Applicant.jpeg
rangkanomesin-maf;2025050822021056420266_rangkanomesin-maf_Applicant.jpeg
pbbrekening-maf;2025050822022482757466_pbbrekening-maf_Applicant.jpeg
kksuratnikah-maf;2025050822022482757466_kksuratnikah-maf_Applicant.jpeg
halamandepanbukutabungan-maf;2025050822022482757466_halamandepanbukutabungan-maf_Applicant.jpeg
fpkbelakang-maf;2025050822022482757466_fpkbelakang-maf_Applicant.jpeg
fpkdepan-maf;2025050822022482757466_fpkdepan-maf_Applicant.jpeg
tempatusahadepan-maf;2025050822022482757466_tempatusahadepan-maf_Applicant.jpeg
rumahdepan-maf;2025050822022482757466_rumahdepan-maf_Applicant.jpeg
pasanganttdcmo-maf;2025050822022482757466_pasanganttdcmo-maf_Applicant.jpeg
nasabahttdcmo-maf;2025050822022482757466_nasabahttdcmo-maf_Applicant.jpeg
allobank-maf;2025050822022482757466_allobank-maf_Applicant.jpeg
rumahjalan-maf;2025050822022482757466_rumahjalan-maf_Applicant.jpeg
bpkbdepan-maf;2025050822022482757466_bpkbdepan-maf_Applicant.jpeg
bpkbbelakang-maf;2025050822022482757466_bpkbbelakang-maf_Applicant.jpeg
stnkpajak-maf;2025050822022482757466_stnkpajak-maf_Applicant.jpeg
unitdepankanan-maf;2025050822022482757466_unitdepankanan-maf_Applicant.jpeg
unitdepankiri-maf;2025050822022482757466_unitdepankiri-maf_Applicant.jpeg
salaryslip-maf;2025050822022482757466_salaryslip-maf_Applicant.jpeg
nomorrumah-maf;2025050822022482757466_nomorrumah-maf_Applicant.jpeg
dalamrumah-maf;2025050822022482757466_dalamrumah-maf_Applicant.jpeg
buktipenghasilanusaha-maf;2025050822022482757466_buktipenghasilanusaha-maf_Applicant.jpeg
perizinanusaha-maf;2025050822022482757466_perizinanusaha-maf_Applicant.jpeg
buktikepemilikanusaha-maf;2025050822022482757466_buktikepemilikanusaha-maf_Applicant.jpeg
rangkanomesin-maf;2025050822022482757466_rangkanomesin-maf_Applicant.jpeg
pbbrekening-maf;2025050822022482779841_pbbrekening-maf_Applicant.jpeg
kksuratnikah-maf;2025050822022482779841_kksuratnikah-maf_Applicant.jpeg
halamandepanbukutabungan-maf;2025050822022482779841_halamandepanbukutabungan-maf_Applicant.jpeg
fpkbelakang-maf;2025050822022482779841_fpkbelakang-maf_Applicant.jpeg
fpkdepan-maf;2025050822022482779841_fpkdepan-maf_Applicant.jpeg
tempatusahadepan-maf;2025050822022482779841_tempatusahadepan-maf_Applicant.jpeg
rumahdepan-maf;2025050822022482779841_rumahdepan-maf_Applicant.jpeg
pasanganttdcmo-maf;2025050822022482779841_pasanganttdcmo-maf_Applicant.jpeg
nasabahttdcmo-maf;2025050822022482779841_nasabahttdcmo-maf_Applicant.jpeg
allobank-maf;2025050822022482779841_allobank-maf_Applicant.jpeg
rumahjalan-maf;2025050822022482779841_rumahjalan-maf_Applicant.jpeg
bpkbdepan-maf;2025050822022482779841_bpkbdepan-maf_Applicant.jpeg
bpkbbelakang-maf;2025050822022482779841_bpkbbelakang-maf_Applicant.jpeg
stnkpajak-maf;2025050822022482779841_stnkpajak-maf_Applicant.jpeg
unitdepankanan-maf;2025050822022482779841_unitdepankanan-maf_Applicant.jpeg
unitdepankiri-maf;2025050822022482779841_unitdepankiri-maf_Applicant.jpeg
salaryslip-maf;2025050822022482779841_salaryslip-maf_Applicant.jpeg
nomorrumah-maf;2025050822022482779841_nomorrumah-maf_Applicant.jpeg
dalamrumah-maf;2025050822022482779841_dalamrumah-maf_Applicant.jpeg
rangkanomesin-maf;2025050822022482779841_rangkanomesin-maf_Applicant.jpeg
pbbrekening-maf;2025050822024338467537_pbbrekening-maf_Applicant.jpeg
kksuratnikah-maf;2025050822024338467537_kksuratnikah-maf_Applicant.jpeg
halamandepanbukutabungan-maf;2025050822024338467537_halamandepanbukutabungan-maf_Applicant.jpeg
fpkbelakang-maf;2025050822024338467537_fpkbelakang-maf_Applicant.jpeg
fpkdepan-maf;2025050822024338467537_fpkdepan-maf_Applicant.jpeg
tempatusahadepan-maf;2025050822024338467537_tempatusahadepan-maf_Applicant.jpeg
rumahdepan-maf;2025050822024338467537_rumahdepan-maf_Applicant.jpeg
pasanganttdcmo-maf;2025050822024338467537_pasanganttdcmo-maf_Applicant.jpeg
nasabahttdcmo-maf;2025050822024338467537_nasabahttdcmo-maf_Applicant.jpeg
allobank-maf;2025050822024338467537_allobank-maf_Applicant.jpeg
rumahjalan-maf;2025050822024338467537_rumahjalan-maf_Applicant.jpeg
bpkbdepan-maf;2025050822024338467537_bpkbdepan-maf_Applicant.jpeg
bpkbbelakang-maf;2025050822024338467537_bpkbbelakang-maf_Applicant.jpeg
stnkpajak-maf;2025050822024338467537_stnkpajak-maf_Applicant.jpeg
unitdepankanan-maf;2025050822024338467537_unitdepankanan-maf_Applicant.jpeg
unitdepankiri-maf;2025050822024338467537_unitdepankiri-maf_Applicant.jpeg
salaryslip-maf;2025050822024338467537_salaryslip-maf_Applicant.jpeg
nomorrumah-maf;2025050822024338467537_nomorrumah-maf_Applicant.jpeg
dalamrumah-maf;2025050822024338467537_dalamrumah-maf_Applicant.jpeg
rangkanomesin-maf;2025050822024338467537_rangkanomesin-maf_Applicant.jpeg
pbbrekening-maf;2025050822024016052101_pbbrekening-maf_Applicant.jpeg
kksuratnikah-maf;2025050822024016052101_kksuratnikah-maf_Applicant.jpeg
halamandepanbukutabungan-maf;2025050822024016052101_halamandepanbukutabungan-maf_Applicant.jpeg
fpkbelakang-maf;2025050822024016052101_fpkbelakang-maf_Applicant.jpeg
fpkdepan-maf;2025050822024016052101_fpkdepan-maf_Applicant.jpeg
pbbrekening-maf;2025050822021056420266_pbbrekening-maf_Applicant.jpeg
kksuratnikah-maf;2025050822021056420266_kksuratnikah-maf_Applicant.jpeg
halamandepanbukutabungan-maf;2025050822021056420266_halamandepanbukutabungan-maf_Applicant.jpeg
tempatusahadepan-maf;2025050822024016052101_tempatusahadepan-maf_Applicant.jpeg
rumahdepan-maf;2025050822024016052101_rumahdepan-maf_Applicant.jpeg
pasanganttdcmo-maf;2025050822024016052101_pasanganttdcmo-maf_Applicant.jpeg
nasabahttdcmo-maf;2025050822024016052101_nasabahttdcmo-maf_Applicant.jpeg
allobank-maf;2025050822024016052101_allobank-maf_Applicant.jpeg
rumahjalan-maf;2025050822024016052101_rumahjalan-maf_Applicant.jpeg
bpkbdepan-maf;2025050822024016052101_bpkbdepan-maf_Applicant.jpeg
bpkbbelakang-maf;2025050822024016052101_bpkbbelakang-maf_Applicant.jpeg
stnkpajak-maf;2025050822024016052101_stnkpajak-maf_Applicant.jpeg
unitdepankanan-maf;2025050822024016052101_unitdepankanan-maf_Applicant.jpeg
unitdepankiri-maf;2025050822024016052101_unitdepankiri-maf_Applicant.jpeg
salaryslip-maf;2025050822024016052101_salaryslip-maf_Applicant.jpeg
nomorrumah-maf;2025050822024016052101_nomorrumah-maf_Applicant.jpeg
dalamrumah-maf;2025050822024016052101_dalamrumah-maf_Applicant.jpeg
rangkanomesin-maf;2025050822024016052101_rangkanomesin-maf_Applicant.jpeg
rumahdepan-maf;2025050922016076335617_rumahdepan-maf_Applicant.jpeg
pasanganttdcmo-maf;2025050922016076335617_pasanganttdcmo-maf_Applicant.jpeg
nasabahttdcmo-maf;2025050922016076335617_nasabahttdcmo-maf_Applicant.jpeg
allobank-maf;2025050922016076335617_allobank-maf_Applicant.jpeg
rumahjalan-maf;2025050922016076335617_rumahjalan-maf_Applicant.jpeg
bpkbdepan-maf;2025050922016076335617_bpkbdepan-maf_Applicant.jpeg
bpkbbelakang-maf;2025050922016076335617_bpkbbelakang-maf_Applicant.jpeg
stnkpajak-maf;2025050922016076335617_stnkpajak-maf_Applicant.jpeg
unitdepankanan-maf;2025050922016076335617_unitdepankanan-maf_Applicant.jpeg
unitdepankiri-maf;2025050922016076335617_unitdepankiri-maf_Applicant.jpeg
salaryslip-maf;2025050922016076335617_salaryslip-maf_Applicant.jpeg
nomorrumah-maf;2025050922016076335617_nomorrumah-maf_Applicant.jpeg
dalamrumah-maf;2025050922016076335617_dalamrumah-maf_Applicant.jpeg
rangkanomesin-maf;2025050922016076335617_rangkanomesin-maf_Applicant.jpeg
pbbrekening-maf;2025050922024252621296_pbbrekening-maf_Applicant.jpeg
kksuratnikah-maf;2025050922024252621296_kksuratnikah-maf_Applicant.jpeg
halamandepanbukutabungan-maf;2025050922024252621296_halamandepanbukutabungan-maf_Applicant.jpeg
fpkbelakang-maf;2025050922024252621296_fpkbelakang-maf_Applicant.jpeg
fpkdepan-maf;2025050922024252621296_fpkdepan-maf_Applicant.jpeg
tempatusahadepan-maf;2025050922024252621296_tempatusahadepan-maf_Applicant.jpeg
rumahdepan-maf;2025050922024252621296_rumahdepan-maf_Applicant.jpeg
pasanganttdcmo-maf;2025050922024252621296_pasanganttdcmo-maf_Applicant.jpeg
nasabahttdcmo-maf;2025050922024252621296_nasabahttdcmo-maf_Applicant.jpeg
allobank-maf;2025050922024252621296_allobank-maf_Applicant.jpeg
rumahjalan-maf;2025050922024252621296_rumahjalan-maf_Applicant.jpeg
bpkbdepan-maf;2025050922024252621296_bpkbdepan-maf_Applicant.jpeg
bpkbbelakang-maf;2025050922024252621296_bpkbbelakang-maf_Applicant.jpeg
stnkpajak-maf;2025050922024252621296_stnkpajak-maf_Applicant.jpeg
unitdepankanan-maf;2025050922024252621296_unitdepankanan-maf_Applicant.jpeg
unitdepankiri-maf;2025050922024252621296_unitdepankiri-maf_Applicant.jpeg
salaryslip-maf;2025050922024252621296_salaryslip-maf_Applicant.jpeg
nomorrumah-maf;2025050922024252621296_nomorrumah-maf_Applicant.jpeg
dalamrumah-maf;2025050922024252621296_dalamrumah-maf_Applicant.jpeg
rangkanomesin-maf;2025050922024252621296_rangkanomesin-maf_Applicant.jpeg
pbbrekening-maf;2025050922020696846856_pbbrekening-maf_Applicant.jpeg
kksuratnikah-maf;2025050922020696846856_kksuratnikah-maf_Applicant.jpeg
halamandepanbukutabungan-maf;2025050922020696846856_halamandepanbukutabungan-maf_Applicant.jpeg
fpkbelakang-maf;2025050922020696846856_fpkbelakang-maf_Applicant.jpeg
fpkdepan-maf;2025050922020696846856_fpkdepan-maf_Applicant.jpeg
pbbrekening-maf;2025050922016076335617_pbbrekening-maf_Applicant.jpeg
kksuratnikah-maf;2025050922016076335617_kksuratnikah-maf_Applicant.jpeg
halamandepanbukutabungan-maf;2025050922016076335617_halamandepanbukutabungan-maf_Applicant.jpeg
fpkbelakang-maf;2025050922016076335617_fpkbelakang-maf_Applicant.jpeg
fpkdepan-maf;2025050922016076335617_fpkdepan-maf_Applicant.jpeg
tempatusahadepan-maf;2025050922016076335617_tempatusahadepan-maf_Applicant.jpeg
tempatusahadepan-maf;2025050922020696846856_tempatusahadepan-maf_Applicant.jpeg
rumahdepan-maf;2025050922020696846856_rumahdepan-maf_Applicant.jpeg
pasanganttdcmo-maf;2025050922020696846856_pasanganttdcmo-maf_Applicant.jpeg
nasabahttdcmo-maf;2025050922020696846856_nasabahttdcmo-maf_Applicant.jpeg
allobank-maf;2025050922020696846856_allobank-maf_Applicant.jpeg
rumahjalan-maf;2025050922020696846856_rumahjalan-maf_Applicant.jpeg
bpkbdepan-maf;2025050922020696846856_bpkbdepan-maf_Applicant.jpeg
bpkbbelakang-maf;2025050922020696846856_bpkbbelakang-maf_Applicant.jpeg
stnkpajak-maf;2025050922020696846856_stnkpajak-maf_Applicant.jpeg
unitdepankanan-maf;2025050922020696846856_unitdepankanan-maf_Applicant.jpeg
unitdepankiri-maf;2025050922020696846856_unitdepankiri-maf_Applicant.jpeg
salaryslip-maf;2025050922020696846856_salaryslip-maf_Applicant.jpeg
nomorrumah-maf;2025050922020696846856_nomorrumah-maf_Applicant.jpeg
dalamrumah-maf;2025050922020696846856_dalamrumah-maf_Applicant.jpeg
rangkanomesin-maf;2025050922020696846856_rangkanomesin-maf_Applicant.jpeg
pbbrekening-maf;2025050922021298179328_pbbrekening-maf_Applicant.jpeg
kksuratnikah-maf;2025050922021298179328_kksuratnikah-maf_Applicant.jpeg
halamandepanbukutabungan-maf;2025050922021298179328_halamandepanbukutabungan-maf_Applicant.jpeg
fpkbelakang-maf;2025050922021298179328_fpkbelakang-maf_Applicant.jpeg
fpkdepan-maf;2025050922021298179328_fpkdepan-maf_Applicant.jpeg
tempatusahadepan-maf;2025050922021298179328_tempatusahadepan-maf_Applicant.jpeg
rumahdepan-maf;2025050922021298179328_rumahdepan-maf_Applicant.jpeg
pasanganttdcmo-maf;2025050922021298179328_pasanganttdcmo-maf_Applicant.jpeg
nasabahttdcmo-maf;2025050922021298179328_nasabahttdcmo-maf_Applicant.jpeg
allobank-maf;2025050922021298179328_allobank-maf_Applicant.jpeg
rumahjalan-maf;2025050922021298179328_rumahjalan-maf_Applicant.jpeg
bpkbdepan-maf;2025050922021298179328_bpkbdepan-maf_Applicant.jpeg
bpkbbelakang-maf;2025050922021298179328_bpkbbelakang-maf_Applicant.jpeg
stnkpajak-maf;2025050922021298179328_stnkpajak-maf_Applicant.jpeg
unitdepankanan-maf;2025050922021298179328_unitdepankanan-maf_Applicant.jpeg
unitdepankiri-maf;2025050922021298179328_unitdepankiri-maf_Applicant.jpeg
salaryslip-maf;2025050922021298179328_salaryslip-maf_Applicant.jpeg
nomorrumah-maf;2025050922021298179328_nomorrumah-maf_Applicant.jpeg
dalamrumah-maf;2025050922021298179328_dalamrumah-maf_Applicant.jpeg
rangkanomesin-maf;2025050922021298179328_rangkanomesin-maf_Applicant.jpeg
pbbrekening-maf;2025050922021104170332_pbbrekening-maf_Applicant.jpeg
kksuratnikah-maf;2025050922021104170332_kksuratnikah-maf_Applicant.jpeg
halamandepanbukutabungan-maf;2025050922021104170332_halamandepanbukutabungan-maf_Applicant.jpeg
fpkbelakang-maf;2025050922021104170332_fpkbelakang-maf_Applicant.jpeg
fpkdepan-maf;2025050922021104170332_fpkdepan-maf_Applicant.jpeg
tempatusahadepan-maf;2025050922021104170332_tempatusahadepan-maf_Applicant.jpeg
rumahdepan-maf;2025050922021104170332_rumahdepan-maf_Applicant.jpeg
pasanganttdcmo-maf;2025050922021104170332_pasanganttdcmo-maf_Applicant.jpeg
nasabahttdcmo-maf;2025050922021104170332_nasabahttdcmo-maf_Applicant.jpeg
allobank-maf;2025050922021104170332_allobank-maf_Applicant.jpeg
rumahjalan-maf;2025050922021104170332_rumahjalan-maf_Applicant.jpeg
bpkbdepan-maf;2025050922021104170332_bpkbdepan-maf_Applicant.jpeg
bpkbbelakang-maf;2025050922021104170332_bpkbbelakang-maf_Applicant.jpeg
stnkpajak-maf;2025050922021104170332_stnkpajak-maf_Applicant.jpeg
unitdepankanan-maf;2025050922021104170332_unitdepankanan-maf_Applicant.jpeg
unitdepankiri-maf;2025050922021104170332_unitdepankiri-maf_Applicant.jpeg
salaryslip-maf;2025050922021104170332_salaryslip-maf_Applicant.jpeg
nomorrumah-maf;2025050922021104170332_nomorrumah-maf_Applicant.jpeg
dalamrumah-maf;2025050922021104170332_dalamrumah-maf_Applicant.jpeg
rangkanomesin-maf;2025050922021104170332_rangkanomesin-maf_Applicant.jpeg
pbbrekening-maf;2025050922021056476122_pbbrekening-maf_Applicant.jpeg
kksuratnikah-maf;2025050922021056476122_kksuratnikah-maf_Applicant.jpeg
halamandepanbukutabungan-maf;2025050922021056476122_halamandepanbukutabungan-maf_Applicant.jpeg
fpkbelakang-maf;2025050922021056476122_fpkbelakang-maf_Applicant.jpeg
fpkdepan-maf;2025050922021056476122_fpkdepan-maf_Applicant.jpeg
tempatusahadepan-maf;2025050922021056476122_tempatusahadepan-maf_Applicant.jpeg
rumahdepan-maf;2025050922021056476122_rumahdepan-maf_Applicant.jpeg
pasanganttdcmo-maf;2025050922021056476122_pasanganttdcmo-maf_Applicant.jpeg
nasabahttdcmo-maf;2025050922021056476122_nasabahttdcmo-maf_Applicant.jpeg
allobank-maf;2025050922021056476122_allobank-maf_Applicant.jpeg
rumahjalan-maf;2025050922021056476122_rumahjalan-maf_Applicant.jpeg
bpkbdepan-maf;2025050922021056476122_bpkbdepan-maf_Applicant.jpeg
bpkbbelakang-maf;2025050922021056476122_bpkbbelakang-maf_Applicant.jpeg
stnkpajak-maf;2025050922021056476122_stnkpajak-maf_Applicant.jpeg
unitdepankanan-maf;2025050922021056476122_unitdepankanan-maf_Applicant.jpeg
unitdepankiri-maf;2025050922021056476122_unitdepankiri-maf_Applicant.jpeg
salaryslip-maf;2025050922021056476122_salaryslip-maf_Applicant.jpeg
nomorrumah-maf;2025050922021056476122_nomorrumah-maf_Applicant.jpeg
dalamrumah-maf;2025050922021056476122_dalamrumah-maf_Applicant.jpeg
rangkanomesin-maf;2025050922021056476122_rangkanomesin-maf_Applicant.jpeg
nasabahttdcmo-maf;2025050922024381881657_nasabahttdcmo-maf_Applicant.jpeg
allobank-maf;2025050922024381881657_allobank-maf_Applicant.jpeg
rumahjalan-maf;2025050922024381881657_rumahjalan-maf_Applicant.jpeg
bpkbdepan-maf;2025050922024381881657_bpkbdepan-maf_Applicant.jpeg
bpkbbelakang-maf;2025050922024381881657_bpkbbelakang-maf_Applicant.jpeg
stnkpajak-maf;2025050922024381881657_stnkpajak-maf_Applicant.jpeg
unitdepankanan-maf;2025050922024381881657_unitdepankanan-maf_Applicant.jpeg
unitdepankiri-maf;2025050922024381881657_unitdepankiri-maf_Applicant.jpeg
salaryslip-maf;2025050922024381881657_salaryslip-maf_Applicant.jpeg
nomorrumah-maf;2025050922024381881657_nomorrumah-maf_Applicant.jpeg
dalamrumah-maf;2025050922024381881657_dalamrumah-maf_Applicant.jpeg
buktipenghasilanusaha-maf;2025050922024381881657_buktipenghasilanusaha-maf_Applicant.jpeg
perizinanusaha-maf;2025050922024381881657_perizinanusaha-maf_Applicant.jpeg
buktikepemilikanusaha-maf;2025050922024381881657_buktikepemilikanusaha-maf_Applicant.jpeg
rangkanomesin-maf;2025050922024381881657_rangkanomesin-maf_Applicant.jpeg
pbbrekening-maf;2025050922021056492108_pbbrekening-maf_Applicant.jpeg
kksuratnikah-maf;2025050922021056492108_kksuratnikah-maf_Applicant.jpeg
halamandepanbukutabungan-maf;2025050922021056492108_halamandepanbukutabungan-maf_Applicant.jpeg
fpkbelakang-maf;2025050922021056492108_fpkbelakang-maf_Applicant.jpeg
fpkdepan-maf;2025050922021056492108_fpkdepan-maf_Applicant.jpeg
tempatusahadepan-maf;2025050922021056492108_tempatusahadepan-maf_Applicant.jpeg
pbbrekening-maf;2025050922024381881657_pbbrekening-maf_Applicant.jpeg
kksuratnikah-maf;2025050922024381881657_kksuratnikah-maf_Applicant.jpeg
halamandepanbukutabungan-maf;2025050922024381881657_halamandepanbukutabungan-maf_Applicant.jpeg
fpkbelakang-maf;2025050922024381881657_fpkbelakang-maf_Applicant.jpeg
fpkdepan-maf;2025050922024381881657_fpkdepan-maf_Applicant.jpeg
tempatusahadepan-maf;2025050922024381881657_tempatusahadepan-maf_Applicant.jpeg
rumahdepan-maf;2025050922024381881657_rumahdepan-maf_Applicant.jpeg
pasanganttdcmo-maf;2025050922024381881657_pasanganttdcmo-maf_Applicant.jpeg
rumahdepan-maf;2025050922021056492108_rumahdepan-maf_Applicant.jpeg
pasanganttdcmo-maf;2025050922021056492108_pasanganttdcmo-maf_Applicant.jpeg
nasabahttdcmo-maf;2025050922021056492108_nasabahttdcmo-maf_Applicant.jpeg
allobank-maf;2025050922021056492108_allobank-maf_Applicant.jpeg
rumahjalan-maf;2025050922021056492108_rumahjalan-maf_Applicant.jpeg
bpkbdepan-maf;2025050922021056492108_bpkbdepan-maf_Applicant.jpeg
bpkbbelakang-maf;2025050922021056492108_bpkbbelakang-maf_Applicant.jpeg
stnkpajak-maf;2025050922021056492108_stnkpajak-maf_Applicant.jpeg
unitdepankanan-maf;2025050922021056492108_unitdepankanan-maf_Applicant.jpeg
unitdepankiri-maf;2025050922021056492108_unitdepankiri-maf_Applicant.jpeg
salaryslip-maf;2025050922021056492108_salaryslip-maf_Applicant.jpeg
nomorrumah-maf;2025050922021056492108_nomorrumah-maf_Applicant.jpeg
dalamrumah-maf;2025050922021056492108_dalamrumah-maf_Applicant.jpeg
rangkanomesin-maf;2025050922021056492108_rangkanomesin-maf_Applicant.jpeg
pbbrekening-maf;2025050922022677515101_pbbrekening-maf_Applicant.jpeg
kksuratnikah-maf;2025050922022677515101_kksuratnikah-maf_Applicant.jpeg
halamandepanbukutabungan-maf;2025050922022677515101_halamandepanbukutabungan-maf_Applicant.jpeg
fpkbelakang-maf;2025050922022677515101_fpkbelakang-maf_Applicant.jpeg
fpkdepan-maf;2025050922022677515101_fpkdepan-maf_Applicant.jpeg
tempatusahadepan-maf;2025050922022677515101_tempatusahadepan-maf_Applicant.jpeg
rumahdepan-maf;2025050922022677515101_rumahdepan-maf_Applicant.jpeg
pasanganttdcmo-maf;2025050922022677515101_pasanganttdcmo-maf_Applicant.jpeg
nasabahttdcmo-maf;2025050922022677515101_nasabahttdcmo-maf_Applicant.jpeg
allobank-maf;2025050922022677515101_allobank-maf_Applicant.jpeg
rumahjalan-maf;2025050922022677515101_rumahjalan-maf_Applicant.jpeg
bpkbdepan-maf;2025050922022677515101_bpkbdepan-maf_Applicant.jpeg
bpkbbelakang-maf;2025050922022677515101_bpkbbelakang-maf_Applicant.jpeg
stnkpajak-maf;2025050922022677515101_stnkpajak-maf_Applicant.jpeg
unitdepankanan-maf;2025050922022677515101_unitdepankanan-maf_Applicant.jpeg
unitdepankiri-maf;2025050922022677515101_unitdepankiri-maf_Applicant.jpeg
salaryslip-maf;2025050922022677515101_salaryslip-maf_Applicant.jpeg
nomorrumah-maf;2025050922022677515101_nomorrumah-maf_Applicant.jpeg
dalamrumah-maf;2025050922022677515101_dalamrumah-maf_Applicant.jpeg
rangkanomesin-maf;2025050922022677515101_rangkanomesin-maf_Applicant.jpeg
pbbrekening-maf;2025050922021298124031_pbbrekening-maf_Applicant.jpeg
kksuratnikah-maf;2025050922021298124031_kksuratnikah-maf_Applicant.jpeg
halamandepanbukutabungan-maf;2025050922021298124031_halamandepanbukutabungan-maf_Applicant.jpeg
fpkbelakang-maf;2025050922021298124031_fpkbelakang-maf_Applicant.jpeg
fpkdepan-maf;2025050922021298124031_fpkdepan-maf_Applicant.jpeg
tempatusahadepan-maf;2025050922021298124031_tempatusahadepan-maf_Applicant.jpeg
rumahdepan-maf;2025050922021298124031_rumahdepan-maf_Applicant.jpeg
pasanganttdcmo-maf;2025050922021298124031_pasanganttdcmo-maf_Applicant.jpeg
nasabahttdcmo-maf;2025050922021298124031_nasabahttdcmo-maf_Applicant.jpeg
allobank-maf;2025050922021298124031_allobank-maf_Applicant.jpeg
rumahjalan-maf;2025050922021298124031_rumahjalan-maf_Applicant.jpeg
bpkbdepan-maf;2025050922021298124031_bpkbdepan-maf_Applicant.jpeg
bpkbbelakang-maf;2025050922021298124031_bpkbbelakang-maf_Applicant.jpeg
stnkpajak-maf;2025050922021298124031_stnkpajak-maf_Applicant.jpeg
unitdepankanan-maf;2025050922021298124031_unitdepankanan-maf_Applicant.jpeg
unitdepankiri-maf;2025050922021298124031_unitdepankiri-maf_Applicant.jpeg
salaryslip-maf;2025050922021298124031_salaryslip-maf_Applicant.jpeg
nomorrumah-maf;2025050922021298124031_nomorrumah-maf_Applicant.jpeg
dalamrumah-maf;2025050922021298124031_dalamrumah-maf_Applicant.jpeg
rangkanomesin-maf;2025050922021298124031_rangkanomesin-maf_Applicant.jpeg
pbbrekening-maf;2025050922020696875259_pbbrekening-maf_Applicant.jpeg
kksuratnikah-maf;2025050922020696875259_kksuratnikah-maf_Applicant.jpeg
halamandepanbukutabungan-maf;2025050922020696875259_halamandepanbukutabungan-maf_Applicant.jpeg
fpkbelakang-maf;2025050922020696875259_fpkbelakang-maf_Applicant.jpeg
fpkdepan-maf;2025050922020696875259_fpkdepan-maf_Applicant.jpeg
tempatusahadepan-maf;2025050922020696875259_tempatusahadepan-maf_Applicant.jpeg
rumahdepan-maf;2025050922020696875259_rumahdepan-maf_Applicant.jpeg
pasanganttdcmo-maf;2025050922020696875259_pasanganttdcmo-maf_Applicant.jpeg
nasabahttdcmo-maf;2025050922020696875259_nasabahttdcmo-maf_Applicant.jpeg
allobank-maf;2025050922020696875259_allobank-maf_Applicant.jpeg
rumahjalan-maf;2025050922020696875259_rumahjalan-maf_Applicant.jpeg
bpkbdepan-maf;2025050922020696875259_bpkbdepan-maf_Applicant.jpeg
bpkbbelakang-maf;2025050922020696875259_bpkbbelakang-maf_Applicant.jpeg
stnkpajak-maf;2025050922020696875259_stnkpajak-maf_Applicant.jpeg
unitdepankanan-maf;2025050922020696875259_unitdepankanan-maf_Applicant.jpeg
unitdepankiri-maf;2025050922020696875259_unitdepankiri-maf_Applicant.jpeg
salaryslip-maf;2025050922020696875259_salaryslip-maf_Applicant.jpeg
nomorrumah-maf;2025050922020696875259_nomorrumah-maf_Applicant.jpeg
dalamrumah-maf;2025050922020696875259_dalamrumah-maf_Applicant.jpeg
rangkanomesin-maf;2025050922020696875259_rangkanomesin-maf_Applicant.jpeg
pbbrekening-maf;2025042822024227960185_pbbrekening-maf_Applicant.jpeg
kksuratnikah-maf;2025042822024227960185_kksuratnikah-maf_Applicant.jpeg
halamandepanbukutabungan-maf;2025042822024227960185_halamandepanbukutabungan-maf_Applicant.jpeg
fpkbelakang-maf;2025042822024227960185_fpkbelakang-maf_Applicant.jpeg
fpkdepan-maf;2025042822024227960185_fpkdepan-maf_Applicant.jpeg
tempatusahadepan-maf;2025042822024227960185_tempatusahadepan-maf_Applicant.jpeg
rumahdepan-maf;2025042822024227960185_rumahdepan-maf_Applicant.jpeg
pasanganttdcmo-maf;2025042822024227960185_pasanganttdcmo-maf_Applicant.jpeg
nasabahttdcmo-maf;2025042822024227960185_nasabahttdcmo-maf_Applicant.jpeg
allobank-maf;2025042822024227960185_allobank-maf_Applicant.jpeg
rumahjalan-maf;2025042822024227960185_rumahjalan-maf_Applicant.jpeg
bpkbdepan-maf;2025042822024227960185_bpkbdepan-maf_Applicant.jpeg
bpkbbelakang-maf;2025042822024227960185_bpkbbelakang-maf_Applicant.jpeg
stnkpajak-maf;2025042822024227960185_stnkpajak-maf_Applicant.jpeg
unitdepankanan-maf;2025042822024227960185_unitdepankanan-maf_Applicant.jpeg
unitdepankiri-maf;2025042822024227960185_unitdepankiri-maf_Applicant.jpeg
salaryslip-maf;2025042822024227960185_salaryslip-maf_Applicant.jpeg
nomorrumah-maf;2025042822024227960185_nomorrumah-maf_Applicant.jpeg
dalamrumah-maf;2025042822024227960185_dalamrumah-maf_Applicant.jpeg
rangkanomesin-maf;2025042822024227960185_rangkanomesin-maf_Applicant.jpeg
pbbrekening-maf;2025050922020696834093_pbbrekening-maf_Applicant.jpeg
kksuratnikah-maf;2025050922020696834093_kksuratnikah-maf_Applicant.jpeg
halamandepanbukutabungan-maf;2025050922020696834093_halamandepanbukutabungan-maf_Applicant.jpeg
fpkbelakang-maf;2025050922020696834093_fpkbelakang-maf_Applicant.jpeg
fpkdepan-maf;2025050922020696834093_fpkdepan-maf_Applicant.jpeg
tempatusahadepan-maf;2025050922020696834093_tempatusahadepan-maf_Applicant.jpeg
rumahdepan-maf;2025050922020696834093_rumahdepan-maf_Applicant.jpeg
pasanganttdcmo-maf;2025050922020696834093_pasanganttdcmo-maf_Applicant.jpeg
nasabahttdcmo-maf;2025050922020696834093_nasabahttdcmo-maf_Applicant.jpeg
allobank-maf;2025050922020696834093_allobank-maf_Applicant.jpeg
rumahjalan-maf;2025050922020696834093_rumahjalan-maf_Applicant.jpeg
bpkbdepan-maf;2025050922020696834093_bpkbdepan-maf_Applicant.jpeg
bpkbbelakang-maf;2025050922020696834093_bpkbbelakang-maf_Applicant.jpeg
stnkpajak-maf;2025050922020696834093_stnkpajak-maf_Applicant.jpeg
unitdepankanan-maf;2025050922020696834093_unitdepankanan-maf_Applicant.jpeg
unitdepankiri-maf;2025050922020696834093_unitdepankiri-maf_Applicant.jpeg
salaryslip-maf;2025050922020696834093_salaryslip-maf_Applicant.jpeg
nomorrumah-maf;2025050922020696834093_nomorrumah-maf_Applicant.jpeg
dalamrumah-maf;2025050922020696834093_dalamrumah-maf_Applicant.jpeg
rangkanomesin-maf;2025050922020696834093_rangkanomesin-maf_Applicant.jpeg
pbbrekening-maf;2025051022021104197338_pbbrekening-maf_Applicant.jpeg
kksuratnikah-maf;2025051022021104197338_kksuratnikah-maf_Applicant.jpeg
halamandepanbukutabungan-maf;2025051022021104197338_halamandepanbukutabungan-maf_Applicant.jpeg
fpkbelakang-maf;2025051022021104197338_fpkbelakang-maf_Applicant.jpeg
fpkdepan-maf;2025051022021104197338_fpkdepan-maf_Applicant.jpeg
tempatusahadepan-maf;2025051022021104197338_tempatusahadepan-maf_Applicant.jpeg
rumahdepan-maf;2025051022021104197338_rumahdepan-maf_Applicant.jpeg
pasanganttdcmo-maf;2025051022021104197338_pasanganttdcmo-maf_Applicant.jpeg
nasabahttdcmo-maf;2025051022021104197338_nasabahttdcmo-maf_Applicant.jpeg
allobank-maf;2025051022021104197338_allobank-maf_Applicant.jpeg
rumahjalan-maf;2025051022021104197338_rumahjalan-maf_Applicant.jpeg
bpkbdepan-maf;2025051022021104197338_bpkbdepan-maf_Applicant.jpeg
bpkbbelakang-maf;2025051022021104197338_bpkbbelakang-maf_Applicant.jpeg
stnkpajak-maf;2025051022021104197338_stnkpajak-maf_Applicant.jpeg
unitdepankanan-maf;2025051022021104197338_unitdepankanan-maf_Applicant.jpeg
unitdepankiri-maf;2025051022021104197338_unitdepankiri-maf_Applicant.jpeg
salaryslip-maf;2025051022021104197338_salaryslip-maf_Applicant.jpeg
nomorrumah-maf;2025051022021104197338_nomorrumah-maf_Applicant.jpeg
pbbrekening-maf;2025051022024227912885_pbbrekening-maf_Applicant.jpeg
kksuratnikah-maf;2025051022024227912885_kksuratnikah-maf_Applicant.jpeg
halamandepanbukutabungan-maf;2025051022024227912885_halamandepanbukutabungan-maf_Applicant.jpeg
fpkbelakang-maf;2025051022024227912885_fpkbelakang-maf_Applicant.jpeg
fpkdepan-maf;2025051022024227912885_fpkdepan-maf_Applicant.jpeg
tempatusahadepan-maf;2025051022024227912885_tempatusahadepan-maf_Applicant.jpeg
rumahdepan-maf;2025051022024227912885_rumahdepan-maf_Applicant.jpeg
pasanganttdcmo-maf;2025051022024227912885_pasanganttdcmo-maf_Applicant.jpeg
nasabahttdcmo-maf;2025051022024227912885_nasabahttdcmo-maf_Applicant.jpeg
allobank-maf;2025051022024227912885_allobank-maf_Applicant.jpeg
rumahjalan-maf;2025051022024227912885_rumahjalan-maf_Applicant.jpeg
bpkbdepan-maf;2025051022024227912885_bpkbdepan-maf_Applicant.jpeg
bpkbbelakang-maf;2025051022024227912885_bpkbbelakang-maf_Applicant.jpeg
stnkpajak-maf;2025051022024227912885_stnkpajak-maf_Applicant.jpeg
unitdepankanan-maf;2025051022024227912885_unitdepankanan-maf_Applicant.jpeg
unitdepankiri-maf;2025051022024227912885_unitdepankiri-maf_Applicant.jpeg
salaryslip-maf;2025051022024227912885_salaryslip-maf_Applicant.jpeg
nomorrumah-maf;2025051022024227912885_nomorrumah-maf_Applicant.jpeg
dalamrumah-maf;2025051022024227912885_dalamrumah-maf_Applicant.jpeg
rangkanomesin-maf;2025051022024227912885_rangkanomesin-maf_Applicant.jpeg
dalamrumah-maf;2025051022021104197338_dalamrumah-maf_Applicant.jpeg
rangkanomesin-maf;2025051022021104197338_rangkanomesin-maf_Applicant.jpeg
pbbrekening-maf;2025051022023267337128_pbbrekening-maf_Applicant.jpeg
kksuratnikah-maf;2025051022023267337128_kksuratnikah-maf_Applicant.jpeg
halamandepanbukutabungan-maf;2025051022023267337128_halamandepanbukutabungan-maf_Applicant.jpeg
fpkbelakang-maf;2025051022023267337128_fpkbelakang-maf_Applicant.jpeg
fpkdepan-maf;2025051022023267337128_fpkdepan-maf_Applicant.jpeg
tempatusahadepan-maf;2025051022023267337128_tempatusahadepan-maf_Applicant.jpeg
rumahdepan-maf;2025051022023267337128_rumahdepan-maf_Applicant.jpeg
pasanganttdcmo-maf;2025051022023267337128_pasanganttdcmo-maf_Applicant.jpeg
nasabahttdcmo-maf;2025051022023267337128_nasabahttdcmo-maf_Applicant.jpeg
allobank-maf;2025051022023267337128_allobank-maf_Applicant.jpeg
rumahjalan-maf;2025051022023267337128_rumahjalan-maf_Applicant.jpeg
bpkbdepan-maf;2025051022023267337128_bpkbdepan-maf_Applicant.jpeg
bpkbbelakang-maf;2025051022023267337128_bpkbbelakang-maf_Applicant.jpeg
stnkpajak-maf;2025051022023267337128_stnkpajak-maf_Applicant.jpeg
unitdepankanan-maf;2025051022023267337128_unitdepankanan-maf_Applicant.jpeg
unitdepankiri-maf;2025051022023267337128_unitdepankiri-maf_Applicant.jpeg
salaryslip-maf;2025051022023267337128_salaryslip-maf_Applicant.jpeg
nomorrumah-maf;2025051022023267337128_nomorrumah-maf_Applicant.jpeg
dalamrumah-maf;2025051022023267337128_dalamrumah-maf_Applicant.jpeg
rangkanomesin-maf;2025051022023267337128_rangkanomesin-maf_Applicant.jpeg
pbbrekening-maf;2025051022022697788417_pbbrekening-maf_Applicant.jpeg
kksuratnikah-maf;2025051022022697788417_kksuratnikah-maf_Applicant.jpeg
halamandepanbukutabungan-maf;2025051022022697788417_halamandepanbukutabungan-maf_Applicant.png
fpkbelakang-maf;2025051022022697788417_fpkbelakang-maf_Applicant.jpeg
pbbrekening-maf;2025051022021298178005_pbbrekening-maf_Applicant.jpeg
kksuratnikah-maf;2025051022021298178005_kksuratnikah-maf_Applicant.jpeg
halamandepanbukutabungan-maf;2025051022021298178005_halamandepanbukutabungan-maf_Applicant.jpeg
fpkbelakang-maf;2025051022021298178005_fpkbelakang-maf_Applicant.jpeg
fpkdepan-maf;2025051022021298178005_fpkdepan-maf_Applicant.jpeg
tempatusahadepan-maf;2025051022021298178005_tempatusahadepan-maf_Applicant.jpeg
rumahdepan-maf;2025051022021298178005_rumahdepan-maf_Applicant.jpeg
pasanganttdcmo-maf;2025051022021298178005_pasanganttdcmo-maf_Applicant.jpeg
nasabahttdcmo-maf;2025051022021298178005_nasabahttdcmo-maf_Applicant.jpeg
allobank-maf;2025051022021298178005_allobank-maf_Applicant.jpeg
rumahjalan-maf;2025051022021298178005_rumahjalan-maf_Applicant.jpeg
bpkbdepan-maf;2025051022021298178005_bpkbdepan-maf_Applicant.jpeg
bpkbbelakang-maf;2025051022021298178005_bpkbbelakang-maf_Applicant.jpeg
stnkpajak-maf;2025051022021298178005_stnkpajak-maf_Applicant.jpeg
unitdepankanan-maf;2025051022021298178005_unitdepankanan-maf_Applicant.jpeg
unitdepankiri-maf;2025051022021298178005_unitdepankiri-maf_Applicant.jpeg
salaryslip-maf;2025051022021298178005_salaryslip-maf_Applicant.jpeg
nomorrumah-maf;2025051022021298178005_nomorrumah-maf_Applicant.jpeg
dalamrumah-maf;2025051022021298178005_dalamrumah-maf_Applicant.jpeg
rangkanomesin-maf;2025051022021298178005_rangkanomesin-maf_Applicant.jpeg
rumahdepan-maf;2025051022024338469434_rumahdepan-maf_Applicant.jpeg
pasanganttdcmo-maf;2025051022024338469434_pasanganttdcmo-maf_Applicant.jpeg
nasabahttdcmo-maf;2025051022024338469434_nasabahttdcmo-maf_Applicant.jpeg
allobank-maf;2025051022024338469434_allobank-maf_Applicant.jpeg
rumahjalan-maf;2025051022024338469434_rumahjalan-maf_Applicant.jpeg
bpkbdepan-maf;2025051022024338469434_bpkbdepan-maf_Applicant.jpeg
bpkbbelakang-maf;2025051022024338469434_bpkbbelakang-maf_Applicant.jpeg
stnkpajak-maf;2025051022024338469434_stnkpajak-maf_Applicant.jpeg
unitdepankanan-maf;2025051022024338469434_unitdepankanan-maf_Applicant.jpeg
unitdepankiri-maf;2025051022024338469434_unitdepankiri-maf_Applicant.jpeg
salaryslip-maf;2025051022024338469434_salaryslip-maf_Applicant.jpeg
nomorrumah-maf;2025051022024338469434_nomorrumah-maf_Applicant.jpeg
dalamrumah-maf;2025051022024338469434_dalamrumah-maf_Applicant.jpeg
rangkanomesin-maf;2025051022024338469434_rangkanomesin-maf_Applicant.jpeg
pbbrekening-maf;2025051022024381889225_pbbrekening-maf_Applicant.jpeg
kksuratnikah-maf;2025051022024381889225_kksuratnikah-maf_Applicant.jpeg
halamandepanbukutabungan-maf;2025051022024381889225_halamandepanbukutabungan-maf_Applicant.jpeg
fpkbelakang-maf;2025051022024381889225_fpkbelakang-maf_Applicant.jpeg
fpkdepan-maf;2025051022024381889225_fpkdepan-maf_Applicant.jpeg
tempatusahadepan-maf;2025051022024381889225_tempatusahadepan-maf_Applicant.jpeg
rumahdepan-maf;2025051022024381889225_rumahdepan-maf_Applicant.jpeg
pasanganttdcmo-maf;2025051022024381889225_pasanganttdcmo-maf_Applicant.jpeg
fpkdepan-maf;2025051022022697788417_fpkdepan-maf_Applicant.jpeg
tempatusahadepan-maf;2025051022022697788417_tempatusahadepan-maf_Applicant.jpeg
rumahdepan-maf;2025051022022697788417_rumahdepan-maf_Applicant.jpeg
pasanganttdcmo-maf;2025051022022697788417_pasanganttdcmo-maf_Applicant.jpeg
nasabahttdcmo-maf;2025051022022697788417_nasabahttdcmo-maf_Applicant.jpeg
allobank-maf;2025051022022697788417_allobank-maf_Applicant.jpeg
rumahjalan-maf;2025051022022697788417_rumahjalan-maf_Applicant.jpeg
bpkbdepan-maf;2025051022022697788417_bpkbdepan-maf_Applicant.jpeg
bpkbbelakang-maf;2025051022022697788417_bpkbbelakang-maf_Applicant.jpeg
stnkpajak-maf;2025051022022697788417_stnkpajak-maf_Applicant.jpeg
unitdepankanan-maf;2025051022022697788417_unitdepankanan-maf_Applicant.jpeg
unitdepankiri-maf;2025051022022697788417_unitdepankiri-maf_Applicant.jpeg
salaryslip-maf;2025051022022697788417_salaryslip-maf_Applicant.jpeg
nomorrumah-maf;2025051022022697788417_nomorrumah-maf_Applicant.jpeg
dalamrumah-maf;2025051022022697788417_dalamrumah-maf_Applicant.jpeg
rangkanomesin-maf;2025051022022697788417_rangkanomesin-maf_Applicant.jpeg
pbbrekening-maf;2025051022024338469434_pbbrekening-maf_Applicant.jpeg
kksuratnikah-maf;2025051022024338469434_kksuratnikah-maf_Applicant.jpeg
halamandepanbukutabungan-maf;2025051022024338469434_halamandepanbukutabungan-maf_Applicant.jpeg
fpkbelakang-maf;2025051022024338469434_fpkbelakang-maf_Applicant.jpeg
fpkdepan-maf;2025051022024338469434_fpkdepan-maf_Applicant.jpeg
tempatusahadepan-maf;2025051022024338469434_tempatusahadepan-maf_Applicant.jpeg
nasabahttdcmo-maf;2025051022024381889225_nasabahttdcmo-maf_Applicant.jpeg
allobank-maf;2025051022024381889225_allobank-maf_Applicant.jpeg
rumahjalan-maf;2025051022024381889225_rumahjalan-maf_Applicant.jpeg
bpkbdepan-maf;2025051022024381889225_bpkbdepan-maf_Applicant.jpeg
bpkbbelakang-maf;2025051022024381889225_bpkbbelakang-maf_Applicant.jpeg
stnkpajak-maf;2025051022024381889225_stnkpajak-maf_Applicant.jpeg
unitdepankanan-maf;2025051022024381889225_unitdepankanan-maf_Applicant.jpeg
unitdepankiri-maf;2025051022024381889225_unitdepankiri-maf_Applicant.jpeg
salaryslip-maf;2025051022024381889225_salaryslip-maf_Applicant.jpeg
nomorrumah-maf;2025051022024381889225_nomorrumah-maf_Applicant.jpeg
dalamrumah-maf;2025051022024381889225_dalamrumah-maf_Applicant.jpeg
rangkanomesin-maf;2025051022024381889225_rangkanomesin-maf_Applicant.jpeg
pbbrekening-maf;2025051022016076357485_pbbrekening-maf_Applicant.jpeg
kksuratnikah-maf;2025051022016076357485_kksuratnikah-maf_Applicant.jpeg
halamandepanbukutabungan-maf;2025051022016076357485_halamandepanbukutabungan-maf_Applicant.jpeg
fpkbelakang-maf;2025051022016076357485_fpkbelakang-maf_Applicant.jpeg
fpkdepan-maf;2025051022016076357485_fpkdepan-maf_Applicant.jpeg
tempatusahadepan-maf;2025051022016076357485_tempatusahadepan-maf_Applicant.jpeg
rumahdepan-maf;2025051022016076357485_rumahdepan-maf_Applicant.jpeg
pasanganttdcmo-maf;2025051022016076357485_pasanganttdcmo-maf_Applicant.jpeg
nasabahttdcmo-maf;2025051022016076357485_nasabahttdcmo-maf_Applicant.jpeg
bpkbdepan-maf;2025050922022677588967_bpkbdepan-maf_Applicant.jpeg
bpkbbelakang-maf;2025050922022677588967_bpkbbelakang-maf_Applicant.jpeg
stnkpajak-maf;2025050922022677588967_stnkpajak-maf_Applicant.jpeg
unitdepankanan-maf;2025050922022677588967_unitdepankanan-maf_Applicant.jpeg
unitdepankiri-maf;2025050922022677588967_unitdepankiri-maf_Applicant.jpeg
salaryslip-maf;2025050922022677588967_salaryslip-maf_Applicant.jpeg
nomorrumah-maf;2025050922022677588967_nomorrumah-maf_Applicant.jpeg
dalamrumah-maf;2025050922022677588967_dalamrumah-maf_Applicant.jpeg
rangkanomesin-maf;2025050922022677588967_rangkanomesin-maf_Applicant.jpeg
pbbrekening-maf;2025051022024381841781_pbbrekening-maf_Applicant.jpeg
kksuratnikah-maf;2025051022024381841781_kksuratnikah-maf_Applicant.jpeg
halamandepanbukutabungan-maf;2025051022024381841781_halamandepanbukutabungan-maf_Applicant.jpeg
fpkbelakang-maf;2025051022024381841781_fpkbelakang-maf_Applicant.jpeg
fpkdepan-maf;2025051022024381841781_fpkdepan-maf_Applicant.jpeg
tempatusahadepan-maf;2025051022024381841781_tempatusahadepan-maf_Applicant.jpeg
rumahdepan-maf;2025051022024381841781_rumahdepan-maf_Applicant.jpeg
pasanganttdcmo-maf;2025051022024381841781_pasanganttdcmo-maf_Applicant.jpeg
nasabahttdcmo-maf;2025051022024381841781_nasabahttdcmo-maf_Applicant.jpeg
allobank-maf;2025051022024381841781_allobank-maf_Applicant.jpeg
rumahjalan-maf;2025051022024381841781_rumahjalan-maf_Applicant.jpeg
bpkbdepan-maf;2025051022024381841781_bpkbdepan-maf_Applicant.jpeg
bpkbbelakang-maf;2025051022024381841781_bpkbbelakang-maf_Applicant.jpeg
stnkpajak-maf;2025051022024381841781_stnkpajak-maf_Applicant.jpeg
unitdepankanan-maf;2025051022024381841781_unitdepankanan-maf_Applicant.jpeg
unitdepankiri-maf;2025051022024381841781_unitdepankiri-maf_Applicant.jpeg
salaryslip-maf;2025051022024381841781_salaryslip-maf_Applicant.jpeg
nomorrumah-maf;2025051022024381841781_nomorrumah-maf_Applicant.jpeg
dalamrumah-maf;2025051022024381841781_dalamrumah-maf_Applicant.jpeg
rangkanomesin-maf;2025051022024381841781_rangkanomesin-maf_Applicant.jpeg
pbbrekening-maf;2025051022016076318141_pbbrekening-maf_Applicant.jpeg
kksuratnikah-maf;2025051022016076318141_kksuratnikah-maf_Applicant.jpeg
halamandepanbukutabungan-maf;2025051022016076318141_halamandepanbukutabungan-maf_Applicant.jpeg
fpkbelakang-maf;2025051022016076318141_fpkbelakang-maf_Applicant.jpeg
fpkdepan-maf;2025051022016076318141_fpkdepan-maf_Applicant.jpeg
tempatusahadepan-maf;2025051022016076318141_tempatusahadepan-maf_Applicant.jpeg
rumahdepan-maf;2025051022016076318141_rumahdepan-maf_Applicant.jpeg
pasanganttdcmo-maf;2025051022016076318141_pasanganttdcmo-maf_Applicant.jpeg
nasabahttdcmo-maf;2025051022016076318141_nasabahttdcmo-maf_Applicant.jpeg
allobank-maf;2025051022016076318141_allobank-maf_Applicant.jpeg
rumahjalan-maf;2025051022016076318141_rumahjalan-maf_Applicant.jpeg
bpkbdepan-maf;2025051022016076318141_bpkbdepan-maf_Applicant.jpeg
bpkbbelakang-maf;2025051022016076318141_bpkbbelakang-maf_Applicant.jpeg
allobank-maf;2025051022016076357485_allobank-maf_Applicant.jpeg
rumahjalan-maf;2025051022016076357485_rumahjalan-maf_Applicant.jpeg
bpkbdepan-maf;2025051022016076357485_bpkbdepan-maf_Applicant.jpeg
bpkbbelakang-maf;2025051022016076357485_bpkbbelakang-maf_Applicant.jpeg
stnkpajak-maf;2025051022016076357485_stnkpajak-maf_Applicant.jpeg
unitdepankanan-maf;2025051022016076357485_unitdepankanan-maf_Applicant.jpeg
unitdepankiri-maf;2025051022016076357485_unitdepankiri-maf_Applicant.jpeg
salaryslip-maf;2025051022016076357485_salaryslip-maf_Applicant.jpeg
nomorrumah-maf;2025051022016076357485_nomorrumah-maf_Applicant.jpeg
dalamrumah-maf;2025051022016076357485_dalamrumah-maf_Applicant.jpeg
rangkanomesin-maf;2025051022016076357485_rangkanomesin-maf_Applicant.jpeg
pbbrekening-maf;2025050922022677588967_pbbrekening-maf_Applicant.jpeg
kksuratnikah-maf;2025050922022677588967_kksuratnikah-maf_Applicant.jpeg
halamandepanbukutabungan-maf;2025050922022677588967_halamandepanbukutabungan-maf_Applicant.jpeg
fpkbelakang-maf;2025050922022677588967_fpkbelakang-maf_Applicant.jpeg
fpkdepan-maf;2025050922022677588967_fpkdepan-maf_Applicant.jpeg
tempatusahadepan-maf;2025050922022677588967_tempatusahadepan-maf_Applicant.jpeg
rumahdepan-maf;2025050922022677588967_rumahdepan-maf_Applicant.jpeg
pasanganttdcmo-maf;2025050922022677588967_pasanganttdcmo-maf_Applicant.jpeg
nasabahttdcmo-maf;2025050922022677588967_nasabahttdcmo-maf_Applicant.jpeg
allobank-maf;2025050922022677588967_allobank-maf_Applicant.jpeg
rumahjalan-maf;2025050922022677588967_rumahjalan-maf_Applicant.jpeg
stnkpajak-maf;2025051022016076318141_stnkpajak-maf_Applicant.jpeg
unitdepankanan-maf;2025051022016076318141_unitdepankanan-maf_Applicant.jpeg
unitdepankiri-maf;2025051022016076318141_unitdepankiri-maf_Applicant.jpeg
salaryslip-maf;2025051022016076318141_salaryslip-maf_Applicant.jpeg
nomorrumah-maf;2025051022016076318141_nomorrumah-maf_Applicant.jpeg
dalamrumah-maf;2025051022016076318141_dalamrumah-maf_Applicant.jpeg
rangkanomesin-maf;2025051022016076318141_rangkanomesin-maf_Applicant.jpeg
pbbrekening-maf;2025051022024016036776_pbbrekening-maf_Applicant.jpeg
kksuratnikah-maf;2025051022024016036776_kksuratnikah-maf_Applicant.jpeg
halamandepanbukutabungan-maf;2025051022024016036776_halamandepanbukutabungan-maf_Applicant.jpeg
fpkbelakang-maf;2025051022024016036776_fpkbelakang-maf_Applicant.jpeg
fpkdepan-maf;2025051022024016036776_fpkdepan-maf_Applicant.jpeg
tempatusahadepan-maf;2025051022024016036776_tempatusahadepan-maf_Applicant.jpeg
rumahdepan-maf;2025051022024016036776_rumahdepan-maf_Applicant.jpeg
pasanganttdcmo-maf;2025051022024016036776_pasanganttdcmo-maf_Applicant.jpeg
nasabahttdcmo-maf;2025051022024016036776_nasabahttdcmo-maf_Applicant.jpeg
allobank-maf;2025051022024016036776_allobank-maf_Applicant.jpeg
rumahjalan-maf;2025051022024016036776_rumahjalan-maf_Applicant.jpeg
bpkbdepan-maf;2025051022024016036776_bpkbdepan-maf_Applicant.jpeg
bpkbbelakang-maf;2025051022024016036776_bpkbbelakang-maf_Applicant.jpeg
unitdepankiri-maf;2025051022024016017539_unitdepankiri-maf_Applicant.jpeg
salaryslip-maf;2025051022024016017539_salaryslip-maf_Applicant.jpeg
nomorrumah-maf;2025051022024016017539_nomorrumah-maf_Applicant.jpeg
dalamrumah-maf;2025051022024016017539_dalamrumah-maf_Applicant.jpeg
buktipenghasilanusaha-maf;2025051022024016017539_buktipenghasilanusaha-maf_Applicant.jpeg
perizinanusaha-maf;2025051022024016017539_perizinanusaha-maf_Applicant.jpeg
buktikepemilikanusaha-maf;2025051022024016017539_buktikepemilikanusaha-maf_Applicant.jpeg
rangkanomesin-maf;2025051022024016017539_rangkanomesin-maf_Applicant.jpeg
pbbrekening-maf;2025050922023267387520_pbbrekening-maf_Applicant.jpeg
kksuratnikah-maf;2025050922023267387520_kksuratnikah-maf_Applicant.jpeg
halamandepanbukutabungan-maf;2025050922023267387520_halamandepanbukutabungan-maf_Applicant.jpeg
fpkbelakang-maf;2025050922023267387520_fpkbelakang-maf_Applicant.jpeg
fpkdepan-maf;2025050922023267387520_fpkdepan-maf_Applicant.jpeg
tempatusahadepan-maf;2025050922023267387520_tempatusahadepan-maf_Applicant.jpeg
rumahdepan-maf;2025050922023267387520_rumahdepan-maf_Applicant.jpeg
pasanganttdcmo-maf;2025050922023267387520_pasanganttdcmo-maf_Applicant.jpeg
nasabahttdcmo-maf;2025050922023267387520_nasabahttdcmo-maf_Applicant.jpeg
allobank-maf;2025050922023267387520_allobank-maf_Applicant.jpeg
rumahjalan-maf;2025050922023267387520_rumahjalan-maf_Applicant.jpeg
bpkbdepan-maf;2025050922023267387520_bpkbdepan-maf_Applicant.jpeg
bpkbbelakang-maf;2025050922023267387520_bpkbbelakang-maf_Applicant.jpeg
stnkpajak-maf;2025050922023267387520_stnkpajak-maf_Applicant.jpeg
unitdepankanan-maf;2025050922023267387520_unitdepankanan-maf_Applicant.jpeg
unitdepankiri-maf;2025050922023267387520_unitdepankiri-maf_Applicant.jpeg
salaryslip-maf;2025050922023267387520_salaryslip-maf_Applicant.jpeg
nomorrumah-maf;2025050922023267387520_nomorrumah-maf_Applicant.jpeg
dalamrumah-maf;2025050922023267387520_dalamrumah-maf_Applicant.jpeg
buktipenghasilanusaha-maf;2025050922023267387520_buktipenghasilanusaha-maf_Applicant.jpeg
perizinanusaha-maf;2025050922023267387520_perizinanusaha-maf_Applicant.jpeg
buktikepemilikanusaha-maf;2025050922023267387520_buktikepemilikanusaha-maf_Applicant.jpeg
rangkanomesin-maf;2025050922023267387520_rangkanomesin-maf_Applicant.jpeg
stnkpajak-maf;2025051022024016036776_stnkpajak-maf_Applicant.jpeg
unitdepankanan-maf;2025051022024016036776_unitdepankanan-maf_Applicant.jpeg
unitdepankiri-maf;2025051022024016036776_unitdepankiri-maf_Applicant.jpeg
salaryslip-maf;2025051022024016036776_salaryslip-maf_Applicant.jpeg
nomorrumah-maf;2025051022024016036776_nomorrumah-maf_Applicant.jpeg
dalamrumah-maf;2025051022024016036776_dalamrumah-maf_Applicant.jpeg
rangkanomesin-maf;2025051022024016036776_rangkanomesin-maf_Applicant.jpeg
pbbrekening-maf;2025051022024016017539_pbbrekening-maf_Applicant.jpeg
kksuratnikah-maf;2025051022024016017539_kksuratnikah-maf_Applicant.jpeg
halamandepanbukutabungan-maf;2025051022024016017539_halamandepanbukutabungan-maf_Applicant.jpeg
fpkbelakang-maf;2025051022024016017539_fpkbelakang-maf_Applicant.jpeg
fpkdepan-maf;2025051022024016017539_fpkdepan-maf_Applicant.jpeg
tempatusahadepan-maf;2025051022024016017539_tempatusahadepan-maf_Applicant.jpeg
rumahdepan-maf;2025051022024016017539_rumahdepan-maf_Applicant.jpeg
pasanganttdcmo-maf;2025051022024016017539_pasanganttdcmo-maf_Applicant.jpeg
nasabahttdcmo-maf;2025051022024016017539_nasabahttdcmo-maf_Applicant.jpeg
allobank-maf;2025051022024016017539_allobank-maf_Applicant.jpeg
rumahjalan-maf;2025051022024016017539_rumahjalan-maf_Applicant.jpeg
bpkbdepan-maf;2025051022024016017539_bpkbdepan-maf_Applicant.jpeg
bpkbbelakang-maf;2025051022024016017539_bpkbbelakang-maf_Applicant.jpeg
stnkpajak-maf;2025051022024016017539_stnkpajak-maf_Applicant.jpeg
unitdepankanan-maf;2025051022024016017539_unitdepankanan-maf_Applicant.jpeg
pbbrekening-maf;2025051222024338487522_pbbrekening-maf_Applicant.jpeg
kksuratnikah-maf;2025051222024338487522_kksuratnikah-maf_Applicant.jpeg
halamandepanbukutabungan-maf;2025051222024338487522_halamandepanbukutabungan-maf_Applicant.jpeg
fpkbelakang-maf;2025051222024338487522_fpkbelakang-maf_Applicant.jpeg
fpkdepan-maf;2025051222024338487522_fpkdepan-maf_Applicant.jpeg
tempatusahadepan-maf;2025051222024338487522_tempatusahadepan-maf_Applicant.jpeg
rumahdepan-maf;2025051222024338487522_rumahdepan-maf_Applicant.jpeg
pasanganttdcmo-maf;2025051222024338487522_pasanganttdcmo-maf_Applicant.jpeg
pbbrekening-maf;2025051222024016015277_pbbrekening-maf_Applicant.jpeg
kksuratnikah-maf;2025051222024016015277_kksuratnikah-maf_Applicant.jpeg
halamandepanbukutabungan-maf;2025051222024016015277_halamandepanbukutabungan-maf_Applicant.jpeg
fpkbelakang-maf;2025051222024016015277_fpkbelakang-maf_Applicant.jpeg
fpkdepan-maf;2025051222024016015277_fpkdepan-maf_Applicant.jpeg
tempatusahadepan-maf;2025051222024016015277_tempatusahadepan-maf_Applicant.jpeg
rumahdepan-maf;2025051222024016015277_rumahdepan-maf_Applicant.jpeg
pasanganttdcmo-maf;2025051222024016015277_pasanganttdcmo-maf_Applicant.jpeg
nasabahttdcmo-maf;2025051222024016015277_nasabahttdcmo-maf_Applicant.jpeg
allobank-maf;2025051222024016015277_allobank-maf_Applicant.jpeg
rumahjalan-maf;2025051222024016015277_rumahjalan-maf_Applicant.jpeg
bpkbdepan-maf;2025051222024016015277_bpkbdepan-maf_Applicant.jpeg
bpkbbelakang-maf;2025051222024016015277_bpkbbelakang-maf_Applicant.jpeg
stnkpajak-maf;2025051222024016015277_stnkpajak-maf_Applicant.jpeg
unitdepankanan-maf;2025051222024016015277_unitdepankanan-maf_Applicant.jpeg
unitdepankiri-maf;2025051222024016015277_unitdepankiri-maf_Applicant.jpeg
salaryslip-maf;2025051222024016015277_salaryslip-maf_Applicant.jpeg
nomorrumah-maf;2025051222024016015277_nomorrumah-maf_Applicant.jpeg
dalamrumah-maf;2025051222024016015277_dalamrumah-maf_Applicant.jpeg
buktipenghasilanusaha-maf;2025051222024016015277_buktipenghasilanusaha-maf_Applicant.jpeg
perizinanusaha-maf;2025051222024016015277_perizinanusaha-maf_Applicant.jpeg
buktikepemilikanusaha-maf;2025051222024016015277_buktikepemilikanusaha-maf_Applicant.jpeg
rangkanomesin-maf;2025051222024016015277_rangkanomesin-maf_Applicant.jpeg
pbbrekening-maf;2025051222022482773836_pbbrekening-maf_Applicant.jpeg
kksuratnikah-maf;2025051222022482773836_kksuratnikah-maf_Applicant.jpeg
halamandepanbukutabungan-maf;2025051222022482773836_halamandepanbukutabungan-maf_Applicant.jpeg
fpkbelakang-maf;2025051222022482773836_fpkbelakang-maf_Applicant.jpeg
fpkdepan-maf;2025051222022482773836_fpkdepan-maf_Applicant.jpeg
tempatusahadepan-maf;2025051222022482773836_tempatusahadepan-maf_Applicant.jpeg
rumahdepan-maf;2025051222022482773836_rumahdepan-maf_Applicant.jpeg
pasanganttdcmo-maf;2025051222022482773836_pasanganttdcmo-maf_Applicant.jpeg
nasabahttdcmo-maf;2025051222022482773836_nasabahttdcmo-maf_Applicant.jpeg
nasabahttdcmo-maf;2025051222024338487522_nasabahttdcmo-maf_Applicant.jpeg
allobank-maf;2025051222024338487522_allobank-maf_Applicant.jpeg
rumahjalan-maf;2025051222024338487522_rumahjalan-maf_Applicant.jpeg
bpkbdepan-maf;2025051222024338487522_bpkbdepan-maf_Applicant.jpeg
bpkbbelakang-maf;2025051222024338487522_bpkbbelakang-maf_Applicant.jpeg
stnkpajak-maf;2025051222024338487522_stnkpajak-maf_Applicant.jpeg
unitdepankanan-maf;2025051222024338487522_unitdepankanan-maf_Applicant.jpeg
unitdepankiri-maf;2025051222024338487522_unitdepankiri-maf_Applicant.jpeg
salaryslip-maf;2025051222024338487522_salaryslip-maf_Applicant.jpeg
nomorrumah-maf;2025051222024338487522_nomorrumah-maf_Applicant.jpeg
dalamrumah-maf;2025051222024338487522_dalamrumah-maf_Applicant.jpeg
rangkanomesin-maf;2025051222024338487522_rangkanomesin-maf_Applicant.jpeg
allobank-maf;2025051222022482773836_allobank-maf_Applicant.jpeg
rumahjalan-maf;2025051222022482773836_rumahjalan-maf_Applicant.jpeg
bpkbdepan-maf;2025051222022482773836_bpkbdepan-maf_Applicant.jpeg
bpkbbelakang-maf;2025051222022482773836_bpkbbelakang-maf_Applicant.jpeg
stnkpajak-maf;2025051222022482773836_stnkpajak-maf_Applicant.jpeg
unitdepankanan-maf;2025051222022482773836_unitdepankanan-maf_Applicant.jpeg
unitdepankiri-maf;2025051222022482773836_unitdepankiri-maf_Applicant.jpeg
salaryslip-maf;2025051222022482773836_salaryslip-maf_Applicant.jpeg
nomorrumah-maf;2025051222022482773836_nomorrumah-maf_Applicant.jpeg
dalamrumah-maf;2025051222022482773836_dalamrumah-maf_Applicant.jpeg
rangkanomesin-maf;2025051222022482773836_rangkanomesin-maf_Applicant.jpeg
unitdepankiri-maf;2025051322024338456545_unitdepankiri-maf_Applicant.jpeg
salaryslip-maf;2025051322024338456545_salaryslip-maf_Applicant.jpeg
nomorrumah-maf;2025051322024338456545_nomorrumah-maf_Applicant.jpeg
dalamrumah-maf;2025051322024338456545_dalamrumah-maf_Applicant.jpeg
rangkanomesin-maf;2025051322024338456545_rangkanomesin-maf_Applicant.jpeg
pbbrekening-maf;2025051222023267311536_pbbrekening-maf_Applicant.jpeg
kksuratnikah-maf;2025051222023267311536_kksuratnikah-maf_Applicant.jpeg
halamandepanbukutabungan-maf;2025051222023267311536_halamandepanbukutabungan-maf_Applicant.jpeg
fpkbelakang-maf;2025051222023267311536_fpkbelakang-maf_Applicant.jpeg
fpkdepan-maf;2025051222023267311536_fpkdepan-maf_Applicant.jpeg
tempatusahadepan-maf;2025051222023267311536_tempatusahadepan-maf_Applicant.jpeg
rumahdepan-maf;2025051222023267311536_rumahdepan-maf_Applicant.jpeg
pasanganttdcmo-maf;2025051222023267311536_pasanganttdcmo-maf_Applicant.jpeg
nasabahttdcmo-maf;2025051222023267311536_nasabahttdcmo-maf_Applicant.jpeg
allobank-maf;2025051222023267311536_allobank-maf_Applicant.jpeg
rumahjalan-maf;2025051222023267311536_rumahjalan-maf_Applicant.jpeg
bpkbdepan-maf;2025051222023267311536_bpkbdepan-maf_Applicant.jpeg
bpkbbelakang-maf;2025051222023267311536_bpkbbelakang-maf_Applicant.jpeg
stnkpajak-maf;2025051222023267311536_stnkpajak-maf_Applicant.jpeg
unitdepankanan-maf;2025051222023267311536_unitdepankanan-maf_Applicant.jpeg
unitdepankiri-maf;2025051222023267311536_unitdepankiri-maf_Applicant.jpeg
salaryslip-maf;2025051222023267311536_salaryslip-maf_Applicant.jpeg
nomorrumah-maf;2025051222023267311536_nomorrumah-maf_Applicant.jpeg
pbbrekening-maf;2025051322024227927284_pbbrekening-maf_Applicant.jpeg
kksuratnikah-maf;2025051322024227927284_kksuratnikah-maf_Applicant.jpeg
halamandepanbukutabungan-maf;2025051322024227927284_halamandepanbukutabungan-maf_Applicant.jpeg
fpkbelakang-maf;2025051322024227927284_fpkbelakang-maf_Applicant.jpeg
fpkdepan-maf;2025051322024227927284_fpkdepan-maf_Applicant.jpeg
tempatusahadepan-maf;2025051322024227927284_tempatusahadepan-maf_Applicant.jpeg
rumahdepan-maf;2025051322024227927284_rumahdepan-maf_Applicant.jpeg
pasanganttdcmo-maf;2025051322024227927284_pasanganttdcmo-maf_Applicant.jpeg
nasabahttdcmo-maf;2025051322024227927284_nasabahttdcmo-maf_Applicant.jpeg
allobank-maf;2025051322024227927284_allobank-maf_Applicant.jpeg
rumahjalan-maf;2025051322024227927284_rumahjalan-maf_Applicant.jpeg
bpkbdepan-maf;2025051322024227927284_bpkbdepan-maf_Applicant.jpeg
bpkbbelakang-maf;2025051322024227927284_bpkbbelakang-maf_Applicant.jpeg
stnkpajak-maf;2025051322024227927284_stnkpajak-maf_Applicant.jpeg
unitdepankanan-maf;2025051322024227927284_unitdepankanan-maf_Applicant.jpeg
unitdepankiri-maf;2025051322024227927284_unitdepankiri-maf_Applicant.jpeg
salaryslip-maf;2025051322024227927284_salaryslip-maf_Applicant.jpeg
nomorrumah-maf;2025051322024227927284_nomorrumah-maf_Applicant.jpeg
dalamrumah-maf;2025051322024227927284_dalamrumah-maf_Applicant.jpeg
rangkanomesin-maf;2025051322024227927284_rangkanomesin-maf_Applicant.jpeg
pbbrekening-maf;2025051322022482739914_pbbrekening-maf_Applicant.jpeg
kksuratnikah-maf;2025051322022482739914_kksuratnikah-maf_Applicant.jpeg
halamandepanbukutabungan-maf;2025051322022482739914_halamandepanbukutabungan-maf_Applicant.jpeg
fpkbelakang-maf;2025051322022482739914_fpkbelakang-maf_Applicant.jpeg
fpkdepan-maf;2025051322022482739914_fpkdepan-maf_Applicant.jpeg
pbbrekening-maf;2025051322024338456545_pbbrekening-maf_Applicant.jpeg
kksuratnikah-maf;2025051322024338456545_kksuratnikah-maf_Applicant.jpeg
halamandepanbukutabungan-maf;2025051322024338456545_halamandepanbukutabungan-maf_Applicant.jpeg
fpkbelakang-maf;2025051322024338456545_fpkbelakang-maf_Applicant.jpeg
fpkdepan-maf;2025051322024338456545_fpkdepan-maf_Applicant.jpeg
tempatusahadepan-maf;2025051322024338456545_tempatusahadepan-maf_Applicant.jpeg
rumahdepan-maf;2025051322024338456545_rumahdepan-maf_Applicant.jpeg
pasanganttdcmo-maf;2025051322024338456545_pasanganttdcmo-maf_Applicant.jpeg
nasabahttdcmo-maf;2025051322024338456545_nasabahttdcmo-maf_Applicant.jpeg
allobank-maf;2025051322024338456545_allobank-maf_Applicant.jpeg
rumahjalan-maf;2025051322024338456545_rumahjalan-maf_Applicant.jpeg
bpkbdepan-maf;2025051322024338456545_bpkbdepan-maf_Applicant.jpeg
bpkbbelakang-maf;2025051322024338456545_bpkbbelakang-maf_Applicant.jpeg
stnkpajak-maf;2025051322024338456545_stnkpajak-maf_Applicant.jpeg
unitdepankanan-maf;2025051322024338456545_unitdepankanan-maf_Applicant.jpeg
unitdepankiri-maf;2025051422024338464303_unitdepankiri-maf_Applicant.jpeg
salaryslip-maf;2025051422024338464303_salaryslip-maf_Applicant.jpeg
nomorrumah-maf;2025051422024338464303_nomorrumah-maf_Applicant.jpeg
dalamrumah-maf;2025051422024338464303_dalamrumah-maf_Applicant.jpeg
rangkanomesin-maf;2025051422024338464303_rangkanomesin-maf_Applicant.jpeg
pbbrekening-maf;2025050622022697721253_pbbrekening-maf_Applicant.jpeg
kksuratnikah-maf;2025050622022697721253_kksuratnikah-maf_Applicant.jpeg
halamandepanbukutabungan-maf;2025050622022697721253_halamandepanbukutabungan-maf_Applicant.png
fpkbelakang-maf;2025050622022697721253_fpkbelakang-maf_Applicant.jpeg
fpkdepan-maf;2025050622022697721253_fpkdepan-maf_Applicant.jpeg
tempatusahadepan-maf;2025050622022697721253_tempatusahadepan-maf_Applicant.jpeg
rumahdepan-maf;2025050622022697721253_rumahdepan-maf_Applicant.jpeg
pasanganttdcmo-maf;2025050622022697721253_pasanganttdcmo-maf_Applicant.jpeg
nasabahttdcmo-maf;2025050622022697721253_nasabahttdcmo-maf_Applicant.jpeg
allobank-maf;2025050622022697721253_allobank-maf_Applicant.jpeg
rumahjalan-maf;2025050622022697721253_rumahjalan-maf_Applicant.jpeg
bpkbdepan-maf;2025050622022697721253_bpkbdepan-maf_Applicant.jpeg
bpkbbelakang-maf;2025050622022697721253_bpkbbelakang-maf_Applicant.jpeg
stnkpajak-maf;2025050622022697721253_stnkpajak-maf_Applicant.jpeg
unitdepankanan-maf;2025050622022697721253_unitdepankanan-maf_Applicant.jpeg
unitdepankiri-maf;2025050622022697721253_unitdepankiri-maf_Applicant.jpeg
salaryslip-maf;2025050622022697721253_salaryslip-maf_Applicant.jpeg
nomorrumah-maf;2025050622022697721253_nomorrumah-maf_Applicant.jpeg
dalamrumah-maf;2025050622022697721253_dalamrumah-maf_Applicant.jpeg
tempatusahadepan-maf;2025051322022482739914_tempatusahadepan-maf_Applicant.jpeg
rumahdepan-maf;2025051322022482739914_rumahdepan-maf_Applicant.jpeg
pasanganttdcmo-maf;2025051322022482739914_pasanganttdcmo-maf_Applicant.jpeg
nasabahttdcmo-maf;2025051322022482739914_nasabahttdcmo-maf_Applicant.jpeg
allobank-maf;2025051322022482739914_allobank-maf_Applicant.jpeg
rumahjalan-maf;2025051322022482739914_rumahjalan-maf_Applicant.jpeg
bpkbdepan-maf;2025051322022482739914_bpkbdepan-maf_Applicant.jpeg
bpkbbelakang-maf;2025051322022482739914_bpkbbelakang-maf_Applicant.jpeg
stnkpajak-maf;2025051322022482739914_stnkpajak-maf_Applicant.jpeg
unitdepankanan-maf;2025051322022482739914_unitdepankanan-maf_Applicant.jpeg
unitdepankiri-maf;2025051322022482739914_unitdepankiri-maf_Applicant.jpeg
salaryslip-maf;2025051322022482739914_salaryslip-maf_Applicant.jpeg
nomorrumah-maf;2025051322022482739914_nomorrumah-maf_Applicant.jpeg
dalamrumah-maf;2025051322022482739914_dalamrumah-maf_Applicant.jpeg
rangkanomesin-maf;2025051322022482739914_rangkanomesin-maf_Applicant.jpeg
pbbrekening-maf;2025051322023363422585_pbbrekening-maf_Applicant.jpeg
kksuratnikah-maf;2025051322023363422585_kksuratnikah-maf_Applicant.jpeg
halamandepanbukutabungan-maf;2025051322023363422585_halamandepanbukutabungan-maf_Applicant.jpeg
fpkbelakang-maf;2025051322023363422585_fpkbelakang-maf_Applicant.jpeg
fpkdepan-maf;2025051322023363422585_fpkdepan-maf_Applicant.jpeg
tempatusahadepan-maf;2025051322023363422585_tempatusahadepan-maf_Applicant.jpeg
rumahdepan-maf;2025051322023363422585_rumahdepan-maf_Applicant.jpeg
pasanganttdcmo-maf;2025051322023363422585_pasanganttdcmo-maf_Applicant.jpeg
nasabahttdcmo-maf;2025051322023363422585_nasabahttdcmo-maf_Applicant.jpeg
allobank-maf;2025051322023363422585_allobank-maf_Applicant.jpeg
rumahjalan-maf;2025051322023363422585_rumahjalan-maf_Applicant.jpeg
pbbrekening-maf;2025051322022482768112_pbbrekening-maf_Applicant.jpeg
kksuratnikah-maf;2025051322022482768112_kksuratnikah-maf_Applicant.jpeg
halamandepanbukutabungan-maf;2025051322022482768112_halamandepanbukutabungan-maf_Applicant.jpeg
fpkbelakang-maf;2025051322022482768112_fpkbelakang-maf_Applicant.jpeg
fpkdepan-maf;2025051322022482768112_fpkdepan-maf_Applicant.jpeg
tempatusahadepan-maf;2025051322022482768112_tempatusahadepan-maf_Applicant.jpeg
rumahdepan-maf;2025051322022482768112_rumahdepan-maf_Applicant.jpeg
pasanganttdcmo-maf;2025051322022482768112_pasanganttdcmo-maf_Applicant.jpeg
nasabahttdcmo-maf;2025051322022482768112_nasabahttdcmo-maf_Applicant.jpeg
allobank-maf;2025051322022482768112_allobank-maf_Applicant.jpeg
rumahjalan-maf;2025051322022482768112_rumahjalan-maf_Applicant.jpeg
bpkbdepan-maf;2025051322022482768112_bpkbdepan-maf_Applicant.jpeg
bpkbbelakang-maf;2025051322022482768112_bpkbbelakang-maf_Applicant.jpeg
bpkbdepan-maf;2025051322023363422585_bpkbdepan-maf_Applicant.jpeg
bpkbbelakang-maf;2025051322023363422585_bpkbbelakang-maf_Applicant.jpeg
stnkpajak-maf;2025051322023363422585_stnkpajak-maf_Applicant.jpeg
unitdepankanan-maf;2025051322023363422585_unitdepankanan-maf_Applicant.jpeg
unitdepankiri-maf;2025051322023363422585_unitdepankiri-maf_Applicant.jpeg
salaryslip-maf;2025051322023363422585_salaryslip-maf_Applicant.jpeg
nomorrumah-maf;2025051322023363422585_nomorrumah-maf_Applicant.jpeg
dalamrumah-maf;2025051322023363422585_dalamrumah-maf_Applicant.jpeg
rangkanomesin-maf;2025051322023363422585_rangkanomesin-maf_Applicant.jpeg
dalamrumah-maf;2025051222023267311536_dalamrumah-maf_Applicant.jpeg
rangkanomesin-maf;2025051222023267311536_rangkanomesin-maf_Applicant.jpeg
pbbrekening-maf;2025051322024252643557_pbbrekening-maf_Applicant.jpeg
kksuratnikah-maf;2025051322024252643557_kksuratnikah-maf_Applicant.jpeg
halamandepanbukutabungan-maf;2025051322024252643557_halamandepanbukutabungan-maf_Applicant.jpeg
fpkbelakang-maf;2025051322024252643557_fpkbelakang-maf_Applicant.jpeg
fpkdepan-maf;2025051322024252643557_fpkdepan-maf_Applicant.jpeg
tempatusahadepan-maf;2025051322024252643557_tempatusahadepan-maf_Applicant.jpeg
rumahdepan-maf;2025051322024252643557_rumahdepan-maf_Applicant.jpeg
pasanganttdcmo-maf;2025051322024252643557_pasanganttdcmo-maf_Applicant.jpeg
nasabahttdcmo-maf;2025051322024252643557_nasabahttdcmo-maf_Applicant.jpeg
allobank-maf;2025051322024252643557_allobank-maf_Applicant.jpeg
rumahjalan-maf;2025051322024252643557_rumahjalan-maf_Applicant.jpeg
bpkbdepan-maf;2025051322024252643557_bpkbdepan-maf_Applicant.jpeg
bpkbbelakang-maf;2025051322024252643557_bpkbbelakang-maf_Applicant.jpeg
stnkpajak-maf;2025051322024252643557_stnkpajak-maf_Applicant.jpeg
unitdepankanan-maf;2025051322024252643557_unitdepankanan-maf_Applicant.jpeg
unitdepankiri-maf;2025051322024252643557_unitdepankiri-maf_Applicant.jpeg
salaryslip-maf;2025051322024252643557_salaryslip-maf_Applicant.jpeg
nomorrumah-maf;2025051322024252643557_nomorrumah-maf_Applicant.jpeg
dalamrumah-maf;2025051322024252643557_dalamrumah-maf_Applicant.jpeg
rangkanomesin-maf;2025051322024252643557_rangkanomesin-maf_Applicant.jpeg
salaryslip-maf;2025051322023267340416_salaryslip-maf_Applicant.jpeg
nomorrumah-maf;2025051322023267340416_nomorrumah-maf_Applicant.jpeg
dalamrumah-maf;2025051322023267340416_dalamrumah-maf_Applicant.jpeg
rangkanomesin-maf;2025051322023267340416_rangkanomesin-maf_Applicant.jpeg
pbbrekening-maf;2025051322021298157726_pbbrekening-maf_Applicant.jpeg
kksuratnikah-maf;2025051322021298157726_kksuratnikah-maf_Applicant.jpeg
halamandepanbukutabungan-maf;2025051322021298157726_halamandepanbukutabungan-maf_Applicant.jpeg
fpkbelakang-maf;2025051322021298157726_fpkbelakang-maf_Applicant.jpeg
fpkdepan-maf;2025051322021298157726_fpkdepan-maf_Applicant.jpeg
tempatusahadepan-maf;2025051322021298157726_tempatusahadepan-maf_Applicant.jpeg
rumahdepan-maf;2025051322021298157726_rumahdepan-maf_Applicant.jpeg
pasanganttdcmo-maf;2025051322021298157726_pasanganttdcmo-maf_Applicant.jpeg
nasabahttdcmo-maf;2025051322021298157726_nasabahttdcmo-maf_Applicant.jpeg
allobank-maf;2025051322021298157726_allobank-maf_Applicant.jpeg
rumahjalan-maf;2025051322021298157726_rumahjalan-maf_Applicant.jpeg
bpkbdepan-maf;2025051322021298157726_bpkbdepan-maf_Applicant.jpeg
bpkbbelakang-maf;2025051322021298157726_bpkbbelakang-maf_Applicant.jpeg
stnkpajak-maf;2025051322021298157726_stnkpajak-maf_Applicant.jpeg
unitdepankanan-maf;2025051322021298157726_unitdepankanan-maf_Applicant.jpeg
unitdepankiri-maf;2025051322021298157726_unitdepankiri-maf_Applicant.jpeg
stnkpajak-maf;2025051322022482768112_stnkpajak-maf_Applicant.jpeg
unitdepankanan-maf;2025051322022482768112_unitdepankanan-maf_Applicant.jpeg
unitdepankiri-maf;2025051322022482768112_unitdepankiri-maf_Applicant.jpeg
salaryslip-maf;2025051322022482768112_salaryslip-maf_Applicant.jpeg
nomorrumah-maf;2025051322022482768112_nomorrumah-maf_Applicant.jpeg
dalamrumah-maf;2025051322022482768112_dalamrumah-maf_Applicant.jpeg
rangkanomesin-maf;2025051322022482768112_rangkanomesin-maf_Applicant.jpeg
pbbrekening-maf;2025051322023267340416_pbbrekening-maf_Applicant.jpeg
kksuratnikah-maf;2025051322023267340416_kksuratnikah-maf_Applicant.jpeg
halamandepanbukutabungan-maf;2025051322023267340416_halamandepanbukutabungan-maf_Applicant.jpeg
fpkbelakang-maf;2025051322023267340416_fpkbelakang-maf_Applicant.jpeg
fpkdepan-maf;2025051322023267340416_fpkdepan-maf_Applicant.jpeg
tempatusahadepan-maf;2025051322023267340416_tempatusahadepan-maf_Applicant.jpeg
rumahdepan-maf;2025051322023267340416_rumahdepan-maf_Applicant.jpeg
pasanganttdcmo-maf;2025051322023267340416_pasanganttdcmo-maf_Applicant.jpeg
nasabahttdcmo-maf;2025051322023267340416_nasabahttdcmo-maf_Applicant.jpeg
allobank-maf;2025051322023267340416_allobank-maf_Applicant.jpeg
rumahjalan-maf;2025051322023267340416_rumahjalan-maf_Applicant.jpeg
bpkbdepan-maf;2025051322023267340416_bpkbdepan-maf_Applicant.jpeg
bpkbbelakang-maf;2025051322023267340416_bpkbbelakang-maf_Applicant.jpeg
stnkpajak-maf;2025051322023267340416_stnkpajak-maf_Applicant.jpeg
unitdepankanan-maf;2025051322023267340416_unitdepankanan-maf_Applicant.jpeg
unitdepankiri-maf;2025051322023267340416_unitdepankiri-maf_Applicant.jpeg
dalamrumah-maf;2025051122021104148259_dalamrumah-maf_Applicant.jpeg
buktipenghasilanusaha-maf;2025051122021104148259_buktipenghasilanusaha-maf_Applicant.jpeg
perizinanusaha-maf;2025051122021104148259_perizinanusaha-maf_Applicant.jpeg
buktikepemilikanusaha-maf;2025051122021104148259_buktikepemilikanusaha-maf_Applicant.jpeg
rangkanomesin-maf;2025051122021104148259_rangkanomesin-maf_Applicant.jpeg
pbbrekening-maf;2025051322016076324971_pbbrekening-maf_Applicant.jpeg
kksuratnikah-maf;2025051322016076324971_kksuratnikah-maf_Applicant.jpeg
halamandepanbukutabungan-maf;2025051322016076324971_halamandepanbukutabungan-maf_Applicant.jpeg
fpkbelakang-maf;2025051322016076324971_fpkbelakang-maf_Applicant.jpeg
fpkdepan-maf;2025051322016076324971_fpkdepan-maf_Applicant.jpeg
tempatusahadepan-maf;2025051322016076324971_tempatusahadepan-maf_Applicant.jpeg
rumahdepan-maf;2025051322016076324971_rumahdepan-maf_Applicant.jpeg
pasanganttdcmo-maf;2025051322016076324971_pasanganttdcmo-maf_Applicant.jpeg
nasabahttdcmo-maf;2025051322016076324971_nasabahttdcmo-maf_Applicant.jpeg
allobank-maf;2025051322016076324971_allobank-maf_Applicant.jpeg
rumahjalan-maf;2025051322016076324971_rumahjalan-maf_Applicant.jpeg
bpkbdepan-maf;2025051322016076324971_bpkbdepan-maf_Applicant.jpeg
bpkbbelakang-maf;2025051322016076324971_bpkbbelakang-maf_Applicant.jpeg
stnkpajak-maf;2025051322016076324971_stnkpajak-maf_Applicant.jpeg
unitdepankanan-maf;2025051322016076324971_unitdepankanan-maf_Applicant.jpeg
unitdepankiri-maf;2025051322016076324971_unitdepankiri-maf_Applicant.jpeg
salaryslip-maf;2025051322016076324971_salaryslip-maf_Applicant.jpeg
nomorrumah-maf;2025051322016076324971_nomorrumah-maf_Applicant.jpeg
dalamrumah-maf;2025051322016076324971_dalamrumah-maf_Applicant.jpeg
rangkanomesin-maf;2025051322016076324971_rangkanomesin-maf_Applicant.jpeg
pbbrekening-maf;2025051322016076393431_pbbrekening-maf_Applicant.jpeg
kksuratnikah-maf;2025051322016076393431_kksuratnikah-maf_Applicant.jpeg
halamandepanbukutabungan-maf;2025051322016076393431_halamandepanbukutabungan-maf_Applicant.jpeg
fpkbelakang-maf;2025051322016076393431_fpkbelakang-maf_Applicant.jpeg
fpkdepan-maf;2025051322016076393431_fpkdepan-maf_Applicant.jpeg
tempatusahadepan-maf;2025051322016076393431_tempatusahadepan-maf_Applicant.jpeg
rumahdepan-maf;2025051322016076393431_rumahdepan-maf_Applicant.jpeg
pasanganttdcmo-maf;2025051322016076393431_pasanganttdcmo-maf_Applicant.jpeg
nasabahttdcmo-maf;2025051322016076393431_nasabahttdcmo-maf_Applicant.jpeg
allobank-maf;2025051322016076393431_allobank-maf_Applicant.jpeg
rumahjalan-maf;2025051322016076393431_rumahjalan-maf_Applicant.jpeg
bpkbdepan-maf;2025051322016076393431_bpkbdepan-maf_Applicant.jpeg
bpkbbelakang-maf;2025051322016076393431_bpkbbelakang-maf_Applicant.jpeg
stnkpajak-maf;2025051322016076393431_stnkpajak-maf_Applicant.jpeg
unitdepankanan-maf;2025051322016076393431_unitdepankanan-maf_Applicant.jpeg
unitdepankiri-maf;2025051322016076393431_unitdepankiri-maf_Applicant.jpeg
salaryslip-maf;2025051322016076393431_salaryslip-maf_Applicant.jpeg
nomorrumah-maf;2025051322016076393431_nomorrumah-maf_Applicant.jpeg
salaryslip-maf;2025051322021298157726_salaryslip-maf_Applicant.jpeg
nomorrumah-maf;2025051322021298157726_nomorrumah-maf_Applicant.jpeg
dalamrumah-maf;2025051322021298157726_dalamrumah-maf_Applicant.jpeg
rangkanomesin-maf;2025051322021298157726_rangkanomesin-maf_Applicant.jpeg
pbbrekening-maf;2025051122021104148259_pbbrekening-maf_Applicant.jpeg
kksuratnikah-maf;2025051122021104148259_kksuratnikah-maf_Applicant.jpeg
halamandepanbukutabungan-maf;2025051122021104148259_halamandepanbukutabungan-maf_Applicant.jpeg
fpkbelakang-maf;2025051122021104148259_fpkbelakang-maf_Applicant.jpeg
fpkdepan-maf;2025051122021104148259_fpkdepan-maf_Applicant.jpeg
tempatusahadepan-maf;2025051122021104148259_tempatusahadepan-maf_Applicant.jpeg
rumahdepan-maf;2025051122021104148259_rumahdepan-maf_Applicant.jpeg
pasanganttdcmo-maf;2025051122021104148259_pasanganttdcmo-maf_Applicant.jpeg
nasabahttdcmo-maf;2025051122021104148259_nasabahttdcmo-maf_Applicant.jpeg
allobank-maf;2025051122021104148259_allobank-maf_Applicant.jpeg
rumahjalan-maf;2025051122021104148259_rumahjalan-maf_Applicant.jpeg
bpkbdepan-maf;2025051122021104148259_bpkbdepan-maf_Applicant.jpeg
bpkbbelakang-maf;2025051122021104148259_bpkbbelakang-maf_Applicant.jpeg
stnkpajak-maf;2025051122021104148259_stnkpajak-maf_Applicant.jpeg
unitdepankanan-maf;2025051122021104148259_unitdepankanan-maf_Applicant.jpeg
unitdepankiri-maf;2025051122021104148259_unitdepankiri-maf_Applicant.jpeg
salaryslip-maf;2025051122021104148259_salaryslip-maf_Applicant.jpeg
nomorrumah-maf;2025051122021104148259_nomorrumah-maf_Applicant.jpeg
dalamrumah-maf;2025051322016076393431_dalamrumah-maf_Applicant.jpeg
rangkanomesin-maf;2025051322016076393431_rangkanomesin-maf_Applicant.jpeg
pbbrekening-maf;2025051322024252659694_pbbrekening-maf_Applicant.jpeg
kksuratnikah-maf;2025051322024252659694_kksuratnikah-maf_Applicant.jpeg
halamandepanbukutabungan-maf;2025051322024252659694_halamandepanbukutabungan-maf_Applicant.jpeg
fpkbelakang-maf;2025051322024252659694_fpkbelakang-maf_Applicant.jpeg
fpkdepan-maf;2025051322024252659694_fpkdepan-maf_Applicant.jpeg
tempatusahadepan-maf;2025051322024252659694_tempatusahadepan-maf_Applicant.jpeg
rumahdepan-maf;2025051322024252659694_rumahdepan-maf_Applicant.jpeg
pasanganttdcmo-maf;2025051322024252659694_pasanganttdcmo-maf_Applicant.jpeg
nasabahttdcmo-maf;2025051322024252659694_nasabahttdcmo-maf_Applicant.jpeg
allobank-maf;2025051322024252659694_allobank-maf_Applicant.jpeg
rumahjalan-maf;2025051322024252659694_rumahjalan-maf_Applicant.jpeg
bpkbdepan-maf;2025051322024252659694_bpkbdepan-maf_Applicant.jpeg
bpkbbelakang-maf;2025051322024252659694_bpkbbelakang-maf_Applicant.jpeg
stnkpajak-maf;2025051322024252659694_stnkpajak-maf_Applicant.jpeg
unitdepankanan-maf;2025051322024252659694_unitdepankanan-maf_Applicant.jpeg
unitdepankiri-maf;2025051322024252659694_unitdepankiri-maf_Applicant.jpeg
salaryslip-maf;2025051322024252659694_salaryslip-maf_Applicant.jpeg
nomorrumah-maf;2025051322024252659694_nomorrumah-maf_Applicant.jpeg
dalamrumah-maf;2025051322024252659694_dalamrumah-maf_Applicant.jpeg
rangkanomesin-maf;2025051322024252659694_rangkanomesin-maf_Applicant.jpeg
pbbrekening-maf;2025051322016076392928_pbbrekening-maf_Applicant.jpeg
kksuratnikah-maf;2025051322016076392928_kksuratnikah-maf_Applicant.jpeg
halamandepanbukutabungan-maf;2025051322016076392928_halamandepanbukutabungan-maf_Applicant.jpeg
fpkbelakang-maf;2025051322016076392928_fpkbelakang-maf_Applicant.jpeg
fpkdepan-maf;2025051322016076392928_fpkdepan-maf_Applicant.jpeg
tempatusahadepan-maf;2025051322016076392928_tempatusahadepan-maf_Applicant.jpeg
rumahdepan-maf;2025051322016076392928_rumahdepan-maf_Applicant.jpeg
pasanganttdcmo-maf;2025051322016076392928_pasanganttdcmo-maf_Applicant.jpeg
nasabahttdcmo-maf;2025051322016076392928_nasabahttdcmo-maf_Applicant.jpeg
allobank-maf;2025051322016076392928_allobank-maf_Applicant.jpeg
rumahjalan-maf;2025051322016076392928_rumahjalan-maf_Applicant.jpeg
bpkbdepan-maf;2025051322016076392928_bpkbdepan-maf_Applicant.jpeg
bpkbbelakang-maf;2025051322016076392928_bpkbbelakang-maf_Applicant.jpeg
stnkpajak-maf;2025051322016076392928_stnkpajak-maf_Applicant.jpeg
unitdepankanan-maf;2025051322016076392928_unitdepankanan-maf_Applicant.jpeg
unitdepankiri-maf;2025051322016076392928_unitdepankiri-maf_Applicant.jpeg
salaryslip-maf;2025051322016076392928_salaryslip-maf_Applicant.jpeg
nomorrumah-maf;2025051322016076392928_nomorrumah-maf_Applicant.jpeg
dalamrumah-maf;2025051322016076392928_dalamrumah-maf_Applicant.jpeg
rangkanomesin-maf;2025051322016076392928_rangkanomesin-maf_Applicant.jpeg
pbbrekening-maf;2025051322022677531994_pbbrekening-maf_Applicant.jpeg
kksuratnikah-maf;2025051322022677531994_kksuratnikah-maf_Applicant.jpeg
halamandepanbukutabungan-maf;2025051322022677531994_halamandepanbukutabungan-maf_Applicant.jpeg
fpkbelakang-maf;2025051322022677531994_fpkbelakang-maf_Applicant.jpeg
fpkdepan-maf;2025051322022677531994_fpkdepan-maf_Applicant.jpeg
tempatusahadepan-maf;2025051322022677531994_tempatusahadepan-maf_Applicant.jpeg
rumahdepan-maf;2025051322022677531994_rumahdepan-maf_Applicant.jpeg
pasanganttdcmo-maf;2025051322022677531994_pasanganttdcmo-maf_Applicant.jpeg
nasabahttdcmo-maf;2025051322022677531994_nasabahttdcmo-maf_Applicant.jpeg
allobank-maf;2025051322022677531994_allobank-maf_Applicant.jpeg
rumahjalan-maf;2025051322022677531994_rumahjalan-maf_Applicant.jpeg
bpkbdepan-maf;2025051322022677531994_bpkbdepan-maf_Applicant.jpeg
bpkbbelakang-maf;2025051322022677531994_bpkbbelakang-maf_Applicant.jpeg
stnkpajak-maf;2025051322022677531994_stnkpajak-maf_Applicant.jpeg
unitdepankanan-maf;2025051322022677531994_unitdepankanan-maf_Applicant.jpeg
unitdepankiri-maf;2025051322022677531994_unitdepankiri-maf_Applicant.jpeg
salaryslip-maf;2025051322022677531994_salaryslip-maf_Applicant.jpeg
nomorrumah-maf;2025051322022677531994_nomorrumah-maf_Applicant.jpeg
buktikepemilikanusaha-maf;2025051322021104117617_buktikepemilikanusaha-maf_Applicant.jpeg
rangkanomesin-maf;2025051322021104117617_rangkanomesin-maf_Applicant.jpeg
pbbrekening-maf;2025051322024016060644_pbbrekening-maf_Applicant.jpeg
kksuratnikah-maf;2025051322024016060644_kksuratnikah-maf_Applicant.jpeg
halamandepanbukutabungan-maf;2025051322024016060644_halamandepanbukutabungan-maf_Applicant.jpeg
fpkbelakang-maf;2025051322024016060644_fpkbelakang-maf_Applicant.jpeg
fpkdepan-maf;2025051322024016060644_fpkdepan-maf_Applicant.jpeg
tempatusahadepan-maf;2025051322024016060644_tempatusahadepan-maf_Applicant.jpeg
rumahdepan-maf;2025051322024016060644_rumahdepan-maf_Applicant.jpeg
pasanganttdcmo-maf;2025051322024016060644_pasanganttdcmo-maf_Applicant.jpeg
nasabahttdcmo-maf;2025051322024016060644_nasabahttdcmo-maf_Applicant.jpeg
allobank-maf;2025051322024016060644_allobank-maf_Applicant.jpeg
rumahjalan-maf;2025051322024016060644_rumahjalan-maf_Applicant.jpeg
bpkbdepan-maf;2025051322024016060644_bpkbdepan-maf_Applicant.jpeg
bpkbbelakang-maf;2025051322024016060644_bpkbbelakang-maf_Applicant.jpeg
stnkpajak-maf;2025051322024016060644_stnkpajak-maf_Applicant.jpeg
unitdepankanan-maf;2025051322024016060644_unitdepankanan-maf_Applicant.jpeg
unitdepankiri-maf;2025051322024016060644_unitdepankiri-maf_Applicant.jpeg
salaryslip-maf;2025051322024016060644_salaryslip-maf_Applicant.jpeg
nomorrumah-maf;2025051322024016060644_nomorrumah-maf_Applicant.jpeg
dalamrumah-maf;2025051322024016060644_dalamrumah-maf_Applicant.jpeg
rangkanomesin-maf;2025051322024016060644_rangkanomesin-maf_Applicant.jpeg
pbbrekening-maf;2025051322024252639244_pbbrekening-maf_Applicant.jpeg
kksuratnikah-maf;2025051322024252639244_kksuratnikah-maf_Applicant.jpeg
halamandepanbukutabungan-maf;2025051322024252639244_halamandepanbukutabungan-maf_Applicant.jpeg
fpkbelakang-maf;2025051322024252639244_fpkbelakang-maf_Applicant.jpeg
fpkdepan-maf;2025051322024252639244_fpkdepan-maf_Applicant.jpeg
tempatusahadepan-maf;2025051322024252639244_tempatusahadepan-maf_Applicant.jpeg
rumahdepan-maf;2025051322024252639244_rumahdepan-maf_Applicant.jpeg
pasanganttdcmo-maf;2025051322024252639244_pasanganttdcmo-maf_Applicant.jpeg
nasabahttdcmo-maf;2025051322024252639244_nasabahttdcmo-maf_Applicant.jpeg
allobank-maf;2025051322024252639244_allobank-maf_Applicant.jpeg
rumahjalan-maf;2025051322024252639244_rumahjalan-maf_Applicant.jpeg
bpkbdepan-maf;2025051322024252639244_bpkbdepan-maf_Applicant.jpeg
bpkbbelakang-maf;2025051322024252639244_bpkbbelakang-maf_Applicant.jpeg
stnkpajak-maf;2025051322024252639244_stnkpajak-maf_Applicant.jpeg
unitdepankanan-maf;2025051322024252639244_unitdepankanan-maf_Applicant.jpeg
unitdepankiri-maf;2025051322024252639244_unitdepankiri-maf_Applicant.jpeg
salaryslip-maf;2025051322024252639244_salaryslip-maf_Applicant.jpeg
nomorrumah-maf;2025051322024252639244_nomorrumah-maf_Applicant.jpeg
dalamrumah-maf;2025051322024252639244_dalamrumah-maf_Applicant.jpeg
rangkanomesin-maf;2025051322024252639244_rangkanomesin-maf_Applicant.jpeg
pbbrekening-maf;2025051322021056448062_pbbrekening-maf_Applicant.jpeg
dalamrumah-maf;2025051322022677531994_dalamrumah-maf_Applicant.jpeg
rangkanomesin-maf;2025051322022677531994_rangkanomesin-maf_Applicant.jpeg
pbbrekening-maf;2025051322021104117617_pbbrekening-maf_Applicant.jpeg
kksuratnikah-maf;2025051322021104117617_kksuratnikah-maf_Applicant.jpeg
halamandepanbukutabungan-maf;2025051322021104117617_halamandepanbukutabungan-maf_Applicant.jpeg
fpkbelakang-maf;2025051322021104117617_fpkbelakang-maf_Applicant.jpeg
fpkdepan-maf;2025051322021104117617_fpkdepan-maf_Applicant.jpeg
tempatusahadepan-maf;2025051322021104117617_tempatusahadepan-maf_Applicant.jpeg
rumahdepan-maf;2025051322021104117617_rumahdepan-maf_Applicant.jpeg
pasanganttdcmo-maf;2025051322021104117617_pasanganttdcmo-maf_Applicant.jpeg
nasabahttdcmo-maf;2025051322021104117617_nasabahttdcmo-maf_Applicant.jpeg
allobank-maf;2025051322021104117617_allobank-maf_Applicant.jpeg
rumahjalan-maf;2025051322021104117617_rumahjalan-maf_Applicant.jpeg
bpkbdepan-maf;2025051322021104117617_bpkbdepan-maf_Applicant.jpeg
bpkbbelakang-maf;2025051322021104117617_bpkbbelakang-maf_Applicant.jpeg
stnkpajak-maf;2025051322021104117617_stnkpajak-maf_Applicant.jpeg
unitdepankanan-maf;2025051322021104117617_unitdepankanan-maf_Applicant.jpeg
unitdepankiri-maf;2025051322021104117617_unitdepankiri-maf_Applicant.jpeg
salaryslip-maf;2025051322021104117617_salaryslip-maf_Applicant.jpeg
nomorrumah-maf;2025051322021104117617_nomorrumah-maf_Applicant.jpeg
dalamrumah-maf;2025051322021104117617_dalamrumah-maf_Applicant.jpeg
buktipenghasilanusaha-maf;2025051322021104117617_buktipenghasilanusaha-maf_Applicant.jpeg
perizinanusaha-maf;2025051322021104117617_perizinanusaha-maf_Applicant.jpeg
kksuratnikah-maf;2025051322021056448062_kksuratnikah-maf_Applicant.jpeg
halamandepanbukutabungan-maf;2025051322021056448062_halamandepanbukutabungan-maf_Applicant.jpeg
fpkbelakang-maf;2025051322021056448062_fpkbelakang-maf_Applicant.jpeg
fpkdepan-maf;2025051322021056448062_fpkdepan-maf_Applicant.jpeg
tempatusahadepan-maf;2025051322021056448062_tempatusahadepan-maf_Applicant.jpeg
rumahdepan-maf;2025051322021056448062_rumahdepan-maf_Applicant.jpeg
pasanganttdcmo-maf;2025051322021056448062_pasanganttdcmo-maf_Applicant.jpeg
nasabahttdcmo-maf;2025051322021056448062_nasabahttdcmo-maf_Applicant.jpeg
allobank-maf;2025051322021056448062_allobank-maf_Applicant.jpeg
rumahjalan-maf;2025051322021056448062_rumahjalan-maf_Applicant.jpeg
bpkbdepan-maf;2025051322021056448062_bpkbdepan-maf_Applicant.jpeg
bpkbbelakang-maf;2025051322021056448062_bpkbbelakang-maf_Applicant.jpeg
stnkpajak-maf;2025051322021056448062_stnkpajak-maf_Applicant.jpeg
unitdepankanan-maf;2025051322021056448062_unitdepankanan-maf_Applicant.jpeg
unitdepankiri-maf;2025051322021056448062_unitdepankiri-maf_Applicant.jpeg
salaryslip-maf;2025051322021056448062_salaryslip-maf_Applicant.jpeg
nomorrumah-maf;2025051322021056448062_nomorrumah-maf_Applicant.jpeg
dalamrumah-maf;2025051322021056448062_dalamrumah-maf_Applicant.jpeg
rangkanomesin-maf;2025051322021056448062_rangkanomesin-maf_Applicant.jpeg
dalamrumah-maf;2025051322022677591185_dalamrumah-maf_Applicant.jpeg
buktipenghasilanusaha-maf;2025051322022677591185_buktipenghasilanusaha-maf_Applicant.jpeg
perizinanusaha-maf;2025051322022677591185_perizinanusaha-maf_Applicant.jpeg
buktikepemilikanusaha-maf;2025051322022677591185_buktikepemilikanusaha-maf_Applicant.jpeg
rangkanomesin-maf;2025051322022677591185_rangkanomesin-maf_Applicant.jpeg
pbbrekening-maf;2025051422024338464303_pbbrekening-maf_Applicant.jpeg
kksuratnikah-maf;2025051422024338464303_kksuratnikah-maf_Applicant.jpeg
halamandepanbukutabungan-maf;2025051422024338464303_halamandepanbukutabungan-maf_Applicant.jpeg
fpkbelakang-maf;2025051422024338464303_fpkbelakang-maf_Applicant.jpeg
fpkdepan-maf;2025051422024338464303_fpkdepan-maf_Applicant.jpeg
tempatusahadepan-maf;2025051422024338464303_tempatusahadepan-maf_Applicant.jpeg
rumahdepan-maf;2025051422024338464303_rumahdepan-maf_Applicant.jpeg
pasanganttdcmo-maf;2025051422024338464303_pasanganttdcmo-maf_Applicant.jpeg
nasabahttdcmo-maf;2025051422024338464303_nasabahttdcmo-maf_Applicant.jpeg
allobank-maf;2025051422024338464303_allobank-maf_Applicant.jpeg
rumahjalan-maf;2025051422024338464303_rumahjalan-maf_Applicant.jpeg
bpkbdepan-maf;2025051422024338464303_bpkbdepan-maf_Applicant.jpeg
bpkbbelakang-maf;2025051422024338464303_bpkbbelakang-maf_Applicant.jpeg
stnkpajak-maf;2025051422024338464303_stnkpajak-maf_Applicant.jpeg
unitdepankanan-maf;2025051422024338464303_unitdepankanan-maf_Applicant.jpeg
pbbrekening-maf;2025051322022677591185_pbbrekening-maf_Applicant.jpeg
kksuratnikah-maf;2025051322022677591185_kksuratnikah-maf_Applicant.jpeg
halamandepanbukutabungan-maf;2025051322022677591185_halamandepanbukutabungan-maf_Applicant.jpeg
fpkbelakang-maf;2025051322022677591185_fpkbelakang-maf_Applicant.jpeg
fpkdepan-maf;2025051322022677591185_fpkdepan-maf_Applicant.jpeg
tempatusahadepan-maf;2025051322022677591185_tempatusahadepan-maf_Applicant.jpeg
rumahdepan-maf;2025051322022677591185_rumahdepan-maf_Applicant.jpeg
pasanganttdcmo-maf;2025051322022677591185_pasanganttdcmo-maf_Applicant.jpeg
nasabahttdcmo-maf;2025051322022677591185_nasabahttdcmo-maf_Applicant.jpeg
allobank-maf;2025051322022677591185_allobank-maf_Applicant.jpeg
rumahjalan-maf;2025051322022677591185_rumahjalan-maf_Applicant.jpeg
bpkbdepan-maf;2025051322022677591185_bpkbdepan-maf_Applicant.jpeg
bpkbbelakang-maf;2025051322022677591185_bpkbbelakang-maf_Applicant.jpeg
stnkpajak-maf;2025051322022677591185_stnkpajak-maf_Applicant.jpeg
unitdepankanan-maf;2025051322022677591185_unitdepankanan-maf_Applicant.jpeg
unitdepankiri-maf;2025051322022677591185_unitdepankiri-maf_Applicant.jpeg
salaryslip-maf;2025051322022677591185_salaryslip-maf_Applicant.jpeg
nomorrumah-maf;2025051322022677591185_nomorrumah-maf_Applicant.jpeg
rangkanomesin-maf;2025050622022697721253_rangkanomesin-maf_Applicant.jpeg
pbbrekening-maf;2025051422024016083717_pbbrekening-maf_Applicant.jpeg
kksuratnikah-maf;2025051422024016083717_kksuratnikah-maf_Applicant.jpeg
halamandepanbukutabungan-maf;2025051422024016083717_halamandepanbukutabungan-maf_Applicant.jpeg
fpkbelakang-maf;2025051422024016083717_fpkbelakang-maf_Applicant.jpeg
fpkdepan-maf;2025051422024016083717_fpkdepan-maf_Applicant.jpeg
tempatusahadepan-maf;2025051422024016083717_tempatusahadepan-maf_Applicant.jpeg
rumahdepan-maf;2025051422024016083717_rumahdepan-maf_Applicant.jpeg
pasanganttdcmo-maf;2025051422024016083717_pasanganttdcmo-maf_Applicant.jpeg
nasabahttdcmo-maf;2025051422024016083717_nasabahttdcmo-maf_Applicant.jpeg
allobank-maf;2025051422024016083717_allobank-maf_Applicant.jpeg
rumahjalan-maf;2025051422024016083717_rumahjalan-maf_Applicant.jpeg
bpkbdepan-maf;2025051422024016083717_bpkbdepan-maf_Applicant.jpeg
bpkbbelakang-maf;2025051422024016083717_bpkbbelakang-maf_Applicant.jpeg
stnkpajak-maf;2025051422024016083717_stnkpajak-maf_Applicant.jpeg
unitdepankanan-maf;2025051422024016083717_unitdepankanan-maf_Applicant.jpeg
unitdepankiri-maf;2025051422024016083717_unitdepankiri-maf_Applicant.jpeg
salaryslip-maf;2025051422024016083717_salaryslip-maf_Applicant.jpeg
nomorrumah-maf;2025051422024016083717_nomorrumah-maf_Applicant.jpeg
dalamrumah-maf;2025051422024016083717_dalamrumah-maf_Applicant.jpeg
rangkanomesin-maf;2025051422024016083717_rangkanomesin-maf_Applicant.jpeg
pbbrekening-maf;2025051322023267374296_pbbrekening-maf_Applicant.jpeg
kksuratnikah-maf;2025051322023267374296_kksuratnikah-maf_Applicant.jpeg
halamandepanbukutabungan-maf;2025051322023267374296_halamandepanbukutabungan-maf_Applicant.jpeg
fpkbelakang-maf;2025051322023267374296_fpkbelakang-maf_Applicant.jpeg
fpkdepan-maf;2025051322023267374296_fpkdepan-maf_Applicant.jpeg
tempatusahadepan-maf;2025051322023267374296_tempatusahadepan-maf_Applicant.jpeg
rumahdepan-maf;2025051322023267374296_rumahdepan-maf_Applicant.jpeg
pasanganttdcmo-maf;2025051322023267374296_pasanganttdcmo-maf_Applicant.jpeg
nasabahttdcmo-maf;2025051322023267374296_nasabahttdcmo-maf_Applicant.jpeg
allobank-maf;2025051322023267374296_allobank-maf_Applicant.jpeg
rumahjalan-maf;2025051322023267374296_rumahjalan-maf_Applicant.jpeg
bpkbdepan-maf;2025051322023267374296_bpkbdepan-maf_Applicant.jpeg
bpkbbelakang-maf;2025051322023267374296_bpkbbelakang-maf_Applicant.jpeg
stnkpajak-maf;2025051322023267374296_stnkpajak-maf_Applicant.jpeg
unitdepankanan-maf;2025051322023267374296_unitdepankanan-maf_Applicant.jpeg
unitdepankiri-maf;2025051322023267374296_unitdepankiri-maf_Applicant.jpeg
salaryslip-maf;2025051322023267374296_salaryslip-maf_Applicant.jpeg
nomorrumah-maf;2025051322023267374296_nomorrumah-maf_Applicant.jpeg
dalamrumah-maf;2025051322023267374296_dalamrumah-maf_Applicant.jpeg
pbbrekening-maf;2025051422021056448409_pbbrekening-maf_Applicant.jpeg
kksuratnikah-maf;2025051422021056448409_kksuratnikah-maf_Applicant.jpeg
halamandepanbukutabungan-maf;2025051422021056448409_halamandepanbukutabungan-maf_Applicant.jpeg
fpkbelakang-maf;2025051422021056448409_fpkbelakang-maf_Applicant.jpeg
fpkdepan-maf;2025051422021056448409_fpkdepan-maf_Applicant.jpeg
tempatusahadepan-maf;2025051422021056448409_tempatusahadepan-maf_Applicant.jpeg
rumahdepan-maf;2025051422021056448409_rumahdepan-maf_Applicant.jpeg
pasanganttdcmo-maf;2025051422021056448409_pasanganttdcmo-maf_Applicant.jpeg
nasabahttdcmo-maf;2025051422021056448409_nasabahttdcmo-maf_Applicant.jpeg
allobank-maf;2025051422021056448409_allobank-maf_Applicant.jpeg
rumahjalan-maf;2025051422021056448409_rumahjalan-maf_Applicant.jpeg
bpkbdepan-maf;2025051422021056448409_bpkbdepan-maf_Applicant.jpeg
bpkbbelakang-maf;2025051422021056448409_bpkbbelakang-maf_Applicant.jpeg
stnkpajak-maf;2025051422021056448409_stnkpajak-maf_Applicant.jpeg
unitdepankanan-maf;2025051422021056448409_unitdepankanan-maf_Applicant.jpeg
unitdepankiri-maf;2025051422021056448409_unitdepankiri-maf_Applicant.jpeg
salaryslip-maf;2025051422021056448409_salaryslip-maf_Applicant.jpeg
nomorrumah-maf;2025051422021056448409_nomorrumah-maf_Applicant.jpeg
dalamrumah-maf;2025051422021056448409_dalamrumah-maf_Applicant.jpeg
rangkanomesin-maf;2025051422021056448409_rangkanomesin-maf_Applicant.jpeg
pbbrekening-maf;2025051422024150365965_pbbrekening-maf_Applicant.jpeg
kksuratnikah-maf;2025051422024150365965_kksuratnikah-maf_Applicant.jpeg
halamandepanbukutabungan-maf;2025051422024150365965_halamandepanbukutabungan-maf_Applicant.jpeg
fpkbelakang-maf;2025051422024150365965_fpkbelakang-maf_Applicant.jpeg
fpkdepan-maf;2025051422024150365965_fpkdepan-maf_Applicant.jpeg
tempatusahadepan-maf;2025051422024150365965_tempatusahadepan-maf_Applicant.jpeg
rumahdepan-maf;2025051422024150365965_rumahdepan-maf_Applicant.jpeg
pasanganttdcmo-maf;2025051422024150365965_pasanganttdcmo-maf_Applicant.jpeg
nasabahttdcmo-maf;2025051422024150365965_nasabahttdcmo-maf_Applicant.jpeg
allobank-maf;2025051422024150365965_allobank-maf_Applicant.jpeg
rumahjalan-maf;2025051422024150365965_rumahjalan-maf_Applicant.jpeg
bpkbdepan-maf;2025051422024150365965_bpkbdepan-maf_Applicant.jpeg
bpkbbelakang-maf;2025051422024150365965_bpkbbelakang-maf_Applicant.jpeg
stnkpajak-maf;2025051422024150365965_stnkpajak-maf_Applicant.jpeg
unitdepankanan-maf;2025051422024150365965_unitdepankanan-maf_Applicant.jpeg
unitdepankiri-maf;2025051422024150365965_unitdepankiri-maf_Applicant.jpeg
salaryslip-maf;2025051422024150365965_salaryslip-maf_Applicant.jpeg
nomorrumah-maf;2025051422024150365965_nomorrumah-maf_Applicant.jpeg
dalamrumah-maf;2025051422024150365965_dalamrumah-maf_Applicant.jpeg
rangkanomesin-maf;2025051422024150365965_rangkanomesin-maf_Applicant.jpeg
rangkanomesin-maf;2025051322023267374296_rangkanomesin-maf_Applicant.jpeg
pbbrekening-maf;2025051322024381869894_pbbrekening-maf_Applicant.jpeg
kksuratnikah-maf;2025051322024381869894_kksuratnikah-maf_Applicant.jpeg
halamandepanbukutabungan-maf;2025051322024381869894_halamandepanbukutabungan-maf_Applicant.jpeg
fpkbelakang-maf;2025051322024381869894_fpkbelakang-maf_Applicant.jpeg
fpkdepan-maf;2025051322024381869894_fpkdepan-maf_Applicant.jpeg
tempatusahadepan-maf;2025051322024381869894_tempatusahadepan-maf_Applicant.jpeg
rumahdepan-maf;2025051322024381869894_rumahdepan-maf_Applicant.jpeg
pasanganttdcmo-maf;2025051322024381869894_pasanganttdcmo-maf_Applicant.jpeg
nasabahttdcmo-maf;2025051322024381869894_nasabahttdcmo-maf_Applicant.jpeg
allobank-maf;2025051322024381869894_allobank-maf_Applicant.jpeg
rumahjalan-maf;2025051322024381869894_rumahjalan-maf_Applicant.jpeg
bpkbdepan-maf;2025051322024381869894_bpkbdepan-maf_Applicant.jpeg
bpkbbelakang-maf;2025051322024381869894_bpkbbelakang-maf_Applicant.jpeg
stnkpajak-maf;2025051322024381869894_stnkpajak-maf_Applicant.jpeg
unitdepankanan-maf;2025051322024381869894_unitdepankanan-maf_Applicant.jpeg
unitdepankiri-maf;2025051322024381869894_unitdepankiri-maf_Applicant.jpeg
salaryslip-maf;2025051322024381869894_salaryslip-maf_Applicant.jpeg
nomorrumah-maf;2025051322024381869894_nomorrumah-maf_Applicant.jpeg
dalamrumah-maf;2025051322024381869894_dalamrumah-maf_Applicant.jpeg
rangkanomesin-maf;2025051322024381869894_rangkanomesin-maf_Applicant.jpeg
pbbrekening-maf;2025051422021056487353_pbbrekening-maf_Applicant.jpeg
kksuratnikah-maf;2025051422021056487353_kksuratnikah-maf_Applicant.jpeg
halamandepanbukutabungan-maf;2025051422021056487353_halamandepanbukutabungan-maf_Applicant.jpeg
fpkbelakang-maf;2025051422021056487353_fpkbelakang-maf_Applicant.jpeg
fpkdepan-maf;2025051422021056487353_fpkdepan-maf_Applicant.jpeg
tempatusahadepan-maf;2025051422021056487353_tempatusahadepan-maf_Applicant.jpeg
rumahdepan-maf;2025051422021056487353_rumahdepan-maf_Applicant.jpeg
pasanganttdcmo-maf;2025051422021056487353_pasanganttdcmo-maf_Applicant.jpeg
nasabahttdcmo-maf;2025051422021056487353_nasabahttdcmo-maf_Applicant.jpeg
allobank-maf;2025051422021056487353_allobank-maf_Applicant.jpeg
rumahjalan-maf;2025051422021056487353_rumahjalan-maf_Applicant.jpeg
bpkbdepan-maf;2025051422021056487353_bpkbdepan-maf_Applicant.jpeg
bpkbbelakang-maf;2025051422021056487353_bpkbbelakang-maf_Applicant.jpeg
stnkpajak-maf;2025051422021056487353_stnkpajak-maf_Applicant.jpeg
unitdepankanan-maf;2025051422021056487353_unitdepankanan-maf_Applicant.jpeg
unitdepankiri-maf;2025051422021056487353_unitdepankiri-maf_Applicant.jpeg
salaryslip-maf;2025051422021056487353_salaryslip-maf_Applicant.jpeg
nomorrumah-maf;2025051422021056487353_nomorrumah-maf_Applicant.jpeg
dalamrumah-maf;2025051422021056487353_dalamrumah-maf_Applicant.jpeg
rangkanomesin-maf;2025051422021056487353_rangkanomesin-maf_Applicant.jpeg
pbbrekening-maf;2025051422021104173674_pbbrekening-maf_Applicant.jpeg
kksuratnikah-maf;2025051422021104173674_kksuratnikah-maf_Applicant.jpeg
halamandepanbukutabungan-maf;2025051422021104173674_halamandepanbukutabungan-maf_Applicant.jpeg
fpkbelakang-maf;2025051422021104173674_fpkbelakang-maf_Applicant.jpeg
fpkdepan-maf;2025051422021104173674_fpkdepan-maf_Applicant.jpeg
tempatusahadepan-maf;2025051422021104173674_tempatusahadepan-maf_Applicant.jpeg
rumahdepan-maf;2025051422021104173674_rumahdepan-maf_Applicant.jpeg
pasanganttdcmo-maf;2025051422021104173674_pasanganttdcmo-maf_Applicant.jpeg
nasabahttdcmo-maf;2025051422021104173674_nasabahttdcmo-maf_Applicant.jpeg
allobank-maf;2025051422021104173674_allobank-maf_Applicant.jpeg
rumahjalan-maf;2025051422021104173674_rumahjalan-maf_Applicant.jpeg
bpkbdepan-maf;2025051422021104173674_bpkbdepan-maf_Applicant.jpeg
bpkbbelakang-maf;2025051422021104173674_bpkbbelakang-maf_Applicant.jpeg
stnkpajak-maf;2025051422021104173674_stnkpajak-maf_Applicant.jpeg
unitdepankanan-maf;2025051422021104173674_unitdepankanan-maf_Applicant.jpeg
unitdepankiri-maf;2025051422021104173674_unitdepankiri-maf_Applicant.jpeg
salaryslip-maf;2025051422021104173674_salaryslip-maf_Applicant.jpeg
nomorrumah-maf;2025051422021104173674_nomorrumah-maf_Applicant.jpeg
dalamrumah-maf;2025051422021104173674_dalamrumah-maf_Applicant.jpeg
buktipenghasilanusaha-maf;2025051422021104173674_buktipenghasilanusaha-maf_Applicant.jpeg
perizinanusaha-maf;2025051422021104173674_perizinanusaha-maf_Applicant.jpeg
buktikepemilikanusaha-maf;2025051422021104173674_buktikepemilikanusaha-maf_Applicant.jpeg
buktikepemilikanusaha-maf;2025051422020696856660_buktikepemilikanusaha-maf_Applicant.jpeg
rangkanomesin-maf;2025051422020696856660_rangkanomesin-maf_Applicant.jpeg
pbbrekening-maf;2025051322021056427042_pbbrekening-maf_Applicant.jpeg
kksuratnikah-maf;2025051322021056427042_kksuratnikah-maf_Applicant.jpeg
halamandepanbukutabungan-maf;2025051322021056427042_halamandepanbukutabungan-maf_Applicant.jpeg
fpkbelakang-maf;2025051322021056427042_fpkbelakang-maf_Applicant.jpeg
fpkdepan-maf;2025051322021056427042_fpkdepan-maf_Applicant.jpeg
tempatusahadepan-maf;2025051322021056427042_tempatusahadepan-maf_Applicant.jpeg
rumahdepan-maf;2025051322021056427042_rumahdepan-maf_Applicant.jpeg
pasanganttdcmo-maf;2025051322021056427042_pasanganttdcmo-maf_Applicant.jpeg
nasabahttdcmo-maf;2025051322021056427042_nasabahttdcmo-maf_Applicant.jpeg
allobank-maf;2025051322021056427042_allobank-maf_Applicant.jpeg
rumahjalan-maf;2025051322021056427042_rumahjalan-maf_Applicant.jpeg
bpkbdepan-maf;2025051322021056427042_bpkbdepan-maf_Applicant.jpeg
bpkbbelakang-maf;2025051322021056427042_bpkbbelakang-maf_Applicant.jpeg
stnkpajak-maf;2025051322021056427042_stnkpajak-maf_Applicant.jpeg
unitdepankanan-maf;2025051322021056427042_unitdepankanan-maf_Applicant.jpeg
unitdepankiri-maf;2025051322021056427042_unitdepankiri-maf_Applicant.jpeg
salaryslip-maf;2025051322021056427042_salaryslip-maf_Applicant.jpeg
nomorrumah-maf;2025051322021056427042_nomorrumah-maf_Applicant.jpeg
dalamrumah-maf;2025051322021056427042_dalamrumah-maf_Applicant.jpeg
rangkanomesin-maf;2025051422021104173674_rangkanomesin-maf_Applicant.jpeg
pbbrekening-maf;2025051422020696856660_pbbrekening-maf_Applicant.jpeg
kksuratnikah-maf;2025051422020696856660_kksuratnikah-maf_Applicant.jpeg
halamandepanbukutabungan-maf;2025051422020696856660_halamandepanbukutabungan-maf_Applicant.jpeg
fpkbelakang-maf;2025051422020696856660_fpkbelakang-maf_Applicant.jpeg
fpkdepan-maf;2025051422020696856660_fpkdepan-maf_Applicant.jpeg
tempatusahadepan-maf;2025051422020696856660_tempatusahadepan-maf_Applicant.jpeg
rumahdepan-maf;2025051422020696856660_rumahdepan-maf_Applicant.jpeg
pasanganttdcmo-maf;2025051422020696856660_pasanganttdcmo-maf_Applicant.jpeg
nasabahttdcmo-maf;2025051422020696856660_nasabahttdcmo-maf_Applicant.jpeg
allobank-maf;2025051422020696856660_allobank-maf_Applicant.jpeg
rumahjalan-maf;2025051422020696856660_rumahjalan-maf_Applicant.jpeg
bpkbdepan-maf;2025051422020696856660_bpkbdepan-maf_Applicant.jpeg
bpkbbelakang-maf;2025051422020696856660_bpkbbelakang-maf_Applicant.jpeg
stnkpajak-maf;2025051422020696856660_stnkpajak-maf_Applicant.jpeg
unitdepankanan-maf;2025051422020696856660_unitdepankanan-maf_Applicant.jpeg
unitdepankiri-maf;2025051422020696856660_unitdepankiri-maf_Applicant.jpeg
salaryslip-maf;2025051422020696856660_salaryslip-maf_Applicant.jpeg
nomorrumah-maf;2025051422020696856660_nomorrumah-maf_Applicant.jpeg
dalamrumah-maf;2025051422020696856660_dalamrumah-maf_Applicant.jpeg
buktipenghasilanusaha-maf;2025051422020696856660_buktipenghasilanusaha-maf_Applicant.jpeg
perizinanusaha-maf;2025051422020696856660_perizinanusaha-maf_Applicant.jpeg
rangkanomesin-maf;2025051322021056427042_rangkanomesin-maf_Applicant.jpeg
pbbrekening-maf;2025051422022677553722_pbbrekening-maf_Applicant.jpeg
kksuratnikah-maf;2025051422022677553722_kksuratnikah-maf_Applicant.jpeg
halamandepanbukutabungan-maf;2025051422022677553722_halamandepanbukutabungan-maf_Applicant.jpeg
fpkbelakang-maf;2025051422022677553722_fpkbelakang-maf_Applicant.jpeg
fpkdepan-maf;2025051422022677553722_fpkdepan-maf_Applicant.jpeg
tempatusahadepan-maf;2025051422022677553722_tempatusahadepan-maf_Applicant.jpeg
rumahdepan-maf;2025051422022677553722_rumahdepan-maf_Applicant.jpeg
pasanganttdcmo-maf;2025051422022677553722_pasanganttdcmo-maf_Applicant.jpeg
nasabahttdcmo-maf;2025051422022677553722_nasabahttdcmo-maf_Applicant.jpeg
allobank-maf;2025051422022677553722_allobank-maf_Applicant.jpeg
rumahjalan-maf;2025051422022677553722_rumahjalan-maf_Applicant.jpeg
bpkbdepan-maf;2025051422022677553722_bpkbdepan-maf_Applicant.jpeg
bpkbbelakang-maf;2025051422022677553722_bpkbbelakang-maf_Applicant.jpeg
stnkpajak-maf;2025051422022677553722_stnkpajak-maf_Applicant.jpeg
unitdepankanan-maf;2025051422022677553722_unitdepankanan-maf_Applicant.jpeg
unitdepankiri-maf;2025051422022677553722_unitdepankiri-maf_Applicant.jpeg
salaryslip-maf;2025051422022677553722_salaryslip-maf_Applicant.jpeg
nomorrumah-maf;2025051422022677553722_nomorrumah-maf_Applicant.jpeg
dalamrumah-maf;2025051422022677553722_dalamrumah-maf_Applicant.jpeg
rangkanomesin-maf;2025051422022677553722_rangkanomesin-maf_Applicant.jpeg
pbbrekening-maf;2025051422020696887925_pbbrekening-maf_Applicant.jpeg
kksuratnikah-maf;2025051422020696887925_kksuratnikah-maf_Applicant.jpeg
halamandepanbukutabungan-maf;2025051422020696887925_halamandepanbukutabungan-maf_Applicant.jpeg
fpkbelakang-maf;2025051422020696887925_fpkbelakang-maf_Applicant.jpeg
fpkdepan-maf;2025051422020696887925_fpkdepan-maf_Applicant.jpeg
tempatusahadepan-maf;2025051422020696887925_tempatusahadepan-maf_Applicant.jpeg
rumahdepan-maf;2025051422020696887925_rumahdepan-maf_Applicant.jpeg
pasanganttdcmo-maf;2025051422020696887925_pasanganttdcmo-maf_Applicant.jpeg
nasabahttdcmo-maf;2025051422020696887925_nasabahttdcmo-maf_Applicant.jpeg
allobank-maf;2025051422020696887925_allobank-maf_Applicant.jpeg
rumahjalan-maf;2025051422020696887925_rumahjalan-maf_Applicant.jpeg
bpkbdepan-maf;2025051422020696887925_bpkbdepan-maf_Applicant.jpeg
bpkbbelakang-maf;2025051422020696887925_bpkbbelakang-maf_Applicant.jpeg
stnkpajak-maf;2025051422020696887925_stnkpajak-maf_Applicant.jpeg
unitdepankanan-maf;2025051422020696887925_unitdepankanan-maf_Applicant.jpeg
unitdepankiri-maf;2025051422020696887925_unitdepankiri-maf_Applicant.jpeg
salaryslip-maf;2025051422020696887925_salaryslip-maf_Applicant.jpeg
nomorrumah-maf;2025051422020696887925_nomorrumah-maf_Applicant.jpeg
dalamrumah-maf;2025051422020696887925_dalamrumah-maf_Applicant.jpeg
buktipenghasilanusaha-maf;2025051422020696887925_buktipenghasilanusaha-maf_Applicant.jpeg
perizinanusaha-maf;2025051422020696887925_perizinanusaha-maf_Applicant.jpeg
buktikepemilikanusaha-maf;2025051422020696887925_buktikepemilikanusaha-maf_Applicant.jpeg
rangkanomesin-maf;2025051422020696887925_rangkanomesin-maf_Applicant.jpeg
pbbrekening-maf;2025051422022132732540_pbbrekening-maf_Applicant.jpeg
kksuratnikah-maf;2025051422022132732540_kksuratnikah-maf_Applicant.jpeg
halamandepanbukutabungan-maf;2025051422022132732540_halamandepanbukutabungan-maf_Applicant.jpeg
fpkbelakang-maf;2025051422022132732540_fpkbelakang-maf_Applicant.jpeg
fpkdepan-maf;2025051422022132732540_fpkdepan-maf_Applicant.jpeg
tempatusahadepan-maf;2025051422022132732540_tempatusahadepan-maf_Applicant.jpeg
rumahdepan-maf;2025051422022132732540_rumahdepan-maf_Applicant.jpeg
pasanganttdcmo-maf;2025051422022132732540_pasanganttdcmo-maf_Applicant.jpeg
nasabahttdcmo-maf;2025051422022132732540_nasabahttdcmo-maf_Applicant.jpeg
allobank-maf;2025051422022132732540_allobank-maf_Applicant.jpeg
rumahjalan-maf;2025051422022132732540_rumahjalan-maf_Applicant.jpeg
bpkbdepan-maf;2025051422022132732540_bpkbdepan-maf_Applicant.jpeg
bpkbbelakang-maf;2025051422022132732540_bpkbbelakang-maf_Applicant.jpeg
stnkpajak-maf;2025051422022132732540_stnkpajak-maf_Applicant.jpeg
unitdepankanan-maf;2025051422022132732540_unitdepankanan-maf_Applicant.jpeg
unitdepankiri-maf;2025051422022132732540_unitdepankiri-maf_Applicant.jpeg
salaryslip-maf;2025051422022132732540_salaryslip-maf_Applicant.jpeg
nomorrumah-maf;2025051422022132732540_nomorrumah-maf_Applicant.jpeg
dalamrumah-maf;2025051422022132732540_dalamrumah-maf_Applicant.jpeg
rangkanomesin-maf;2025051422022132732540_rangkanomesin-maf_Applicant.jpeg
pbbrekening-maf;2025051522024016044437_pbbrekening-maf_Applicant.jpeg
kksuratnikah-maf;2025051522024016044437_kksuratnikah-maf_Applicant.jpeg
halamandepanbukutabungan-maf;2025051522024016044437_halamandepanbukutabungan-maf_Applicant.jpeg
fpkbelakang-maf;2025051522024016044437_fpkbelakang-maf_Applicant.jpeg
fpkdepan-maf;2025051522024016044437_fpkdepan-maf_Applicant.jpeg
tempatusahadepan-maf;2025051522024016044437_tempatusahadepan-maf_Applicant.jpeg
rumahdepan-maf;2025051522024016044437_rumahdepan-maf_Applicant.jpeg
pasanganttdcmo-maf;2025051522024016044437_pasanganttdcmo-maf_Applicant.jpeg
nasabahttdcmo-maf;2025051522024016044437_nasabahttdcmo-maf_Applicant.jpeg
allobank-maf;2025051522024016044437_allobank-maf_Applicant.jpeg
rumahjalan-maf;2025051522024016044437_rumahjalan-maf_Applicant.jpeg
bpkbdepan-maf;2025051522024016044437_bpkbdepan-maf_Applicant.jpeg
bpkbbelakang-maf;2025051522024016044437_bpkbbelakang-maf_Applicant.jpeg
stnkpajak-maf;2025051522024016044437_stnkpajak-maf_Applicant.jpeg
unitdepankanan-maf;2025051522024016044437_unitdepankanan-maf_Applicant.jpeg
unitdepankiri-maf;2025051522024016044437_unitdepankiri-maf_Applicant.jpeg
rangkanomesin-maf;2025051522022281621197_rangkanomesin-maf_Applicant.jpeg
pbbrekening-maf;2025051522020696893355_pbbrekening-maf_Applicant.jpeg
kksuratnikah-maf;2025051522020696893355_kksuratnikah-maf_Applicant.jpeg
halamandepanbukutabungan-maf;2025051522020696893355_halamandepanbukutabungan-maf_Applicant.jpeg
fpkbelakang-maf;2025051522020696893355_fpkbelakang-maf_Applicant.jpeg
fpkdepan-maf;2025051522020696893355_fpkdepan-maf_Applicant.jpeg
tempatusahadepan-maf;2025051522020696893355_tempatusahadepan-maf_Applicant.jpeg
rumahdepan-maf;2025051522020696893355_rumahdepan-maf_Applicant.jpeg
pasanganttdcmo-maf;2025051522020696893355_pasanganttdcmo-maf_Applicant.jpeg
nasabahttdcmo-maf;2025051522020696893355_nasabahttdcmo-maf_Applicant.jpeg
allobank-maf;2025051522020696893355_allobank-maf_Applicant.jpeg
rumahjalan-maf;2025051522020696893355_rumahjalan-maf_Applicant.jpeg
bpkbdepan-maf;2025051522020696893355_bpkbdepan-maf_Applicant.jpeg
bpkbbelakang-maf;2025051522020696893355_bpkbbelakang-maf_Applicant.jpeg
stnkpajak-maf;2025051522020696893355_stnkpajak-maf_Applicant.jpeg
unitdepankanan-maf;2025051522020696893355_unitdepankanan-maf_Applicant.jpeg
unitdepankiri-maf;2025051522020696893355_unitdepankiri-maf_Applicant.jpeg
salaryslip-maf;2025051522020696893355_salaryslip-maf_Applicant.jpeg
nomorrumah-maf;2025051522020696893355_nomorrumah-maf_Applicant.jpeg
dalamrumah-maf;2025051522020696893355_dalamrumah-maf_Applicant.jpeg
pbbrekening-maf;2025051522021056466016_pbbrekening-maf_Applicant.jpeg
kksuratnikah-maf;2025051522021056466016_kksuratnikah-maf_Applicant.jpeg
halamandepanbukutabungan-maf;2025051522021056466016_halamandepanbukutabungan-maf_Applicant.jpeg
fpkbelakang-maf;2025051522021056466016_fpkbelakang-maf_Applicant.jpeg
fpkdepan-maf;2025051522021056466016_fpkdepan-maf_Applicant.jpeg
tempatusahadepan-maf;2025051522021056466016_tempatusahadepan-maf_Applicant.jpeg
rumahdepan-maf;2025051522021056466016_rumahdepan-maf_Applicant.jpeg
pasanganttdcmo-maf;2025051522021056466016_pasanganttdcmo-maf_Applicant.jpeg
nasabahttdcmo-maf;2025051522021056466016_nasabahttdcmo-maf_Applicant.jpeg
allobank-maf;2025051522021056466016_allobank-maf_Applicant.jpeg
rumahjalan-maf;2025051522021056466016_rumahjalan-maf_Applicant.jpeg
bpkbdepan-maf;2025051522021056466016_bpkbdepan-maf_Applicant.jpeg
bpkbbelakang-maf;2025051522021056466016_bpkbbelakang-maf_Applicant.jpeg
stnkpajak-maf;2025051522021056466016_stnkpajak-maf_Applicant.jpeg
unitdepankanan-maf;2025051522021056466016_unitdepankanan-maf_Applicant.jpeg
unitdepankiri-maf;2025051522021056466016_unitdepankiri-maf_Applicant.jpeg
salaryslip-maf;2025051522021056466016_salaryslip-maf_Applicant.jpeg
nomorrumah-maf;2025051522021056466016_nomorrumah-maf_Applicant.jpeg
dalamrumah-maf;2025051522021056466016_dalamrumah-maf_Applicant.jpeg
buktipenghasilanusaha-maf;2025051522021056466016_buktipenghasilanusaha-maf_Applicant.jpeg
perizinanusaha-maf;2025051522021056466016_perizinanusaha-maf_Applicant.jpeg
perizinanusaha-maf;2025051522024338464769_perizinanusaha-maf_Applicant.jpeg
buktikepemilikanusaha-maf;2025051522024338464769_buktikepemilikanusaha-maf_Applicant.jpeg
rangkanomesin-maf;2025051522024338464769_rangkanomesin-maf_Applicant.jpeg
pbbrekening-maf;2025051422024381841974_pbbrekening-maf_Applicant.jpeg
kksuratnikah-maf;2025051422024381841974_kksuratnikah-maf_Applicant.jpeg
halamandepanbukutabungan-maf;2025051422024381841974_halamandepanbukutabungan-maf_Applicant.jpeg
fpkbelakang-maf;2025051422024381841974_fpkbelakang-maf_Applicant.jpeg
fpkdepan-maf;2025051422024381841974_fpkdepan-maf_Applicant.jpeg
tempatusahadepan-maf;2025051422024381841974_tempatusahadepan-maf_Applicant.jpeg
rumahdepan-maf;2025051422024381841974_rumahdepan-maf_Applicant.jpeg
pasanganttdcmo-maf;2025051422024381841974_pasanganttdcmo-maf_Applicant.jpeg
nasabahttdcmo-maf;2025051422024381841974_nasabahttdcmo-maf_Applicant.jpeg
allobank-maf;2025051422024381841974_allobank-maf_Applicant.jpeg
rumahjalan-maf;2025051422024381841974_rumahjalan-maf_Applicant.jpeg
bpkbdepan-maf;2025051422024381841974_bpkbdepan-maf_Applicant.jpeg
bpkbbelakang-maf;2025051422024381841974_bpkbbelakang-maf_Applicant.jpeg
stnkpajak-maf;2025051422024381841974_stnkpajak-maf_Applicant.jpeg
unitdepankanan-maf;2025051422024381841974_unitdepankanan-maf_Applicant.jpeg
unitdepankiri-maf;2025051422024381841974_unitdepankiri-maf_Applicant.jpeg
salaryslip-maf;2025051422024381841974_salaryslip-maf_Applicant.jpeg
nomorrumah-maf;2025051422024381841974_nomorrumah-maf_Applicant.jpeg
salaryslip-maf;2025051522024016044437_salaryslip-maf_Applicant.jpeg
nomorrumah-maf;2025051522024016044437_nomorrumah-maf_Applicant.jpeg
dalamrumah-maf;2025051522024016044437_dalamrumah-maf_Applicant.jpeg
rangkanomesin-maf;2025051522024016044437_rangkanomesin-maf_Applicant.jpeg
pbbrekening-maf;2025051522022281621197_pbbrekening-maf_Applicant.jpeg
kksuratnikah-maf;2025051522022281621197_kksuratnikah-maf_Applicant.jpeg
halamandepanbukutabungan-maf;2025051522022281621197_halamandepanbukutabungan-maf_Applicant.jpeg
fpkbelakang-maf;2025051522022281621197_fpkbelakang-maf_Applicant.jpeg
fpkdepan-maf;2025051522022281621197_fpkdepan-maf_Applicant.jpeg
tempatusahadepan-maf;2025051522022281621197_tempatusahadepan-maf_Applicant.jpeg
rumahdepan-maf;2025051522022281621197_rumahdepan-maf_Applicant.jpeg
pasanganttdcmo-maf;2025051522022281621197_pasanganttdcmo-maf_Applicant.jpeg
nasabahttdcmo-maf;2025051522022281621197_nasabahttdcmo-maf_Applicant.jpeg
allobank-maf;2025051522022281621197_allobank-maf_Applicant.jpeg
rumahjalan-maf;2025051522022281621197_rumahjalan-maf_Applicant.jpeg
bpkbdepan-maf;2025051522022281621197_bpkbdepan-maf_Applicant.jpeg
bpkbbelakang-maf;2025051522022281621197_bpkbbelakang-maf_Applicant.jpeg
stnkpajak-maf;2025051522022281621197_stnkpajak-maf_Applicant.jpeg
unitdepankanan-maf;2025051522022281621197_unitdepankanan-maf_Applicant.jpeg
unitdepankiri-maf;2025051522022281621197_unitdepankiri-maf_Applicant.jpeg
salaryslip-maf;2025051522022281621197_salaryslip-maf_Applicant.jpeg
nomorrumah-maf;2025051522022281621197_nomorrumah-maf_Applicant.jpeg
dalamrumah-maf;2025051522022281621197_dalamrumah-maf_Applicant.jpeg
buktikepemilikanusaha-maf;2025051522021056466016_buktikepemilikanusaha-maf_Applicant.jpeg
rangkanomesin-maf;2025051522021056466016_rangkanomesin-maf_Applicant.jpeg
pbbrekening-maf;2025051522024338464769_pbbrekening-maf_Applicant.jpeg
kksuratnikah-maf;2025051522024338464769_kksuratnikah-maf_Applicant.jpeg
halamandepanbukutabungan-maf;2025051522024338464769_halamandepanbukutabungan-maf_Applicant.jpeg
fpkbelakang-maf;2025051522024338464769_fpkbelakang-maf_Applicant.jpeg
fpkdepan-maf;2025051522024338464769_fpkdepan-maf_Applicant.jpeg
tempatusahadepan-maf;2025051522024338464769_tempatusahadepan-maf_Applicant.jpeg
rumahdepan-maf;2025051522024338464769_rumahdepan-maf_Applicant.jpeg
pasanganttdcmo-maf;2025051522024338464769_pasanganttdcmo-maf_Applicant.jpeg
nasabahttdcmo-maf;2025051522024338464769_nasabahttdcmo-maf_Applicant.jpeg
allobank-maf;2025051522024338464769_allobank-maf_Applicant.jpeg
rumahjalan-maf;2025051522024338464769_rumahjalan-maf_Applicant.jpeg
bpkbdepan-maf;2025051522024338464769_bpkbdepan-maf_Applicant.jpeg
bpkbbelakang-maf;2025051522024338464769_bpkbbelakang-maf_Applicant.jpeg
stnkpajak-maf;2025051522024338464769_stnkpajak-maf_Applicant.jpeg
unitdepankanan-maf;2025051522024338464769_unitdepankanan-maf_Applicant.jpeg
unitdepankiri-maf;2025051522024338464769_unitdepankiri-maf_Applicant.jpeg
salaryslip-maf;2025051522024338464769_salaryslip-maf_Applicant.jpeg
nomorrumah-maf;2025051522024338464769_nomorrumah-maf_Applicant.jpeg
dalamrumah-maf;2025051522024338464769_dalamrumah-maf_Applicant.jpeg
buktipenghasilanusaha-maf;2025051522024338464769_buktipenghasilanusaha-maf_Applicant.jpeg
rangkanomesin-maf;2025051522020696893355_rangkanomesin-maf_Applicant.jpeg
pbbrekening-maf;2025051522024367242814_pbbrekening-maf_Applicant.jpeg
kksuratnikah-maf;2025051522024367242814_kksuratnikah-maf_Applicant.jpeg
halamandepanbukutabungan-maf;2025051522024367242814_halamandepanbukutabungan-maf_Applicant.jpeg
fpkbelakang-maf;2025051522024367242814_fpkbelakang-maf_Applicant.jpeg
fpkdepan-maf;2025051522024367242814_fpkdepan-maf_Applicant.jpeg
tempatusahadepan-maf;2025051522024367242814_tempatusahadepan-maf_Applicant.jpeg
rumahdepan-maf;2025051522024367242814_rumahdepan-maf_Applicant.jpeg
pasanganttdcmo-maf;2025051522024367242814_pasanganttdcmo-maf_Applicant.jpeg
nasabahttdcmo-maf;2025051522024367242814_nasabahttdcmo-maf_Applicant.jpeg
allobank-maf;2025051522024367242814_allobank-maf_Applicant.jpeg
rumahjalan-maf;2025051522024367242814_rumahjalan-maf_Applicant.jpeg
bpkbdepan-maf;2025051522024367242814_bpkbdepan-maf_Applicant.jpeg
bpkbbelakang-maf;2025051522024367242814_bpkbbelakang-maf_Applicant.jpeg
stnkpajak-maf;2025051522024367242814_stnkpajak-maf_Applicant.jpeg
unitdepankanan-maf;2025051522024367242814_unitdepankanan-maf_Applicant.jpeg
unitdepankiri-maf;2025051522024367242814_unitdepankiri-maf_Applicant.jpeg
salaryslip-maf;2025051522024367242814_salaryslip-maf_Applicant.jpeg
nomorrumah-maf;2025051522024367242814_nomorrumah-maf_Applicant.jpeg
dalamrumah-maf;2025051522024367242814_dalamrumah-maf_Applicant.jpeg
rangkanomesin-maf;2025051522024367242814_rangkanomesin-maf_Applicant.jpeg
nomorrumah-maf;2025051522022145345200_nomorrumah-maf_Applicant.jpeg
dalamrumah-maf;2025051522022145345200_dalamrumah-maf_Applicant.jpeg
rangkanomesin-maf;2025051522022145345200_rangkanomesin-maf_Applicant.jpeg
dalamrumah-maf;2025051422024381841974_dalamrumah-maf_Applicant.jpeg
rangkanomesin-maf;2025051422024381841974_rangkanomesin-maf_Applicant.jpeg
pbbrekening-maf;2025051522022145345200_pbbrekening-maf_Applicant.jpeg
kksuratnikah-maf;2025051522022145345200_kksuratnikah-maf_Applicant.jpeg
halamandepanbukutabungan-maf;2025051522022145345200_halamandepanbukutabungan-maf_Applicant.jpeg
fpkbelakang-maf;2025051522022145345200_fpkbelakang-maf_Applicant.jpeg
fpkdepan-maf;2025051522022145345200_fpkdepan-maf_Applicant.jpeg
tempatusahadepan-maf;2025051522022145345200_tempatusahadepan-maf_Applicant.jpeg
rumahdepan-maf;2025051522022145345200_rumahdepan-maf_Applicant.jpeg
pasanganttdcmo-maf;2025051522022145345200_pasanganttdcmo-maf_Applicant.jpeg
nasabahttdcmo-maf;2025051522022145345200_nasabahttdcmo-maf_Applicant.jpeg
allobank-maf;2025051522022145345200_allobank-maf_Applicant.jpeg
rumahjalan-maf;2025051522022145345200_rumahjalan-maf_Applicant.jpeg
bpkbdepan-maf;2025051522022145345200_bpkbdepan-maf_Applicant.jpeg
bpkbbelakang-maf;2025051522022145345200_bpkbbelakang-maf_Applicant.jpeg
stnkpajak-maf;2025051522022145345200_stnkpajak-maf_Applicant.jpeg
unitdepankanan-maf;2025051522022145345200_unitdepankanan-maf_Applicant.jpeg
unitdepankiri-maf;2025051522022145345200_unitdepankiri-maf_Applicant.jpeg
salaryslip-maf;2025051522022145345200_salaryslip-maf_Applicant.jpeg
pbbrekening-maf;2025051522023363489543_pbbrekening-maf_Applicant.jpeg
kksuratnikah-maf;2025051522023363489543_kksuratnikah-maf_Applicant.jpeg
halamandepanbukutabungan-maf;2025051522023363489543_halamandepanbukutabungan-maf_Applicant.jpeg
fpkbelakang-maf;2025051522023363489543_fpkbelakang-maf_Applicant.jpeg
fpkdepan-maf;2025051522023363489543_fpkdepan-maf_Applicant.jpeg
tempatusahadepan-maf;2025051522023363489543_tempatusahadepan-maf_Applicant.jpeg
rumahdepan-maf;2025051522023363489543_rumahdepan-maf_Applicant.jpeg
pasanganttdcmo-maf;2025051522023363489543_pasanganttdcmo-maf_Applicant.jpeg
nasabahttdcmo-maf;2025051522023363489543_nasabahttdcmo-maf_Applicant.jpeg
allobank-maf;2025051522023363489543_allobank-maf_Applicant.jpeg
rumahjalan-maf;2025051522023363489543_rumahjalan-maf_Applicant.jpeg
bpkbdepan-maf;2025051522023363489543_bpkbdepan-maf_Applicant.jpeg
bpkbbelakang-maf;2025051522023363489543_bpkbbelakang-maf_Applicant.jpeg
stnkpajak-maf;2025051522023363489543_stnkpajak-maf_Applicant.jpeg
unitdepankanan-maf;2025051522023363489543_unitdepankanan-maf_Applicant.jpeg
unitdepankiri-maf;2025051522023363489543_unitdepankiri-maf_Applicant.jpeg
salaryslip-maf;2025051522023363489543_salaryslip-maf_Applicant.jpeg
nomorrumah-maf;2025051522023363489543_nomorrumah-maf_Applicant.jpeg
buktikepemilikanusaha-maf;2025051522017380989070_buktikepemilikanusaha-maf_Applicant.jpeg
rangkanomesin-maf;2025051522017380989070_rangkanomesin-maf_Applicant.jpeg
pbbrekening-maf;2025051522024016053092_pbbrekening-maf_Applicant.jpeg
kksuratnikah-maf;2025051522024016053092_kksuratnikah-maf_Applicant.jpeg
halamandepanbukutabungan-maf;2025051522024016053092_halamandepanbukutabungan-maf_Applicant.jpeg
fpkbelakang-maf;2025051522024016053092_fpkbelakang-maf_Applicant.jpeg
fpkdepan-maf;2025051522024016053092_fpkdepan-maf_Applicant.jpeg
tempatusahadepan-maf;2025051522024016053092_tempatusahadepan-maf_Applicant.jpeg
rumahdepan-maf;2025051522024016053092_rumahdepan-maf_Applicant.jpeg
pasanganttdcmo-maf;2025051522024016053092_pasanganttdcmo-maf_Applicant.jpeg
nasabahttdcmo-maf;2025051522024016053092_nasabahttdcmo-maf_Applicant.jpeg
allobank-maf;2025051522024016053092_allobank-maf_Applicant.jpeg
rumahjalan-maf;2025051522024016053092_rumahjalan-maf_Applicant.jpeg
bpkbdepan-maf;2025051522024016053092_bpkbdepan-maf_Applicant.jpeg
bpkbbelakang-maf;2025051522024016053092_bpkbbelakang-maf_Applicant.jpeg
stnkpajak-maf;2025051522024016053092_stnkpajak-maf_Applicant.jpeg
unitdepankanan-maf;2025051522024016053092_unitdepankanan-maf_Applicant.jpeg
unitdepankiri-maf;2025051522024016053092_unitdepankiri-maf_Applicant.jpeg
salaryslip-maf;2025051522024016053092_salaryslip-maf_Applicant.jpeg
nomorrumah-maf;2025051522024016053092_nomorrumah-maf_Applicant.jpeg
dalamrumah-maf;2025051522024016053092_dalamrumah-maf_Applicant.jpeg
dalamrumah-maf;2025051522023363489543_dalamrumah-maf_Applicant.jpeg
rangkanomesin-maf;2025051522023363489543_rangkanomesin-maf_Applicant.jpeg
pbbrekening-maf;2025051522017380989070_pbbrekening-maf_Applicant.jpeg
kksuratnikah-maf;2025051522017380989070_kksuratnikah-maf_Applicant.jpeg
halamandepanbukutabungan-maf;2025051522017380989070_halamandepanbukutabungan-maf_Applicant.jpeg
fpkbelakang-maf;2025051522017380989070_fpkbelakang-maf_Applicant.jpeg
fpkdepan-maf;2025051522017380989070_fpkdepan-maf_Applicant.jpeg
tempatusahadepan-maf;2025051522017380989070_tempatusahadepan-maf_Applicant.jpeg
rumahdepan-maf;2025051522017380989070_rumahdepan-maf_Applicant.jpeg
pasanganttdcmo-maf;2025051522017380989070_pasanganttdcmo-maf_Applicant.jpeg
nasabahttdcmo-maf;2025051522017380989070_nasabahttdcmo-maf_Applicant.jpeg
allobank-maf;2025051522017380989070_allobank-maf_Applicant.jpeg
rumahjalan-maf;2025051522017380989070_rumahjalan-maf_Applicant.jpeg
bpkbdepan-maf;2025051522017380989070_bpkbdepan-maf_Applicant.jpeg
bpkbbelakang-maf;2025051522017380989070_bpkbbelakang-maf_Applicant.jpeg
stnkpajak-maf;2025051522017380989070_stnkpajak-maf_Applicant.jpeg
unitdepankanan-maf;2025051522017380989070_unitdepankanan-maf_Applicant.jpeg
unitdepankiri-maf;2025051522017380989070_unitdepankiri-maf_Applicant.jpeg
salaryslip-maf;2025051522017380989070_salaryslip-maf_Applicant.jpeg
nomorrumah-maf;2025051522017380989070_nomorrumah-maf_Applicant.jpeg
dalamrumah-maf;2025051522017380989070_dalamrumah-maf_Applicant.jpeg
buktipenghasilanusaha-maf;2025051522017380989070_buktipenghasilanusaha-maf_Applicant.jpeg
perizinanusaha-maf;2025051522017380989070_perizinanusaha-maf_Applicant.jpeg
rangkanomesin-maf;2025051522024016053092_rangkanomesin-maf_Applicant.jpeg
pbbrekening-maf;2025051522022677542353_pbbrekening-maf_Applicant.jpeg
kksuratnikah-maf;2025051522022677542353_kksuratnikah-maf_Applicant.jpeg
halamandepanbukutabungan-maf;2025051522022677542353_halamandepanbukutabungan-maf_Applicant.jpeg
fpkbelakang-maf;2025051522022677542353_fpkbelakang-maf_Applicant.jpeg
fpkdepan-maf;2025051522022677542353_fpkdepan-maf_Applicant.jpeg
tempatusahadepan-maf;2025051522022677542353_tempatusahadepan-maf_Applicant.jpeg
rumahdepan-maf;2025051522022677542353_rumahdepan-maf_Applicant.jpeg
pasanganttdcmo-maf;2025051522022677542353_pasanganttdcmo-maf_Applicant.jpeg
nasabahttdcmo-maf;2025051522022677542353_nasabahttdcmo-maf_Applicant.jpeg
allobank-maf;2025051522022677542353_allobank-maf_Applicant.jpeg
rumahjalan-maf;2025051522022677542353_rumahjalan-maf_Applicant.jpeg
bpkbdepan-maf;2025051522022677542353_bpkbdepan-maf_Applicant.jpeg
bpkbbelakang-maf;2025051522022677542353_bpkbbelakang-maf_Applicant.jpeg
stnkpajak-maf;2025051522022677542353_stnkpajak-maf_Applicant.jpeg
unitdepankanan-maf;2025051522022677542353_unitdepankanan-maf_Applicant.jpeg
unitdepankiri-maf;2025051522022677542353_unitdepankiri-maf_Applicant.jpeg
salaryslip-maf;2025051522022677542353_salaryslip-maf_Applicant.jpeg
nomorrumah-maf;2025051522022677542353_nomorrumah-maf_Applicant.jpeg
dalamrumah-maf;2025051522022677542353_dalamrumah-maf_Applicant.jpeg
rangkanomesin-maf;2025051522022677542353_rangkanomesin-maf_Applicant.jpeg
pbbrekening-maf;2025051522024388020634_pbbrekening-maf_Applicant.jpeg
kksuratnikah-maf;2025051522024388020634_kksuratnikah-maf_Applicant.jpeg
halamandepanbukutabungan-maf;2025051522024388020634_halamandepanbukutabungan-maf_Applicant.jpeg
fpkbelakang-maf;2025051522024388020634_fpkbelakang-maf_Applicant.jpeg
fpkdepan-maf;2025051522024388020634_fpkdepan-maf_Applicant.jpeg
tempatusahadepan-maf;2025051522024388020634_tempatusahadepan-maf_Applicant.jpeg
rumahdepan-maf;2025051522024388020634_rumahdepan-maf_Applicant.jpeg
pasanganttdcmo-maf;2025051522024388020634_pasanganttdcmo-maf_Applicant.jpeg
nasabahttdcmo-maf;2025051522024388020634_nasabahttdcmo-maf_Applicant.jpeg
allobank-maf;2025051522024388020634_allobank-maf_Applicant.jpeg
rumahjalan-maf;2025051522024388020634_rumahjalan-maf_Applicant.jpeg
bpkbdepan-maf;2025051522024388020634_bpkbdepan-maf_Applicant.jpeg
bpkbbelakang-maf;2025051522024388020634_bpkbbelakang-maf_Applicant.jpeg
stnkpajak-maf;2025051522024388020634_stnkpajak-maf_Applicant.jpeg
unitdepankanan-maf;2025051522024388020634_unitdepankanan-maf_Applicant.jpeg
unitdepankiri-maf;2025051522024388020634_unitdepankiri-maf_Applicant.jpeg
salaryslip-maf;2025051522024388020634_salaryslip-maf_Applicant.jpeg
nomorrumah-maf;2025051522024388020634_nomorrumah-maf_Applicant.jpeg
dalamrumah-maf;2025051522024388020634_dalamrumah-maf_Applicant.jpeg
rangkanomesin-maf;2025051522024388020634_rangkanomesin-maf_Applicant.jpeg
pbbrekening-maf;2025051522021104181418_pbbrekening-maf_Applicant.jpeg
kksuratnikah-maf;2025051522021104181418_kksuratnikah-maf_Applicant.jpeg
halamandepanbukutabungan-maf;2025051522021104181418_halamandepanbukutabungan-maf_Applicant.jpeg
fpkbelakang-maf;2025051522021104181418_fpkbelakang-maf_Applicant.jpeg
fpkdepan-maf;2025051522021104181418_fpkdepan-maf_Applicant.jpeg
tempatusahadepan-maf;2025051522021104181418_tempatusahadepan-maf_Applicant.jpeg
rumahdepan-maf;2025051522021104181418_rumahdepan-maf_Applicant.jpeg
pasanganttdcmo-maf;2025051522021104181418_pasanganttdcmo-maf_Applicant.jpeg
nasabahttdcmo-maf;2025051522021104181418_nasabahttdcmo-maf_Applicant.jpeg
allobank-maf;2025051522021104181418_allobank-maf_Applicant.jpeg
rumahjalan-maf;2025051522021104181418_rumahjalan-maf_Applicant.jpeg
bpkbdepan-maf;2025051522021104181418_bpkbdepan-maf_Applicant.jpeg
bpkbbelakang-maf;2025051522021104181418_bpkbbelakang-maf_Applicant.jpeg
stnkpajak-maf;2025051522021104181418_stnkpajak-maf_Applicant.jpeg
unitdepankanan-maf;2025051522021104181418_unitdepankanan-maf_Applicant.jpeg
unitdepankiri-maf;2025051522021104181418_unitdepankiri-maf_Applicant.jpeg
salaryslip-maf;2025051522021104181418_salaryslip-maf_Applicant.jpeg
nomorrumah-maf;2025051522021104181418_nomorrumah-maf_Applicant.jpeg
dalamrumah-maf;2025051522021104181418_dalamrumah-maf_Applicant.jpeg
buktipenghasilanusaha-maf;2025051522021104181418_buktipenghasilanusaha-maf_Applicant.jpeg
perizinanusaha-maf;2025051522021104181418_perizinanusaha-maf_Applicant.jpeg
buktikepemilikanusaha-maf;2025051522021104181418_buktikepemilikanusaha-maf_Applicant.jpeg
rangkanomesin-maf;2025051522021104181418_rangkanomesin-maf_Applicant.jpeg
fpkbelakang-maf;2025051522024388035841_fpkbelakang-maf_Applicant.jpeg
fpkdepan-maf;2025051522024388035841_fpkdepan-maf_Applicant.jpeg
tempatusahadepan-maf;2025051522024388035841_tempatusahadepan-maf_Applicant.jpeg
rumahdepan-maf;2025051522024388035841_rumahdepan-maf_Applicant.jpeg
pasanganttdcmo-maf;2025051522024388035841_pasanganttdcmo-maf_Applicant.jpeg
nasabahttdcmo-maf;2025051522024388035841_nasabahttdcmo-maf_Applicant.jpeg
allobank-maf;2025051522024388035841_allobank-maf_Applicant.jpeg
rumahjalan-maf;2025051522024388035841_rumahjalan-maf_Applicant.jpeg
bpkbdepan-maf;2025051522024388035841_bpkbdepan-maf_Applicant.jpeg
bpkbbelakang-maf;2025051522024388035841_bpkbbelakang-maf_Applicant.jpeg
stnkpajak-maf;2025051522024388035841_stnkpajak-maf_Applicant.jpeg
unitdepankanan-maf;2025051522024388035841_unitdepankanan-maf_Applicant.jpeg
unitdepankiri-maf;2025051522024388035841_unitdepankiri-maf_Applicant.jpeg
salaryslip-maf;2025051522024388035841_salaryslip-maf_Applicant.jpeg
nomorrumah-maf;2025051522024388035841_nomorrumah-maf_Applicant.jpeg
dalamrumah-maf;2025051522024388035841_dalamrumah-maf_Applicant.jpeg
rangkanomesin-maf;2025051522024388035841_rangkanomesin-maf_Applicant.jpeg
pbbrekening-maf;2025051322022697757419_pbbrekening-maf_Applicant.jpeg
kksuratnikah-maf;2025051322022697757419_kksuratnikah-maf_Applicant.jpeg
halamandepanbukutabungan-maf;2025051322022697757419_halamandepanbukutabungan-maf_Applicant.png
fpkbelakang-maf;2025051322022697757419_fpkbelakang-maf_Applicant.jpeg
fpkdepan-maf;2025051322022697757419_fpkdepan-maf_Applicant.jpeg
tempatusahadepan-maf;2025051322022697757419_tempatusahadepan-maf_Applicant.jpeg
rumahdepan-maf;2025051322022697757419_rumahdepan-maf_Applicant.jpeg
pasanganttdcmo-maf;2025051322022697757419_pasanganttdcmo-maf_Applicant.jpeg
nasabahttdcmo-maf;2025051322022697757419_nasabahttdcmo-maf_Applicant.jpeg
allobank-maf;2025051322022697757419_allobank-maf_Applicant.png
rumahjalan-maf;2025051322022697757419_rumahjalan-maf_Applicant.jpeg
bpkbdepan-maf;2025051322022697757419_bpkbdepan-maf_Applicant.jpeg
bpkbbelakang-maf;2025051322022697757419_bpkbbelakang-maf_Applicant.jpeg
stnkpajak-maf;2025051322022697757419_stnkpajak-maf_Applicant.jpeg
unitdepankanan-maf;2025051322022697757419_unitdepankanan-maf_Applicant.jpeg
unitdepankiri-maf;2025051322022697757419_unitdepankiri-maf_Applicant.jpeg
salaryslip-maf;2025051322022697757419_salaryslip-maf_Applicant.jpeg
nomorrumah-maf;2025051322022697757419_nomorrumah-maf_Applicant.jpeg
dalamrumah-maf;2025051322022697757419_dalamrumah-maf_Applicant.jpeg
rangkanomesin-maf;2025051322022697757419_rangkanomesin-maf_Applicant.jpeg
pbbrekening-maf;2025051522024388035841_pbbrekening-maf_Applicant.jpeg
kksuratnikah-maf;2025051522024388035841_kksuratnikah-maf_Applicant.jpeg
halamandepanbukutabungan-maf;2025051522024388035841_halamandepanbukutabungan-maf_Applicant.jpeg
pbbrekening-maf;2025051422021104181553_pbbrekening-maf_Applicant.jpeg
kksuratnikah-maf;2025051422021104181553_kksuratnikah-maf_Applicant.jpeg
halamandepanbukutabungan-maf;2025051422021104181553_halamandepanbukutabungan-maf_Applicant.jpeg
fpkbelakang-maf;2025051422021104181553_fpkbelakang-maf_Applicant.jpeg
fpkdepan-maf;2025051422021104181553_fpkdepan-maf_Applicant.jpeg
tempatusahadepan-maf;2025051422021104181553_tempatusahadepan-maf_Applicant.jpeg
rumahdepan-maf;2025051422021104181553_rumahdepan-maf_Applicant.jpeg
pasanganttdcmo-maf;2025051422021104181553_pasanganttdcmo-maf_Applicant.jpeg
nasabahttdcmo-maf;2025051422021104181553_nasabahttdcmo-maf_Applicant.jpeg
allobank-maf;2025051422021104181553_allobank-maf_Applicant.jpeg
rumahjalan-maf;2025051422021104181553_rumahjalan-maf_Applicant.jpeg
bpkbdepan-maf;2025051422021104181553_bpkbdepan-maf_Applicant.jpeg
bpkbbelakang-maf;2025051422021104181553_bpkbbelakang-maf_Applicant.jpeg
stnkpajak-maf;2025051422021104181553_stnkpajak-maf_Applicant.jpeg
unitdepankanan-maf;2025051422021104181553_unitdepankanan-maf_Applicant.jpeg
unitdepankiri-maf;2025051422021104181553_unitdepankiri-maf_Applicant.jpeg
salaryslip-maf;2025051422021104181553_salaryslip-maf_Applicant.jpeg
nomorrumah-maf;2025051422021104181553_nomorrumah-maf_Applicant.jpeg
dalamrumah-maf;2025051422021104181553_dalamrumah-maf_Applicant.jpeg
rangkanomesin-maf;2025051422021104181553_rangkanomesin-maf_Applicant.jpeg
pbbrekening-maf;2025051522024252612522_pbbrekening-maf_Applicant.jpeg
kksuratnikah-maf;2025051522024252612522_kksuratnikah-maf_Applicant.jpeg
halamandepanbukutabungan-maf;2025051522024252612522_halamandepanbukutabungan-maf_Applicant.jpeg
fpkbelakang-maf;2025051522024252612522_fpkbelakang-maf_Applicant.jpeg
fpkdepan-maf;2025051522024252612522_fpkdepan-maf_Applicant.jpeg
tempatusahadepan-maf;2025051522024252612522_tempatusahadepan-maf_Applicant.jpeg
rumahdepan-maf;2025051522024252612522_rumahdepan-maf_Applicant.jpeg
pasanganttdcmo-maf;2025051522024252612522_pasanganttdcmo-maf_Applicant.jpeg
nasabahttdcmo-maf;2025051522024252612522_nasabahttdcmo-maf_Applicant.jpeg
allobank-maf;2025051522024252612522_allobank-maf_Applicant.jpeg
rumahjalan-maf;2025051522024252612522_rumahjalan-maf_Applicant.jpeg
bpkbdepan-maf;2025051522024252612522_bpkbdepan-maf_Applicant.jpeg
bpkbbelakang-maf;2025051522024252612522_bpkbbelakang-maf_Applicant.jpeg
stnkpajak-maf;2025051522024252612522_stnkpajak-maf_Applicant.jpeg
unitdepankanan-maf;2025051522024252612522_unitdepankanan-maf_Applicant.jpeg
unitdepankiri-maf;2025051522024252612522_unitdepankiri-maf_Applicant.jpeg
salaryslip-maf;2025051522024252612522_salaryslip-maf_Applicant.jpeg
nomorrumah-maf;2025051522024252612522_nomorrumah-maf_Applicant.jpeg
dalamrumah-maf;2025051522024252612522_dalamrumah-maf_Applicant.jpeg
rangkanomesin-maf;2025051522024252612522_rangkanomesin-maf_Applicant.jpeg
pbbrekening-maf;2025051522020676741874_pbbrekening-maf_Applicant.jpeg
kksuratnikah-maf;2025051522020676741874_kksuratnikah-maf_Applicant.jpeg
halamandepanbukutabungan-maf;2025051522020676741874_halamandepanbukutabungan-maf_Applicant.jpeg
fpkbelakang-maf;2025051522020676741874_fpkbelakang-maf_Applicant.jpeg
fpkdepan-maf;2025051522020676741874_fpkdepan-maf_Applicant.jpeg
tempatusahadepan-maf;2025051522020676741874_tempatusahadepan-maf_Applicant.jpeg
rumahdepan-maf;2025051522020676741874_rumahdepan-maf_Applicant.jpeg
pasanganttdcmo-maf;2025051522020676741874_pasanganttdcmo-maf_Applicant.jpeg
nasabahttdcmo-maf;2025051522020676741874_nasabahttdcmo-maf_Applicant.jpeg
allobank-maf;2025051522020676741874_allobank-maf_Applicant.jpeg
rumahjalan-maf;2025051522020676741874_rumahjalan-maf_Applicant.jpeg
bpkbdepan-maf;2025051522020676741874_bpkbdepan-maf_Applicant.jpeg
bpkbbelakang-maf;2025051522020676741874_bpkbbelakang-maf_Applicant.jpeg
stnkpajak-maf;2025051522020676741874_stnkpajak-maf_Applicant.jpeg
unitdepankanan-maf;2025051522020676741874_unitdepankanan-maf_Applicant.jpeg
bpkbbelakang-maf;2025051522023322113171_bpkbbelakang-maf_Applicant.jpeg
stnkpajak-maf;2025051522023322113171_stnkpajak-maf_Applicant.jpeg
unitdepankanan-maf;2025051522023322113171_unitdepankanan-maf_Applicant.jpeg
unitdepankiri-maf;2025051522023322113171_unitdepankiri-maf_Applicant.jpeg
salaryslip-maf;2025051522023322113171_salaryslip-maf_Applicant.jpeg
nomorrumah-maf;2025051522023322113171_nomorrumah-maf_Applicant.jpeg
dalamrumah-maf;2025051522023322113171_dalamrumah-maf_Applicant.jpeg
rangkanomesin-maf;2025051522023322113171_rangkanomesin-maf_Applicant.jpeg
pbbrekening-maf;2025051622022697777325_pbbrekening-maf_Applicant.jpeg
kksuratnikah-maf;2025051622022697777325_kksuratnikah-maf_Applicant.jpeg
halamandepanbukutabungan-maf;2025051622022697777325_halamandepanbukutabungan-maf_Applicant.jpeg
fpkbelakang-maf;2025051622022697777325_fpkbelakang-maf_Applicant.jpeg
fpkdepan-maf;2025051622022697777325_fpkdepan-maf_Applicant.jpeg
tempatusahadepan-maf;2025051622022697777325_tempatusahadepan-maf_Applicant.jpeg
rumahdepan-maf;2025051622022697777325_rumahdepan-maf_Applicant.jpeg
pasanganttdcmo-maf;2025051622022697777325_pasanganttdcmo-maf_Applicant.jpeg
nasabahttdcmo-maf;2025051622022697777325_nasabahttdcmo-maf_Applicant.jpeg
allobank-maf;2025051622022697777325_allobank-maf_Applicant.jpeg
rumahjalan-maf;2025051622022697777325_rumahjalan-maf_Applicant.jpeg
bpkbdepan-maf;2025051622022697777325_bpkbdepan-maf_Applicant.jpeg
bpkbbelakang-maf;2025051622022697777325_bpkbbelakang-maf_Applicant.jpeg
stnkpajak-maf;2025051622022697777325_stnkpajak-maf_Applicant.jpeg
unitdepankiri-maf;2025051522020676741874_unitdepankiri-maf_Applicant.jpeg
salaryslip-maf;2025051522020676741874_salaryslip-maf_Applicant.jpeg
nomorrumah-maf;2025051522020676741874_nomorrumah-maf_Applicant.jpeg
dalamrumah-maf;2025051522020676741874_dalamrumah-maf_Applicant.jpeg
rangkanomesin-maf;2025051522020676741874_rangkanomesin-maf_Applicant.jpeg
pbbrekening-maf;2025051522023322113171_pbbrekening-maf_Applicant.jpeg
kksuratnikah-maf;2025051522023322113171_kksuratnikah-maf_Applicant.jpeg
halamandepanbukutabungan-maf;2025051522023322113171_halamandepanbukutabungan-maf_Applicant.jpeg
fpkbelakang-maf;2025051522023322113171_fpkbelakang-maf_Applicant.jpeg
fpkdepan-maf;2025051522023322113171_fpkdepan-maf_Applicant.jpeg
tempatusahadepan-maf;2025051522023322113171_tempatusahadepan-maf_Applicant.jpeg
rumahdepan-maf;2025051522023322113171_rumahdepan-maf_Applicant.jpeg
pasanganttdcmo-maf;2025051522023322113171_pasanganttdcmo-maf_Applicant.jpeg
nasabahttdcmo-maf;2025051522023322113171_nasabahttdcmo-maf_Applicant.jpeg
allobank-maf;2025051522023322113171_allobank-maf_Applicant.jpeg
rumahjalan-maf;2025051522023322113171_rumahjalan-maf_Applicant.jpeg
bpkbdepan-maf;2025051522023322113171_bpkbdepan-maf_Applicant.jpeg
bpkbbelakang-maf;2025051622020696827757_bpkbbelakang-maf_Applicant.jpeg
stnkpajak-maf;2025051622020696827757_stnkpajak-maf_Applicant.jpeg
unitdepankanan-maf;2025051622020696827757_unitdepankanan-maf_Applicant.jpeg
unitdepankiri-maf;2025051622020696827757_unitdepankiri-maf_Applicant.jpeg
salaryslip-maf;2025051622020696827757_salaryslip-maf_Applicant.jpeg
nomorrumah-maf;2025051622020696827757_nomorrumah-maf_Applicant.jpeg
dalamrumah-maf;2025051622020696827757_dalamrumah-maf_Applicant.jpeg
buktipenghasilanusaha-maf;2025051622020696827757_buktipenghasilanusaha-maf_Applicant.jpeg
perizinanusaha-maf;2025051622020696827757_perizinanusaha-maf_Applicant.jpeg
buktikepemilikanusaha-maf;2025051622020696827757_buktikepemilikanusaha-maf_Applicant.jpeg
rangkanomesin-maf;2025051622020696827757_rangkanomesin-maf_Applicant.jpeg
pbbrekening-maf;2025051622021056432902_pbbrekening-maf_Applicant.jpeg
kksuratnikah-maf;2025051622021056432902_kksuratnikah-maf_Applicant.jpeg
halamandepanbukutabungan-maf;2025051622021056432902_halamandepanbukutabungan-maf_Applicant.jpeg
fpkbelakang-maf;2025051622021056432902_fpkbelakang-maf_Applicant.jpeg
fpkdepan-maf;2025051622021056432902_fpkdepan-maf_Applicant.jpeg
tempatusahadepan-maf;2025051622021056432902_tempatusahadepan-maf_Applicant.jpeg
rumahdepan-maf;2025051622021056432902_rumahdepan-maf_Applicant.jpeg
pasanganttdcmo-maf;2025051622021056432902_pasanganttdcmo-maf_Applicant.jpeg
nasabahttdcmo-maf;2025051622021056432902_nasabahttdcmo-maf_Applicant.jpeg
allobank-maf;2025051622021056432902_allobank-maf_Applicant.jpeg
unitdepankanan-maf;2025051622022697777325_unitdepankanan-maf_Applicant.jpeg
unitdepankiri-maf;2025051622022697777325_unitdepankiri-maf_Applicant.jpeg
salaryslip-maf;2025051622022697777325_salaryslip-maf_Applicant.jpeg
nomorrumah-maf;2025051622022697777325_nomorrumah-maf_Applicant.jpeg
dalamrumah-maf;2025051622022697777325_dalamrumah-maf_Applicant.jpeg
buktipenghasilanusaha-maf;2025051622022697777325_buktipenghasilanusaha-maf_Applicant.jpeg
perizinanusaha-maf;2025051622022697777325_perizinanusaha-maf_Applicant.jpeg
buktikepemilikanusaha-maf;2025051622022697777325_buktikepemilikanusaha-maf_Applicant.jpeg
rangkanomesin-maf;2025051622022697777325_rangkanomesin-maf_Applicant.jpeg
pbbrekening-maf;2025051622020696827757_pbbrekening-maf_Applicant.jpeg
kksuratnikah-maf;2025051622020696827757_kksuratnikah-maf_Applicant.jpeg
halamandepanbukutabungan-maf;2025051622020696827757_halamandepanbukutabungan-maf_Applicant.jpeg
fpkbelakang-maf;2025051622020696827757_fpkbelakang-maf_Applicant.jpeg
fpkdepan-maf;2025051622020696827757_fpkdepan-maf_Applicant.jpeg
tempatusahadepan-maf;2025051622020696827757_tempatusahadepan-maf_Applicant.jpeg
rumahdepan-maf;2025051622020696827757_rumahdepan-maf_Applicant.jpeg
pasanganttdcmo-maf;2025051622020696827757_pasanganttdcmo-maf_Applicant.jpeg
nasabahttdcmo-maf;2025051622020696827757_nasabahttdcmo-maf_Applicant.jpeg
allobank-maf;2025051622020696827757_allobank-maf_Applicant.jpeg
rumahjalan-maf;2025051622020696827757_rumahjalan-maf_Applicant.jpeg
bpkbdepan-maf;2025051622020696827757_bpkbdepan-maf_Applicant.jpeg
unitdepankanan-maf;2025051622024252651435_unitdepankanan-maf_Applicant.jpeg
unitdepankiri-maf;2025051622024252651435_unitdepankiri-maf_Applicant.jpeg
salaryslip-maf;2025051622024252651435_salaryslip-maf_Applicant.jpeg
nomorrumah-maf;2025051622024252651435_nomorrumah-maf_Applicant.jpeg
dalamrumah-maf;2025051622024252651435_dalamrumah-maf_Applicant.jpeg
rangkanomesin-maf;2025051622024252651435_rangkanomesin-maf_Applicant.jpeg
pbbrekening-maf;2025051622018031823546_pbbrekening-maf_Applicant.jpeg
kksuratnikah-maf;2025051622018031823546_kksuratnikah-maf_Applicant.jpeg
halamandepanbukutabungan-maf;2025051622018031823546_halamandepanbukutabungan-maf_Applicant.jpeg
fpkbelakang-maf;2025051622018031823546_fpkbelakang-maf_Applicant.jpeg
fpkdepan-maf;2025051622018031823546_fpkdepan-maf_Applicant.jpeg
tempatusahadepan-maf;2025051622018031823546_tempatusahadepan-maf_Applicant.jpeg
rumahdepan-maf;2025051622018031823546_rumahdepan-maf_Applicant.jpeg
pasanganttdcmo-maf;2025051622018031823546_pasanganttdcmo-maf_Applicant.jpeg
nasabahttdcmo-maf;2025051622018031823546_nasabahttdcmo-maf_Applicant.jpeg
allobank-maf;2025051622018031823546_allobank-maf_Applicant.jpeg
rumahjalan-maf;2025051622018031823546_rumahjalan-maf_Applicant.jpeg
bpkbdepan-maf;2025051622018031823546_bpkbdepan-maf_Applicant.jpeg
bpkbbelakang-maf;2025051622018031823546_bpkbbelakang-maf_Applicant.jpeg
stnkpajak-maf;2025051622018031823546_stnkpajak-maf_Applicant.jpeg
unitdepankanan-maf;2025051622018031823546_unitdepankanan-maf_Applicant.jpeg
unitdepankiri-maf;2025051622018031823546_unitdepankiri-maf_Applicant.jpeg
salaryslip-maf;2025051622018031823546_salaryslip-maf_Applicant.jpeg
nomorrumah-maf;2025051622018031823546_nomorrumah-maf_Applicant.jpeg
dalamrumah-maf;2025051622018031823546_dalamrumah-maf_Applicant.jpeg
buktipenghasilanusaha-maf;2025051622018031823546_buktipenghasilanusaha-maf_Applicant.jpeg
perizinanusaha-maf;2025051622018031823546_perizinanusaha-maf_Applicant.jpeg
buktikepemilikanusaha-maf;2025051622018031823546_buktikepemilikanusaha-maf_Applicant.jpeg
rangkanomesin-maf;2025051622018031823546_rangkanomesin-maf_Applicant.jpeg
pbbrekening-maf;2025051522024016012383_pbbrekening-maf_Applicant.jpeg
kksuratnikah-maf;2025051522024016012383_kksuratnikah-maf_Applicant.jpeg
halamandepanbukutabungan-maf;2025051522024016012383_halamandepanbukutabungan-maf_Applicant.jpeg
fpkbelakang-maf;2025051522024016012383_fpkbelakang-maf_Applicant.jpeg
fpkdepan-maf;2025051522024016012383_fpkdepan-maf_Applicant.jpeg
tempatusahadepan-maf;2025051522024016012383_tempatusahadepan-maf_Applicant.jpeg
rumahdepan-maf;2025051522024016012383_rumahdepan-maf_Applicant.jpeg
pasanganttdcmo-maf;2025051522024016012383_pasanganttdcmo-maf_Applicant.jpeg
nasabahttdcmo-maf;2025051522024016012383_nasabahttdcmo-maf_Applicant.jpeg
allobank-maf;2025051522024016012383_allobank-maf_Applicant.jpeg
rumahjalan-maf;2025051522024016012383_rumahjalan-maf_Applicant.jpeg
bpkbdepan-maf;2025051522024016012383_bpkbdepan-maf_Applicant.jpeg
rumahjalan-maf;2025051622021056432902_rumahjalan-maf_Applicant.jpeg
bpkbdepan-maf;2025051622021056432902_bpkbdepan-maf_Applicant.jpeg
bpkbbelakang-maf;2025051622021056432902_bpkbbelakang-maf_Applicant.jpeg
stnkpajak-maf;2025051622021056432902_stnkpajak-maf_Applicant.jpeg
unitdepankanan-maf;2025051622021056432902_unitdepankanan-maf_Applicant.jpeg
unitdepankiri-maf;2025051622021056432902_unitdepankiri-maf_Applicant.jpeg
salaryslip-maf;2025051622021056432902_salaryslip-maf_Applicant.jpeg
nomorrumah-maf;2025051622021056432902_nomorrumah-maf_Applicant.jpeg
dalamrumah-maf;2025051622021056432902_dalamrumah-maf_Applicant.jpeg
rangkanomesin-maf;2025051622021056432902_rangkanomesin-maf_Applicant.jpeg
pbbrekening-maf;2025051622024252651435_pbbrekening-maf_Applicant.jpeg
kksuratnikah-maf;2025051622024252651435_kksuratnikah-maf_Applicant.jpeg
halamandepanbukutabungan-maf;2025051622024252651435_halamandepanbukutabungan-maf_Applicant.jpeg
fpkbelakang-maf;2025051622024252651435_fpkbelakang-maf_Applicant.jpeg
fpkdepan-maf;2025051622024252651435_fpkdepan-maf_Applicant.jpeg
tempatusahadepan-maf;2025051622024252651435_tempatusahadepan-maf_Applicant.jpeg
rumahdepan-maf;2025051622024252651435_rumahdepan-maf_Applicant.jpeg
pasanganttdcmo-maf;2025051622024252651435_pasanganttdcmo-maf_Applicant.jpeg
nasabahttdcmo-maf;2025051622024252651435_nasabahttdcmo-maf_Applicant.jpeg
allobank-maf;2025051622024252651435_allobank-maf_Applicant.jpeg
rumahjalan-maf;2025051622024252651435_rumahjalan-maf_Applicant.jpeg
bpkbdepan-maf;2025051622024252651435_bpkbdepan-maf_Applicant.jpeg
bpkbbelakang-maf;2025051622024252651435_bpkbbelakang-maf_Applicant.jpeg
stnkpajak-maf;2025051622024252651435_stnkpajak-maf_Applicant.jpeg
bpkbbelakang-maf;2025051522024016012383_bpkbbelakang-maf_Applicant.jpeg
stnkpajak-maf;2025051522024016012383_stnkpajak-maf_Applicant.jpeg
unitdepankanan-maf;2025051522024016012383_unitdepankanan-maf_Applicant.jpeg
unitdepankiri-maf;2025051522024016012383_unitdepankiri-maf_Applicant.jpeg
salaryslip-maf;2025051522024016012383_salaryslip-maf_Applicant.jpeg
nomorrumah-maf;2025051522024016012383_nomorrumah-maf_Applicant.jpeg
dalamrumah-maf;2025051522024016012383_dalamrumah-maf_Applicant.jpeg
rangkanomesin-maf;2025051522024016012383_rangkanomesin-maf_Applicant.jpeg
pbbrekening-maf;2025051522024227929217_pbbrekening-maf_Applicant.jpeg
kksuratnikah-maf;2025051522024227929217_kksuratnikah-maf_Applicant.jpeg
halamandepanbukutabungan-maf;2025051522024227929217_halamandepanbukutabungan-maf_Applicant.jpeg
fpkbelakang-maf;2025051522024227929217_fpkbelakang-maf_Applicant.jpeg
fpkdepan-maf;2025051522024227929217_fpkdepan-maf_Applicant.jpeg
tempatusahadepan-maf;2025051522024227929217_tempatusahadepan-maf_Applicant.jpeg
rumahdepan-maf;2025051522024227929217_rumahdepan-maf_Applicant.jpeg
pasanganttdcmo-maf;2025051522024227929217_pasanganttdcmo-maf_Applicant.jpeg
nasabahttdcmo-maf;2025051522024227929217_nasabahttdcmo-maf_Applicant.jpeg
allobank-maf;2025051522024227929217_allobank-maf_Applicant.jpeg
rumahjalan-maf;2025051522024227929217_rumahjalan-maf_Applicant.jpeg
bpkbdepan-maf;2025051522024227929217_bpkbdepan-maf_Applicant.jpeg
bpkbbelakang-maf;2025051522024227929217_bpkbbelakang-maf_Applicant.jpeg
stnkpajak-maf;2025051522024227929217_stnkpajak-maf_Applicant.jpeg
unitdepankanan-maf;2025051522024227929217_unitdepankanan-maf_Applicant.jpeg
unitdepankiri-maf;2025051522024227929217_unitdepankiri-maf_Applicant.jpeg
salaryslip-maf;2025051522024227929217_salaryslip-maf_Applicant.jpeg
nomorrumah-maf;2025051522024227929217_nomorrumah-maf_Applicant.jpeg
dalamrumah-maf;2025051522024227929217_dalamrumah-maf_Applicant.jpeg
rangkanomesin-maf;2025051522024227929217_rangkanomesin-maf_Applicant.jpeg
pbbrekening-maf;2025051522024252672738_pbbrekening-maf_Applicant.jpeg
kksuratnikah-maf;2025051522024252672738_kksuratnikah-maf_Applicant.jpeg
halamandepanbukutabungan-maf;2025051522024252672738_halamandepanbukutabungan-maf_Applicant.jpeg
fpkbelakang-maf;2025051522024252672738_fpkbelakang-maf_Applicant.jpeg
fpkdepan-maf;2025051522024252672738_fpkdepan-maf_Applicant.jpeg
tempatusahadepan-maf;2025051522024252672738_tempatusahadepan-maf_Applicant.jpeg
rumahdepan-maf;2025051522024252672738_rumahdepan-maf_Applicant.jpeg
pasanganttdcmo-maf;2025051522024252672738_pasanganttdcmo-maf_Applicant.jpeg
nasabahttdcmo-maf;2025051522024252672738_nasabahttdcmo-maf_Applicant.jpeg
allobank-maf;2025051522024252672738_allobank-maf_Applicant.jpeg
rumahjalan-maf;2025051522024252672738_rumahjalan-maf_Applicant.jpeg
bpkbdepan-maf;2025051522024252672738_bpkbdepan-maf_Applicant.jpeg
bpkbbelakang-maf;2025051522024252672738_bpkbbelakang-maf_Applicant.jpeg
stnkpajak-maf;2025051522024252672738_stnkpajak-maf_Applicant.jpeg
unitdepankanan-maf;2025051522024252672738_unitdepankanan-maf_Applicant.jpeg
unitdepankiri-maf;2025051522024252672738_unitdepankiri-maf_Applicant.jpeg
salaryslip-maf;2025051522024252672738_salaryslip-maf_Applicant.jpeg
nomorrumah-maf;2025051522024252672738_nomorrumah-maf_Applicant.jpeg
dalamrumah-maf;2025051522024252672738_dalamrumah-maf_Applicant.jpeg
rangkanomesin-maf;2025051522024252672738_rangkanomesin-maf_Applicant.jpeg
rangkanomesin-maf;2025051622022195854889_rangkanomesin-maf_Applicant.jpeg
pbbrekening-maf;2025051622022195854889_pbbrekening-maf_Applicant.jpeg
kksuratnikah-maf;2025051622022195854889_kksuratnikah-maf_Applicant.jpeg
halamandepanbukutabungan-maf;2025051622022195854889_halamandepanbukutabungan-maf_Applicant.jpeg
fpkbelakang-maf;2025051622022195854889_fpkbelakang-maf_Applicant.jpeg
fpkdepan-maf;2025051622022195854889_fpkdepan-maf_Applicant.jpeg
tempatusahadepan-maf;2025051622022195854889_tempatusahadepan-maf_Applicant.jpeg
rumahdepan-maf;2025051622022195854889_rumahdepan-maf_Applicant.jpeg
pasanganttdcmo-maf;2025051622022195854889_pasanganttdcmo-maf_Applicant.jpeg
nasabahttdcmo-maf;2025051622022195854889_nasabahttdcmo-maf_Applicant.jpeg
allobank-maf;2025051622022195854889_allobank-maf_Applicant.jpeg
rumahjalan-maf;2025051622022195854889_rumahjalan-maf_Applicant.jpeg
bpkbdepan-maf;2025051622022195854889_bpkbdepan-maf_Applicant.jpeg
bpkbbelakang-maf;2025051622022195854889_bpkbbelakang-maf_Applicant.jpeg
stnkpajak-maf;2025051622022195854889_stnkpajak-maf_Applicant.jpeg
unitdepankanan-maf;2025051622022195854889_unitdepankanan-maf_Applicant.jpeg
unitdepankiri-maf;2025051622022195854889_unitdepankiri-maf_Applicant.jpeg
salaryslip-maf;2025051622022195854889_salaryslip-maf_Applicant.jpeg
nomorrumah-maf;2025051622022195854889_nomorrumah-maf_Applicant.jpeg
dalamrumah-maf;2025051622022195854889_dalamrumah-maf_Applicant.jpeg
buktipenghasilanusaha-maf;2025051622022195854889_buktipenghasilanusaha-maf_Applicant.jpeg
perizinanusaha-maf;2025051622022195854889_perizinanusaha-maf_Applicant.jpeg
buktikepemilikanusaha-maf;2025051622022195854889_buktikepemilikanusaha-maf_Applicant.jpeg
fpkbelakang-maf;2025051622022744241962_fpkbelakang-maf_Applicant.jpeg
fpkdepan-maf;2025051622022744241962_fpkdepan-maf_Applicant.jpeg
tempatusahadepan-maf;2025051622022744241962_tempatusahadepan-maf_Applicant.jpeg
rumahdepan-maf;2025051622022744241962_rumahdepan-maf_Applicant.jpeg
pasanganttdcmo-maf;2025051622022744241962_pasanganttdcmo-maf_Applicant.jpeg
nasabahttdcmo-maf;2025051622022744241962_nasabahttdcmo-maf_Applicant.jpeg
allobank-maf;2025051622022744241962_allobank-maf_Applicant.jpeg
rumahjalan-maf;2025051622022744241962_rumahjalan-maf_Applicant.jpeg
bpkbdepan-maf;2025051622022744241962_bpkbdepan-maf_Applicant.jpeg
bpkbbelakang-maf;2025051622022744241962_bpkbbelakang-maf_Applicant.jpeg
stnkpajak-maf;2025051622022744241962_stnkpajak-maf_Applicant.jpeg
unitdepankanan-maf;2025051622022744241962_unitdepankanan-maf_Applicant.jpeg
unitdepankiri-maf;2025051622022744241962_unitdepankiri-maf_Applicant.jpeg
salaryslip-maf;2025051622022744241962_salaryslip-maf_Applicant.jpeg
nomorrumah-maf;2025051622022744241962_nomorrumah-maf_Applicant.jpeg
dalamrumah-maf;2025051622022744241962_dalamrumah-maf_Applicant.jpeg
rangkanomesin-maf;2025051622022744241962_rangkanomesin-maf_Applicant.jpeg
pbbrekening-maf;2025051622024338426113_pbbrekening-maf_Applicant.jpeg
kksuratnikah-maf;2025051622024338426113_kksuratnikah-maf_Applicant.jpeg
halamandepanbukutabungan-maf;2025051622024338426113_halamandepanbukutabungan-maf_Applicant.jpeg
fpkbelakang-maf;2025051622024338426113_fpkbelakang-maf_Applicant.jpeg
pbbrekening-maf;2025051622021296239574_pbbrekening-maf_Applicant.jpeg
kksuratnikah-maf;2025051622021296239574_kksuratnikah-maf_Applicant.jpeg
halamandepanbukutabungan-maf;2025051622021296239574_halamandepanbukutabungan-maf_Applicant.jpeg
fpkbelakang-maf;2025051622021296239574_fpkbelakang-maf_Applicant.jpeg
fpkdepan-maf;2025051622021296239574_fpkdepan-maf_Applicant.jpeg
tempatusahadepan-maf;2025051622021296239574_tempatusahadepan-maf_Applicant.jpeg
rumahdepan-maf;2025051622021296239574_rumahdepan-maf_Applicant.jpeg
pasanganttdcmo-maf;2025051622021296239574_pasanganttdcmo-maf_Applicant.jpeg
nasabahttdcmo-maf;2025051622021296239574_nasabahttdcmo-maf_Applicant.jpeg
allobank-maf;2025051622021296239574_allobank-maf_Applicant.jpeg
rumahjalan-maf;2025051622021296239574_rumahjalan-maf_Applicant.jpeg
salaryslip-maf;2025051622021296239574_salaryslip-maf_Applicant.jpeg
nomorrumah-maf;2025051622021296239574_nomorrumah-maf_Applicant.jpeg
dalamrumah-maf;2025051622021296239574_dalamrumah-maf_Applicant.jpeg
pricelist-maf;2025051622021296239574_pricelist-maf_Applicant.jpeg
buktipenghasilanusaha-maf;2025051622021296239574_buktipenghasilanusaha-maf_Applicant.jpeg
perizinanusaha-maf;2025051622021296239574_perizinanusaha-maf_Applicant.jpeg
buktikepemilikanusaha-maf;2025051622021296239574_buktikepemilikanusaha-maf_Applicant.jpeg
pbbrekening-maf;2025051622022744241962_pbbrekening-maf_Applicant.jpeg
kksuratnikah-maf;2025051622022744241962_kksuratnikah-maf_Applicant.jpeg
halamandepanbukutabungan-maf;2025051622022744241962_halamandepanbukutabungan-maf_Applicant.jpeg
rumahdepan-maf;2025051622024016084491_rumahdepan-maf_Applicant.jpeg
pasanganttdcmo-maf;2025051622024016084491_pasanganttdcmo-maf_Applicant.jpeg
nasabahttdcmo-maf;2025051622024016084491_nasabahttdcmo-maf_Applicant.jpeg
allobank-maf;2025051622024016084491_allobank-maf_Applicant.jpeg
rumahjalan-maf;2025051622024016084491_rumahjalan-maf_Applicant.jpeg
bpkbdepan-maf;2025051622024016084491_bpkbdepan-maf_Applicant.jpeg
bpkbbelakang-maf;2025051622024016084491_bpkbbelakang-maf_Applicant.jpeg
stnkpajak-maf;2025051622024016084491_stnkpajak-maf_Applicant.jpeg
unitdepankanan-maf;2025051622024016084491_unitdepankanan-maf_Applicant.jpeg
unitdepankiri-maf;2025051622024016084491_unitdepankiri-maf_Applicant.jpeg
salaryslip-maf;2025051622024016084491_salaryslip-maf_Applicant.jpeg
nomorrumah-maf;2025051622024016084491_nomorrumah-maf_Applicant.jpeg
dalamrumah-maf;2025051622024016084491_dalamrumah-maf_Applicant.jpeg
rangkanomesin-maf;2025051622024016084491_rangkanomesin-maf_Applicant.jpeg
pbbrekening-maf;2025051622015315619464_pbbrekening-maf_Applicant.jpeg
kksuratnikah-maf;2025051622015315619464_kksuratnikah-maf_Applicant.jpeg
halamandepanbukutabungan-maf;2025051622015315619464_halamandepanbukutabungan-maf_Applicant.jpeg
fpkbelakang-maf;2025051622015315619464_fpkbelakang-maf_Applicant.jpeg
fpkdepan-maf;2025051622015315619464_fpkdepan-maf_Applicant.jpeg
tempatusahadepan-maf;2025051622015315619464_tempatusahadepan-maf_Applicant.jpeg
rumahdepan-maf;2025051622015315619464_rumahdepan-maf_Applicant.jpeg
pasanganttdcmo-maf;2025051622015315619464_pasanganttdcmo-maf_Applicant.jpeg
nasabahttdcmo-maf;2025051622015315619464_nasabahttdcmo-maf_Applicant.jpeg
allobank-maf;2025051622015315619464_allobank-maf_Applicant.jpeg
rumahjalan-maf;2025051622015315619464_rumahjalan-maf_Applicant.jpeg
bpkbdepan-maf;2025051622015315619464_bpkbdepan-maf_Applicant.jpeg
bpkbbelakang-maf;2025051622015315619464_bpkbbelakang-maf_Applicant.jpeg
stnkpajak-maf;2025051622015315619464_stnkpajak-maf_Applicant.jpeg
unitdepankanan-maf;2025051622015315619464_unitdepankanan-maf_Applicant.jpeg
unitdepankiri-maf;2025051622015315619464_unitdepankiri-maf_Applicant.jpeg
salaryslip-maf;2025051622015315619464_salaryslip-maf_Applicant.jpeg
nomorrumah-maf;2025051622015315619464_nomorrumah-maf_Applicant.jpeg
dalamrumah-maf;2025051622015315619464_dalamrumah-maf_Applicant.jpeg
rangkanomesin-maf;2025051622015315619464_rangkanomesin-maf_Applicant.jpeg
fpkdepan-maf;2025051622024338426113_fpkdepan-maf_Applicant.jpeg
tempatusahadepan-maf;2025051622024338426113_tempatusahadepan-maf_Applicant.jpeg
rumahdepan-maf;2025051622024338426113_rumahdepan-maf_Applicant.jpeg
pasanganttdcmo-maf;2025051622024338426113_pasanganttdcmo-maf_Applicant.jpeg
nasabahttdcmo-maf;2025051622024338426113_nasabahttdcmo-maf_Applicant.jpeg
allobank-maf;2025051622024338426113_allobank-maf_Applicant.jpeg
rumahjalan-maf;2025051622024338426113_rumahjalan-maf_Applicant.jpeg
bpkbdepan-maf;2025051622024338426113_bpkbdepan-maf_Applicant.jpeg
bpkbbelakang-maf;2025051622024338426113_bpkbbelakang-maf_Applicant.jpeg
stnkpajak-maf;2025051622024338426113_stnkpajak-maf_Applicant.jpeg
unitdepankanan-maf;2025051622024338426113_unitdepankanan-maf_Applicant.jpeg
unitdepankiri-maf;2025051622024338426113_unitdepankiri-maf_Applicant.jpeg
salaryslip-maf;2025051622024338426113_salaryslip-maf_Applicant.jpeg
nomorrumah-maf;2025051622024338426113_nomorrumah-maf_Applicant.jpeg
dalamrumah-maf;2025051622024338426113_dalamrumah-maf_Applicant.jpeg
rangkanomesin-maf;2025051622024338426113_rangkanomesin-maf_Applicant.jpeg
pbbrekening-maf;2025051622024016084491_pbbrekening-maf_Applicant.jpeg
kksuratnikah-maf;2025051622024016084491_kksuratnikah-maf_Applicant.jpeg
halamandepanbukutabungan-maf;2025051622024016084491_halamandepanbukutabungan-maf_Applicant.jpeg
fpkbelakang-maf;2025051622024016084491_fpkbelakang-maf_Applicant.jpeg
fpkdepan-maf;2025051622024016084491_fpkdepan-maf_Applicant.jpeg
tempatusahadepan-maf;2025051622024016084491_tempatusahadepan-maf_Applicant.jpeg
pbbrekening-maf;2025051622024404794476_pbbrekening-maf_Applicant.jpeg
kksuratnikah-maf;2025051622024404794476_kksuratnikah-maf_Applicant.jpeg
halamandepanbukutabungan-maf;2025051622024404794476_halamandepanbukutabungan-maf_Applicant.jpeg
fpkbelakang-maf;2025051622024404794476_fpkbelakang-maf_Applicant.jpeg
fpkdepan-maf;2025051622024404794476_fpkdepan-maf_Applicant.jpeg
tempatusahadepan-maf;2025051622024404794476_tempatusahadepan-maf_Applicant.jpeg
rumahdepan-maf;2025051622024404794476_rumahdepan-maf_Applicant.jpeg
pasanganttdcmo-maf;2025051622024404794476_pasanganttdcmo-maf_Applicant.jpeg
nasabahttdcmo-maf;2025051622024404794476_nasabahttdcmo-maf_Applicant.jpeg
allobank-maf;2025051622024404794476_allobank-maf_Applicant.jpeg
rumahjalan-maf;2025051622024404794476_rumahjalan-maf_Applicant.jpeg
bpkbdepan-maf;2025051622024404794476_bpkbdepan-maf_Applicant.jpeg
bpkbbelakang-maf;2025051622024404794476_bpkbbelakang-maf_Applicant.jpeg
stnkpajak-maf;2025051622024404794476_stnkpajak-maf_Applicant.jpeg
unitdepankanan-maf;2025051622024404794476_unitdepankanan-maf_Applicant.jpeg
unitdepankiri-maf;2025051622024404794476_unitdepankiri-maf_Applicant.jpeg
salaryslip-maf;2025051622024404794476_salaryslip-maf_Applicant.jpeg
nomorrumah-maf;2025051622024404794476_nomorrumah-maf_Applicant.jpeg
dalamrumah-maf;2025051622024404794476_dalamrumah-maf_Applicant.jpeg
rangkanomesin-maf;2025051622024404794476_rangkanomesin-maf_Applicant.jpeg
salaryslip-maf;2025051622023061026763_salaryslip-maf_Applicant.jpeg
nomorrumah-maf;2025051622023061026763_nomorrumah-maf_Applicant.jpeg
dalamrumah-maf;2025051622023061026763_dalamrumah-maf_Applicant.jpeg
rangkanomesin-maf;2025051622023061026763_rangkanomesin-maf_Applicant.jpeg
pbbrekening-maf;2025051622015002441197_pbbrekening-maf_Applicant.jpeg
kksuratnikah-maf;2025051622015002441197_kksuratnikah-maf_Applicant.jpeg
halamandepanbukutabungan-maf;2025051622015002441197_halamandepanbukutabungan-maf_Applicant.jpeg
fpkbelakang-maf;2025051622015002441197_fpkbelakang-maf_Applicant.jpeg
fpkdepan-maf;2025051622015002441197_fpkdepan-maf_Applicant.jpeg
tempatusahadepan-maf;2025051622015002441197_tempatusahadepan-maf_Applicant.jpeg
rumahdepan-maf;2025051622015002441197_rumahdepan-maf_Applicant.jpeg
pasanganttdcmo-maf;2025051622015002441197_pasanganttdcmo-maf_Applicant.jpeg
nasabahttdcmo-maf;2025051622015002441197_nasabahttdcmo-maf_Applicant.jpeg
allobank-maf;2025051622015002441197_allobank-maf_Applicant.jpeg
rumahjalan-maf;2025051622015002441197_rumahjalan-maf_Applicant.jpeg
bpkbdepan-maf;2025051622015002441197_bpkbdepan-maf_Applicant.jpeg
bpkbbelakang-maf;2025051622015002441197_bpkbbelakang-maf_Applicant.jpeg
stnkpajak-maf;2025051622015002441197_stnkpajak-maf_Applicant.jpeg
unitdepankanan-maf;2025051622015002441197_unitdepankanan-maf_Applicant.jpeg
unitdepankiri-maf;2025051622015002441197_unitdepankiri-maf_Applicant.jpeg
salaryslip-maf;2025051622015002441197_salaryslip-maf_Applicant.jpeg
nomorrumah-maf;2025051622015002441197_nomorrumah-maf_Applicant.jpeg
pbbrekening-maf;2025051622023061026763_pbbrekening-maf_Applicant.jpeg
kksuratnikah-maf;2025051622023061026763_kksuratnikah-maf_Applicant.jpeg
halamandepanbukutabungan-maf;2025051622023061026763_halamandepanbukutabungan-maf_Applicant.jpeg
fpkbelakang-maf;2025051622023061026763_fpkbelakang-maf_Applicant.jpeg
fpkdepan-maf;2025051622023061026763_fpkdepan-maf_Applicant.jpeg
tempatusahadepan-maf;2025051622023061026763_tempatusahadepan-maf_Applicant.jpeg
rumahdepan-maf;2025051622023061026763_rumahdepan-maf_Applicant.jpeg
pasanganttdcmo-maf;2025051622023061026763_pasanganttdcmo-maf_Applicant.jpeg
nasabahttdcmo-maf;2025051622023061026763_nasabahttdcmo-maf_Applicant.jpeg
allobank-maf;2025051622023061026763_allobank-maf_Applicant.jpeg
rumahjalan-maf;2025051622023061026763_rumahjalan-maf_Applicant.jpeg
bpkbdepan-maf;2025051622023061026763_bpkbdepan-maf_Applicant.jpeg
bpkbbelakang-maf;2025051622023061026763_bpkbbelakang-maf_Applicant.jpeg
stnkpajak-maf;2025051622023061026763_stnkpajak-maf_Applicant.jpeg
unitdepankanan-maf;2025051622023061026763_unitdepankanan-maf_Applicant.jpeg
unitdepankiri-maf;2025051622023061026763_unitdepankiri-maf_Applicant.jpeg
perizinanusaha-maf;2025051622024500842889_perizinanusaha-maf_Applicant.jpeg
buktikepemilikanusaha-maf;2025051622024500842889_buktikepemilikanusaha-maf_Applicant.jpeg
rangkanomesin-maf;2025051622024500842889_rangkanomesin-maf_Applicant.jpeg
pbbrekening-maf;2025051522016765241741_pbbrekening-maf_Applicant.jpeg
kksuratnikah-maf;2025051522016765241741_kksuratnikah-maf_Applicant.jpeg
halamandepanbukutabungan-maf;2025051522016765241741_halamandepanbukutabungan-maf_Applicant.jpeg
fpkbelakang-maf;2025051522016765241741_fpkbelakang-maf_Applicant.jpeg
fpkdepan-maf;2025051522016765241741_fpkdepan-maf_Applicant.jpeg
tempatusahadepan-maf;2025051522016765241741_tempatusahadepan-maf_Applicant.jpeg
rumahdepan-maf;2025051522016765241741_rumahdepan-maf_Applicant.jpeg
pasanganttdcmo-maf;2025051522016765241741_pasanganttdcmo-maf_Applicant.jpeg
nasabahttdcmo-maf;2025051522016765241741_nasabahttdcmo-maf_Applicant.jpeg
allobank-maf;2025051522016765241741_allobank-maf_Applicant.jpeg
rumahjalan-maf;2025051522016765241741_rumahjalan-maf_Applicant.jpeg
bpkbdepan-maf;2025051522016765241741_bpkbdepan-maf_Applicant.jpeg
bpkbbelakang-maf;2025051522016765241741_bpkbbelakang-maf_Applicant.jpeg
stnkpajak-maf;2025051522016765241741_stnkpajak-maf_Applicant.jpeg
unitdepankanan-maf;2025051522016765241741_unitdepankanan-maf_Applicant.jpeg
unitdepankiri-maf;2025051522016765241741_unitdepankiri-maf_Applicant.jpeg
salaryslip-maf;2025051522016765241741_salaryslip-maf_Applicant.jpeg
nomorrumah-maf;2025051522016765241741_nomorrumah-maf_Applicant.jpeg
pbbrekening-maf;2025051622024500842889_pbbrekening-maf_Applicant.jpeg
kksuratnikah-maf;2025051622024500842889_kksuratnikah-maf_Applicant.jpeg
halamandepanbukutabungan-maf;2025051622024500842889_halamandepanbukutabungan-maf_Applicant.jpeg
fpkbelakang-maf;2025051622024500842889_fpkbelakang-maf_Applicant.jpeg
fpkdepan-maf;2025051622024500842889_fpkdepan-maf_Applicant.jpeg
tempatusahadepan-maf;2025051622024500842889_tempatusahadepan-maf_Applicant.jpeg
rumahdepan-maf;2025051622024500842889_rumahdepan-maf_Applicant.jpeg
pasanganttdcmo-maf;2025051622024500842889_pasanganttdcmo-maf_Applicant.jpeg
nasabahttdcmo-maf;2025051622024500842889_nasabahttdcmo-maf_Applicant.jpeg
allobank-maf;2025051622024500842889_allobank-maf_Applicant.jpeg
rumahjalan-maf;2025051622024500842889_rumahjalan-maf_Applicant.jpeg
bpkbdepan-maf;2025051622024500842889_bpkbdepan-maf_Applicant.jpeg
bpkbbelakang-maf;2025051622024500842889_bpkbbelakang-maf_Applicant.jpeg
stnkpajak-maf;2025051622024500842889_stnkpajak-maf_Applicant.jpeg
unitdepankanan-maf;2025051622024500842889_unitdepankanan-maf_Applicant.jpeg
unitdepankiri-maf;2025051622024500842889_unitdepankiri-maf_Applicant.jpeg
salaryslip-maf;2025051622024500842889_salaryslip-maf_Applicant.jpeg
nomorrumah-maf;2025051622024500842889_nomorrumah-maf_Applicant.jpeg
dalamrumah-maf;2025051622024500842889_dalamrumah-maf_Applicant.jpeg
buktipenghasilanusaha-maf;2025051622024500842889_buktipenghasilanusaha-maf_Applicant.jpeg
dalamrumah-maf;2025051622015002441197_dalamrumah-maf_Applicant.jpeg
rangkanomesin-maf;2025051622015002441197_rangkanomesin-maf_Applicant.jpeg
pbbrekening-maf;2025051622024381866913_pbbrekening-maf_Applicant.jpeg
kksuratnikah-maf;2025051622024381866913_kksuratnikah-maf_Applicant.jpeg
halamandepanbukutabungan-maf;2025051622024381866913_halamandepanbukutabungan-maf_Applicant.jpeg
fpkbelakang-maf;2025051622024381866913_fpkbelakang-maf_Applicant.jpeg
fpkdepan-maf;2025051622024381866913_fpkdepan-maf_Applicant.jpeg
tempatusahadepan-maf;2025051622024381866913_tempatusahadepan-maf_Applicant.jpeg
rumahdepan-maf;2025051622024381866913_rumahdepan-maf_Applicant.jpeg
pasanganttdcmo-maf;2025051622024381866913_pasanganttdcmo-maf_Applicant.jpeg
nasabahttdcmo-maf;2025051622024381866913_nasabahttdcmo-maf_Applicant.jpeg
allobank-maf;2025051622024381866913_allobank-maf_Applicant.jpeg
rumahjalan-maf;2025051622024381866913_rumahjalan-maf_Applicant.jpeg
bpkbdepan-maf;2025051622024381866913_bpkbdepan-maf_Applicant.jpeg
bpkbbelakang-maf;2025051622024381866913_bpkbbelakang-maf_Applicant.jpeg
stnkpajak-maf;2025051622024381866913_stnkpajak-maf_Applicant.jpeg
unitdepankanan-maf;2025051622024381866913_unitdepankanan-maf_Applicant.jpeg
unitdepankiri-maf;2025051622024381866913_unitdepankiri-maf_Applicant.jpeg
salaryslip-maf;2025051622024381866913_salaryslip-maf_Applicant.jpeg
nomorrumah-maf;2025051622024381866913_nomorrumah-maf_Applicant.jpeg
dalamrumah-maf;2025051622024381866913_dalamrumah-maf_Applicant.jpeg
rangkanomesin-maf;2025051622024381866913_rangkanomesin-maf_Applicant.jpeg
dalamrumah-maf;2025051522016765241741_dalamrumah-maf_Applicant.jpeg
rangkanomesin-maf;2025051522016765241741_rangkanomesin-maf_Applicant.jpeg
pbbrekening-maf;2025051622022677528351_pbbrekening-maf_Applicant.jpeg
kksuratnikah-maf;2025051622022677528351_kksuratnikah-maf_Applicant.jpeg
halamandepanbukutabungan-maf;2025051622022677528351_halamandepanbukutabungan-maf_Applicant.jpeg
fpkbelakang-maf;2025051622022677528351_fpkbelakang-maf_Applicant.jpeg
fpkdepan-maf;2025051622022677528351_fpkdepan-maf_Applicant.jpeg
tempatusahadepan-maf;2025051622022677528351_tempatusahadepan-maf_Applicant.jpeg
rumahdepan-maf;2025051622022677528351_rumahdepan-maf_Applicant.jpeg
pasanganttdcmo-maf;2025051622022677528351_pasanganttdcmo-maf_Applicant.jpeg
nasabahttdcmo-maf;2025051622022677528351_nasabahttdcmo-maf_Applicant.jpeg
allobank-maf;2025051622022677528351_allobank-maf_Applicant.jpeg
rumahjalan-maf;2025051622022677528351_rumahjalan-maf_Applicant.jpeg
bpkbdepan-maf;2025051622022677528351_bpkbdepan-maf_Applicant.jpeg
bpkbbelakang-maf;2025051622022677528351_bpkbbelakang-maf_Applicant.jpeg
stnkpajak-maf;2025051622022677528351_stnkpajak-maf_Applicant.jpeg
unitdepankanan-maf;2025051622022677528351_unitdepankanan-maf_Applicant.jpeg
unitdepankiri-maf;2025051622022677528351_unitdepankiri-maf_Applicant.jpeg
salaryslip-maf;2025051622022677528351_salaryslip-maf_Applicant.jpeg
nomorrumah-maf;2025051622022677528351_nomorrumah-maf_Applicant.jpeg
dalamrumah-maf;2025051622022677528351_dalamrumah-maf_Applicant.jpeg
rangkanomesin-maf;2025051622022677528351_rangkanomesin-maf_Applicant.jpeg
pbbrekening-maf;2025051622025077254203_pbbrekening-maf_Applicant.jpeg
kksuratnikah-maf;2025051622025077254203_kksuratnikah-maf_Applicant.jpeg
halamandepanbukutabungan-maf;2025051622025077254203_halamandepanbukutabungan-maf_Applicant.jpeg
fpkbelakang-maf;2025051622025077254203_fpkbelakang-maf_Applicant.jpeg
fpkdepan-maf;2025051622025077254203_fpkdepan-maf_Applicant.jpeg
tempatusahadepan-maf;2025051622025077254203_tempatusahadepan-maf_Applicant.jpeg
rumahdepan-maf;2025051622025077254203_rumahdepan-maf_Applicant.jpeg
pasanganttdcmo-maf;2025051622025077254203_pasanganttdcmo-maf_Applicant.jpeg
nasabahttdcmo-maf;2025051622025077254203_nasabahttdcmo-maf_Applicant.jpeg
allobank-maf;2025051622025077254203_allobank-maf_Applicant.jpeg
rumahjalan-maf;2025051622025077254203_rumahjalan-maf_Applicant.jpeg
bpkbdepan-maf;2025051622025077254203_bpkbdepan-maf_Applicant.jpeg
bpkbbelakang-maf;2025051622025077254203_bpkbbelakang-maf_Applicant.jpeg
stnkpajak-maf;2025051622025077254203_stnkpajak-maf_Applicant.jpeg
unitdepankanan-maf;2025051622025077254203_unitdepankanan-maf_Applicant.jpeg
unitdepankiri-maf;2025051622025077254203_unitdepankiri-maf_Applicant.jpeg
salaryslip-maf;2025051622025077254203_salaryslip-maf_Applicant.jpeg
nomorrumah-maf;2025051622025077254203_nomorrumah-maf_Applicant.jpeg
dalamrumah-maf;2025051622025077254203_dalamrumah-maf_Applicant.jpeg
rangkanomesin-maf;2025051622025077254203_rangkanomesin-maf_Applicant.jpeg
pbbrekening-maf;2025051622017392013539_pbbrekening-maf_Applicant.jpeg
kksuratnikah-maf;2025051622017392013539_kksuratnikah-maf_Applicant.jpeg
halamandepanbukutabungan-maf;2025051622017392013539_halamandepanbukutabungan-maf_Applicant.jpeg
fpkbelakang-maf;2025051622017392013539_fpkbelakang-maf_Applicant.jpeg
fpkdepan-maf;2025051622017392013539_fpkdepan-maf_Applicant.jpeg
tempatusahadepan-maf;2025051622017392013539_tempatusahadepan-maf_Applicant.jpeg
rumahdepan-maf;2025051622017392013539_rumahdepan-maf_Applicant.jpeg
pasanganttdcmo-maf;2025051622017392013539_pasanganttdcmo-maf_Applicant.jpeg
nasabahttdcmo-maf;2025051622017392013539_nasabahttdcmo-maf_Applicant.jpeg
allobank-maf;2025051622017392013539_allobank-maf_Applicant.jpeg
rumahjalan-maf;2025051622017392013539_rumahjalan-maf_Applicant.jpeg
bpkbdepan-maf;2025051622017392013539_bpkbdepan-maf_Applicant.jpeg
bpkbbelakang-maf;2025051622017392013539_bpkbbelakang-maf_Applicant.jpeg
stnkpajak-maf;2025051622017392013539_stnkpajak-maf_Applicant.jpeg
unitdepankanan-maf;2025051622017392013539_unitdepankanan-maf_Applicant.jpeg
unitdepankiri-maf;2025051622017392013539_unitdepankiri-maf_Applicant.jpeg
salaryslip-maf;2025051622017392013539_salaryslip-maf_Applicant.jpeg
nomorrumah-maf;2025051622017392013539_nomorrumah-maf_Applicant.jpeg
dalamrumah-maf;2025051622017392013539_dalamrumah-maf_Applicant.jpeg
rangkanomesin-maf;2025051622017392013539_rangkanomesin-maf_Applicant.jpeg
pbbrekening-maf;2025051622023156260314_pbbrekening-maf_Applicant.jpeg
kksuratnikah-maf;2025051622023156260314_kksuratnikah-maf_Applicant.jpeg
halamandepanbukutabungan-maf;2025051622023156260314_halamandepanbukutabungan-maf_Applicant.jpeg
fpkbelakang-maf;2025051622023156260314_fpkbelakang-maf_Applicant.jpeg
fpkdepan-maf;2025051622023156260314_fpkdepan-maf_Applicant.jpeg
tempatusahadepan-maf;2025051622023156260314_tempatusahadepan-maf_Applicant.jpeg
pbbrekening-maf;2025051622024500827099_pbbrekening-maf_Applicant.jpeg
kksuratnikah-maf;2025051622024500827099_kksuratnikah-maf_Applicant.jpeg
halamandepanbukutabungan-maf;2025051622024500827099_halamandepanbukutabungan-maf_Applicant.jpeg
fpkbelakang-maf;2025051622024500827099_fpkbelakang-maf_Applicant.jpeg
fpkdepan-maf;2025051622024500827099_fpkdepan-maf_Applicant.jpeg
tempatusahadepan-maf;2025051622024500827099_tempatusahadepan-maf_Applicant.jpeg
rumahdepan-maf;2025051622024500827099_rumahdepan-maf_Applicant.jpeg
pasanganttdcmo-maf;2025051622024500827099_pasanganttdcmo-maf_Applicant.jpeg
nasabahttdcmo-maf;2025051622024500827099_nasabahttdcmo-maf_Applicant.jpeg
allobank-maf;2025051622024500827099_allobank-maf_Applicant.jpeg
rumahjalan-maf;2025051622024500827099_rumahjalan-maf_Applicant.jpeg
bpkbdepan-maf;2025051622024500827099_bpkbdepan-maf_Applicant.jpeg
bpkbbelakang-maf;2025051622024500827099_bpkbbelakang-maf_Applicant.jpeg
stnkpajak-maf;2025051622024500827099_stnkpajak-maf_Applicant.jpeg
unitdepankanan-maf;2025051622024500827099_unitdepankanan-maf_Applicant.jpeg
unitdepankiri-maf;2025051622024500827099_unitdepankiri-maf_Applicant.jpeg
salaryslip-maf;2025051622024500827099_salaryslip-maf_Applicant.jpeg
nomorrumah-maf;2025051622024500827099_nomorrumah-maf_Applicant.jpeg
dalamrumah-maf;2025051622024500827099_dalamrumah-maf_Applicant.jpeg
rangkanomesin-maf;2025051622024500827099_rangkanomesin-maf_Applicant.jpeg
rumahjalan-maf;2025052022022482797413_rumahjalan-maf_Applicant.jpeg
bpkbdepan-maf;2025052022022482797413_bpkbdepan-maf_Applicant.jpeg
bpkbbelakang-maf;2025052022022482797413_bpkbbelakang-maf_Applicant.jpeg
stnkpajak-maf;2025052022022482797413_stnkpajak-maf_Applicant.jpeg
unitdepankanan-maf;2025052022022482797413_unitdepankanan-maf_Applicant.jpeg
unitdepankiri-maf;2025052022022482797413_unitdepankiri-maf_Applicant.jpeg
salaryslip-maf;2025052022022482797413_salaryslip-maf_Applicant.jpeg
nomorrumah-maf;2025052022022482797413_nomorrumah-maf_Applicant.jpeg
dalamrumah-maf;2025052022022482797413_dalamrumah-maf_Applicant.jpeg
buktipenghasilanusaha-maf;2025052022022482797413_buktipenghasilanusaha-maf_Applicant.jpeg
perizinanusaha-maf;2025052022022482797413_perizinanusaha-maf_Applicant.jpeg
buktikepemilikanusaha-maf;2025052022022482797413_buktikepemilikanusaha-maf_Applicant.jpeg
rangkanomesin-maf;2025052022022482797413_rangkanomesin-maf_Applicant.jpeg
pbbrekening-maf;2025052122020696886403_pbbrekening-maf_Applicant.jpeg
kksuratnikah-maf;2025052122020696886403_kksuratnikah-maf_Applicant.jpeg
halamandepanbukutabungan-maf;2025052122020696886403_halamandepanbukutabungan-maf_Applicant.jpeg
fpkbelakang-maf;2025052122020696886403_fpkbelakang-maf_Applicant.jpeg
fpkdepan-maf;2025052122020696886403_fpkdepan-maf_Applicant.jpeg
tempatusahadepan-maf;2025052122020696886403_tempatusahadepan-maf_Applicant.jpeg
rumahdepan-maf;2025052122020696886403_rumahdepan-maf_Applicant.jpeg
pasanganttdcmo-maf;2025052122020696886403_pasanganttdcmo-maf_Applicant.jpeg
nasabahttdcmo-maf;2025052122020696886403_nasabahttdcmo-maf_Applicant.jpeg
pbbrekening-maf;2025052122024359648877_pbbrekening-maf_Applicant.jpeg
kksuratnikah-maf;2025052122024359648877_kksuratnikah-maf_Applicant.jpeg
halamandepanbukutabungan-maf;2025052122024359648877_halamandepanbukutabungan-maf_Applicant.jpeg
fpkbelakang-maf;2025052122024359648877_fpkbelakang-maf_Applicant.jpeg
fpkdepan-maf;2025052122024359648877_fpkdepan-maf_Applicant.jpeg
tempatusahadepan-maf;2025052122024359648877_tempatusahadepan-maf_Applicant.jpeg
rumahdepan-maf;2025052122024359648877_rumahdepan-maf_Applicant.jpeg
pasanganttdcmo-maf;2025052122024359648877_pasanganttdcmo-maf_Applicant.jpeg
nasabahttdcmo-maf;2025052122024359648877_nasabahttdcmo-maf_Applicant.jpeg
allobank-maf;2025052122024359648877_allobank-maf_Applicant.jpeg
rumahjalan-maf;2025052122024359648877_rumahjalan-maf_Applicant.jpeg
bpkbdepan-maf;2025052122024359648877_bpkbdepan-maf_Applicant.jpeg
bpkbbelakang-maf;2025052122024359648877_bpkbbelakang-maf_Applicant.jpeg
stnkpajak-maf;2025052122024359648877_stnkpajak-maf_Applicant.jpeg
unitdepankanan-maf;2025052122024359648877_unitdepankanan-maf_Applicant.jpeg
unitdepankiri-maf;2025052122024359648877_unitdepankiri-maf_Applicant.jpeg
salaryslip-maf;2025052122024359648877_salaryslip-maf_Applicant.jpeg
nomorrumah-maf;2025052122024359648877_nomorrumah-maf_Applicant.jpeg
dalamrumah-maf;2025052122024359648877_dalamrumah-maf_Applicant.jpeg
rangkanomesin-maf;2025052122024359648877_rangkanomesin-maf_Applicant.jpeg
pbbrekening-maf;2025052122024016060874_pbbrekening-maf_Applicant.jpeg
kksuratnikah-maf;2025052122024016060874_kksuratnikah-maf_Applicant.jpeg
halamandepanbukutabungan-maf;2025052122024016060874_halamandepanbukutabungan-maf_Applicant.jpeg
fpkbelakang-maf;2025052122024016060874_fpkbelakang-maf_Applicant.jpeg
fpkdepan-maf;2025052122024016060874_fpkdepan-maf_Applicant.jpeg
tempatusahadepan-maf;2025052122024016060874_tempatusahadepan-maf_Applicant.jpeg
rumahdepan-maf;2025052122024016060874_rumahdepan-maf_Applicant.jpeg
pasanganttdcmo-maf;2025052122024016060874_pasanganttdcmo-maf_Applicant.jpeg
nasabahttdcmo-maf;2025052122024016060874_nasabahttdcmo-maf_Applicant.jpeg
allobank-maf;2025052122024016060874_allobank-maf_Applicant.jpeg
rumahjalan-maf;2025052122024016060874_rumahjalan-maf_Applicant.jpeg
bpkbdepan-maf;2025052122024016060874_bpkbdepan-maf_Applicant.jpeg
bpkbbelakang-maf;2025052122024016060874_bpkbbelakang-maf_Applicant.jpeg
stnkpajak-maf;2025052122024016060874_stnkpajak-maf_Applicant.jpeg
unitdepankanan-maf;2025052122024016060874_unitdepankanan-maf_Applicant.jpeg
unitdepankiri-maf;2025052122024016060874_unitdepankiri-maf_Applicant.jpeg
salaryslip-maf;2025052122024016060874_salaryslip-maf_Applicant.jpeg
nomorrumah-maf;2025052122024016060874_nomorrumah-maf_Applicant.jpeg
dalamrumah-maf;2025052122024016060874_dalamrumah-maf_Applicant.jpeg
buktipenghasilanusaha-maf;2025052122024016060874_buktipenghasilanusaha-maf_Applicant.jpeg
perizinanusaha-maf;2025052122024016060874_perizinanusaha-maf_Applicant.jpeg
buktikepemilikanusaha-maf;2025052122024016060874_buktikepemilikanusaha-maf_Applicant.jpeg
rangkanomesin-maf;2025052122024016060874_rangkanomesin-maf_Applicant.jpeg
perizinanusaha-maf;2025052122021056499632_perizinanusaha-maf_Applicant.jpeg
buktikepemilikanusaha-maf;2025052122021056499632_buktikepemilikanusaha-maf_Applicant.jpeg
rangkanomesin-maf;2025052122021056499632_rangkanomesin-maf_Applicant.jpeg
pbbrekening-maf;2025052122022195832319_pbbrekening-maf_Applicant.jpeg
kksuratnikah-maf;2025052122022195832319_kksuratnikah-maf_Applicant.jpeg
halamandepanbukutabungan-maf;2025052122022195832319_halamandepanbukutabungan-maf_Applicant.jpeg
fpkbelakang-maf;2025052122022195832319_fpkbelakang-maf_Applicant.jpeg
fpkdepan-maf;2025052122022195832319_fpkdepan-maf_Applicant.jpeg
tempatusahadepan-maf;2025052122022195832319_tempatusahadepan-maf_Applicant.jpeg
rumahdepan-maf;2025052122022195832319_rumahdepan-maf_Applicant.jpeg
pasanganttdcmo-maf;2025052122022195832319_pasanganttdcmo-maf_Applicant.jpeg
nasabahttdcmo-maf;2025052122022195832319_nasabahttdcmo-maf_Applicant.jpeg
allobank-maf;2025052122022195832319_allobank-maf_Applicant.jpeg
rumahjalan-maf;2025052122022195832319_rumahjalan-maf_Applicant.jpeg
bpkbdepan-maf;2025052122022195832319_bpkbdepan-maf_Applicant.jpeg
bpkbbelakang-maf;2025052122022195832319_bpkbbelakang-maf_Applicant.jpeg
stnkpajak-maf;2025052122022195832319_stnkpajak-maf_Applicant.jpeg
pbbrekening-maf;2025052122022145394003_pbbrekening-maf_Applicant.jpeg
kksuratnikah-maf;2025052122022145394003_kksuratnikah-maf_Applicant.jpeg
halamandepanbukutabungan-maf;2025052122022145394003_halamandepanbukutabungan-maf_Applicant.jpeg
fpkbelakang-maf;2025052122022145394003_fpkbelakang-maf_Applicant.jpeg
fpkdepan-maf;2025052122022145394003_fpkdepan-maf_Applicant.jpeg
tempatusahadepan-maf;2025052122022145394003_tempatusahadepan-maf_Applicant.jpeg
rumahdepan-maf;2025052122022145394003_rumahdepan-maf_Applicant.jpeg
pasanganttdcmo-maf;2025052122022145394003_pasanganttdcmo-maf_Applicant.jpeg
nasabahttdcmo-maf;2025052122022145394003_nasabahttdcmo-maf_Applicant.jpeg
allobank-maf;2025052122022145394003_allobank-maf_Applicant.jpeg
rumahjalan-maf;2025052122022145394003_rumahjalan-maf_Applicant.jpeg
bpkbdepan-maf;2025052122022145394003_bpkbdepan-maf_Applicant.jpeg
bpkbbelakang-maf;2025052122022145394003_bpkbbelakang-maf_Applicant.jpeg
stnkpajak-maf;2025052122022145394003_stnkpajak-maf_Applicant.jpeg
unitdepankanan-maf;2025052122022145394003_unitdepankanan-maf_Applicant.jpeg
unitdepankiri-maf;2025052122022145394003_unitdepankiri-maf_Applicant.jpeg
salaryslip-maf;2025052122022145394003_salaryslip-maf_Applicant.jpeg
nomorrumah-maf;2025052122022145394003_nomorrumah-maf_Applicant.jpeg
dalamrumah-maf;2025052122022145394003_dalamrumah-maf_Applicant.jpeg
rangkanomesin-maf;2025052122022145394003_rangkanomesin-maf_Applicant.jpeg
pbbrekening-maf;2025052022017392053973_pbbrekening-maf_Applicant.jpeg
kksuratnikah-maf;2025052022017392053973_kksuratnikah-maf_Applicant.jpeg
halamandepanbukutabungan-maf;2025052022017392053973_halamandepanbukutabungan-maf_Applicant.jpeg
fpkbelakang-maf;2025052022017392053973_fpkbelakang-maf_Applicant.jpeg
fpkdepan-maf;2025052022017392053973_fpkdepan-maf_Applicant.jpeg
tempatusahadepan-maf;2025052022017392053973_tempatusahadepan-maf_Applicant.jpeg
rumahdepan-maf;2025052022017392053973_rumahdepan-maf_Applicant.jpeg
pasanganttdcmo-maf;2025052022017392053973_pasanganttdcmo-maf_Applicant.jpeg
nasabahttdcmo-maf;2025052022017392053973_nasabahttdcmo-maf_Applicant.jpeg
allobank-maf;2025052022017392053973_allobank-maf_Applicant.jpeg
rumahjalan-maf;2025052022017392053973_rumahjalan-maf_Applicant.jpeg
bpkbdepan-maf;2025052022017392053973_bpkbdepan-maf_Applicant.jpeg
bpkbbelakang-maf;2025052022017392053973_bpkbbelakang-maf_Applicant.jpeg
stnkpajak-maf;2025052022017392053973_stnkpajak-maf_Applicant.jpeg
unitdepankanan-maf;2025052022017392053973_unitdepankanan-maf_Applicant.jpeg
unitdepankiri-maf;2025052022017392053973_unitdepankiri-maf_Applicant.jpeg
salaryslip-maf;2025052022017392053973_salaryslip-maf_Applicant.jpeg
nomorrumah-maf;2025052022017392053973_nomorrumah-maf_Applicant.jpeg
dalamrumah-maf;2025052022017392053973_dalamrumah-maf_Applicant.jpeg
rangkanomesin-maf;2025052022017392053973_rangkanomesin-maf_Applicant.jpeg
pbbrekening-maf;2025052122022145369271_pbbrekening-maf_Applicant.jpeg
kksuratnikah-maf;2025052122022145369271_kksuratnikah-maf_Applicant.jpeg
halamandepanbukutabungan-maf;2025052122022145369271_halamandepanbukutabungan-maf_Applicant.jpeg
fpkbelakang-maf;2025052122022145369271_fpkbelakang-maf_Applicant.jpeg
fpkdepan-maf;2025052122022145369271_fpkdepan-maf_Applicant.jpeg
tempatusahadepan-maf;2025052122022145369271_tempatusahadepan-maf_Applicant.jpeg
rumahdepan-maf;2025052122022145369271_rumahdepan-maf_Applicant.jpeg
pasanganttdcmo-maf;2025052122022145369271_pasanganttdcmo-maf_Applicant.jpeg
nasabahttdcmo-maf;2025052122022145369271_nasabahttdcmo-maf_Applicant.jpeg
allobank-maf;2025052122022145369271_allobank-maf_Applicant.jpeg
rumahjalan-maf;2025052122022145369271_rumahjalan-maf_Applicant.jpeg
bpkbdepan-maf;2025052122022145369271_bpkbdepan-maf_Applicant.jpeg
bpkbbelakang-maf;2025052122022145369271_bpkbbelakang-maf_Applicant.jpeg
stnkpajak-maf;2025052122022145369271_stnkpajak-maf_Applicant.jpeg
unitdepankanan-maf;2025052122022145369271_unitdepankanan-maf_Applicant.jpeg
unitdepankiri-maf;2025052122022145369271_unitdepankiri-maf_Applicant.jpeg
salaryslip-maf;2025052122022145369271_salaryslip-maf_Applicant.jpeg
nomorrumah-maf;2025052122022145369271_nomorrumah-maf_Applicant.jpeg
dalamrumah-maf;2025052122022145369271_dalamrumah-maf_Applicant.jpeg
rangkanomesin-maf;2025052122022145369271_rangkanomesin-maf_Applicant.jpeg
pbbrekening-maf;2025051922024456111571_pbbrekening-maf_Applicant.jpeg
kksuratnikah-maf;2025051922024456111571_kksuratnikah-maf_Applicant.jpeg
halamandepanbukutabungan-maf;2025051922024456111571_halamandepanbukutabungan-maf_Applicant.jpeg
fpkbelakang-maf;2025051922024456111571_fpkbelakang-maf_Applicant.jpeg
fpkdepan-maf;2025051922024456111571_fpkdepan-maf_Applicant.jpeg
tempatusahadepan-maf;2025051922024456111571_tempatusahadepan-maf_Applicant.jpeg
rumahdepan-maf;2025051922024456111571_rumahdepan-maf_Applicant.jpeg
pasanganttdcmo-maf;2025051922024456111571_pasanganttdcmo-maf_Applicant.jpeg
nasabahttdcmo-maf;2025051922024456111571_nasabahttdcmo-maf_Applicant.jpeg
allobank-maf;2025051922024456111571_allobank-maf_Applicant.jpeg
rumahjalan-maf;2025051922024456111571_rumahjalan-maf_Applicant.jpeg
bpkbdepan-maf;2025051922024456111571_bpkbdepan-maf_Applicant.jpeg
bpkbbelakang-maf;2025051922024456111571_bpkbbelakang-maf_Applicant.jpeg
stnkpajak-maf;2025051922024456111571_stnkpajak-maf_Applicant.jpeg
unitdepankanan-maf;2025051922024456111571_unitdepankanan-maf_Applicant.jpeg
unitdepankiri-maf;2025051922024456111571_unitdepankiri-maf_Applicant.jpeg
salaryslip-maf;2025051922024456111571_salaryslip-maf_Applicant.jpeg
nomorrumah-maf;2025051922024456111571_nomorrumah-maf_Applicant.jpeg
dalamrumah-maf;2025051922024456111571_dalamrumah-maf_Applicant.jpeg
rangkanomesin-maf;2025051922024456111571_rangkanomesin-maf_Applicant.jpeg
rumahdepan-maf;2025051622023156260314_rumahdepan-maf_Applicant.jpeg
pasanganttdcmo-maf;2025051622023156260314_pasanganttdcmo-maf_Applicant.jpeg
nasabahttdcmo-maf;2025051622023156260314_nasabahttdcmo-maf_Applicant.jpeg
allobank-maf;2025051622023156260314_allobank-maf_Applicant.jpeg
rumahjalan-maf;2025051622023156260314_rumahjalan-maf_Applicant.jpeg
bpkbdepan-maf;2025051622023156260314_bpkbdepan-maf_Applicant.jpeg
bpkbbelakang-maf;2025051622023156260314_bpkbbelakang-maf_Applicant.jpeg
stnkpajak-maf;2025051622023156260314_stnkpajak-maf_Applicant.jpeg
unitdepankanan-maf;2025051622023156260314_unitdepankanan-maf_Applicant.jpeg
unitdepankiri-maf;2025051622023156260314_unitdepankiri-maf_Applicant.jpeg
salaryslip-maf;2025051622023156260314_salaryslip-maf_Applicant.jpeg
nomorrumah-maf;2025051622023156260314_nomorrumah-maf_Applicant.jpeg
dalamrumah-maf;2025051622023156260314_dalamrumah-maf_Applicant.jpeg
rangkanomesin-maf;2025051622023156260314_rangkanomesin-maf_Applicant.jpeg
pbbrekening-maf;2025051622024150361102_pbbrekening-maf_Applicant.jpeg
kksuratnikah-maf;2025051622024150361102_kksuratnikah-maf_Applicant.jpeg
halamandepanbukutabungan-maf;2025051622024150361102_halamandepanbukutabungan-maf_Applicant.jpeg
fpkbelakang-maf;2025051622024150361102_fpkbelakang-maf_Applicant.jpeg
fpkdepan-maf;2025051622024150361102_fpkdepan-maf_Applicant.jpeg
tempatusahadepan-maf;2025051622024150361102_tempatusahadepan-maf_Applicant.jpeg
rumahdepan-maf;2025051622024150361102_rumahdepan-maf_Applicant.jpeg
pasanganttdcmo-maf;2025051622024150361102_pasanganttdcmo-maf_Applicant.jpeg
nasabahttdcmo-maf;2025051622024150361102_nasabahttdcmo-maf_Applicant.jpeg
allobank-maf;2025051622024150361102_allobank-maf_Applicant.jpeg
rumahjalan-maf;2025051622024150361102_rumahjalan-maf_Applicant.jpeg
bpkbdepan-maf;2025051622024150361102_bpkbdepan-maf_Applicant.jpeg
bpkbbelakang-maf;2025051622024150361102_bpkbbelakang-maf_Applicant.jpeg
stnkpajak-maf;2025051622024150361102_stnkpajak-maf_Applicant.jpeg
unitdepankanan-maf;2025051622024150361102_unitdepankanan-maf_Applicant.jpeg
unitdepankiri-maf;2025051622024150361102_unitdepankiri-maf_Applicant.jpeg
salaryslip-maf;2025051622024150361102_salaryslip-maf_Applicant.jpeg
nomorrumah-maf;2025051622024150361102_nomorrumah-maf_Applicant.jpeg
dalamrumah-maf;2025051622024150361102_dalamrumah-maf_Applicant.jpeg
rangkanomesin-maf;2025051622024150361102_rangkanomesin-maf_Applicant.jpeg
pbbrekening-maf;2025051622025077259556_pbbrekening-maf_Applicant.jpeg
kksuratnikah-maf;2025051622025077259556_kksuratnikah-maf_Applicant.jpeg
halamandepanbukutabungan-maf;2025051622025077259556_halamandepanbukutabungan-maf_Applicant.jpeg
fpkbelakang-maf;2025051622025077259556_fpkbelakang-maf_Applicant.jpeg
fpkdepan-maf;2025051622025077259556_fpkdepan-maf_Applicant.jpeg
tempatusahadepan-maf;2025051622025077259556_tempatusahadepan-maf_Applicant.jpeg
rumahdepan-maf;2025051622025077259556_rumahdepan-maf_Applicant.jpeg
pasanganttdcmo-maf;2025051622025077259556_pasanganttdcmo-maf_Applicant.jpeg
nasabahttdcmo-maf;2025051622025077259556_nasabahttdcmo-maf_Applicant.jpeg
allobank-maf;2025051622025077259556_allobank-maf_Applicant.jpeg
rumahjalan-maf;2025051622025077259556_rumahjalan-maf_Applicant.jpeg
bpkbdepan-maf;2025051622025077259556_bpkbdepan-maf_Applicant.jpeg
bpkbbelakang-maf;2025051622025077259556_bpkbbelakang-maf_Applicant.jpeg
stnkpajak-maf;2025051622025077259556_stnkpajak-maf_Applicant.jpeg
unitdepankanan-maf;2025051622025077259556_unitdepankanan-maf_Applicant.jpeg
unitdepankiri-maf;2025051622025077259556_unitdepankiri-maf_Applicant.jpeg
salaryslip-maf;2025051622025077259556_salaryslip-maf_Applicant.jpeg
nomorrumah-maf;2025051622025077259556_nomorrumah-maf_Applicant.jpeg
dalamrumah-maf;2025051622025077259556_dalamrumah-maf_Applicant.jpeg
rangkanomesin-maf;2025051622025077259556_rangkanomesin-maf_Applicant.jpeg
pbbrekening-maf;2025051622021296222344_pbbrekening-maf_Applicant.jpeg
kksuratnikah-maf;2025051622021296222344_kksuratnikah-maf_Applicant.jpeg
halamandepanbukutabungan-maf;2025051622021296222344_halamandepanbukutabungan-maf_Applicant.jpeg
fpkbelakang-maf;2025051622021296222344_fpkbelakang-maf_Applicant.jpeg
fpkdepan-maf;2025051622021296222344_fpkdepan-maf_Applicant.jpeg
tempatusahadepan-maf;2025051622021296222344_tempatusahadepan-maf_Applicant.jpeg
rumahdepan-maf;2025051622021296222344_rumahdepan-maf_Applicant.jpeg
pasanganttdcmo-maf;2025051622021296222344_pasanganttdcmo-maf_Applicant.jpeg
nasabahttdcmo-maf;2025051622021296222344_nasabahttdcmo-maf_Applicant.jpeg
allobank-maf;2025051622021296222344_allobank-maf_Applicant.jpeg
rumahjalan-maf;2025051622021296222344_rumahjalan-maf_Applicant.jpeg
bpkbdepan-maf;2025051622021296222344_bpkbdepan-maf_Applicant.jpeg
bpkbbelakang-maf;2025051622021296222344_bpkbbelakang-maf_Applicant.jpeg
stnkpajak-maf;2025051622021296222344_stnkpajak-maf_Applicant.jpeg
unitdepankanan-maf;2025051622021296222344_unitdepankanan-maf_Applicant.jpeg
unitdepankiri-maf;2025051622021296222344_unitdepankiri-maf_Applicant.jpeg
salaryslip-maf;2025051622021296222344_salaryslip-maf_Applicant.jpeg
nomorrumah-maf;2025051622021296222344_nomorrumah-maf_Applicant.jpeg
dalamrumah-maf;2025051622021296222344_dalamrumah-maf_Applicant.jpeg
rangkanomesin-maf;2025051622021296222344_rangkanomesin-maf_Applicant.jpeg
pbbrekening-maf;2025051622024255951428_pbbrekening-maf_Applicant.jpeg
kksuratnikah-maf;2025051622024255951428_kksuratnikah-maf_Applicant.jpeg
halamandepanbukutabungan-maf;2025051622024255951428_halamandepanbukutabungan-maf_Applicant.jpeg
fpkbelakang-maf;2025051622024255951428_fpkbelakang-maf_Applicant.jpeg
fpkdepan-maf;2025051622024255951428_fpkdepan-maf_Applicant.jpeg
tempatusahadepan-maf;2025051622024255951428_tempatusahadepan-maf_Applicant.jpeg
rumahdepan-maf;2025051622024255951428_rumahdepan-maf_Applicant.jpeg
pasanganttdcmo-maf;2025051622024255951428_pasanganttdcmo-maf_Applicant.jpeg
nasabahttdcmo-maf;2025051622024255951428_nasabahttdcmo-maf_Applicant.jpeg
allobank-maf;2025051622024255951428_allobank-maf_Applicant.jpeg
rumahjalan-maf;2025051622024255951428_rumahjalan-maf_Applicant.jpeg
bpkbdepan-maf;2025051622024255951428_bpkbdepan-maf_Applicant.jpeg
bpkbbelakang-maf;2025051622024255951428_bpkbbelakang-maf_Applicant.jpeg
stnkpajak-maf;2025051622024255951428_stnkpajak-maf_Applicant.jpeg
unitdepankanan-maf;2025051622024255951428_unitdepankanan-maf_Applicant.jpeg
unitdepankiri-maf;2025051622024255951428_unitdepankiri-maf_Applicant.jpeg
salaryslip-maf;2025051622024255951428_salaryslip-maf_Applicant.jpeg
nomorrumah-maf;2025051622024255951428_nomorrumah-maf_Applicant.jpeg
dalamrumah-maf;2025051622024255951428_dalamrumah-maf_Applicant.jpeg
rangkanomesin-maf;2025051622024255951428_rangkanomesin-maf_Applicant.jpeg
pbbrekening-maf;2025051622015002498261_pbbrekening-maf_Applicant.jpeg
kksuratnikah-maf;2025051622015002498261_kksuratnikah-maf_Applicant.jpeg
halamandepanbukutabungan-maf;2025051622015002498261_halamandepanbukutabungan-maf_Applicant.jpeg
fpkbelakang-maf;2025051622015002498261_fpkbelakang-maf_Applicant.jpeg
fpkdepan-maf;2025051622015002498261_fpkdepan-maf_Applicant.jpeg
tempatusahadepan-maf;2025051622015002498261_tempatusahadepan-maf_Applicant.jpeg
rumahdepan-maf;2025051622015002498261_rumahdepan-maf_Applicant.jpeg
pasanganttdcmo-maf;2025051622015002498261_pasanganttdcmo-maf_Applicant.jpeg
nasabahttdcmo-maf;2025051622015002498261_nasabahttdcmo-maf_Applicant.jpeg
allobank-maf;2025051622015002498261_allobank-maf_Applicant.jpeg
rumahjalan-maf;2025051622015002498261_rumahjalan-maf_Applicant.jpeg
bpkbdepan-maf;2025051622015002498261_bpkbdepan-maf_Applicant.jpeg
bpkbbelakang-maf;2025051622015002498261_bpkbbelakang-maf_Applicant.jpeg
stnkpajak-maf;2025051622015002498261_stnkpajak-maf_Applicant.jpeg
unitdepankanan-maf;2025051622015002498261_unitdepankanan-maf_Applicant.jpeg
unitdepankiri-maf;2025051622015002498261_unitdepankiri-maf_Applicant.jpeg
salaryslip-maf;2025051622015002498261_salaryslip-maf_Applicant.jpeg
nomorrumah-maf;2025051622015002498261_nomorrumah-maf_Applicant.jpeg
dalamrumah-maf;2025051622015002498261_dalamrumah-maf_Applicant.jpeg
rangkanomesin-maf;2025051622015002498261_rangkanomesin-maf_Applicant.jpeg
pbbrekening-maf;2025051322024227912964_pbbrekening-maf_Applicant.jpeg
kksuratnikah-maf;2025051322024227912964_kksuratnikah-maf_Applicant.jpeg
halamandepanbukutabungan-maf;2025051322024227912964_halamandepanbukutabungan-maf_Applicant.jpeg
fpkbelakang-maf;2025051322024227912964_fpkbelakang-maf_Applicant.jpeg
fpkdepan-maf;2025051322024227912964_fpkdepan-maf_Applicant.jpeg
tempatusahadepan-maf;2025051322024227912964_tempatusahadepan-maf_Applicant.jpeg
rumahdepan-maf;2025051322024227912964_rumahdepan-maf_Applicant.jpeg
pasanganttdcmo-maf;2025051322024227912964_pasanganttdcmo-maf_Applicant.jpeg
nasabahttdcmo-maf;2025051322024227912964_nasabahttdcmo-maf_Applicant.jpeg
allobank-maf;2025051322024227912964_allobank-maf_Applicant.jpeg
rumahjalan-maf;2025051322024227912964_rumahjalan-maf_Applicant.jpeg
bpkbdepan-maf;2025051322024227912964_bpkbdepan-maf_Applicant.jpeg
bpkbbelakang-maf;2025051322024227912964_bpkbbelakang-maf_Applicant.jpeg
pbbrekening-maf;2025051622023503011371_pbbrekening-maf_Applicant.jpeg
kksuratnikah-maf;2025051622023503011371_kksuratnikah-maf_Applicant.jpeg
halamandepanbukutabungan-maf;2025051622023503011371_halamandepanbukutabungan-maf_Applicant.jpeg
fpkbelakang-maf;2025051622023503011371_fpkbelakang-maf_Applicant.jpeg
fpkdepan-maf;2025051622023503011371_fpkdepan-maf_Applicant.jpeg
tempatusahadepan-maf;2025051622023503011371_tempatusahadepan-maf_Applicant.jpeg
rumahdepan-maf;2025051622023503011371_rumahdepan-maf_Applicant.jpeg
pasanganttdcmo-maf;2025051622023503011371_pasanganttdcmo-maf_Applicant.jpeg
nasabahttdcmo-maf;2025051622023503011371_nasabahttdcmo-maf_Applicant.jpeg
allobank-maf;2025051622023503011371_allobank-maf_Applicant.jpeg
rumahjalan-maf;2025051622023503011371_rumahjalan-maf_Applicant.jpeg
bpkbdepan-maf;2025051622023503011371_bpkbdepan-maf_Applicant.jpeg
bpkbbelakang-maf;2025051622023503011371_bpkbbelakang-maf_Applicant.jpeg
stnkpajak-maf;2025051622023503011371_stnkpajak-maf_Applicant.jpeg
unitdepankanan-maf;2025051622023503011371_unitdepankanan-maf_Applicant.jpeg
stnkpajak-maf;2025051322024227912964_stnkpajak-maf_Applicant.jpeg
unitdepankanan-maf;2025051322024227912964_unitdepankanan-maf_Applicant.jpeg
unitdepankiri-maf;2025051322024227912964_unitdepankiri-maf_Applicant.jpeg
salaryslip-maf;2025051322024227912964_salaryslip-maf_Applicant.jpeg
nomorrumah-maf;2025051322024227912964_nomorrumah-maf_Applicant.jpeg
dalamrumah-maf;2025051322024227912964_dalamrumah-maf_Applicant.jpeg
rangkanomesin-maf;2025051322024227912964_rangkanomesin-maf_Applicant.jpeg
unitdepankanan-maf;2025051722022697773836_unitdepankanan-maf_Applicant.jpeg
unitdepankiri-maf;2025051722022697773836_unitdepankiri-maf_Applicant.jpeg
salaryslip-maf;2025051722022697773836_salaryslip-maf_Applicant.jpeg
nomorrumah-maf;2025051722022697773836_nomorrumah-maf_Applicant.jpeg
dalamrumah-maf;2025051722022697773836_dalamrumah-maf_Applicant.jpeg
rangkanomesin-maf;2025051722022697773836_rangkanomesin-maf_Applicant.jpeg
pbbrekening-maf;2025051722024255950191_pbbrekening-maf_Applicant.jpeg
kksuratnikah-maf;2025051722024255950191_kksuratnikah-maf_Applicant.jpeg
halamandepanbukutabungan-maf;2025051722024255950191_halamandepanbukutabungan-maf_Applicant.jpeg
fpkbelakang-maf;2025051722024255950191_fpkbelakang-maf_Applicant.jpeg
fpkdepan-maf;2025051722024255950191_fpkdepan-maf_Applicant.jpeg
tempatusahadepan-maf;2025051722024255950191_tempatusahadepan-maf_Applicant.jpeg
rumahdepan-maf;2025051722024255950191_rumahdepan-maf_Applicant.jpeg
pasanganttdcmo-maf;2025051722024255950191_pasanganttdcmo-maf_Applicant.jpeg
nasabahttdcmo-maf;2025051722024255950191_nasabahttdcmo-maf_Applicant.jpeg
allobank-maf;2025051722024255950191_allobank-maf_Applicant.jpeg
rumahjalan-maf;2025051722024255950191_rumahjalan-maf_Applicant.jpeg
bpkbdepan-maf;2025051722024255950191_bpkbdepan-maf_Applicant.jpeg
bpkbbelakang-maf;2025051722024255950191_bpkbbelakang-maf_Applicant.jpeg
stnkpajak-maf;2025051722024255950191_stnkpajak-maf_Applicant.jpeg
unitdepankanan-maf;2025051722024255950191_unitdepankanan-maf_Applicant.jpeg
unitdepankiri-maf;2025051722024255950191_unitdepankiri-maf_Applicant.jpeg
salaryslip-maf;2025051722024255950191_salaryslip-maf_Applicant.jpeg
nomorrumah-maf;2025051722024255950191_nomorrumah-maf_Applicant.jpeg
dalamrumah-maf;2025051722024255950191_dalamrumah-maf_Applicant.jpeg
buktipenghasilanusaha-maf;2025051722024255950191_buktipenghasilanusaha-maf_Applicant.jpeg
perizinanusaha-maf;2025051722024255950191_perizinanusaha-maf_Applicant.jpeg
buktikepemilikanusaha-maf;2025051722024255950191_buktikepemilikanusaha-maf_Applicant.jpeg
rangkanomesin-maf;2025051722024255950191_rangkanomesin-maf_Applicant.jpeg
pbbrekening-maf;2025051722024422622099_pbbrekening-maf_Applicant.jpeg
kksuratnikah-maf;2025051722024422622099_kksuratnikah-maf_Applicant.jpeg
halamandepanbukutabungan-maf;2025051722024422622099_halamandepanbukutabungan-maf_Applicant.jpeg
fpkbelakang-maf;2025051722024422622099_fpkbelakang-maf_Applicant.jpeg
fpkdepan-maf;2025051722024422622099_fpkdepan-maf_Applicant.jpeg
tempatusahadepan-maf;2025051722024422622099_tempatusahadepan-maf_Applicant.jpeg
rumahdepan-maf;2025051722024422622099_rumahdepan-maf_Applicant.jpeg
pasanganttdcmo-maf;2025051722024422622099_pasanganttdcmo-maf_Applicant.jpeg
nasabahttdcmo-maf;2025051722024422622099_nasabahttdcmo-maf_Applicant.jpeg
allobank-maf;2025051722024422622099_allobank-maf_Applicant.jpeg
rumahjalan-maf;2025051722024422622099_rumahjalan-maf_Applicant.jpeg
bpkbdepan-maf;2025051722024422622099_bpkbdepan-maf_Applicant.jpeg
bpkbbelakang-maf;2025051722024422622099_bpkbbelakang-maf_Applicant.jpeg
unitdepankiri-maf;2025051622023503011371_unitdepankiri-maf_Applicant.jpeg
salaryslip-maf;2025051622023503011371_salaryslip-maf_Applicant.jpeg
nomorrumah-maf;2025051622023503011371_nomorrumah-maf_Applicant.jpeg
dalamrumah-maf;2025051622023503011371_dalamrumah-maf_Applicant.jpeg
buktipenghasilanusaha-maf;2025051622023503011371_buktipenghasilanusaha-maf_Applicant.jpeg
perizinanusaha-maf;2025051622023503011371_perizinanusaha-maf_Applicant.jpeg
buktikepemilikanusaha-maf;2025051622023503011371_buktikepemilikanusaha-maf_Applicant.jpeg
rangkanomesin-maf;2025051622023503011371_rangkanomesin-maf_Applicant.jpeg
pbbrekening-maf;2025051722022697773836_pbbrekening-maf_Applicant.jpeg
kksuratnikah-maf;2025051722022697773836_kksuratnikah-maf_Applicant.jpeg
halamandepanbukutabungan-maf;2025051722022697773836_halamandepanbukutabungan-maf_Applicant.png
fpkbelakang-maf;2025051722022697773836_fpkbelakang-maf_Applicant.jpeg
fpkdepan-maf;2025051722022697773836_fpkdepan-maf_Applicant.jpeg
tempatusahadepan-maf;2025051722022697773836_tempatusahadepan-maf_Applicant.jpeg
rumahdepan-maf;2025051722022697773836_rumahdepan-maf_Applicant.jpeg
pasanganttdcmo-maf;2025051722022697773836_pasanganttdcmo-maf_Applicant.jpeg
nasabahttdcmo-maf;2025051722022697773836_nasabahttdcmo-maf_Applicant.jpeg
allobank-maf;2025051722022697773836_allobank-maf_Applicant.jpeg
rumahjalan-maf;2025051722022697773836_rumahjalan-maf_Applicant.jpeg
bpkbdepan-maf;2025051722022697773836_bpkbdepan-maf_Applicant.jpeg
bpkbbelakang-maf;2025051722022697773836_bpkbbelakang-maf_Applicant.jpeg
stnkpajak-maf;2025051722022697773836_stnkpajak-maf_Applicant.jpeg
stnkpajak-maf;2025051722024422622099_stnkpajak-maf_Applicant.jpeg
unitdepankanan-maf;2025051722024422622099_unitdepankanan-maf_Applicant.jpeg
unitdepankiri-maf;2025051722024422622099_unitdepankiri-maf_Applicant.jpeg
salaryslip-maf;2025051722024422622099_salaryslip-maf_Applicant.jpeg
nomorrumah-maf;2025051722024422622099_nomorrumah-maf_Applicant.jpeg
dalamrumah-maf;2025051722024422622099_dalamrumah-maf_Applicant.jpeg
buktipenghasilanusaha-maf;2025051722024422622099_buktipenghasilanusaha-maf_Applicant.jpeg
perizinanusaha-maf;2025051722024422622099_perizinanusaha-maf_Applicant.jpeg
buktikepemilikanusaha-maf;2025051722024422622099_buktikepemilikanusaha-maf_Applicant.jpeg
rangkanomesin-maf;2025051722024422622099_rangkanomesin-maf_Applicant.jpeg
pbbrekening-maf;2025051722017380915087_pbbrekening-maf_Applicant.jpeg
kksuratnikah-maf;2025051722017380915087_kksuratnikah-maf_Applicant.jpeg
halamandepanbukutabungan-maf;2025051722017380915087_halamandepanbukutabungan-maf_Applicant.jpeg
fpkbelakang-maf;2025051722017380915087_fpkbelakang-maf_Applicant.jpeg
fpkdepan-maf;2025051722017380915087_fpkdepan-maf_Applicant.jpeg
tempatusahadepan-maf;2025051722017380915087_tempatusahadepan-maf_Applicant.jpeg
rumahdepan-maf;2025051722017380915087_rumahdepan-maf_Applicant.jpeg
pasanganttdcmo-maf;2025051722017380915087_pasanganttdcmo-maf_Applicant.jpeg
nasabahttdcmo-maf;2025051722017380915087_nasabahttdcmo-maf_Applicant.jpeg
allobank-maf;2025051722017380915087_allobank-maf_Applicant.jpeg
rumahjalan-maf;2025051722017380915087_rumahjalan-maf_Applicant.jpeg
bpkbdepan-maf;2025051722017380915087_bpkbdepan-maf_Applicant.jpeg
bpkbbelakang-maf;2025051722017380915087_bpkbbelakang-maf_Applicant.jpeg
stnkpajak-maf;2025051722017380915087_stnkpajak-maf_Applicant.jpeg
unitdepankanan-maf;2025051722017380915087_unitdepankanan-maf_Applicant.jpeg
unitdepankiri-maf;2025051722017380915087_unitdepankiri-maf_Applicant.jpeg
salaryslip-maf;2025051722017380915087_salaryslip-maf_Applicant.jpeg
nomorrumah-maf;2025051722017380915087_nomorrumah-maf_Applicant.jpeg
dalamrumah-maf;2025051722017380915087_dalamrumah-maf_Applicant.jpeg
rangkanomesin-maf;2025051722017380915087_rangkanomesin-maf_Applicant.jpeg
pbbrekening-maf;2025051622024077013489_pbbrekening-maf_Applicant.jpeg
kksuratnikah-maf;2025051622024077013489_kksuratnikah-maf_Applicant.jpeg
halamandepanbukutabungan-maf;2025051622024077013489_halamandepanbukutabungan-maf_Applicant.jpeg
fpkbelakang-maf;2025051622024077013489_fpkbelakang-maf_Applicant.jpeg
fpkdepan-maf;2025051622024077013489_fpkdepan-maf_Applicant.jpeg
tempatusahadepan-maf;2025051622024077013489_tempatusahadepan-maf_Applicant.jpeg
rumahdepan-maf;2025051622024077013489_rumahdepan-maf_Applicant.jpeg
pasanganttdcmo-maf;2025051622024077013489_pasanganttdcmo-maf_Applicant.jpeg
nasabahttdcmo-maf;2025051622024077013489_nasabahttdcmo-maf_Applicant.jpeg
allobank-maf;2025051622024077013489_allobank-maf_Applicant.jpeg
rumahjalan-maf;2025051622024077013489_rumahjalan-maf_Applicant.jpeg
bpkbdepan-maf;2025051622024077013489_bpkbdepan-maf_Applicant.jpeg
bpkbbelakang-maf;2025051622024077013489_bpkbbelakang-maf_Applicant.jpeg
stnkpajak-maf;2025051622024077013489_stnkpajak-maf_Applicant.jpeg
unitdepankanan-maf;2025051622024077013489_unitdepankanan-maf_Applicant.jpeg
unitdepankiri-maf;2025051622024077013489_unitdepankiri-maf_Applicant.jpeg
salaryslip-maf;2025051622024077013489_salaryslip-maf_Applicant.jpeg
nomorrumah-maf;2025051622024077013489_nomorrumah-maf_Applicant.jpeg
dalamrumah-maf;2025051622024077013489_dalamrumah-maf_Applicant.jpeg
rangkanomesin-maf;2025051622024077013489_rangkanomesin-maf_Applicant.jpeg
pbbrekening-maf;2025051722023503051608_pbbrekening-maf_Applicant.jpeg
kksuratnikah-maf;2025051722023503051608_kksuratnikah-maf_Applicant.jpeg
halamandepanbukutabungan-maf;2025051722023503051608_halamandepanbukutabungan-maf_Applicant.jpeg
fpkbelakang-maf;2025051722023503051608_fpkbelakang-maf_Applicant.jpeg
fpkdepan-maf;2025051722023503051608_fpkdepan-maf_Applicant.jpeg
tempatusahadepan-maf;2025051722023503051608_tempatusahadepan-maf_Applicant.jpeg
rumahdepan-maf;2025051722023503051608_rumahdepan-maf_Applicant.jpeg
pasanganttdcmo-maf;2025051722023503051608_pasanganttdcmo-maf_Applicant.jpeg
nasabahttdcmo-maf;2025051722023503051608_nasabahttdcmo-maf_Applicant.jpeg
allobank-maf;2025051722023503051608_allobank-maf_Applicant.jpeg
bpkbbelakang-maf;2025051722016076394730_bpkbbelakang-maf_Applicant.jpeg
stnkpajak-maf;2025051722016076394730_stnkpajak-maf_Applicant.jpeg
unitdepankanan-maf;2025051722016076394730_unitdepankanan-maf_Applicant.jpeg
unitdepankiri-maf;2025051722016076394730_unitdepankiri-maf_Applicant.jpeg
salaryslip-maf;2025051722016076394730_salaryslip-maf_Applicant.jpeg
nomorrumah-maf;2025051722016076394730_nomorrumah-maf_Applicant.jpeg
dalamrumah-maf;2025051722016076394730_dalamrumah-maf_Applicant.jpeg
rangkanomesin-maf;2025051722016076394730_rangkanomesin-maf_Applicant.jpeg
pbbrekening-maf;2025051722023267378648_pbbrekening-maf_Applicant.jpeg
kksuratnikah-maf;2025051722023267378648_kksuratnikah-maf_Applicant.jpeg
halamandepanbukutabungan-maf;2025051722023267378648_halamandepanbukutabungan-maf_Applicant.jpeg
fpkbelakang-maf;2025051722023267378648_fpkbelakang-maf_Applicant.jpeg
fpkdepan-maf;2025051722023267378648_fpkdepan-maf_Applicant.jpeg
tempatusahadepan-maf;2025051722023267378648_tempatusahadepan-maf_Applicant.jpeg
rumahdepan-maf;2025051722023267378648_rumahdepan-maf_Applicant.jpeg
pasanganttdcmo-maf;2025051722023267378648_pasanganttdcmo-maf_Applicant.jpeg
nasabahttdcmo-maf;2025051722023267378648_nasabahttdcmo-maf_Applicant.jpeg
allobank-maf;2025051722023267378648_allobank-maf_Applicant.jpeg
rumahjalan-maf;2025051722023267378648_rumahjalan-maf_Applicant.jpeg
bpkbdepan-maf;2025051722023267378648_bpkbdepan-maf_Applicant.jpeg
rumahjalan-maf;2025051722023503051608_rumahjalan-maf_Applicant.jpeg
bpkbdepan-maf;2025051722023503051608_bpkbdepan-maf_Applicant.jpeg
bpkbbelakang-maf;2025051722023503051608_bpkbbelakang-maf_Applicant.jpeg
stnkpajak-maf;2025051722023503051608_stnkpajak-maf_Applicant.jpeg
unitdepankanan-maf;2025051722023503051608_unitdepankanan-maf_Applicant.jpeg
unitdepankiri-maf;2025051722023503051608_unitdepankiri-maf_Applicant.jpeg
salaryslip-maf;2025051722023503051608_salaryslip-maf_Applicant.jpeg
nomorrumah-maf;2025051722023503051608_nomorrumah-maf_Applicant.jpeg
dalamrumah-maf;2025051722023503051608_dalamrumah-maf_Applicant.jpeg
rangkanomesin-maf;2025051722023503051608_rangkanomesin-maf_Applicant.jpeg
pbbrekening-maf;2025051722016076394730_pbbrekening-maf_Applicant.jpeg
kksuratnikah-maf;2025051722016076394730_kksuratnikah-maf_Applicant.jpeg
halamandepanbukutabungan-maf;2025051722016076394730_halamandepanbukutabungan-maf_Applicant.jpeg
fpkbelakang-maf;2025051722016076394730_fpkbelakang-maf_Applicant.jpeg
fpkdepan-maf;2025051722016076394730_fpkdepan-maf_Applicant.jpeg
tempatusahadepan-maf;2025051722016076394730_tempatusahadepan-maf_Applicant.jpeg
rumahdepan-maf;2025051722016076394730_rumahdepan-maf_Applicant.jpeg
pasanganttdcmo-maf;2025051722016076394730_pasanganttdcmo-maf_Applicant.jpeg
nasabahttdcmo-maf;2025051722016076394730_nasabahttdcmo-maf_Applicant.jpeg
allobank-maf;2025051722016076394730_allobank-maf_Applicant.jpeg
rumahjalan-maf;2025051722016076394730_rumahjalan-maf_Applicant.jpeg
bpkbdepan-maf;2025051722016076394730_bpkbdepan-maf_Applicant.jpeg
stnkpajak-maf;2025051722024608136907_stnkpajak-maf_Applicant.jpeg
unitdepankanan-maf;2025051722024608136907_unitdepankanan-maf_Applicant.jpeg
unitdepankiri-maf;2025051722024608136907_unitdepankiri-maf_Applicant.jpeg
salaryslip-maf;2025051722024608136907_salaryslip-maf_Applicant.jpeg
nomorrumah-maf;2025051722024608136907_nomorrumah-maf_Applicant.jpeg
dalamrumah-maf;2025051722024608136907_dalamrumah-maf_Applicant.jpeg
rangkanomesin-maf;2025051722024608136907_rangkanomesin-maf_Applicant.jpeg
pbbrekening-maf;2025051722024252680893_pbbrekening-maf_Applicant.jpeg
kksuratnikah-maf;2025051722024252680893_kksuratnikah-maf_Applicant.jpeg
halamandepanbukutabungan-maf;2025051722024252680893_halamandepanbukutabungan-maf_Applicant.jpeg
fpkbelakang-maf;2025051722024252680893_fpkbelakang-maf_Applicant.jpeg
fpkdepan-maf;2025051722024252680893_fpkdepan-maf_Applicant.jpeg
tempatusahadepan-maf;2025051722024252680893_tempatusahadepan-maf_Applicant.jpeg
rumahdepan-maf;2025051722024252680893_rumahdepan-maf_Applicant.jpeg
pasanganttdcmo-maf;2025051722024252680893_pasanganttdcmo-maf_Applicant.jpeg
nasabahttdcmo-maf;2025051722024252680893_nasabahttdcmo-maf_Applicant.jpeg
allobank-maf;2025051722024252680893_allobank-maf_Applicant.jpeg
rumahjalan-maf;2025051722024252680893_rumahjalan-maf_Applicant.jpeg
bpkbdepan-maf;2025051722024252680893_bpkbdepan-maf_Applicant.jpeg
bpkbbelakang-maf;2025051722024252680893_bpkbbelakang-maf_Applicant.jpeg
stnkpajak-maf;2025051722024252680893_stnkpajak-maf_Applicant.jpeg
unitdepankanan-maf;2025051722024252680893_unitdepankanan-maf_Applicant.jpeg
unitdepankiri-maf;2025051722024252680893_unitdepankiri-maf_Applicant.jpeg
salaryslip-maf;2025051722024252680893_salaryslip-maf_Applicant.jpeg
nomorrumah-maf;2025051722024252680893_nomorrumah-maf_Applicant.jpeg
dalamrumah-maf;2025051722024252680893_dalamrumah-maf_Applicant.jpeg
rangkanomesin-maf;2025051722024252680893_rangkanomesin-maf_Applicant.jpeg
bpkbbelakang-maf;2025051722023267378648_bpkbbelakang-maf_Applicant.jpeg
stnkpajak-maf;2025051722023267378648_stnkpajak-maf_Applicant.jpeg
unitdepankanan-maf;2025051722023267378648_unitdepankanan-maf_Applicant.jpeg
unitdepankiri-maf;2025051722023267378648_unitdepankiri-maf_Applicant.jpeg
salaryslip-maf;2025051722023267378648_salaryslip-maf_Applicant.jpeg
nomorrumah-maf;2025051722023267378648_nomorrumah-maf_Applicant.jpeg
dalamrumah-maf;2025051722023267378648_dalamrumah-maf_Applicant.jpeg
rangkanomesin-maf;2025051722023267378648_rangkanomesin-maf_Applicant.jpeg
pbbrekening-maf;2025051722024608136907_pbbrekening-maf_Applicant.jpeg
kksuratnikah-maf;2025051722024608136907_kksuratnikah-maf_Applicant.jpeg
halamandepanbukutabungan-maf;2025051722024608136907_halamandepanbukutabungan-maf_Applicant.jpeg
fpkbelakang-maf;2025051722024608136907_fpkbelakang-maf_Applicant.jpeg
fpkdepan-maf;2025051722024608136907_fpkdepan-maf_Applicant.jpeg
tempatusahadepan-maf;2025051722024608136907_tempatusahadepan-maf_Applicant.jpeg
rumahdepan-maf;2025051722024608136907_rumahdepan-maf_Applicant.jpeg
pasanganttdcmo-maf;2025051722024608136907_pasanganttdcmo-maf_Applicant.jpeg
nasabahttdcmo-maf;2025051722024608136907_nasabahttdcmo-maf_Applicant.jpeg
allobank-maf;2025051722024608136907_allobank-maf_Applicant.jpeg
rumahjalan-maf;2025051722024608136907_rumahjalan-maf_Applicant.jpeg
bpkbdepan-maf;2025051722024608136907_bpkbdepan-maf_Applicant.jpeg
bpkbbelakang-maf;2025051722024608136907_bpkbbelakang-maf_Applicant.jpeg
pbbrekening-maf;2025052022024156770238_pbbrekening-maf_Applicant.jpeg
kksuratnikah-maf;2025052022024156770238_kksuratnikah-maf_Applicant.jpeg
halamandepanbukutabungan-maf;2025052022024156770238_halamandepanbukutabungan-maf_Applicant.jpeg
fpkbelakang-maf;2025052022024156770238_fpkbelakang-maf_Applicant.jpeg
fpkdepan-maf;2025052022024156770238_fpkdepan-maf_Applicant.jpeg
tempatusahadepan-maf;2025052022024156770238_tempatusahadepan-maf_Applicant.jpeg
rumahdepan-maf;2025052022024156770238_rumahdepan-maf_Applicant.jpeg
pasanganttdcmo-maf;2025052022024156770238_pasanganttdcmo-maf_Applicant.jpeg
nasabahttdcmo-maf;2025052022024156770238_nasabahttdcmo-maf_Applicant.jpeg
allobank-maf;2025052022024156770238_allobank-maf_Applicant.jpeg
rumahjalan-maf;2025052022024156770238_rumahjalan-maf_Applicant.jpeg
buktikepemilikanusaha-maf;2025051622024229088295_buktikepemilikanusaha-maf_Applicant.jpeg
rangkanomesin-maf;2025051622024229088295_rangkanomesin-maf_Applicant.jpeg
pbbrekening-maf;2025051722024077093187_pbbrekening-maf_Applicant.jpeg
kksuratnikah-maf;2025051722024077093187_kksuratnikah-maf_Applicant.jpeg
halamandepanbukutabungan-maf;2025051722024077093187_halamandepanbukutabungan-maf_Applicant.jpeg
fpkbelakang-maf;2025051722024077093187_fpkbelakang-maf_Applicant.jpeg
fpkdepan-maf;2025051722024077093187_fpkdepan-maf_Applicant.jpeg
tempatusahadepan-maf;2025051722024077093187_tempatusahadepan-maf_Applicant.jpeg
rumahdepan-maf;2025051722024077093187_rumahdepan-maf_Applicant.jpeg
pasanganttdcmo-maf;2025051722024077093187_pasanganttdcmo-maf_Applicant.jpeg
nasabahttdcmo-maf;2025051722024077093187_nasabahttdcmo-maf_Applicant.jpeg
allobank-maf;2025051722024077093187_allobank-maf_Applicant.jpeg
rumahjalan-maf;2025051722024077093187_rumahjalan-maf_Applicant.jpeg
bpkbdepan-maf;2025051722024077093187_bpkbdepan-maf_Applicant.jpeg
bpkbbelakang-maf;2025051722024077093187_bpkbbelakang-maf_Applicant.jpeg
stnkpajak-maf;2025051722024077093187_stnkpajak-maf_Applicant.jpeg
unitdepankanan-maf;2025051722024077093187_unitdepankanan-maf_Applicant.jpeg
unitdepankiri-maf;2025051722024077093187_unitdepankiri-maf_Applicant.jpeg
salaryslip-maf;2025051722024077093187_salaryslip-maf_Applicant.jpeg
nomorrumah-maf;2025051722024077093187_nomorrumah-maf_Applicant.jpeg
dalamrumah-maf;2025051722024077093187_dalamrumah-maf_Applicant.jpeg
rangkanomesin-maf;2025051722024077093187_rangkanomesin-maf_Applicant.jpeg
pbbrekening-maf;2025051722024016098112_pbbrekening-maf_Applicant.jpeg
kksuratnikah-maf;2025051722024016098112_kksuratnikah-maf_Applicant.jpeg
halamandepanbukutabungan-maf;2025051722024016098112_halamandepanbukutabungan-maf_Applicant.jpeg
fpkbelakang-maf;2025051722024016098112_fpkbelakang-maf_Applicant.jpeg
fpkdepan-maf;2025051722024016098112_fpkdepan-maf_Applicant.jpeg
tempatusahadepan-maf;2025051722024016098112_tempatusahadepan-maf_Applicant.jpeg
rumahdepan-maf;2025051722024016098112_rumahdepan-maf_Applicant.jpeg
pasanganttdcmo-maf;2025051722024016098112_pasanganttdcmo-maf_Applicant.jpeg
nasabahttdcmo-maf;2025051722024016098112_nasabahttdcmo-maf_Applicant.jpeg
allobank-maf;2025051722024016098112_allobank-maf_Applicant.jpeg
rumahjalan-maf;2025051722024016098112_rumahjalan-maf_Applicant.jpeg
bpkbdepan-maf;2025051722024016098112_bpkbdepan-maf_Applicant.jpeg
bpkbbelakang-maf;2025051722024016098112_bpkbbelakang-maf_Applicant.jpeg
stnkpajak-maf;2025051722024016098112_stnkpajak-maf_Applicant.jpeg
unitdepankanan-maf;2025051722024016098112_unitdepankanan-maf_Applicant.jpeg
unitdepankiri-maf;2025051722024016098112_unitdepankiri-maf_Applicant.jpeg
salaryslip-maf;2025051722024016098112_salaryslip-maf_Applicant.jpeg
nomorrumah-maf;2025051722024016098112_nomorrumah-maf_Applicant.jpeg
dalamrumah-maf;2025051722024016098112_dalamrumah-maf_Applicant.jpeg
rangkanomesin-maf;2025051722024016098112_rangkanomesin-maf_Applicant.jpeg
pbbrekening-maf;2025051622024229088295_pbbrekening-maf_Applicant.jpeg
kksuratnikah-maf;2025051622024229088295_kksuratnikah-maf_Applicant.jpeg
halamandepanbukutabungan-maf;2025051622024229088295_halamandepanbukutabungan-maf_Applicant.jpeg
fpkbelakang-maf;2025051622024229088295_fpkbelakang-maf_Applicant.jpeg
fpkdepan-maf;2025051622024229088295_fpkdepan-maf_Applicant.jpeg
tempatusahadepan-maf;2025051622024229088295_tempatusahadepan-maf_Applicant.jpeg
rumahdepan-maf;2025051622024229088295_rumahdepan-maf_Applicant.jpeg
pasanganttdcmo-maf;2025051622024229088295_pasanganttdcmo-maf_Applicant.jpeg
nasabahttdcmo-maf;2025051622024229088295_nasabahttdcmo-maf_Applicant.jpeg
allobank-maf;2025051622024229088295_allobank-maf_Applicant.jpeg
rumahjalan-maf;2025051622024229088295_rumahjalan-maf_Applicant.jpeg
bpkbdepan-maf;2025051622024229088295_bpkbdepan-maf_Applicant.jpeg
bpkbbelakang-maf;2025051622024229088295_bpkbbelakang-maf_Applicant.jpeg
stnkpajak-maf;2025051622024229088295_stnkpajak-maf_Applicant.jpeg
unitdepankanan-maf;2025051622024229088295_unitdepankanan-maf_Applicant.jpeg
unitdepankiri-maf;2025051622024229088295_unitdepankiri-maf_Applicant.jpeg
salaryslip-maf;2025051622024229088295_salaryslip-maf_Applicant.jpeg
nomorrumah-maf;2025051622024229088295_nomorrumah-maf_Applicant.jpeg
dalamrumah-maf;2025051622024229088295_dalamrumah-maf_Applicant.jpeg
buktipenghasilanusaha-maf;2025051622024229088295_buktipenghasilanusaha-maf_Applicant.jpeg
perizinanusaha-maf;2025051622024229088295_perizinanusaha-maf_Applicant.jpeg
pbbrekening-maf;2025051722022568343627_pbbrekening-maf_Applicant.jpeg
kksuratnikah-maf;2025051722022568343627_kksuratnikah-maf_Applicant.jpeg
halamandepanbukutabungan-maf;2025051722022568343627_halamandepanbukutabungan-maf_Applicant.jpeg
fpkbelakang-maf;2025051722022568343627_fpkbelakang-maf_Applicant.jpeg
fpkdepan-maf;2025051722022568343627_fpkdepan-maf_Applicant.jpeg
rumahjalan-maf;2025051722016765291022_rumahjalan-maf_Applicant.jpeg
bpkbdepan-maf;2025051722016765291022_bpkbdepan-maf_Applicant.jpeg
bpkbbelakang-maf;2025051722016765291022_bpkbbelakang-maf_Applicant.jpeg
stnkpajak-maf;2025051722016765291022_stnkpajak-maf_Applicant.jpeg
unitdepankanan-maf;2025051722016765291022_unitdepankanan-maf_Applicant.jpeg
unitdepankiri-maf;2025051722016765291022_unitdepankiri-maf_Applicant.jpeg
salaryslip-maf;2025051722016765291022_salaryslip-maf_Applicant.jpeg
nomorrumah-maf;2025051722016765291022_nomorrumah-maf_Applicant.jpeg
dalamrumah-maf;2025051722016765291022_dalamrumah-maf_Applicant.jpeg
rangkanomesin-maf;2025051722016765291022_rangkanomesin-maf_Applicant.jpeg
tempatusahadepan-maf;2025051722022568343627_tempatusahadepan-maf_Applicant.jpeg
rumahdepan-maf;2025051722022568343627_rumahdepan-maf_Applicant.jpeg
pasanganttdcmo-maf;2025051722022568343627_pasanganttdcmo-maf_Applicant.jpeg
nasabahttdcmo-maf;2025051722022568343627_nasabahttdcmo-maf_Applicant.jpeg
allobank-maf;2025051722022568343627_allobank-maf_Applicant.jpeg
rumahjalan-maf;2025051722022568343627_rumahjalan-maf_Applicant.jpeg
salaryslip-maf;2025051722022568343627_salaryslip-maf_Applicant.jpeg
nomorrumah-maf;2025051722022568343627_nomorrumah-maf_Applicant.jpeg
dalamrumah-maf;2025051722022568343627_dalamrumah-maf_Applicant.jpeg
pricelist-maf;2025051722022568343627_pricelist-maf_Applicant.jpeg
pbbrekening-maf;2025051722016765291022_pbbrekening-maf_Applicant.jpeg
kksuratnikah-maf;2025051722016765291022_kksuratnikah-maf_Applicant.jpeg
halamandepanbukutabungan-maf;2025051722016765291022_halamandepanbukutabungan-maf_Applicant.jpeg
fpkbelakang-maf;2025051722016765291022_fpkbelakang-maf_Applicant.jpeg
fpkdepan-maf;2025051722016765291022_fpkdepan-maf_Applicant.jpeg
tempatusahadepan-maf;2025051722016765291022_tempatusahadepan-maf_Applicant.jpeg
rumahdepan-maf;2025051722016765291022_rumahdepan-maf_Applicant.jpeg
pasanganttdcmo-maf;2025051722016765291022_pasanganttdcmo-maf_Applicant.jpeg
nasabahttdcmo-maf;2025051722016765291022_nasabahttdcmo-maf_Applicant.jpeg
allobank-maf;2025051722016765291022_allobank-maf_Applicant.jpeg
pbbrekening-maf;2025051722012039820995_pbbrekening-maf_Applicant.jpeg
kksuratnikah-maf;2025051722012039820995_kksuratnikah-maf_Applicant.jpeg
halamandepanbukutabungan-maf;2025051722012039820995_halamandepanbukutabungan-maf_Applicant.jpeg
fpkbelakang-maf;2025051722012039820995_fpkbelakang-maf_Applicant.jpeg
fpkdepan-maf;2025051722012039820995_fpkdepan-maf_Applicant.jpeg
tempatusahadepan-maf;2025051722012039820995_tempatusahadepan-maf_Applicant.jpeg
rumahdepan-maf;2025051722012039820995_rumahdepan-maf_Applicant.jpeg
pasanganttdcmo-maf;2025051722012039820995_pasanganttdcmo-maf_Applicant.jpeg
nasabahttdcmo-maf;2025051722012039820995_nasabahttdcmo-maf_Applicant.jpeg
allobank-maf;2025051722012039820995_allobank-maf_Applicant.jpeg
rumahjalan-maf;2025051722012039820995_rumahjalan-maf_Applicant.jpeg
salaryslip-maf;2025051722012039820995_salaryslip-maf_Applicant.jpeg
nomorrumah-maf;2025051722012039820995_nomorrumah-maf_Applicant.jpeg
dalamrumah-maf;2025051722012039820995_dalamrumah-maf_Applicant.jpeg
pricelist-maf;2025051722012039820995_pricelist-maf_Applicant.jpeg
buktipenghasilanusaha-maf;2025051722012039820995_buktipenghasilanusaha-maf_Applicant.jpeg
perizinanusaha-maf;2025051722012039820995_perizinanusaha-maf_Applicant.jpeg
buktikepemilikanusaha-maf;2025051722012039820995_buktikepemilikanusaha-maf_Applicant.jpeg
pbbrekening-maf;2025051822024511911928_pbbrekening-maf_Applicant.jpeg
kksuratnikah-maf;2025051822024511911928_kksuratnikah-maf_Applicant.jpeg
halamandepanbukutabungan-maf;2025051822024511911928_halamandepanbukutabungan-maf_Applicant.jpeg
fpkbelakang-maf;2025051822024511911928_fpkbelakang-maf_Applicant.jpeg
fpkdepan-maf;2025051822024511911928_fpkdepan-maf_Applicant.jpeg
tempatusahadepan-maf;2025051822024511911928_tempatusahadepan-maf_Applicant.jpeg
rumahdepan-maf;2025051822024511911928_rumahdepan-maf_Applicant.jpeg
pasanganttdcmo-maf;2025051822024511911928_pasanganttdcmo-maf_Applicant.jpeg
nasabahttdcmo-maf;2025051822024511911928_nasabahttdcmo-maf_Applicant.jpeg
allobank-maf;2025051822024511911928_allobank-maf_Applicant.jpeg
rumahjalan-maf;2025051822024511911928_rumahjalan-maf_Applicant.jpeg
salaryslip-maf;2025051822024511911928_salaryslip-maf_Applicant.jpeg
nomorrumah-maf;2025051822024511911928_nomorrumah-maf_Applicant.jpeg
dalamrumah-maf;2025051822024511911928_dalamrumah-maf_Applicant.jpeg
pricelist-maf;2025051822024511911928_pricelist-maf_Applicant.jpeg
pbbrekening-maf;2025051822023067422970_pbbrekening-maf_Applicant.jpeg
kksuratnikah-maf;2025051822023067422970_kksuratnikah-maf_Applicant.jpeg
halamandepanbukutabungan-maf;2025051822023067422970_halamandepanbukutabungan-maf_Applicant.jpeg
fpkbelakang-maf;2025051822023067422970_fpkbelakang-maf_Applicant.jpeg
fpkdepan-maf;2025051822023067422970_fpkdepan-maf_Applicant.jpeg
tempatusahadepan-maf;2025051822023067422970_tempatusahadepan-maf_Applicant.jpeg
rumahdepan-maf;2025051822023067422970_rumahdepan-maf_Applicant.jpeg
pasanganttdcmo-maf;2025051822023067422970_pasanganttdcmo-maf_Applicant.jpeg
nasabahttdcmo-maf;2025051822023067422970_nasabahttdcmo-maf_Applicant.jpeg
allobank-maf;2025051822023067422970_allobank-maf_Applicant.jpeg
rumahjalan-maf;2025051822023067422970_rumahjalan-maf_Applicant.jpeg
bpkbdepan-maf;2025051822023067422970_bpkbdepan-maf_Applicant.jpeg
bpkbbelakang-maf;2025051822023067422970_bpkbbelakang-maf_Applicant.jpeg
stnkpajak-maf;2025051822023067422970_stnkpajak-maf_Applicant.jpeg
unitdepankanan-maf;2025051822023067422970_unitdepankanan-maf_Applicant.jpeg
unitdepankiri-maf;2025051822023067422970_unitdepankiri-maf_Applicant.jpeg
salaryslip-maf;2025051822023067422970_salaryslip-maf_Applicant.jpeg
nomorrumah-maf;2025051822023067422970_nomorrumah-maf_Applicant.jpeg
dalamrumah-maf;2025051822023067422970_dalamrumah-maf_Applicant.jpeg
rangkanomesin-maf;2025051822023067422970_rangkanomesin-maf_Applicant.jpeg
pbbrekening-maf;2025051822021332445225_pbbrekening-maf_Applicant.jpeg
kksuratnikah-maf;2025051822021332445225_kksuratnikah-maf_Applicant.jpeg
halamandepanbukutabungan-maf;2025051822021332445225_halamandepanbukutabungan-maf_Applicant.jpeg
fpkbelakang-maf;2025051822021332445225_fpkbelakang-maf_Applicant.jpeg
fpkdepan-maf;2025051822021332445225_fpkdepan-maf_Applicant.jpeg
tempatusahadepan-maf;2025051822021332445225_tempatusahadepan-maf_Applicant.jpeg
rumahdepan-maf;2025051822021332445225_rumahdepan-maf_Applicant.jpeg
pasanganttdcmo-maf;2025051822021332445225_pasanganttdcmo-maf_Applicant.jpeg
nasabahttdcmo-maf;2025051822021332445225_nasabahttdcmo-maf_Applicant.jpeg
allobank-maf;2025051822021332445225_allobank-maf_Applicant.jpeg
rumahjalan-maf;2025051822021332445225_rumahjalan-maf_Applicant.jpeg
bpkbdepan-maf;2025051822021332445225_bpkbdepan-maf_Applicant.jpeg
bpkbbelakang-maf;2025051822021332445225_bpkbbelakang-maf_Applicant.jpeg
stnkpajak-maf;2025051822021332445225_stnkpajak-maf_Applicant.jpeg
unitdepankanan-maf;2025051822021332445225_unitdepankanan-maf_Applicant.jpeg
unitdepankiri-maf;2025051822021332445225_unitdepankiri-maf_Applicant.jpeg
salaryslip-maf;2025051822021332445225_salaryslip-maf_Applicant.jpeg
nomorrumah-maf;2025051822021332445225_nomorrumah-maf_Applicant.jpeg
dalamrumah-maf;2025051822021332445225_dalamrumah-maf_Applicant.jpeg
rangkanomesin-maf;2025051822021332445225_rangkanomesin-maf_Applicant.jpeg
pbbrekening-maf;2025051822022677566255_pbbrekening-maf_Applicant.jpeg
kksuratnikah-maf;2025051822022677566255_kksuratnikah-maf_Applicant.jpeg
halamandepanbukutabungan-maf;2025051822022677566255_halamandepanbukutabungan-maf_Applicant.jpeg
fpkbelakang-maf;2025051822022677566255_fpkbelakang-maf_Applicant.jpeg
fpkdepan-maf;2025051822022677566255_fpkdepan-maf_Applicant.jpeg
tempatusahadepan-maf;2025051822022677566255_tempatusahadepan-maf_Applicant.jpeg
rumahdepan-maf;2025051822022677566255_rumahdepan-maf_Applicant.jpeg
pasanganttdcmo-maf;2025051822022677566255_pasanganttdcmo-maf_Applicant.jpeg
nasabahttdcmo-maf;2025051822022677566255_nasabahttdcmo-maf_Applicant.jpeg
allobank-maf;2025051822022677566255_allobank-maf_Applicant.jpeg
rumahjalan-maf;2025051822022677566255_rumahjalan-maf_Applicant.jpeg
bpkbdepan-maf;2025051822022677566255_bpkbdepan-maf_Applicant.jpeg
bpkbbelakang-maf;2025051822022677566255_bpkbbelakang-maf_Applicant.jpeg
stnkpajak-maf;2025051822022677566255_stnkpajak-maf_Applicant.jpeg
unitdepankanan-maf;2025051822022677566255_unitdepankanan-maf_Applicant.jpeg
unitdepankiri-maf;2025051822022677566255_unitdepankiri-maf_Applicant.jpeg
salaryslip-maf;2025051822022677566255_salaryslip-maf_Applicant.jpeg
nomorrumah-maf;2025051822022677566255_nomorrumah-maf_Applicant.jpeg
dalamrumah-maf;2025051822022677566255_dalamrumah-maf_Applicant.jpeg
rangkanomesin-maf;2025051822022677566255_rangkanomesin-maf_Applicant.jpeg
rangkanomesin-maf;2025051822020676794824_rangkanomesin-maf_Applicant.jpeg
pbbrekening-maf;2025051822022568350178_pbbrekening-maf_Applicant.jpeg
kksuratnikah-maf;2025051822022568350178_kksuratnikah-maf_Applicant.jpeg
halamandepanbukutabungan-maf;2025051822022568350178_halamandepanbukutabungan-maf_Applicant.jpeg
fpkbelakang-maf;2025051822022568350178_fpkbelakang-maf_Applicant.jpeg
fpkdepan-maf;2025051822022568350178_fpkdepan-maf_Applicant.jpeg
tempatusahadepan-maf;2025051822022568350178_tempatusahadepan-maf_Applicant.jpeg
rumahdepan-maf;2025051822022568350178_rumahdepan-maf_Applicant.jpeg
pasanganttdcmo-maf;2025051822022568350178_pasanganttdcmo-maf_Applicant.jpeg
nasabahttdcmo-maf;2025051822022568350178_nasabahttdcmo-maf_Applicant.jpeg
allobank-maf;2025051822022568350178_allobank-maf_Applicant.jpeg
rumahjalan-maf;2025051822022568350178_rumahjalan-maf_Applicant.jpeg
salaryslip-maf;2025051822022568350178_salaryslip-maf_Applicant.jpeg
nomorrumah-maf;2025051822022568350178_nomorrumah-maf_Applicant.jpeg
dalamrumah-maf;2025051822022568350178_dalamrumah-maf_Applicant.jpeg
pricelist-maf;2025051822022568350178_pricelist-maf_Applicant.jpeg
pbbrekening-maf;2025051822024016047378_pbbrekening-maf_Applicant.jpeg
kksuratnikah-maf;2025051822024016047378_kksuratnikah-maf_Applicant.jpeg
halamandepanbukutabungan-maf;2025051822024016047378_halamandepanbukutabungan-maf_Applicant.jpeg
fpkbelakang-maf;2025051822024016047378_fpkbelakang-maf_Applicant.jpeg
fpkdepan-maf;2025051822024016047378_fpkdepan-maf_Applicant.jpeg
tempatusahadepan-maf;2025051822024016047378_tempatusahadepan-maf_Applicant.jpeg
pbbrekening-maf;2025051822020676794824_pbbrekening-maf_Applicant.jpeg
kksuratnikah-maf;2025051822020676794824_kksuratnikah-maf_Applicant.jpeg
halamandepanbukutabungan-maf;2025051822020676794824_halamandepanbukutabungan-maf_Applicant.jpeg
fpkbelakang-maf;2025051822020676794824_fpkbelakang-maf_Applicant.jpeg
fpkdepan-maf;2025051822020676794824_fpkdepan-maf_Applicant.jpeg
tempatusahadepan-maf;2025051822020676794824_tempatusahadepan-maf_Applicant.jpeg
rumahdepan-maf;2025051822020676794824_rumahdepan-maf_Applicant.jpeg
pasanganttdcmo-maf;2025051822020676794824_pasanganttdcmo-maf_Applicant.jpeg
nasabahttdcmo-maf;2025051822020676794824_nasabahttdcmo-maf_Applicant.jpeg
allobank-maf;2025051822020676794824_allobank-maf_Applicant.jpeg
rumahjalan-maf;2025051822020676794824_rumahjalan-maf_Applicant.jpeg
bpkbdepan-maf;2025051822020676794824_bpkbdepan-maf_Applicant.jpeg
bpkbbelakang-maf;2025051822020676794824_bpkbbelakang-maf_Applicant.jpeg
stnkpajak-maf;2025051822020676794824_stnkpajak-maf_Applicant.jpeg
unitdepankanan-maf;2025051822020676794824_unitdepankanan-maf_Applicant.jpeg
unitdepankiri-maf;2025051822020676794824_unitdepankiri-maf_Applicant.jpeg
salaryslip-maf;2025051822020676794824_salaryslip-maf_Applicant.jpeg
nomorrumah-maf;2025051822020676794824_nomorrumah-maf_Applicant.jpeg
dalamrumah-maf;2025051822020676794824_dalamrumah-maf_Applicant.jpeg
buktipenghasilanusaha-maf;2025051822020676794824_buktipenghasilanusaha-maf_Applicant.jpeg
perizinanusaha-maf;2025051822020676794824_perizinanusaha-maf_Applicant.jpeg
buktikepemilikanusaha-maf;2025051822020676794824_buktikepemilikanusaha-maf_Applicant.jpeg
rumahdepan-maf;2025051822024016047378_rumahdepan-maf_Applicant.jpeg
pasanganttdcmo-maf;2025051822024016047378_pasanganttdcmo-maf_Applicant.jpeg
nasabahttdcmo-maf;2025051822024016047378_nasabahttdcmo-maf_Applicant.jpeg
allobank-maf;2025051822024016047378_allobank-maf_Applicant.jpeg
rumahjalan-maf;2025051822024016047378_rumahjalan-maf_Applicant.jpeg
bpkbdepan-maf;2025051822024016047378_bpkbdepan-maf_Applicant.jpeg
bpkbbelakang-maf;2025051822024016047378_bpkbbelakang-maf_Applicant.jpeg
stnkpajak-maf;2025051822024016047378_stnkpajak-maf_Applicant.jpeg
unitdepankanan-maf;2025051822024016047378_unitdepankanan-maf_Applicant.jpeg
unitdepankiri-maf;2025051822024016047378_unitdepankiri-maf_Applicant.jpeg
salaryslip-maf;2025051822024016047378_salaryslip-maf_Applicant.jpeg
nomorrumah-maf;2025051822024016047378_nomorrumah-maf_Applicant.jpeg
dalamrumah-maf;2025051822024016047378_dalamrumah-maf_Applicant.jpeg
rangkanomesin-maf;2025051822024016047378_rangkanomesin-maf_Applicant.jpeg
pbbrekening-maf;2025051822022440122730_pbbrekening-maf_Applicant.jpeg
kksuratnikah-maf;2025051822022440122730_kksuratnikah-maf_Applicant.jpeg
halamandepanbukutabungan-maf;2025051822022440122730_halamandepanbukutabungan-maf_Applicant.jpeg
fpkbelakang-maf;2025051822022440122730_fpkbelakang-maf_Applicant.jpeg
fpkdepan-maf;2025051822022440122730_fpkdepan-maf_Applicant.jpeg
tempatusahadepan-maf;2025051822022440122730_tempatusahadepan-maf_Applicant.jpeg
rumahdepan-maf;2025051822022440122730_rumahdepan-maf_Applicant.jpeg
pasanganttdcmo-maf;2025051822022440122730_pasanganttdcmo-maf_Applicant.jpeg
nasabahttdcmo-maf;2025051822022440122730_nasabahttdcmo-maf_Applicant.jpeg
allobank-maf;2025051822022440122730_allobank-maf_Applicant.jpeg
rumahjalan-maf;2025051822022440122730_rumahjalan-maf_Applicant.jpeg
bpkbdepan-maf;2025051822022440122730_bpkbdepan-maf_Applicant.jpeg
bpkbbelakang-maf;2025051822022440122730_bpkbbelakang-maf_Applicant.jpeg
stnkpajak-maf;2025051822022440122730_stnkpajak-maf_Applicant.jpeg
unitdepankanan-maf;2025051822022440122730_unitdepankanan-maf_Applicant.jpeg
unitdepankiri-maf;2025051822022440122730_unitdepankiri-maf_Applicant.jpeg
salaryslip-maf;2025051822022440122730_salaryslip-maf_Applicant.jpeg
nomorrumah-maf;2025051822022440122730_nomorrumah-maf_Applicant.jpeg
dalamrumah-maf;2025051822022440122730_dalamrumah-maf_Applicant.jpeg
rangkanomesin-maf;2025051822022440122730_rangkanomesin-maf_Applicant.jpeg
pbbrekening-maf;2025051822025120258598_pbbrekening-maf_Applicant.jpeg
kksuratnikah-maf;2025051822025120258598_kksuratnikah-maf_Applicant.jpeg
halamandepanbukutabungan-maf;2025051822025120258598_halamandepanbukutabungan-maf_Applicant.jpeg
fpkbelakang-maf;2025051822025120258598_fpkbelakang-maf_Applicant.jpeg
fpkdepan-maf;2025051822025120258598_fpkdepan-maf_Applicant.jpeg
tempatusahadepan-maf;2025051822025120258598_tempatusahadepan-maf_Applicant.jpeg
rumahdepan-maf;2025051822025120258598_rumahdepan-maf_Applicant.jpeg
pasanganttdcmo-maf;2025051822025120258598_pasanganttdcmo-maf_Applicant.jpeg
nasabahttdcmo-maf;2025051822025120258598_nasabahttdcmo-maf_Applicant.jpeg
allobank-maf;2025051822025120258598_allobank-maf_Applicant.jpeg
rumahjalan-maf;2025051822025120258598_rumahjalan-maf_Applicant.jpeg
bpkbdepan-maf;2025051822025120258598_bpkbdepan-maf_Applicant.jpeg
bpkbbelakang-maf;2025051822025120258598_bpkbbelakang-maf_Applicant.jpeg
stnkpajak-maf;2025051822025120258598_stnkpajak-maf_Applicant.jpeg
unitdepankanan-maf;2025051822025120258598_unitdepankanan-maf_Applicant.jpeg
unitdepankiri-maf;2025051822025120258598_unitdepankiri-maf_Applicant.jpeg
salaryslip-maf;2025051822025120258598_salaryslip-maf_Applicant.jpeg
nomorrumah-maf;2025051822025120258598_nomorrumah-maf_Applicant.jpeg
dalamrumah-maf;2025051822025120258598_dalamrumah-maf_Applicant.jpeg
rangkanomesin-maf;2025051822025120258598_rangkanomesin-maf_Applicant.jpeg
pbbrekening-maf;2025051822022195817101_pbbrekening-maf_Applicant.jpeg
kksuratnikah-maf;2025051822022195817101_kksuratnikah-maf_Applicant.jpeg
halamandepanbukutabungan-maf;2025051822022195817101_halamandepanbukutabungan-maf_Applicant.jpeg
fpkbelakang-maf;2025051822022195817101_fpkbelakang-maf_Applicant.jpeg
fpkdepan-maf;2025051822022195817101_fpkdepan-maf_Applicant.jpeg
tempatusahadepan-maf;2025051822022195817101_tempatusahadepan-maf_Applicant.jpeg
rumahdepan-maf;2025051822022195817101_rumahdepan-maf_Applicant.jpeg
pasanganttdcmo-maf;2025051822022195817101_pasanganttdcmo-maf_Applicant.jpeg
nasabahttdcmo-maf;2025051822022195817101_nasabahttdcmo-maf_Applicant.jpeg
allobank-maf;2025051822022195817101_allobank-maf_Applicant.jpeg
rumahjalan-maf;2025051822022195817101_rumahjalan-maf_Applicant.jpeg
bpkbdepan-maf;2025051822022195817101_bpkbdepan-maf_Applicant.jpeg
bpkbbelakang-maf;2025051822022195817101_bpkbbelakang-maf_Applicant.jpeg
stnkpajak-maf;2025051822022195817101_stnkpajak-maf_Applicant.jpeg
unitdepankanan-maf;2025051822022195817101_unitdepankanan-maf_Applicant.jpeg
unitdepankiri-maf;2025051822022195817101_unitdepankiri-maf_Applicant.jpeg
salaryslip-maf;2025051822022195817101_salaryslip-maf_Applicant.jpeg
nomorrumah-maf;2025051822022195817101_nomorrumah-maf_Applicant.jpeg
dalamrumah-maf;2025051822022195817101_dalamrumah-maf_Applicant.jpeg
rangkanomesin-maf;2025051822022195817101_rangkanomesin-maf_Applicant.jpeg
pbbrekening-maf;2025051822022482780142_pbbrekening-maf_Applicant.jpeg
kksuratnikah-maf;2025051822022482780142_kksuratnikah-maf_Applicant.jpeg
halamandepanbukutabungan-maf;2025051822022482780142_halamandepanbukutabungan-maf_Applicant.jpeg
fpkbelakang-maf;2025051822022482780142_fpkbelakang-maf_Applicant.jpeg
fpkdepan-maf;2025051822022482780142_fpkdepan-maf_Applicant.jpeg
tempatusahadepan-maf;2025051822022482780142_tempatusahadepan-maf_Applicant.jpeg
rumahdepan-maf;2025051822022482780142_rumahdepan-maf_Applicant.jpeg
pasanganttdcmo-maf;2025051822022482780142_pasanganttdcmo-maf_Applicant.jpeg
nasabahttdcmo-maf;2025051822022482780142_nasabahttdcmo-maf_Applicant.jpeg
allobank-maf;2025051822022482780142_allobank-maf_Applicant.jpeg
rumahjalan-maf;2025051822022482780142_rumahjalan-maf_Applicant.jpeg
bpkbdepan-maf;2025051822022482780142_bpkbdepan-maf_Applicant.jpeg
bpkbbelakang-maf;2025051822022482780142_bpkbbelakang-maf_Applicant.jpeg
stnkpajak-maf;2025051822022482780142_stnkpajak-maf_Applicant.jpeg
unitdepankanan-maf;2025051822022482780142_unitdepankanan-maf_Applicant.jpeg
unitdepankiri-maf;2025051822022482780142_unitdepankiri-maf_Applicant.jpeg
salaryslip-maf;2025051822022482780142_salaryslip-maf_Applicant.jpeg
nomorrumah-maf;2025051822022482780142_nomorrumah-maf_Applicant.jpeg
dalamrumah-maf;2025051822022482780142_dalamrumah-maf_Applicant.jpeg
buktipenghasilanusaha-maf;2025051822022482780142_buktipenghasilanusaha-maf_Applicant.jpeg
perizinanusaha-maf;2025051822022482780142_perizinanusaha-maf_Applicant.jpeg
tempatusahadepan-maf;2025051722023322194745_tempatusahadepan-maf_Applicant.jpeg
rumahdepan-maf;2025051722023322194745_rumahdepan-maf_Applicant.jpeg
pasanganttdcmo-maf;2025051722023322194745_pasanganttdcmo-maf_Applicant.jpeg
nasabahttdcmo-maf;2025051722023322194745_nasabahttdcmo-maf_Applicant.jpeg
allobank-maf;2025051722023322194745_allobank-maf_Applicant.jpeg
rumahjalan-maf;2025051722023322194745_rumahjalan-maf_Applicant.jpeg
salaryslip-maf;2025051722023322194745_salaryslip-maf_Applicant.jpeg
nomorrumah-maf;2025051722023322194745_nomorrumah-maf_Applicant.jpeg
dalamrumah-maf;2025051722023322194745_dalamrumah-maf_Applicant.jpeg
pricelist-maf;2025051722023322194745_pricelist-maf_Applicant.jpeg
buktipenghasilanusaha-maf;2025051722023322194745_buktipenghasilanusaha-maf_Applicant.jpeg
perizinanusaha-maf;2025051722023322194745_perizinanusaha-maf_Applicant.jpeg
buktikepemilikanusaha-maf;2025051722023322194745_buktikepemilikanusaha-maf_Applicant.jpeg
pbbrekening-maf;2025051922020800799914_pbbrekening-maf_Applicant.jpeg
kksuratnikah-maf;2025051922020800799914_kksuratnikah-maf_Applicant.jpeg
halamandepanbukutabungan-maf;2025051922020800799914_halamandepanbukutabungan-maf_Applicant.jpeg
fpkbelakang-maf;2025051922020800799914_fpkbelakang-maf_Applicant.jpeg
fpkdepan-maf;2025051922020800799914_fpkdepan-maf_Applicant.jpeg
tempatusahadepan-maf;2025051922020800799914_tempatusahadepan-maf_Applicant.jpeg
kksuratnikah-maf;2025051922022162987295_kksuratnikah-maf_Applicant.jpeg
halamandepanbukutabungan-maf;2025051922022162987295_halamandepanbukutabungan-maf_Applicant.jpeg
fpkbelakang-maf;2025051922022162987295_fpkbelakang-maf_Applicant.jpeg
fpkdepan-maf;2025051922022162987295_fpkdepan-maf_Applicant.jpeg
tempatusahadepan-maf;2025051922022162987295_tempatusahadepan-maf_Applicant.jpeg
rumahdepan-maf;2025051922022162987295_rumahdepan-maf_Applicant.jpeg
pasanganttdcmo-maf;2025051922022162987295_pasanganttdcmo-maf_Applicant.jpeg
nasabahttdcmo-maf;2025051922022162987295_nasabahttdcmo-maf_Applicant.jpeg
allobank-maf;2025051922022162987295_allobank-maf_Applicant.jpeg
rumahjalan-maf;2025051922022162987295_rumahjalan-maf_Applicant.jpeg
bpkbdepan-maf;2025051922022162987295_bpkbdepan-maf_Applicant.jpeg
bpkbbelakang-maf;2025051922022162987295_bpkbbelakang-maf_Applicant.jpeg
stnkpajak-maf;2025051922022162987295_stnkpajak-maf_Applicant.jpeg
unitdepankanan-maf;2025051922022162987295_unitdepankanan-maf_Applicant.jpeg
unitdepankiri-maf;2025051922022162987295_unitdepankiri-maf_Applicant.jpeg
salaryslip-maf;2025051922022162987295_salaryslip-maf_Applicant.jpeg
nomorrumah-maf;2025051922022162987295_nomorrumah-maf_Applicant.jpeg
dalamrumah-maf;2025051922022162987295_dalamrumah-maf_Applicant.jpeg
rangkanomesin-maf;2025051922022162987295_rangkanomesin-maf_Applicant.jpeg
buktikepemilikanusaha-maf;2025051822022482780142_buktikepemilikanusaha-maf_Applicant.jpeg
rangkanomesin-maf;2025051822022482780142_rangkanomesin-maf_Applicant.jpeg
rumahdepan-maf;2025051922015199784214_rumahdepan-maf_Applicant.jpeg
pasanganttdcmo-maf;2025051922015199784214_pasanganttdcmo-maf_Applicant.jpeg
nasabahttdcmo-maf;2025051922015199784214_nasabahttdcmo-maf_Applicant.jpeg
allobank-maf;2025051922015199784214_allobank-maf_Applicant.jpeg
rumahjalan-maf;2025051922015199784214_rumahjalan-maf_Applicant.jpeg
bpkbdepan-maf;2025051922015199784214_bpkbdepan-maf_Applicant.jpeg
bpkbbelakang-maf;2025051922015199784214_bpkbbelakang-maf_Applicant.jpeg
stnkpajak-maf;2025051922015199784214_stnkpajak-maf_Applicant.jpeg
unitdepankanan-maf;2025051922015199784214_unitdepankanan-maf_Applicant.jpeg
unitdepankiri-maf;2025051922015199784214_unitdepankiri-maf_Applicant.jpeg
salaryslip-maf;2025051922015199784214_salaryslip-maf_Applicant.jpeg
nomorrumah-maf;2025051922015199784214_nomorrumah-maf_Applicant.jpeg
dalamrumah-maf;2025051922015199784214_dalamrumah-maf_Applicant.jpeg
rangkanomesin-maf;2025051922015199784214_rangkanomesin-maf_Applicant.jpeg
pbbrekening-maf;2025051722021126066976_pbbrekening-maf_Applicant.jpeg
kksuratnikah-maf;2025051722021126066976_kksuratnikah-maf_Applicant.jpeg
halamandepanbukutabungan-maf;2025051722021126066976_halamandepanbukutabungan-maf_Applicant.jpeg
fpkbelakang-maf;2025051722021126066976_fpkbelakang-maf_Applicant.jpeg
fpkdepan-maf;2025051722021126066976_fpkdepan-maf_Applicant.jpeg
tempatusahadepan-maf;2025051722021126066976_tempatusahadepan-maf_Applicant.jpeg
pbbrekening-maf;2025051922015199784214_pbbrekening-maf_Applicant.jpeg
kksuratnikah-maf;2025051922015199784214_kksuratnikah-maf_Applicant.jpeg
halamandepanbukutabungan-maf;2025051922015199784214_halamandepanbukutabungan-maf_Applicant.jpeg
fpkbelakang-maf;2025051922015199784214_fpkbelakang-maf_Applicant.jpeg
fpkdepan-maf;2025051922015199784214_fpkdepan-maf_Applicant.jpeg
tempatusahadepan-maf;2025051922015199784214_tempatusahadepan-maf_Applicant.jpeg
pbbrekening-maf;2025051922022162987295_pbbrekening-maf_Applicant.jpeg
pbbrekening-maf;20250519925003032229_pbbrekening-maf_Applicant.jpeg
kksuratnikah-maf;20250519925003032229_kksuratnikah-maf_Applicant.jpeg
halamandepanbukutabungan-maf;20250519925003032229_halamandepanbukutabungan-maf_Applicant.jpeg
fpkbelakang-maf;20250519925003032229_fpkbelakang-maf_Applicant.jpeg
fpkdepan-maf;20250519925003032229_fpkdepan-maf_Applicant.jpeg
tempatusahadepan-maf;20250519925003032229_tempatusahadepan-maf_Applicant.jpeg
rumahdepan-maf;20250519925003032229_rumahdepan-maf_Applicant.jpeg
pasanganttdcmo-maf;20250519925003032229_pasanganttdcmo-maf_Applicant.jpeg
nasabahttdcmo-maf;20250519925003032229_nasabahttdcmo-maf_Applicant.jpeg
allobank-maf;20250519925003032229_allobank-maf_Applicant.jpeg
rumahjalan-maf;20250519925003032229_rumahjalan-maf_Applicant.jpeg
bpkbdepan-maf;20250519925003032229_bpkbdepan-maf_Applicant.jpeg
bpkbbelakang-maf;20250519925003032229_bpkbbelakang-maf_Applicant.jpeg
stnkpajak-maf;20250519925003032229_stnkpajak-maf_Applicant.jpeg
unitdepankanan-maf;20250519925003032229_unitdepankanan-maf_Applicant.jpeg
unitdepankiri-maf;20250519925003032229_unitdepankiri-maf_Applicant.jpeg
rumahdepan-maf;2025051722021126066976_rumahdepan-maf_Applicant.jpeg
pasanganttdcmo-maf;2025051722021126066976_pasanganttdcmo-maf_Applicant.jpeg
nasabahttdcmo-maf;2025051722021126066976_nasabahttdcmo-maf_Applicant.jpeg
allobank-maf;2025051722021126066976_allobank-maf_Applicant.jpeg
rumahjalan-maf;2025051722021126066976_rumahjalan-maf_Applicant.jpeg
salaryslip-maf;2025051722021126066976_salaryslip-maf_Applicant.jpeg
nomorrumah-maf;2025051722021126066976_nomorrumah-maf_Applicant.jpeg
dalamrumah-maf;2025051722021126066976_dalamrumah-maf_Applicant.jpeg
pricelist-maf;2025051722021126066976_pricelist-maf_Applicant.jpeg
rangkanomesin-maf;2025051922023197946964_rangkanomesin-maf_Applicant.jpeg
pbbrekening-maf;2025051922021298116231_pbbrekening-maf_Applicant.jpeg
kksuratnikah-maf;2025051922021298116231_kksuratnikah-maf_Applicant.jpeg
salaryslip-maf;20250519925003032229_salaryslip-maf_Applicant.jpeg
nomorrumah-maf;20250519925003032229_nomorrumah-maf_Applicant.jpeg
dalamrumah-maf;20250519925003032229_dalamrumah-maf_Applicant.jpeg
rangkanomesin-maf;20250519925003032229_rangkanomesin-maf_Applicant.jpeg
pbbrekening-maf;2025051922023197946964_pbbrekening-maf_Applicant.jpeg
kksuratnikah-maf;2025051922023197946964_kksuratnikah-maf_Applicant.jpeg
halamandepanbukutabungan-maf;2025051922023197946964_halamandepanbukutabungan-maf_Applicant.jpeg
fpkbelakang-maf;2025051922023197946964_fpkbelakang-maf_Applicant.jpeg
fpkdepan-maf;2025051922023197946964_fpkdepan-maf_Applicant.jpeg
tempatusahadepan-maf;2025051922023197946964_tempatusahadepan-maf_Applicant.jpeg
rumahdepan-maf;2025051922023197946964_rumahdepan-maf_Applicant.jpeg
pasanganttdcmo-maf;2025051922023197946964_pasanganttdcmo-maf_Applicant.jpeg
nasabahttdcmo-maf;2025051922023197946964_nasabahttdcmo-maf_Applicant.jpeg
allobank-maf;2025051922023197946964_allobank-maf_Applicant.jpeg
rumahjalan-maf;2025051922023197946964_rumahjalan-maf_Applicant.jpeg
bpkbdepan-maf;2025051922023197946964_bpkbdepan-maf_Applicant.jpeg
bpkbbelakang-maf;2025051922023197946964_bpkbbelakang-maf_Applicant.jpeg
stnkpajak-maf;2025051922023197946964_stnkpajak-maf_Applicant.jpeg
unitdepankanan-maf;2025051922023197946964_unitdepankanan-maf_Applicant.jpeg
unitdepankiri-maf;2025051922023197946964_unitdepankiri-maf_Applicant.jpeg
salaryslip-maf;2025051922023197946964_salaryslip-maf_Applicant.jpeg
nomorrumah-maf;2025051922023197946964_nomorrumah-maf_Applicant.jpeg
dalamrumah-maf;2025051922023197946964_dalamrumah-maf_Applicant.jpeg
halamandepanbukutabungan-maf;2025051922021298116231_halamandepanbukutabungan-maf_Applicant.jpeg
fpkbelakang-maf;2025051922021298116231_fpkbelakang-maf_Applicant.jpeg
fpkdepan-maf;2025051922021298116231_fpkdepan-maf_Applicant.jpeg
tempatusahadepan-maf;2025051922021298116231_tempatusahadepan-maf_Applicant.jpeg
rumahdepan-maf;2025051922021298116231_rumahdepan-maf_Applicant.jpeg
pasanganttdcmo-maf;2025051922021298116231_pasanganttdcmo-maf_Applicant.jpeg
nasabahttdcmo-maf;2025051922021298116231_nasabahttdcmo-maf_Applicant.jpeg
allobank-maf;2025051922021298116231_allobank-maf_Applicant.jpeg
rumahjalan-maf;2025051922021298116231_rumahjalan-maf_Applicant.jpeg
bpkbdepan-maf;2025051922021298116231_bpkbdepan-maf_Applicant.jpeg
bpkbbelakang-maf;2025051922021298116231_bpkbbelakang-maf_Applicant.jpeg
stnkpajak-maf;2025051922021298116231_stnkpajak-maf_Applicant.jpeg
unitdepankanan-maf;2025051922021298116231_unitdepankanan-maf_Applicant.jpeg
unitdepankiri-maf;2025051922021298116231_unitdepankiri-maf_Applicant.jpeg
salaryslip-maf;2025051922021298116231_salaryslip-maf_Applicant.jpeg
nomorrumah-maf;2025051922021298116231_nomorrumah-maf_Applicant.jpeg
dalamrumah-maf;2025051922021298116231_dalamrumah-maf_Applicant.jpeg
rangkanomesin-maf;2025051922021298116231_rangkanomesin-maf_Applicant.jpeg
pbbrekening-maf;2025051922025077295580_pbbrekening-maf_Applicant.jpeg
kksuratnikah-maf;2025051922025077295580_kksuratnikah-maf_Applicant.jpeg
halamandepanbukutabungan-maf;2025051922025077295580_halamandepanbukutabungan-maf_Applicant.jpeg
fpkbelakang-maf;2025051922025077295580_fpkbelakang-maf_Applicant.jpeg
fpkdepan-maf;2025051922025077295580_fpkdepan-maf_Applicant.jpeg
tempatusahadepan-maf;2025051922025077295580_tempatusahadepan-maf_Applicant.jpeg
rumahdepan-maf;2025051922025077295580_rumahdepan-maf_Applicant.jpeg
pasanganttdcmo-maf;2025051922025077295580_pasanganttdcmo-maf_Applicant.jpeg
nasabahttdcmo-maf;2025051922025077295580_nasabahttdcmo-maf_Applicant.jpeg
allobank-maf;2025051922025077295580_allobank-maf_Applicant.jpeg
rumahjalan-maf;2025051922025077295580_rumahjalan-maf_Applicant.jpeg
bpkbdepan-maf;2025051922025077295580_bpkbdepan-maf_Applicant.jpeg
bpkbbelakang-maf;2025051922025077295580_bpkbbelakang-maf_Applicant.jpeg
stnkpajak-maf;2025051922025077295580_stnkpajak-maf_Applicant.jpeg
unitdepankanan-maf;2025051922025077295580_unitdepankanan-maf_Applicant.jpeg
unitdepankiri-maf;2025051922025077295580_unitdepankiri-maf_Applicant.jpeg
salaryslip-maf;2025051922025077295580_salaryslip-maf_Applicant.jpeg
nomorrumah-maf;2025051922025077295580_nomorrumah-maf_Applicant.jpeg
dalamrumah-maf;2025051922025077295580_dalamrumah-maf_Applicant.jpeg
rangkanomesin-maf;2025051922025077295580_rangkanomesin-maf_Applicant.jpeg
pbbrekening-maf;2025051722022599476836_pbbrekening-maf_Applicant.jpeg
kksuratnikah-maf;2025051722022599476836_kksuratnikah-maf_Applicant.jpeg
halamandepanbukutabungan-maf;2025051722022599476836_halamandepanbukutabungan-maf_Applicant.jpeg
fpkbelakang-maf;2025051722022599476836_fpkbelakang-maf_Applicant.jpeg
fpkdepan-maf;2025051722022599476836_fpkdepan-maf_Applicant.jpeg
tempatusahadepan-maf;2025051722022599476836_tempatusahadepan-maf_Applicant.jpeg
rumahdepan-maf;2025051722022599476836_rumahdepan-maf_Applicant.jpeg
pasanganttdcmo-maf;2025051722022599476836_pasanganttdcmo-maf_Applicant.jpeg
nasabahttdcmo-maf;2025051722022599476836_nasabahttdcmo-maf_Applicant.jpeg
allobank-maf;2025051722022599476836_allobank-maf_Applicant.jpeg
rumahjalan-maf;2025051722022599476836_rumahjalan-maf_Applicant.jpeg
bpkbdepan-maf;2025051722022599476836_bpkbdepan-maf_Applicant.jpeg
bpkbbelakang-maf;2025051722022599476836_bpkbbelakang-maf_Applicant.jpeg
stnkpajak-maf;2025051722022599476836_stnkpajak-maf_Applicant.jpeg
unitdepankanan-maf;2025051722022599476836_unitdepankanan-maf_Applicant.jpeg
unitdepankiri-maf;2025051722022599476836_unitdepankiri-maf_Applicant.jpeg
salaryslip-maf;2025051722022599476836_salaryslip-maf_Applicant.jpeg
nomorrumah-maf;2025051722022599476836_nomorrumah-maf_Applicant.jpeg
dalamrumah-maf;2025051722022599476836_dalamrumah-maf_Applicant.jpeg
rangkanomesin-maf;2025051722022599476836_rangkanomesin-maf_Applicant.jpeg
pbbrekening-maf;2025051922024229063160_pbbrekening-maf_Applicant.jpeg
kksuratnikah-maf;2025051922024229063160_kksuratnikah-maf_Applicant.jpeg
halamandepanbukutabungan-maf;2025051922024229063160_halamandepanbukutabungan-maf_Applicant.jpeg
fpkbelakang-maf;2025051922024229063160_fpkbelakang-maf_Applicant.jpeg
fpkdepan-maf;2025051922024229063160_fpkdepan-maf_Applicant.jpeg
tempatusahadepan-maf;2025051922024229063160_tempatusahadepan-maf_Applicant.jpeg
rumahdepan-maf;2025051922024229063160_rumahdepan-maf_Applicant.jpeg
pasanganttdcmo-maf;2025051922024229063160_pasanganttdcmo-maf_Applicant.jpeg
nasabahttdcmo-maf;2025051922024229063160_nasabahttdcmo-maf_Applicant.jpeg
allobank-maf;2025051922024229063160_allobank-maf_Applicant.jpeg
rumahjalan-maf;2025051922024229063160_rumahjalan-maf_Applicant.jpeg
bpkbdepan-maf;2025051922024229063160_bpkbdepan-maf_Applicant.jpeg
bpkbbelakang-maf;2025051922024229063160_bpkbbelakang-maf_Applicant.jpeg
stnkpajak-maf;2025051922024229063160_stnkpajak-maf_Applicant.jpeg
unitdepankanan-maf;2025051922024229063160_unitdepankanan-maf_Applicant.jpeg
unitdepankiri-maf;2025051922024229063160_unitdepankiri-maf_Applicant.jpeg
salaryslip-maf;2025051922024229063160_salaryslip-maf_Applicant.jpeg
nomorrumah-maf;2025051922024229063160_nomorrumah-maf_Applicant.jpeg
dalamrumah-maf;2025051922024229063160_dalamrumah-maf_Applicant.jpeg
rangkanomesin-maf;2025051922024229063160_rangkanomesin-maf_Applicant.jpeg
pbbrekening-maf;2025051822024229041514_pbbrekening-maf_Applicant.jpeg
kksuratnikah-maf;2025051822024229041514_kksuratnikah-maf_Applicant.jpeg
halamandepanbukutabungan-maf;2025051822024229041514_halamandepanbukutabungan-maf_Applicant.jpeg
fpkbelakang-maf;2025051822024229041514_fpkbelakang-maf_Applicant.jpeg
fpkdepan-maf;2025051822024229041514_fpkdepan-maf_Applicant.jpeg
tempatusahadepan-maf;2025051822024229041514_tempatusahadepan-maf_Applicant.jpeg
rumahdepan-maf;2025051822024229041514_rumahdepan-maf_Applicant.jpeg
pasanganttdcmo-maf;2025051822024229041514_pasanganttdcmo-maf_Applicant.jpeg
nasabahttdcmo-maf;2025051822024229041514_nasabahttdcmo-maf_Applicant.jpeg
allobank-maf;2025051822024229041514_allobank-maf_Applicant.jpeg
rumahjalan-maf;2025051822024229041514_rumahjalan-maf_Applicant.jpeg
bpkbdepan-maf;2025051822024229041514_bpkbdepan-maf_Applicant.jpeg
bpkbbelakang-maf;2025051822024229041514_bpkbbelakang-maf_Applicant.jpeg
stnkpajak-maf;2025051822024229041514_stnkpajak-maf_Applicant.jpeg
unitdepankanan-maf;2025051822024229041514_unitdepankanan-maf_Applicant.jpeg
unitdepankiri-maf;2025051822024229041514_unitdepankiri-maf_Applicant.jpeg
salaryslip-maf;2025051822024229041514_salaryslip-maf_Applicant.jpeg
nomorrumah-maf;2025051822024229041514_nomorrumah-maf_Applicant.jpeg
dalamrumah-maf;2025051822024229041514_dalamrumah-maf_Applicant.jpeg
rangkanomesin-maf;2025051822024229041514_rangkanomesin-maf_Applicant.jpeg
pbbrekening-maf;2025051822024077052374_pbbrekening-maf_Applicant.jpeg
kksuratnikah-maf;2025051822024077052374_kksuratnikah-maf_Applicant.jpeg
halamandepanbukutabungan-maf;2025051822024077052374_halamandepanbukutabungan-maf_Applicant.jpeg
fpkbelakang-maf;2025051822024077052374_fpkbelakang-maf_Applicant.jpeg
fpkdepan-maf;2025051822024077052374_fpkdepan-maf_Applicant.jpeg
tempatusahadepan-maf;2025051822024077052374_tempatusahadepan-maf_Applicant.jpeg
rumahdepan-maf;2025051822024077052374_rumahdepan-maf_Applicant.jpeg
pasanganttdcmo-maf;2025051822024077052374_pasanganttdcmo-maf_Applicant.jpeg
nasabahttdcmo-maf;2025051822024077052374_nasabahttdcmo-maf_Applicant.jpeg
allobank-maf;2025051822024077052374_allobank-maf_Applicant.jpeg
rumahjalan-maf;2025051822024077052374_rumahjalan-maf_Applicant.jpeg
bpkbdepan-maf;2025051822024077052374_bpkbdepan-maf_Applicant.jpeg
bpkbbelakang-maf;2025051822024077052374_bpkbbelakang-maf_Applicant.jpeg
stnkpajak-maf;2025051822024077052374_stnkpajak-maf_Applicant.jpeg
unitdepankanan-maf;2025051822024077052374_unitdepankanan-maf_Applicant.jpeg
unitdepankiri-maf;2025051822024077052374_unitdepankiri-maf_Applicant.jpeg
salaryslip-maf;2025051822024077052374_salaryslip-maf_Applicant.jpeg
nomorrumah-maf;2025051822024077052374_nomorrumah-maf_Applicant.jpeg
dalamrumah-maf;2025051822024077052374_dalamrumah-maf_Applicant.jpeg
rangkanomesin-maf;2025051822024077052374_rangkanomesin-maf_Applicant.jpeg
pbbrekening-maf;2025051422024252685244_pbbrekening-maf_Applicant.jpeg
kksuratnikah-maf;2025051422024252685244_kksuratnikah-maf_Applicant.jpeg
halamandepanbukutabungan-maf;2025051422024252685244_halamandepanbukutabungan-maf_Applicant.jpeg
fpkbelakang-maf;2025051422024252685244_fpkbelakang-maf_Applicant.jpeg
fpkdepan-maf;2025051422024252685244_fpkdepan-maf_Applicant.jpeg
tempatusahadepan-maf;2025051422024252685244_tempatusahadepan-maf_Applicant.jpeg
rumahdepan-maf;2025051422024252685244_rumahdepan-maf_Applicant.jpeg
pasanganttdcmo-maf;2025051422024252685244_pasanganttdcmo-maf_Applicant.jpeg
nasabahttdcmo-maf;2025051422024252685244_nasabahttdcmo-maf_Applicant.jpeg
allobank-maf;2025051422024252685244_allobank-maf_Applicant.jpeg
rumahjalan-maf;2025051422024252685244_rumahjalan-maf_Applicant.jpeg
bpkbdepan-maf;2025051422024252685244_bpkbdepan-maf_Applicant.jpeg
bpkbbelakang-maf;2025051422024252685244_bpkbbelakang-maf_Applicant.jpeg
stnkpajak-maf;2025051422024252685244_stnkpajak-maf_Applicant.jpeg
unitdepankanan-maf;2025051422024252685244_unitdepankanan-maf_Applicant.jpeg
unitdepankiri-maf;2025051422024252685244_unitdepankiri-maf_Applicant.jpeg
salaryslip-maf;2025051422024252685244_salaryslip-maf_Applicant.jpeg
nomorrumah-maf;2025051422024252685244_nomorrumah-maf_Applicant.jpeg
dalamrumah-maf;2025051422024252685244_dalamrumah-maf_Applicant.jpeg
rangkanomesin-maf;2025051422024252685244_rangkanomesin-maf_Applicant.jpeg
pbbrekening-maf;2025051922020696872146_pbbrekening-maf_Applicant.jpeg
kksuratnikah-maf;2025051922020696872146_kksuratnikah-maf_Applicant.jpeg
halamandepanbukutabungan-maf;2025051922020696872146_halamandepanbukutabungan-maf_Applicant.jpeg
fpkbelakang-maf;2025051922020696872146_fpkbelakang-maf_Applicant.jpeg
fpkdepan-maf;2025051922020696872146_fpkdepan-maf_Applicant.jpeg
tempatusahadepan-maf;2025051922020696872146_tempatusahadepan-maf_Applicant.jpeg
unitdepankiri-maf;2025051922024490166534_unitdepankiri-maf_Applicant.jpeg
salaryslip-maf;2025051922024490166534_salaryslip-maf_Applicant.jpeg
nomorrumah-maf;2025051922024490166534_nomorrumah-maf_Applicant.jpeg
dalamrumah-maf;2025051922024490166534_dalamrumah-maf_Applicant.jpeg
rangkanomesin-maf;2025051922024490166534_rangkanomesin-maf_Applicant.jpeg
pbbrekening-maf;2025051922023363441373_pbbrekening-maf_Applicant.jpeg
kksuratnikah-maf;2025051922023363441373_kksuratnikah-maf_Applicant.jpeg
halamandepanbukutabungan-maf;2025051922023363441373_halamandepanbukutabungan-maf_Applicant.jpeg
fpkbelakang-maf;2025051922023363441373_fpkbelakang-maf_Applicant.jpeg
fpkdepan-maf;2025051922023363441373_fpkdepan-maf_Applicant.jpeg
tempatusahadepan-maf;2025051922023363441373_tempatusahadepan-maf_Applicant.jpeg
rumahdepan-maf;2025051922023363441373_rumahdepan-maf_Applicant.jpeg
pasanganttdcmo-maf;2025051922023363441373_pasanganttdcmo-maf_Applicant.jpeg
nasabahttdcmo-maf;2025051922023363441373_nasabahttdcmo-maf_Applicant.jpeg
allobank-maf;2025051922023363441373_allobank-maf_Applicant.jpeg
rumahjalan-maf;2025051922023363441373_rumahjalan-maf_Applicant.jpeg
bpkbdepan-maf;2025051922023363441373_bpkbdepan-maf_Applicant.jpeg
bpkbbelakang-maf;2025051922023363441373_bpkbbelakang-maf_Applicant.jpeg
stnkpajak-maf;2025051922023363441373_stnkpajak-maf_Applicant.jpeg
unitdepankanan-maf;2025051922023363441373_unitdepankanan-maf_Applicant.jpeg
unitdepankiri-maf;2025051922023363441373_unitdepankiri-maf_Applicant.jpeg
rumahdepan-maf;2025051922020800799914_rumahdepan-maf_Applicant.jpeg
pasanganttdcmo-maf;2025051922020800799914_pasanganttdcmo-maf_Applicant.jpeg
nasabahttdcmo-maf;2025051922020800799914_nasabahttdcmo-maf_Applicant.jpeg
allobank-maf;2025051922020800799914_allobank-maf_Applicant.jpeg
rumahjalan-maf;2025051922020800799914_rumahjalan-maf_Applicant.jpeg
salaryslip-maf;2025051922020800799914_salaryslip-maf_Applicant.jpeg
nomorrumah-maf;2025051922020800799914_nomorrumah-maf_Applicant.jpeg
dalamrumah-maf;2025051922020800799914_dalamrumah-maf_Applicant.jpeg
pricelist-maf;2025051922020800799914_pricelist-maf_Applicant.jpeg
pbbrekening-maf;2025051922024490166534_pbbrekening-maf_Applicant.jpeg
kksuratnikah-maf;2025051922024490166534_kksuratnikah-maf_Applicant.jpeg
halamandepanbukutabungan-maf;2025051922024490166534_halamandepanbukutabungan-maf_Applicant.jpeg
fpkbelakang-maf;2025051922024490166534_fpkbelakang-maf_Applicant.jpeg
fpkdepan-maf;2025051922024490166534_fpkdepan-maf_Applicant.jpeg
tempatusahadepan-maf;2025051922024490166534_tempatusahadepan-maf_Applicant.jpeg
rumahdepan-maf;2025051922024490166534_rumahdepan-maf_Applicant.jpeg
pasanganttdcmo-maf;2025051922024490166534_pasanganttdcmo-maf_Applicant.jpeg
nasabahttdcmo-maf;2025051922024490166534_nasabahttdcmo-maf_Applicant.jpeg
allobank-maf;2025051922024490166534_allobank-maf_Applicant.jpeg
rumahjalan-maf;2025051922024490166534_rumahjalan-maf_Applicant.jpeg
bpkbdepan-maf;2025051922024490166534_bpkbdepan-maf_Applicant.jpeg
bpkbbelakang-maf;2025051922024490166534_bpkbbelakang-maf_Applicant.jpeg
stnkpajak-maf;2025051922024490166534_stnkpajak-maf_Applicant.jpeg
unitdepankanan-maf;2025051922024490166534_unitdepankanan-maf_Applicant.jpeg
buktipenghasilanusaha-maf;2025051922024500823495_buktipenghasilanusaha-maf_Applicant.jpeg
perizinanusaha-maf;2025051922024500823495_perizinanusaha-maf_Applicant.jpeg
buktikepemilikanusaha-maf;2025051922024500823495_buktikepemilikanusaha-maf_Applicant.jpeg
rangkanomesin-maf;2025051922024500823495_rangkanomesin-maf_Applicant.jpeg
salaryslip-maf;2025051922023363441373_salaryslip-maf_Applicant.jpeg
nomorrumah-maf;2025051922023363441373_nomorrumah-maf_Applicant.jpeg
dalamrumah-maf;2025051922023363441373_dalamrumah-maf_Applicant.jpeg
rangkanomesin-maf;2025051922023363441373_rangkanomesin-maf_Applicant.jpeg
pbbrekening-maf;2025051922024500823495_pbbrekening-maf_Applicant.jpeg
kksuratnikah-maf;2025051922024500823495_kksuratnikah-maf_Applicant.jpeg
halamandepanbukutabungan-maf;2025051922024500823495_halamandepanbukutabungan-maf_Applicant.jpeg
fpkbelakang-maf;2025051922024500823495_fpkbelakang-maf_Applicant.jpeg
fpkdepan-maf;2025051922024500823495_fpkdepan-maf_Applicant.jpeg
tempatusahadepan-maf;2025051922024500823495_tempatusahadepan-maf_Applicant.jpeg
rumahdepan-maf;2025051922024500823495_rumahdepan-maf_Applicant.jpeg
pasanganttdcmo-maf;2025051922024500823495_pasanganttdcmo-maf_Applicant.jpeg
nasabahttdcmo-maf;2025051922024500823495_nasabahttdcmo-maf_Applicant.jpeg
allobank-maf;2025051922024500823495_allobank-maf_Applicant.jpeg
rumahjalan-maf;2025051922024500823495_rumahjalan-maf_Applicant.jpeg
bpkbdepan-maf;2025051922024500823495_bpkbdepan-maf_Applicant.jpeg
bpkbbelakang-maf;2025051922024500823495_bpkbbelakang-maf_Applicant.jpeg
stnkpajak-maf;2025051922024500823495_stnkpajak-maf_Applicant.jpeg
unitdepankanan-maf;2025051922024500823495_unitdepankanan-maf_Applicant.jpeg
unitdepankiri-maf;2025051922024500823495_unitdepankiri-maf_Applicant.jpeg
salaryslip-maf;2025051922024500823495_salaryslip-maf_Applicant.jpeg
nomorrumah-maf;2025051922024500823495_nomorrumah-maf_Applicant.jpeg
dalamrumah-maf;2025051922024500823495_dalamrumah-maf_Applicant.jpeg
rumahdepan-maf;2025051922020696872146_rumahdepan-maf_Applicant.jpeg
pasanganttdcmo-maf;2025051922020696872146_pasanganttdcmo-maf_Applicant.jpeg
nasabahttdcmo-maf;2025051922020696872146_nasabahttdcmo-maf_Applicant.jpeg
allobank-maf;2025051922020696872146_allobank-maf_Applicant.jpeg
rumahjalan-maf;2025051922020696872146_rumahjalan-maf_Applicant.jpeg
bpkbdepan-maf;2025051922020696872146_bpkbdepan-maf_Applicant.jpeg
bpkbbelakang-maf;2025051922020696872146_bpkbbelakang-maf_Applicant.jpeg
stnkpajak-maf;2025051922020696872146_stnkpajak-maf_Applicant.jpeg
unitdepankanan-maf;2025051922020696872146_unitdepankanan-maf_Applicant.jpeg
unitdepankiri-maf;2025051922020696872146_unitdepankiri-maf_Applicant.jpeg
salaryslip-maf;2025051922020696872146_salaryslip-maf_Applicant.jpeg
nomorrumah-maf;2025051922020696872146_nomorrumah-maf_Applicant.jpeg
dalamrumah-maf;2025051922020696872146_dalamrumah-maf_Applicant.jpeg
rangkanomesin-maf;2025051922020696872146_rangkanomesin-maf_Applicant.jpeg
pbbrekening-maf;2025051722023322194745_pbbrekening-maf_Applicant.jpeg
kksuratnikah-maf;2025051722023322194745_kksuratnikah-maf_Applicant.jpeg
halamandepanbukutabungan-maf;2025051722023322194745_halamandepanbukutabungan-maf_Applicant.jpeg
fpkbelakang-maf;2025051722023322194745_fpkbelakang-maf_Applicant.jpeg
fpkdepan-maf;2025051722023322194745_fpkdepan-maf_Applicant.jpeg
buktipenghasilanusaha-maf;2025051922021056467140_buktipenghasilanusaha-maf_Applicant.jpeg
perizinanusaha-maf;2025051922021056467140_perizinanusaha-maf_Applicant.jpeg
buktikepemilikanusaha-maf;2025051922021056467140_buktikepemilikanusaha-maf_Applicant.jpeg
rangkanomesin-maf;2025051922021056467140_rangkanomesin-maf_Applicant.jpeg
pbbrekening-maf;2025051622016765265017_pbbrekening-maf_Applicant.jpeg
kksuratnikah-maf;2025051622016765265017_kksuratnikah-maf_Applicant.jpeg
halamandepanbukutabungan-maf;2025051622016765265017_halamandepanbukutabungan-maf_Applicant.jpeg
fpkbelakang-maf;2025051622016765265017_fpkbelakang-maf_Applicant.jpeg
fpkdepan-maf;2025051622016765265017_fpkdepan-maf_Applicant.jpeg
tempatusahadepan-maf;2025051622016765265017_tempatusahadepan-maf_Applicant.jpeg
rumahdepan-maf;2025051622016765265017_rumahdepan-maf_Applicant.jpeg
pasanganttdcmo-maf;2025051622016765265017_pasanganttdcmo-maf_Applicant.jpeg
nasabahttdcmo-maf;2025051622016765265017_nasabahttdcmo-maf_Applicant.jpeg
allobank-maf;2025051622016765265017_allobank-maf_Applicant.jpeg
rumahjalan-maf;2025051622016765265017_rumahjalan-maf_Applicant.jpeg
bpkbdepan-maf;2025051622016765265017_bpkbdepan-maf_Applicant.jpeg
bpkbbelakang-maf;2025051622016765265017_bpkbbelakang-maf_Applicant.jpeg
stnkpajak-maf;2025051622016765265017_stnkpajak-maf_Applicant.jpeg
unitdepankanan-maf;2025051622016765265017_unitdepankanan-maf_Applicant.jpeg
unitdepankiri-maf;2025051622016765265017_unitdepankiri-maf_Applicant.jpeg
salaryslip-maf;2025051622016765265017_salaryslip-maf_Applicant.jpeg
nomorrumah-maf;2025051622016765265017_nomorrumah-maf_Applicant.jpeg
dalamrumah-maf;2025051622016765265017_dalamrumah-maf_Applicant.jpeg
rangkanomesin-maf;2025051622016765265017_rangkanomesin-maf_Applicant.jpeg
pbbrekening-maf;2025051922024252667276_pbbrekening-maf_Applicant.jpeg
kksuratnikah-maf;2025051922024252667276_kksuratnikah-maf_Applicant.jpeg
halamandepanbukutabungan-maf;2025051922024252667276_halamandepanbukutabungan-maf_Applicant.jpeg
fpkbelakang-maf;2025051922024252667276_fpkbelakang-maf_Applicant.jpeg
fpkdepan-maf;2025051922024252667276_fpkdepan-maf_Applicant.jpeg
pbbrekening-maf;2025051922021056467140_pbbrekening-maf_Applicant.jpeg
kksuratnikah-maf;2025051922021056467140_kksuratnikah-maf_Applicant.jpeg
halamandepanbukutabungan-maf;2025051922021056467140_halamandepanbukutabungan-maf_Applicant.jpeg
fpkbelakang-maf;2025051922021056467140_fpkbelakang-maf_Applicant.jpeg
fpkdepan-maf;2025051922021056467140_fpkdepan-maf_Applicant.jpeg
tempatusahadepan-maf;2025051922021056467140_tempatusahadepan-maf_Applicant.jpeg
rumahdepan-maf;2025051922021056467140_rumahdepan-maf_Applicant.jpeg
pasanganttdcmo-maf;2025051922021056467140_pasanganttdcmo-maf_Applicant.jpeg
nasabahttdcmo-maf;2025051922021056467140_nasabahttdcmo-maf_Applicant.jpeg
allobank-maf;2025051922021056467140_allobank-maf_Applicant.jpeg
rumahjalan-maf;2025051922021056467140_rumahjalan-maf_Applicant.jpeg
bpkbdepan-maf;2025051922021056467140_bpkbdepan-maf_Applicant.jpeg
bpkbbelakang-maf;2025051922021056467140_bpkbbelakang-maf_Applicant.jpeg
stnkpajak-maf;2025051922021056467140_stnkpajak-maf_Applicant.jpeg
unitdepankanan-maf;2025051922021056467140_unitdepankanan-maf_Applicant.jpeg
unitdepankiri-maf;2025051922021056467140_unitdepankiri-maf_Applicant.jpeg
salaryslip-maf;2025051922021056467140_salaryslip-maf_Applicant.jpeg
nomorrumah-maf;2025051922021056467140_nomorrumah-maf_Applicant.jpeg
dalamrumah-maf;2025051922021056467140_dalamrumah-maf_Applicant.jpeg
tempatusahadepan-maf;2025051922024252667276_tempatusahadepan-maf_Applicant.jpeg
rumahdepan-maf;2025051922024252667276_rumahdepan-maf_Applicant.jpeg
pasanganttdcmo-maf;2025051922024252667276_pasanganttdcmo-maf_Applicant.jpeg
nasabahttdcmo-maf;2025051922024252667276_nasabahttdcmo-maf_Applicant.jpeg
allobank-maf;2025051922024252667276_allobank-maf_Applicant.jpeg
rumahjalan-maf;2025051922024252667276_rumahjalan-maf_Applicant.jpeg
bpkbdepan-maf;2025051922024252667276_bpkbdepan-maf_Applicant.jpeg
bpkbbelakang-maf;2025051922024252667276_bpkbbelakang-maf_Applicant.jpeg
stnkpajak-maf;2025051922024252667276_stnkpajak-maf_Applicant.jpeg
unitdepankanan-maf;2025051922024252667276_unitdepankanan-maf_Applicant.jpeg
unitdepankiri-maf;2025051922024252667276_unitdepankiri-maf_Applicant.jpeg
salaryslip-maf;2025051922024252667276_salaryslip-maf_Applicant.jpeg
nomorrumah-maf;2025051922024252667276_nomorrumah-maf_Applicant.jpeg
dalamrumah-maf;2025051922024252667276_dalamrumah-maf_Applicant.jpeg
rangkanomesin-maf;2025051922024252667276_rangkanomesin-maf_Applicant.jpeg
pbbrekening-maf;2025051922020696849779_pbbrekening-maf_Applicant.jpeg
kksuratnikah-maf;2025051922020696849779_kksuratnikah-maf_Applicant.jpeg
halamandepanbukutabungan-maf;2025051922020696849779_halamandepanbukutabungan-maf_Applicant.jpeg
fpkbelakang-maf;2025051922020696849779_fpkbelakang-maf_Applicant.jpeg
fpkdepan-maf;2025051922020696849779_fpkdepan-maf_Applicant.jpeg
tempatusahadepan-maf;2025051922020696849779_tempatusahadepan-maf_Applicant.jpeg
rumahdepan-maf;2025051922020696849779_rumahdepan-maf_Applicant.jpeg
pasanganttdcmo-maf;2025051922020696849779_pasanganttdcmo-maf_Applicant.jpeg
nasabahttdcmo-maf;2025051922020696849779_nasabahttdcmo-maf_Applicant.jpeg
allobank-maf;2025051922020696849779_allobank-maf_Applicant.jpeg
rumahjalan-maf;2025051922020696849779_rumahjalan-maf_Applicant.jpeg
bpkbdepan-maf;2025051922020696849779_bpkbdepan-maf_Applicant.jpeg
bpkbbelakang-maf;2025051922020696849779_bpkbbelakang-maf_Applicant.jpeg
stnkpajak-maf;2025051922020696849779_stnkpajak-maf_Applicant.jpeg
unitdepankanan-maf;2025051922020696849779_unitdepankanan-maf_Applicant.jpeg
unitdepankiri-maf;2025051922020696849779_unitdepankiri-maf_Applicant.jpeg
salaryslip-maf;2025051922020696849779_salaryslip-maf_Applicant.jpeg
nomorrumah-maf;2025051922020696849779_nomorrumah-maf_Applicant.jpeg
dalamrumah-maf;2025051922020696849779_dalamrumah-maf_Applicant.jpeg
rangkanomesin-maf;2025051922020696849779_rangkanomesin-maf_Applicant.jpeg
pbbrekening-maf;2025051922020547546872_pbbrekening-maf_Applicant.jpeg
kksuratnikah-maf;2025051922020547546872_kksuratnikah-maf_Applicant.jpeg
halamandepanbukutabungan-maf;2025051922020547546872_halamandepanbukutabungan-maf_Applicant.jpeg
fpkbelakang-maf;2025051922020547546872_fpkbelakang-maf_Applicant.jpeg
fpkdepan-maf;2025051922020547546872_fpkdepan-maf_Applicant.jpeg
tempatusahadepan-maf;2025051922020547546872_tempatusahadepan-maf_Applicant.jpeg
rumahdepan-maf;2025051922020547546872_rumahdepan-maf_Applicant.jpeg
pasanganttdcmo-maf;2025051922020547546872_pasanganttdcmo-maf_Applicant.jpeg
nasabahttdcmo-maf;2025051922020547546872_nasabahttdcmo-maf_Applicant.jpeg
allobank-maf;2025051922020547546872_allobank-maf_Applicant.jpeg
rumahjalan-maf;2025051922020547546872_rumahjalan-maf_Applicant.jpeg
bpkbdepan-maf;2025051922020547546872_bpkbdepan-maf_Applicant.jpeg
bpkbbelakang-maf;2025051922020547546872_bpkbbelakang-maf_Applicant.jpeg
stnkpajak-maf;2025051922020547546872_stnkpajak-maf_Applicant.jpeg
unitdepankanan-maf;2025051922020547546872_unitdepankanan-maf_Applicant.jpeg
unitdepankiri-maf;2025051922020547546872_unitdepankiri-maf_Applicant.jpeg
salaryslip-maf;2025051922020547546872_salaryslip-maf_Applicant.jpeg
nomorrumah-maf;2025051922020547546872_nomorrumah-maf_Applicant.jpeg
dalamrumah-maf;2025051922020547546872_dalamrumah-maf_Applicant.jpeg
rangkanomesin-maf;2025051922020547546872_rangkanomesin-maf_Applicant.jpeg
pbbrekening-maf;2025051822024077012776_pbbrekening-maf_Applicant.jpeg
kksuratnikah-maf;2025051822024077012776_kksuratnikah-maf_Applicant.jpeg
halamandepanbukutabungan-maf;2025051822024077012776_halamandepanbukutabungan-maf_Applicant.jpeg
fpkbelakang-maf;2025051822024077012776_fpkbelakang-maf_Applicant.jpeg
fpkdepan-maf;2025051822024077012776_fpkdepan-maf_Applicant.jpeg
tempatusahadepan-maf;2025051822024077012776_tempatusahadepan-maf_Applicant.jpeg
pasanganttdcmo-maf;2025051922024243564782_pasanganttdcmo-maf_Applicant.jpeg
nasabahttdcmo-maf;2025051922024243564782_nasabahttdcmo-maf_Applicant.jpeg
allobank-maf;2025051922024243564782_allobank-maf_Applicant.jpeg
rumahjalan-maf;2025051922024243564782_rumahjalan-maf_Applicant.jpeg
bpkbdepan-maf;2025051922024243564782_bpkbdepan-maf_Applicant.jpeg
bpkbbelakang-maf;2025051922024243564782_bpkbbelakang-maf_Applicant.jpeg
stnkpajak-maf;2025051922024243564782_stnkpajak-maf_Applicant.jpeg
unitdepankanan-maf;2025051922024243564782_unitdepankanan-maf_Applicant.jpeg
unitdepankiri-maf;2025051922024243564782_unitdepankiri-maf_Applicant.jpeg
salaryslip-maf;2025051922024243564782_salaryslip-maf_Applicant.jpeg
nomorrumah-maf;2025051922024243564782_nomorrumah-maf_Applicant.jpeg
dalamrumah-maf;2025051922024243564782_dalamrumah-maf_Applicant.jpeg
rangkanomesin-maf;2025051922024243564782_rangkanomesin-maf_Applicant.jpeg
pbbrekening-maf;2025051922024252686071_pbbrekening-maf_Applicant.jpeg
kksuratnikah-maf;2025051922024252686071_kksuratnikah-maf_Applicant.jpeg
halamandepanbukutabungan-maf;2025051922024252686071_halamandepanbukutabungan-maf_Applicant.jpeg
fpkbelakang-maf;2025051922024252686071_fpkbelakang-maf_Applicant.jpeg
fpkdepan-maf;2025051922024252686071_fpkdepan-maf_Applicant.jpeg
tempatusahadepan-maf;2025051922024252686071_tempatusahadepan-maf_Applicant.jpeg
rumahdepan-maf;2025051922024252686071_rumahdepan-maf_Applicant.jpeg
pasanganttdcmo-maf;2025051922024252686071_pasanganttdcmo-maf_Applicant.jpeg
nasabahttdcmo-maf;2025051922024252686071_nasabahttdcmo-maf_Applicant.jpeg
allobank-maf;2025051922024252686071_allobank-maf_Applicant.jpeg
rumahjalan-maf;2025051922024252686071_rumahjalan-maf_Applicant.jpeg
bpkbdepan-maf;2025051922024252686071_bpkbdepan-maf_Applicant.jpeg
bpkbbelakang-maf;2025051922024252686071_bpkbbelakang-maf_Applicant.jpeg
stnkpajak-maf;2025051922024252686071_stnkpajak-maf_Applicant.jpeg
unitdepankanan-maf;2025051922024252686071_unitdepankanan-maf_Applicant.jpeg
unitdepankiri-maf;2025051922024252686071_unitdepankiri-maf_Applicant.jpeg
salaryslip-maf;2025051922024252686071_salaryslip-maf_Applicant.jpeg
nomorrumah-maf;2025051922024252686071_nomorrumah-maf_Applicant.jpeg
dalamrumah-maf;2025051922024252686071_dalamrumah-maf_Applicant.jpeg
rangkanomesin-maf;2025051922024252686071_rangkanomesin-maf_Applicant.jpeg
rumahdepan-maf;2025051822024077012776_rumahdepan-maf_Applicant.jpeg
pasanganttdcmo-maf;2025051822024077012776_pasanganttdcmo-maf_Applicant.jpeg
nasabahttdcmo-maf;2025051822024077012776_nasabahttdcmo-maf_Applicant.jpeg
allobank-maf;2025051822024077012776_allobank-maf_Applicant.jpeg
rumahjalan-maf;2025051822024077012776_rumahjalan-maf_Applicant.jpeg
bpkbdepan-maf;2025051822024077012776_bpkbdepan-maf_Applicant.jpeg
bpkbbelakang-maf;2025051822024077012776_bpkbbelakang-maf_Applicant.jpeg
stnkpajak-maf;2025051822024077012776_stnkpajak-maf_Applicant.jpeg
unitdepankanan-maf;2025051822024077012776_unitdepankanan-maf_Applicant.jpeg
unitdepankiri-maf;2025051822024077012776_unitdepankiri-maf_Applicant.jpeg
salaryslip-maf;2025051822024077012776_salaryslip-maf_Applicant.jpeg
nomorrumah-maf;2025051822024077012776_nomorrumah-maf_Applicant.jpeg
dalamrumah-maf;2025051822024077012776_dalamrumah-maf_Applicant.jpeg
rangkanomesin-maf;2025051822024077012776_rangkanomesin-maf_Applicant.jpeg
pbbrekening-maf;2025051922024243564782_pbbrekening-maf_Applicant.jpeg
kksuratnikah-maf;2025051922024243564782_kksuratnikah-maf_Applicant.jpeg
halamandepanbukutabungan-maf;2025051922024243564782_halamandepanbukutabungan-maf_Applicant.jpeg
fpkbelakang-maf;2025051922024243564782_fpkbelakang-maf_Applicant.jpeg
fpkdepan-maf;2025051922024243564782_fpkdepan-maf_Applicant.jpeg
tempatusahadepan-maf;2025051922024243564782_tempatusahadepan-maf_Applicant.jpeg
rumahdepan-maf;2025051922024243564782_rumahdepan-maf_Applicant.jpeg
pbbrekening-maf;2025051922023197953831_pbbrekening-maf_Applicant.jpeg
kksuratnikah-maf;2025051922023197953831_kksuratnikah-maf_Applicant.jpeg
halamandepanbukutabungan-maf;2025051922023197953831_halamandepanbukutabungan-maf_Applicant.jpeg
fpkbelakang-maf;2025051922023197953831_fpkbelakang-maf_Applicant.jpeg
fpkdepan-maf;2025051922023197953831_fpkdepan-maf_Applicant.jpeg
tempatusahadepan-maf;2025051922023197953831_tempatusahadepan-maf_Applicant.jpeg
rumahdepan-maf;2025051922023197953831_rumahdepan-maf_Applicant.jpeg
pasanganttdcmo-maf;2025051922023197953831_pasanganttdcmo-maf_Applicant.jpeg
nasabahttdcmo-maf;2025051922023197953831_nasabahttdcmo-maf_Applicant.jpeg
allobank-maf;2025051922023197953831_allobank-maf_Applicant.jpeg
rumahjalan-maf;2025051922023197953831_rumahjalan-maf_Applicant.jpeg
bpkbdepan-maf;2025051922023197953831_bpkbdepan-maf_Applicant.jpeg
bpkbbelakang-maf;2025051922023197953831_bpkbbelakang-maf_Applicant.jpeg
stnkpajak-maf;2025051922023197953831_stnkpajak-maf_Applicant.jpeg
unitdepankanan-maf;2025051922023197953831_unitdepankanan-maf_Applicant.jpeg
unitdepankiri-maf;2025051922023197953831_unitdepankiri-maf_Applicant.jpeg
salaryslip-maf;2025051922023197953831_salaryslip-maf_Applicant.jpeg
nomorrumah-maf;2025051922023197953831_nomorrumah-maf_Applicant.jpeg
dalamrumah-maf;2025051922023197953831_dalamrumah-maf_Applicant.jpeg
rangkanomesin-maf;2025051922023197953831_rangkanomesin-maf_Applicant.jpeg
pbbrekening-maf;2025051622016765231431_pbbrekening-maf_Applicant.jpeg
kksuratnikah-maf;2025051622016765231431_kksuratnikah-maf_Applicant.jpeg
halamandepanbukutabungan-maf;2025051622016765231431_halamandepanbukutabungan-maf_Applicant.jpeg
fpkbelakang-maf;2025051622016765231431_fpkbelakang-maf_Applicant.jpeg
fpkdepan-maf;2025051622016765231431_fpkdepan-maf_Applicant.jpeg
tempatusahadepan-maf;2025051622016765231431_tempatusahadepan-maf_Applicant.jpeg
rumahdepan-maf;2025051622016765231431_rumahdepan-maf_Applicant.jpeg
pasanganttdcmo-maf;2025051622016765231431_pasanganttdcmo-maf_Applicant.jpeg
nasabahttdcmo-maf;2025051622016765231431_nasabahttdcmo-maf_Applicant.jpeg
allobank-maf;2025051622016765231431_allobank-maf_Applicant.jpeg
rumahjalan-maf;2025051622016765231431_rumahjalan-maf_Applicant.jpeg
bpkbdepan-maf;2025051622016765231431_bpkbdepan-maf_Applicant.jpeg
bpkbbelakang-maf;2025051622016765231431_bpkbbelakang-maf_Applicant.jpeg
stnkpajak-maf;2025051622016765231431_stnkpajak-maf_Applicant.jpeg
unitdepankanan-maf;2025051622016765231431_unitdepankanan-maf_Applicant.jpeg
unitdepankiri-maf;2025051622016765231431_unitdepankiri-maf_Applicant.jpeg
salaryslip-maf;2025051622016765231431_salaryslip-maf_Applicant.jpeg
nomorrumah-maf;2025051622016765231431_nomorrumah-maf_Applicant.jpeg
dalamrumah-maf;2025051622016765231431_dalamrumah-maf_Applicant.jpeg
rangkanomesin-maf;2025051622016765231431_rangkanomesin-maf_Applicant.jpeg
dalamrumah-maf;2025052022024608151135_dalamrumah-maf_Applicant.jpeg
rangkanomesin-maf;2025052022024608151135_rangkanomesin-maf_Applicant.jpeg
pbbrekening-maf;2025052022024243584503_pbbrekening-maf_Applicant.jpeg
kksuratnikah-maf;2025052022024243584503_kksuratnikah-maf_Applicant.jpeg
halamandepanbukutabungan-maf;2025052022024243584503_halamandepanbukutabungan-maf_Applicant.jpeg
fpkbelakang-maf;2025052022024243584503_fpkbelakang-maf_Applicant.jpeg
fpkdepan-maf;2025052022024243584503_fpkdepan-maf_Applicant.jpeg
tempatusahadepan-maf;2025052022024243584503_tempatusahadepan-maf_Applicant.jpeg
rumahdepan-maf;2025052022024243584503_rumahdepan-maf_Applicant.jpeg
pasanganttdcmo-maf;2025052022024243584503_pasanganttdcmo-maf_Applicant.jpeg
nasabahttdcmo-maf;2025052022024243584503_nasabahttdcmo-maf_Applicant.jpeg
allobank-maf;2025052022024243584503_allobank-maf_Applicant.jpeg
rumahjalan-maf;2025052022024243584503_rumahjalan-maf_Applicant.jpeg
bpkbdepan-maf;2025052022024243584503_bpkbdepan-maf_Applicant.jpeg
bpkbbelakang-maf;2025052022024243584503_bpkbbelakang-maf_Applicant.jpeg
stnkpajak-maf;2025052022024243584503_stnkpajak-maf_Applicant.jpeg
unitdepankanan-maf;2025052022024243584503_unitdepankanan-maf_Applicant.jpeg
unitdepankiri-maf;2025052022024243584503_unitdepankiri-maf_Applicant.jpeg
salaryslip-maf;2025052022024243584503_salaryslip-maf_Applicant.jpeg
nomorrumah-maf;2025052022024243584503_nomorrumah-maf_Applicant.jpeg
dalamrumah-maf;2025052022024243584503_dalamrumah-maf_Applicant.jpeg
rangkanomesin-maf;2025052022024243584503_rangkanomesin-maf_Applicant.jpeg
pbbrekening-maf;2025051922021104142428_pbbrekening-maf_Applicant.jpeg
kksuratnikah-maf;2025051922021104142428_kksuratnikah-maf_Applicant.jpeg
halamandepanbukutabungan-maf;2025051922021104142428_halamandepanbukutabungan-maf_Applicant.jpeg
fpkbelakang-maf;2025051922021104142428_fpkbelakang-maf_Applicant.jpeg
fpkdepan-maf;2025051922021104142428_fpkdepan-maf_Applicant.jpeg
tempatusahadepan-maf;2025051922021104142428_tempatusahadepan-maf_Applicant.jpeg
rumahdepan-maf;2025051922021104142428_rumahdepan-maf_Applicant.jpeg
pasanganttdcmo-maf;2025051922021104142428_pasanganttdcmo-maf_Applicant.jpeg
nasabahttdcmo-maf;2025051922021104142428_nasabahttdcmo-maf_Applicant.jpeg
allobank-maf;2025051922021104142428_allobank-maf_Applicant.jpeg
rumahjalan-maf;2025051922021104142428_rumahjalan-maf_Applicant.jpeg
bpkbdepan-maf;2025051922021104142428_bpkbdepan-maf_Applicant.jpeg
bpkbbelakang-maf;2025051922021104142428_bpkbbelakang-maf_Applicant.jpeg
stnkpajak-maf;2025051922021104142428_stnkpajak-maf_Applicant.jpeg
unitdepankanan-maf;2025051922021104142428_unitdepankanan-maf_Applicant.jpeg
unitdepankiri-maf;2025051922021104142428_unitdepankiri-maf_Applicant.jpeg
salaryslip-maf;2025051922021104142428_salaryslip-maf_Applicant.jpeg
nomorrumah-maf;2025051922021104142428_nomorrumah-maf_Applicant.jpeg
dalamrumah-maf;2025051922021104142428_dalamrumah-maf_Applicant.jpeg
rangkanomesin-maf;2025051922021104142428_rangkanomesin-maf_Applicant.jpeg
pbbrekening-maf;2025051922024229076929_pbbrekening-maf_Applicant.jpeg
kksuratnikah-maf;2025051922024229076929_kksuratnikah-maf_Applicant.jpeg
halamandepanbukutabungan-maf;2025051922024229076929_halamandepanbukutabungan-maf_Applicant.jpeg
fpkbelakang-maf;2025051922024229076929_fpkbelakang-maf_Applicant.jpeg
fpkdepan-maf;2025051922024229076929_fpkdepan-maf_Applicant.jpeg
tempatusahadepan-maf;2025051922024229076929_tempatusahadepan-maf_Applicant.jpeg
rumahdepan-maf;2025051922024229076929_rumahdepan-maf_Applicant.jpeg
pasanganttdcmo-maf;2025051922024229076929_pasanganttdcmo-maf_Applicant.jpeg
nasabahttdcmo-maf;2025051922024229076929_nasabahttdcmo-maf_Applicant.jpeg
allobank-maf;2025051922024229076929_allobank-maf_Applicant.jpeg
rumahjalan-maf;2025051922024229076929_rumahjalan-maf_Applicant.jpeg
bpkbdepan-maf;2025051922024229076929_bpkbdepan-maf_Applicant.jpeg
bpkbbelakang-maf;2025051922024229076929_bpkbbelakang-maf_Applicant.jpeg
stnkpajak-maf;2025051922024229076929_stnkpajak-maf_Applicant.jpeg
pasanganttdcmo-maf;2025052122023027360784_pasanganttdcmo-maf_Applicant.jpeg
nasabahttdcmo-maf;2025052122023027360784_nasabahttdcmo-maf_Applicant.jpeg
allobank-maf;2025052122023027360784_allobank-maf_Applicant.jpeg
rumahjalan-maf;2025052122023027360784_rumahjalan-maf_Applicant.jpeg
bpkbdepan-maf;2025052122023027360784_bpkbdepan-maf_Applicant.jpeg
bpkbbelakang-maf;2025052122023027360784_bpkbbelakang-maf_Applicant.jpeg
stnkpajak-maf;2025052122023027360784_stnkpajak-maf_Applicant.jpeg
unitdepankanan-maf;2025052122023027360784_unitdepankanan-maf_Applicant.jpeg
unitdepankiri-maf;2025052122023027360784_unitdepankiri-maf_Applicant.jpeg
salaryslip-maf;2025052122023027360784_salaryslip-maf_Applicant.jpeg
nomorrumah-maf;2025052122023027360784_nomorrumah-maf_Applicant.jpeg
dalamrumah-maf;2025052122023027360784_dalamrumah-maf_Applicant.jpeg
rangkanomesin-maf;2025052122023027360784_rangkanomesin-maf_Applicant.jpeg
unitdepankanan-maf;2025051922024229076929_unitdepankanan-maf_Applicant.jpeg
unitdepankiri-maf;2025051922024229076929_unitdepankiri-maf_Applicant.jpeg
salaryslip-maf;2025051922024229076929_salaryslip-maf_Applicant.jpeg
nomorrumah-maf;2025051922024229076929_nomorrumah-maf_Applicant.jpeg
dalamrumah-maf;2025051922024229076929_dalamrumah-maf_Applicant.jpeg
rangkanomesin-maf;2025051922024229076929_rangkanomesin-maf_Applicant.jpeg
pbbrekening-maf;2025051722022440141609_pbbrekening-maf_Applicant.jpeg
kksuratnikah-maf;2025051722022440141609_kksuratnikah-maf_Applicant.jpeg
halamandepanbukutabungan-maf;2025051722022440141609_halamandepanbukutabungan-maf_Applicant.jpeg
fpkbelakang-maf;2025051722022440141609_fpkbelakang-maf_Applicant.jpeg
fpkdepan-maf;2025051722022440141609_fpkdepan-maf_Applicant.jpeg
tempatusahadepan-maf;2025051722022440141609_tempatusahadepan-maf_Applicant.jpeg
rumahdepan-maf;2025051722022440141609_rumahdepan-maf_Applicant.jpeg
pasanganttdcmo-maf;2025051722022440141609_pasanganttdcmo-maf_Applicant.jpeg
nasabahttdcmo-maf;2025051722022440141609_nasabahttdcmo-maf_Applicant.jpeg
allobank-maf;2025051722022440141609_allobank-maf_Applicant.jpeg
rumahjalan-maf;2025051722022440141609_rumahjalan-maf_Applicant.jpeg
bpkbdepan-maf;2025051722022440141609_bpkbdepan-maf_Applicant.jpeg
bpkbbelakang-maf;2025051722022440141609_bpkbbelakang-maf_Applicant.jpeg
stnkpajak-maf;2025051722022440141609_stnkpajak-maf_Applicant.jpeg
unitdepankanan-maf;2025051722022440141609_unitdepankanan-maf_Applicant.jpeg
unitdepankiri-maf;2025051722022440141609_unitdepankiri-maf_Applicant.jpeg
salaryslip-maf;2025051722022440141609_salaryslip-maf_Applicant.jpeg
bpkbdepan-maf;2025051922022677532992_bpkbdepan-maf_Applicant.jpeg
bpkbbelakang-maf;2025051922022677532992_bpkbbelakang-maf_Applicant.jpeg
stnkpajak-maf;2025051922022677532992_stnkpajak-maf_Applicant.jpeg
unitdepankanan-maf;2025051922022677532992_unitdepankanan-maf_Applicant.jpeg
unitdepankiri-maf;2025051922022677532992_unitdepankiri-maf_Applicant.jpeg
salaryslip-maf;2025051922022677532992_salaryslip-maf_Applicant.jpeg
nomorrumah-maf;2025051922022677532992_nomorrumah-maf_Applicant.jpeg
dalamrumah-maf;2025051922022677532992_dalamrumah-maf_Applicant.jpeg
rangkanomesin-maf;2025051922022677532992_rangkanomesin-maf_Applicant.jpeg
nomorrumah-maf;2025051722022440141609_nomorrumah-maf_Applicant.jpeg
dalamrumah-maf;2025051722022440141609_dalamrumah-maf_Applicant.jpeg
rangkanomesin-maf;2025051722022440141609_rangkanomesin-maf_Applicant.jpeg
pbbrekening-maf;2025051922022677532992_pbbrekening-maf_Applicant.jpeg
kksuratnikah-maf;2025051922022677532992_kksuratnikah-maf_Applicant.jpeg
halamandepanbukutabungan-maf;2025051922022677532992_halamandepanbukutabungan-maf_Applicant.jpeg
fpkbelakang-maf;2025051922022677532992_fpkbelakang-maf_Applicant.jpeg
fpkdepan-maf;2025051922022677532992_fpkdepan-maf_Applicant.jpeg
tempatusahadepan-maf;2025051922022677532992_tempatusahadepan-maf_Applicant.jpeg
rumahdepan-maf;2025051922022677532992_rumahdepan-maf_Applicant.jpeg
pasanganttdcmo-maf;2025051922022677532992_pasanganttdcmo-maf_Applicant.jpeg
nasabahttdcmo-maf;2025051922022677532992_nasabahttdcmo-maf_Applicant.jpeg
allobank-maf;2025051922022677532992_allobank-maf_Applicant.jpeg
rumahjalan-maf;2025051922022677532992_rumahjalan-maf_Applicant.jpeg
pbbrekening-maf;2025051922023061094094_pbbrekening-maf_Applicant.jpeg
kksuratnikah-maf;2025051922023061094094_kksuratnikah-maf_Applicant.jpeg
halamandepanbukutabungan-maf;2025051922023061094094_halamandepanbukutabungan-maf_Applicant.jpeg
fpkbelakang-maf;2025051922023061094094_fpkbelakang-maf_Applicant.jpeg
fpkdepan-maf;2025051922023061094094_fpkdepan-maf_Applicant.jpeg
tempatusahadepan-maf;2025051922023061094094_tempatusahadepan-maf_Applicant.jpeg
rumahdepan-maf;2025051922023061094094_rumahdepan-maf_Applicant.jpeg
pasanganttdcmo-maf;2025051922023061094094_pasanganttdcmo-maf_Applicant.jpeg
nasabahttdcmo-maf;2025051922023061094094_nasabahttdcmo-maf_Applicant.jpeg
allobank-maf;2025051922023061094094_allobank-maf_Applicant.jpeg
rumahjalan-maf;2025051922023061094094_rumahjalan-maf_Applicant.jpeg
salaryslip-maf;2025051922023061094094_salaryslip-maf_Applicant.jpeg
salaryslip-maf;2025052022024130961189_salaryslip-maf_Applicant.jpeg
nomorrumah-maf;2025052022024130961189_nomorrumah-maf_Applicant.jpeg
dalamrumah-maf;2025052022024130961189_dalamrumah-maf_Applicant.jpeg
rangkanomesin-maf;2025052022024130961189_rangkanomesin-maf_Applicant.jpeg
nomorrumah-maf;2025051922023061094094_nomorrumah-maf_Applicant.jpeg
dalamrumah-maf;2025051922023061094094_dalamrumah-maf_Applicant.jpeg
pricelist-maf;2025051922023061094094_pricelist-maf_Applicant.jpeg
pbbrekening-maf;2025051922024243586980_pbbrekening-maf_Applicant.jpeg
kksuratnikah-maf;2025051922024243586980_kksuratnikah-maf_Applicant.jpeg
halamandepanbukutabungan-maf;2025051922024243586980_halamandepanbukutabungan-maf_Applicant.jpeg
fpkbelakang-maf;2025051922024243586980_fpkbelakang-maf_Applicant.jpeg
fpkdepan-maf;2025051922024243586980_fpkdepan-maf_Applicant.jpeg
tempatusahadepan-maf;2025051922024243586980_tempatusahadepan-maf_Applicant.jpeg
rumahdepan-maf;2025051922024243586980_rumahdepan-maf_Applicant.jpeg
pasanganttdcmo-maf;2025051922024243586980_pasanganttdcmo-maf_Applicant.jpeg
nasabahttdcmo-maf;2025051922024243586980_nasabahttdcmo-maf_Applicant.jpeg
allobank-maf;2025051922024243586980_allobank-maf_Applicant.jpeg
unitdepankiri-maf;2025052122016076366177_unitdepankiri-maf_Applicant.jpeg
salaryslip-maf;2025052122016076366177_salaryslip-maf_Applicant.jpeg
nomorrumah-maf;2025052122016076366177_nomorrumah-maf_Applicant.jpeg
dalamrumah-maf;2025052122016076366177_dalamrumah-maf_Applicant.jpeg
rangkanomesin-maf;2025052122016076366177_rangkanomesin-maf_Applicant.jpeg
rumahjalan-maf;2025051922024243586980_rumahjalan-maf_Applicant.jpeg
bpkbdepan-maf;2025051922024243586980_bpkbdepan-maf_Applicant.jpeg
bpkbbelakang-maf;2025051922024243586980_bpkbbelakang-maf_Applicant.jpeg
stnkpajak-maf;2025051922024243586980_stnkpajak-maf_Applicant.jpeg
unitdepankanan-maf;2025051922024243586980_unitdepankanan-maf_Applicant.jpeg
unitdepankiri-maf;2025051922024243586980_unitdepankiri-maf_Applicant.jpeg
salaryslip-maf;2025051922024243586980_salaryslip-maf_Applicant.jpeg
nomorrumah-maf;2025051922024243586980_nomorrumah-maf_Applicant.jpeg
dalamrumah-maf;2025051922024243586980_dalamrumah-maf_Applicant.jpeg
rangkanomesin-maf;2025051922024243586980_rangkanomesin-maf_Applicant.jpeg
unitdepankanan-maf;2025052122022195832319_unitdepankanan-maf_Applicant.jpeg
unitdepankiri-maf;2025052122022195832319_unitdepankiri-maf_Applicant.jpeg
salaryslip-maf;2025052122022195832319_salaryslip-maf_Applicant.jpeg
nomorrumah-maf;2025052122022195832319_nomorrumah-maf_Applicant.jpeg
dalamrumah-maf;2025052122022195832319_dalamrumah-maf_Applicant.jpeg
rangkanomesin-maf;2025052122022195832319_rangkanomesin-maf_Applicant.jpeg
allobank-maf;2025052122020696886403_allobank-maf_Applicant.jpeg
rumahjalan-maf;2025052122020696886403_rumahjalan-maf_Applicant.jpeg
bpkbdepan-maf;2025052122020696886403_bpkbdepan-maf_Applicant.jpeg
bpkbbelakang-maf;2025052122020696886403_bpkbbelakang-maf_Applicant.jpeg
stnkpajak-maf;2025052122020696886403_stnkpajak-maf_Applicant.jpeg
unitdepankanan-maf;2025052122020696886403_unitdepankanan-maf_Applicant.jpeg
unitdepankiri-maf;2025052122020696886403_unitdepankiri-maf_Applicant.jpeg
salaryslip-maf;2025052122020696886403_salaryslip-maf_Applicant.jpeg
nomorrumah-maf;2025052122020696886403_nomorrumah-maf_Applicant.jpeg
dalamrumah-maf;2025052122020696886403_dalamrumah-maf_Applicant.jpeg
rangkanomesin-maf;2025052122020696886403_rangkanomesin-maf_Applicant.jpeg
unitdepankiri-maf;2025052122024016037689_unitdepankiri-maf_Applicant.jpeg
salaryslip-maf;2025052122024016037689_salaryslip-maf_Applicant.jpeg
nomorrumah-maf;2025052122024016037689_nomorrumah-maf_Applicant.jpeg
dalamrumah-maf;2025052122024016037689_dalamrumah-maf_Applicant.jpeg
rangkanomesin-maf;2025052122024016037689_rangkanomesin-maf_Applicant.jpeg
pbbrekening-maf;2025051922024422637670_pbbrekening-maf_Applicant.jpeg
kksuratnikah-maf;2025051922024422637670_kksuratnikah-maf_Applicant.jpeg
halamandepanbukutabungan-maf;2025051922024422637670_halamandepanbukutabungan-maf_Applicant.jpeg
fpkbelakang-maf;2025051922024422637670_fpkbelakang-maf_Applicant.jpeg
fpkdepan-maf;2025051922024422637670_fpkdepan-maf_Applicant.jpeg
tempatusahadepan-maf;2025051922024422637670_tempatusahadepan-maf_Applicant.jpeg
rumahdepan-maf;2025051922024422637670_rumahdepan-maf_Applicant.jpeg
pasanganttdcmo-maf;2025051922024422637670_pasanganttdcmo-maf_Applicant.jpeg
nasabahttdcmo-maf;2025051922024422637670_nasabahttdcmo-maf_Applicant.jpeg
allobank-maf;2025051922024422637670_allobank-maf_Applicant.jpeg
rumahjalan-maf;2025051922024422637670_rumahjalan-maf_Applicant.jpeg
bpkbdepan-maf;2025051922024422637670_bpkbdepan-maf_Applicant.jpeg
bpkbbelakang-maf;2025051922024422637670_bpkbbelakang-maf_Applicant.jpeg
stnkpajak-maf;2025051922024422637670_stnkpajak-maf_Applicant.jpeg
unitdepankanan-maf;2025051922024422637670_unitdepankanan-maf_Applicant.jpeg
unitdepankiri-maf;2025051922024422637670_unitdepankiri-maf_Applicant.jpeg
salaryslip-maf;2025051922024422637670_salaryslip-maf_Applicant.jpeg
nomorrumah-maf;2025051922024422637670_nomorrumah-maf_Applicant.jpeg
dalamrumah-maf;2025051922024422637670_dalamrumah-maf_Applicant.jpeg
buktipenghasilanusaha-maf;2025051922024422637670_buktipenghasilanusaha-maf_Applicant.jpeg
perizinanusaha-maf;2025051922024422637670_perizinanusaha-maf_Applicant.jpeg
buktikepemilikanusaha-maf;2025051922024422637670_buktikepemilikanusaha-maf_Applicant.jpeg
rangkanomesin-maf;2025051922024422637670_rangkanomesin-maf_Applicant.jpeg
pbbrekening-maf;2025051922025123565731_pbbrekening-maf_Applicant.jpeg
kksuratnikah-maf;2025051922025123565731_kksuratnikah-maf_Applicant.jpeg
halamandepanbukutabungan-maf;2025051922025123565731_halamandepanbukutabungan-maf_Applicant.jpeg
fpkbelakang-maf;2025051922025123565731_fpkbelakang-maf_Applicant.jpeg
fpkdepan-maf;2025051922025123565731_fpkdepan-maf_Applicant.jpeg
tempatusahadepan-maf;2025051922025123565731_tempatusahadepan-maf_Applicant.jpeg
rumahdepan-maf;2025051922025123565731_rumahdepan-maf_Applicant.jpeg
pasanganttdcmo-maf;2025051922025123565731_pasanganttdcmo-maf_Applicant.jpeg
nasabahttdcmo-maf;2025051922025123565731_nasabahttdcmo-maf_Applicant.jpeg
allobank-maf;2025051922025123565731_allobank-maf_Applicant.jpeg
rumahjalan-maf;2025051922025123565731_rumahjalan-maf_Applicant.jpeg
bpkbdepan-maf;2025051922025123565731_bpkbdepan-maf_Applicant.jpeg
bpkbbelakang-maf;2025051922025123565731_bpkbbelakang-maf_Applicant.jpeg
stnkpajak-maf;2025051922025123565731_stnkpajak-maf_Applicant.jpeg
unitdepankanan-maf;2025051922025123565731_unitdepankanan-maf_Applicant.jpeg
unitdepankiri-maf;2025051922025123565731_unitdepankiri-maf_Applicant.jpeg
salaryslip-maf;2025051922025123565731_salaryslip-maf_Applicant.jpeg
nomorrumah-maf;2025051922025123565731_nomorrumah-maf_Applicant.jpeg
dalamrumah-maf;2025051922025123565731_dalamrumah-maf_Applicant.jpeg
rangkanomesin-maf;2025051922025123565731_rangkanomesin-maf_Applicant.jpeg
pbbrekening-maf;2025052022024255969149_pbbrekening-maf_Applicant.jpeg
kksuratnikah-maf;2025052022024255969149_kksuratnikah-maf_Applicant.jpeg
halamandepanbukutabungan-maf;2025052022024255969149_halamandepanbukutabungan-maf_Applicant.jpeg
fpkbelakang-maf;2025052022024255969149_fpkbelakang-maf_Applicant.jpeg
fpkdepan-maf;2025052022024255969149_fpkdepan-maf_Applicant.jpeg
tempatusahadepan-maf;2025052022024255969149_tempatusahadepan-maf_Applicant.jpeg
rumahdepan-maf;2025052022024255969149_rumahdepan-maf_Applicant.jpeg
pasanganttdcmo-maf;2025052022024255969149_pasanganttdcmo-maf_Applicant.jpeg
nasabahttdcmo-maf;2025052022024255969149_nasabahttdcmo-maf_Applicant.jpeg
allobank-maf;2025052022024255969149_allobank-maf_Applicant.jpeg
rumahjalan-maf;2025052022024255969149_rumahjalan-maf_Applicant.jpeg
bpkbdepan-maf;2025052022024255969149_bpkbdepan-maf_Applicant.jpeg
bpkbbelakang-maf;2025052022024255969149_bpkbbelakang-maf_Applicant.jpeg
stnkpajak-maf;2025052022024255969149_stnkpajak-maf_Applicant.jpeg
unitdepankanan-maf;2025052022024255969149_unitdepankanan-maf_Applicant.jpeg
unitdepankiri-maf;2025052022024255969149_unitdepankiri-maf_Applicant.jpeg
salaryslip-maf;2025052022024255969149_salaryslip-maf_Applicant.jpeg
nomorrumah-maf;2025052022024255969149_nomorrumah-maf_Applicant.jpeg
dalamrumah-maf;2025052022024255969149_dalamrumah-maf_Applicant.jpeg
rangkanomesin-maf;2025052022024255969149_rangkanomesin-maf_Applicant.jpeg
pbbrekening-maf;2025052022022697789818_pbbrekening-maf_Applicant.jpeg
kksuratnikah-maf;2025052022022697789818_kksuratnikah-maf_Applicant.jpeg
halamandepanbukutabungan-maf;2025052022022697789818_halamandepanbukutabungan-maf_Applicant.png
fpkbelakang-maf;2025052022022697789818_fpkbelakang-maf_Applicant.jpeg
fpkdepan-maf;2025052022022697789818_fpkdepan-maf_Applicant.jpeg
tempatusahadepan-maf;2025052022022697789818_tempatusahadepan-maf_Applicant.jpeg
rumahdepan-maf;2025052022022697789818_rumahdepan-maf_Applicant.jpeg
pasanganttdcmo-maf;2025052022022697789818_pasanganttdcmo-maf_Applicant.jpeg
nasabahttdcmo-maf;2025052022022697789818_nasabahttdcmo-maf_Applicant.jpeg
allobank-maf;2025052022022697789818_allobank-maf_Applicant.jpeg
rumahjalan-maf;2025052022022697789818_rumahjalan-maf_Applicant.jpeg
bpkbdepan-maf;2025052022022697789818_bpkbdepan-maf_Applicant.jpeg
bpkbbelakang-maf;2025052022022697789818_bpkbbelakang-maf_Applicant.jpeg
stnkpajak-maf;2025052022022697789818_stnkpajak-maf_Applicant.jpeg
unitdepankanan-maf;2025052022022697789818_unitdepankanan-maf_Applicant.jpeg
unitdepankiri-maf;2025052022022697789818_unitdepankiri-maf_Applicant.jpeg
salaryslip-maf;2025052022022697789818_salaryslip-maf_Applicant.jpeg
nomorrumah-maf;2025052022022697789818_nomorrumah-maf_Applicant.jpeg
dalamrumah-maf;2025052022022697789818_dalamrumah-maf_Applicant.jpeg
rangkanomesin-maf;2025052022022697789818_rangkanomesin-maf_Applicant.jpeg
pbbrekening-maf;2025051922015199730254_pbbrekening-maf_Applicant.jpeg
kksuratnikah-maf;2025051922015199730254_kksuratnikah-maf_Applicant.jpeg
halamandepanbukutabungan-maf;2025051922015199730254_halamandepanbukutabungan-maf_Applicant.jpeg
fpkbelakang-maf;2025051922015199730254_fpkbelakang-maf_Applicant.jpeg
fpkdepan-maf;2025051922015199730254_fpkdepan-maf_Applicant.jpeg
tempatusahadepan-maf;2025051922015199730254_tempatusahadepan-maf_Applicant.jpeg
rumahdepan-maf;2025051922015199730254_rumahdepan-maf_Applicant.jpeg
pasanganttdcmo-maf;2025051922015199730254_pasanganttdcmo-maf_Applicant.jpeg
nasabahttdcmo-maf;2025051922015199730254_nasabahttdcmo-maf_Applicant.jpeg
allobank-maf;2025051922015199730254_allobank-maf_Applicant.jpeg
rumahjalan-maf;2025051922015199730254_rumahjalan-maf_Applicant.jpeg
bpkbdepan-maf;2025051922015199730254_bpkbdepan-maf_Applicant.jpeg
bpkbbelakang-maf;2025051922015199730254_bpkbbelakang-maf_Applicant.jpeg
stnkpajak-maf;2025051922015199730254_stnkpajak-maf_Applicant.jpeg
unitdepankanan-maf;2025051922015199730254_unitdepankanan-maf_Applicant.jpeg
unitdepankiri-maf;2025051922015199730254_unitdepankiri-maf_Applicant.jpeg
rumahjalan-maf;2025052022023503059171_rumahjalan-maf_Applicant.jpeg
bpkbdepan-maf;2025052022023503059171_bpkbdepan-maf_Applicant.jpeg
bpkbbelakang-maf;2025052022023503059171_bpkbbelakang-maf_Applicant.jpeg
stnkpajak-maf;2025052022023503059171_stnkpajak-maf_Applicant.jpeg
unitdepankanan-maf;2025052022023503059171_unitdepankanan-maf_Applicant.jpeg
unitdepankiri-maf;2025052022023503059171_unitdepankiri-maf_Applicant.jpeg
salaryslip-maf;2025052022023503059171_salaryslip-maf_Applicant.jpeg
nomorrumah-maf;2025052022023503059171_nomorrumah-maf_Applicant.jpeg
dalamrumah-maf;2025052022023503059171_dalamrumah-maf_Applicant.jpeg
rangkanomesin-maf;2025052022023503059171_rangkanomesin-maf_Applicant.jpeg
pbbrekening-maf;2025052022024608151135_pbbrekening-maf_Applicant.jpeg
kksuratnikah-maf;2025052022024608151135_kksuratnikah-maf_Applicant.jpeg
halamandepanbukutabungan-maf;2025052022024608151135_halamandepanbukutabungan-maf_Applicant.jpeg
fpkbelakang-maf;2025052022024608151135_fpkbelakang-maf_Applicant.jpeg
fpkdepan-maf;2025052022024608151135_fpkdepan-maf_Applicant.jpeg
tempatusahadepan-maf;2025052022024608151135_tempatusahadepan-maf_Applicant.jpeg
rumahdepan-maf;2025052022024608151135_rumahdepan-maf_Applicant.jpeg
pasanganttdcmo-maf;2025052022024608151135_pasanganttdcmo-maf_Applicant.jpeg
nasabahttdcmo-maf;2025052022024608151135_nasabahttdcmo-maf_Applicant.jpeg
allobank-maf;2025052022024608151135_allobank-maf_Applicant.jpeg
rumahjalan-maf;2025052022024608151135_rumahjalan-maf_Applicant.jpeg
bpkbdepan-maf;2025052022024608151135_bpkbdepan-maf_Applicant.jpeg
bpkbbelakang-maf;2025052022024608151135_bpkbbelakang-maf_Applicant.jpeg
stnkpajak-maf;2025052022024608151135_stnkpajak-maf_Applicant.jpeg
unitdepankanan-maf;2025052022024608151135_unitdepankanan-maf_Applicant.jpeg
unitdepankiri-maf;2025052022024608151135_unitdepankiri-maf_Applicant.jpeg
salaryslip-maf;2025052022024608151135_salaryslip-maf_Applicant.jpeg
nomorrumah-maf;2025052022024608151135_nomorrumah-maf_Applicant.jpeg
salaryslip-maf;2025051922015199730254_salaryslip-maf_Applicant.jpeg
nomorrumah-maf;2025051922015199730254_nomorrumah-maf_Applicant.jpeg
dalamrumah-maf;2025051922015199730254_dalamrumah-maf_Applicant.jpeg
rangkanomesin-maf;2025051922015199730254_rangkanomesin-maf_Applicant.jpeg
pbbrekening-maf;2025052022023503059171_pbbrekening-maf_Applicant.jpeg
kksuratnikah-maf;2025052022023503059171_kksuratnikah-maf_Applicant.jpeg
halamandepanbukutabungan-maf;2025052022023503059171_halamandepanbukutabungan-maf_Applicant.jpeg
fpkbelakang-maf;2025052022023503059171_fpkbelakang-maf_Applicant.jpeg
fpkdepan-maf;2025052022023503059171_fpkdepan-maf_Applicant.jpeg
tempatusahadepan-maf;2025052022023503059171_tempatusahadepan-maf_Applicant.jpeg
rumahdepan-maf;2025052022023503059171_rumahdepan-maf_Applicant.jpeg
pasanganttdcmo-maf;2025052022023503059171_pasanganttdcmo-maf_Applicant.jpeg
nasabahttdcmo-maf;2025052022023503059171_nasabahttdcmo-maf_Applicant.jpeg
allobank-maf;2025052022023503059171_allobank-maf_Applicant.jpeg
pbbrekening-maf;2025051822024511995228_pbbrekening-maf_Applicant.jpeg
kksuratnikah-maf;2025051822024511995228_kksuratnikah-maf_Applicant.jpeg
halamandepanbukutabungan-maf;2025051822024511995228_halamandepanbukutabungan-maf_Applicant.jpeg
fpkbelakang-maf;2025051822024511995228_fpkbelakang-maf_Applicant.jpeg
fpkdepan-maf;2025051822024511995228_fpkdepan-maf_Applicant.jpeg
tempatusahadepan-maf;2025051822024511995228_tempatusahadepan-maf_Applicant.jpeg
rumahdepan-maf;2025051822024511995228_rumahdepan-maf_Applicant.jpeg
pasanganttdcmo-maf;2025051822024511995228_pasanganttdcmo-maf_Applicant.jpeg
nasabahttdcmo-maf;2025051822024511995228_nasabahttdcmo-maf_Applicant.jpeg
allobank-maf;2025051822024511995228_allobank-maf_Applicant.jpeg
rumahjalan-maf;2025051822024511995228_rumahjalan-maf_Applicant.jpeg
bpkbdepan-maf;2025051822024511995228_bpkbdepan-maf_Applicant.jpeg
bpkbbelakang-maf;2025051822024511995228_bpkbbelakang-maf_Applicant.jpeg
stnkpajak-maf;2025051822024511995228_stnkpajak-maf_Applicant.jpeg
unitdepankanan-maf;2025051822024511995228_unitdepankanan-maf_Applicant.jpeg
unitdepankiri-maf;2025051822024511995228_unitdepankiri-maf_Applicant.jpeg
salaryslip-maf;2025051822024511995228_salaryslip-maf_Applicant.jpeg
nomorrumah-maf;2025051822024511995228_nomorrumah-maf_Applicant.jpeg
dalamrumah-maf;2025051822024511995228_dalamrumah-maf_Applicant.jpeg
rangkanomesin-maf;2025051822024511995228_rangkanomesin-maf_Applicant.jpeg
pbbrekening-maf;2025052022016045782965_pbbrekening-maf_Applicant.jpeg
kksuratnikah-maf;2025052022016045782965_kksuratnikah-maf_Applicant.jpeg
halamandepanbukutabungan-maf;2025052022016045782965_halamandepanbukutabungan-maf_Applicant.jpeg
fpkbelakang-maf;2025052022016045782965_fpkbelakang-maf_Applicant.jpeg
fpkdepan-maf;2025052022016045782965_fpkdepan-maf_Applicant.jpeg
tempatusahadepan-maf;2025052022016045782965_tempatusahadepan-maf_Applicant.jpeg
rumahdepan-maf;2025052022016045782965_rumahdepan-maf_Applicant.jpeg
pasanganttdcmo-maf;2025052022016045782965_pasanganttdcmo-maf_Applicant.jpeg
nasabahttdcmo-maf;2025052022016045782965_nasabahttdcmo-maf_Applicant.jpeg
allobank-maf;2025052022016045782965_allobank-maf_Applicant.jpeg
rumahdepan-maf;2025052022022162968015_rumahdepan-maf_Applicant.jpeg
pasanganttdcmo-maf;2025052022022162968015_pasanganttdcmo-maf_Applicant.jpeg
nasabahttdcmo-maf;2025052022022162968015_nasabahttdcmo-maf_Applicant.jpeg
allobank-maf;2025052022022162968015_allobank-maf_Applicant.jpeg
rumahjalan-maf;2025052022022162968015_rumahjalan-maf_Applicant.jpeg
salaryslip-maf;2025052022022162968015_salaryslip-maf_Applicant.jpeg
nomorrumah-maf;2025052022022162968015_nomorrumah-maf_Applicant.jpeg
dalamrumah-maf;2025052022022162968015_dalamrumah-maf_Applicant.jpeg
pricelist-maf;2025052022022162968015_pricelist-maf_Applicant.jpeg
buktipenghasilanusaha-maf;2025052022022162968015_buktipenghasilanusaha-maf_Applicant.jpeg
perizinanusaha-maf;2025052022022162968015_perizinanusaha-maf_Applicant.jpeg
buktikepemilikanusaha-maf;2025052022022162968015_buktikepemilikanusaha-maf_Applicant.jpeg
pbbrekening-maf;2025052022023503026248_pbbrekening-maf_Applicant.jpeg
kksuratnikah-maf;2025052022023503026248_kksuratnikah-maf_Applicant.jpeg
halamandepanbukutabungan-maf;2025052022023503026248_halamandepanbukutabungan-maf_Applicant.jpeg
fpkbelakang-maf;2025052022023503026248_fpkbelakang-maf_Applicant.jpeg
fpkdepan-maf;2025052022023503026248_fpkdepan-maf_Applicant.jpeg
tempatusahadepan-maf;2025052022023503026248_tempatusahadepan-maf_Applicant.jpeg
rumahdepan-maf;2025052022023503026248_rumahdepan-maf_Applicant.jpeg
pasanganttdcmo-maf;2025052022023503026248_pasanganttdcmo-maf_Applicant.jpeg
nasabahttdcmo-maf;2025052022023503026248_nasabahttdcmo-maf_Applicant.jpeg
allobank-maf;2025052022023503026248_allobank-maf_Applicant.jpeg
rumahjalan-maf;2025052022023503026248_rumahjalan-maf_Applicant.jpeg
bpkbdepan-maf;2025052022023503026248_bpkbdepan-maf_Applicant.jpeg
bpkbbelakang-maf;2025052022023503026248_bpkbbelakang-maf_Applicant.jpeg
stnkpajak-maf;2025052022023503026248_stnkpajak-maf_Applicant.jpeg
unitdepankanan-maf;2025052022023503026248_unitdepankanan-maf_Applicant.jpeg
unitdepankiri-maf;2025052022023503026248_unitdepankiri-maf_Applicant.jpeg
salaryslip-maf;2025052022023503026248_salaryslip-maf_Applicant.jpeg
nomorrumah-maf;2025052022023503026248_nomorrumah-maf_Applicant.jpeg
dalamrumah-maf;2025052022023503026248_dalamrumah-maf_Applicant.jpeg
rangkanomesin-maf;2025052022023503026248_rangkanomesin-maf_Applicant.jpeg
pbbrekening-maf;2025051922023197985342_pbbrekening-maf_Applicant.jpeg
kksuratnikah-maf;2025051922023197985342_kksuratnikah-maf_Applicant.jpeg
halamandepanbukutabungan-maf;2025051922023197985342_halamandepanbukutabungan-maf_Applicant.jpeg
fpkbelakang-maf;2025051922023197985342_fpkbelakang-maf_Applicant.jpeg
fpkdepan-maf;2025051922023197985342_fpkdepan-maf_Applicant.jpeg
tempatusahadepan-maf;2025051922023197985342_tempatusahadepan-maf_Applicant.jpeg
rumahdepan-maf;2025051922023197985342_rumahdepan-maf_Applicant.jpeg
rangkanomesin-maf;2025052722015002458496_rangkanomesin-maf_Applicant.jpeg
pbbrekening-maf;2025052622025096014029_pbbrekening-maf_Applicant.jpeg
kksuratnikah-maf;2025052622025096014029_kksuratnikah-maf_Applicant.jpeg
halamandepanbukutabungan-maf;2025052622025096014029_halamandepanbukutabungan-maf_Applicant.jpeg
fpkbelakang-maf;2025052622025096014029_fpkbelakang-maf_Applicant.jpeg
fpkdepan-maf;2025052622025096014029_fpkdepan-maf_Applicant.jpeg
tempatusahadepan-maf;2025052622025096014029_tempatusahadepan-maf_Applicant.jpeg
rumahdepan-maf;2025052622025096014029_rumahdepan-maf_Applicant.jpeg
pasanganttdcmo-maf;2025052622025096014029_pasanganttdcmo-maf_Applicant.jpeg
nasabahttdcmo-maf;2025052622025096014029_nasabahttdcmo-maf_Applicant.jpeg
allobank-maf;2025052622025096014029_allobank-maf_Applicant.jpeg
rumahjalan-maf;2025052622025096014029_rumahjalan-maf_Applicant.jpeg
bpkbdepan-maf;2025052622025096014029_bpkbdepan-maf_Applicant.jpeg
bpkbbelakang-maf;2025052622025096014029_bpkbbelakang-maf_Applicant.jpeg
stnkpajak-maf;2025052622025096014029_stnkpajak-maf_Applicant.jpeg
rumahjalan-maf;2025052022016045782965_rumahjalan-maf_Applicant.jpeg
bpkbdepan-maf;2025052022016045782965_bpkbdepan-maf_Applicant.jpeg
bpkbbelakang-maf;2025052022016045782965_bpkbbelakang-maf_Applicant.jpeg
stnkpajak-maf;2025052022016045782965_stnkpajak-maf_Applicant.jpeg
unitdepankanan-maf;2025052022016045782965_unitdepankanan-maf_Applicant.jpeg
unitdepankiri-maf;2025052022016045782965_unitdepankiri-maf_Applicant.jpeg
salaryslip-maf;2025052022016045782965_salaryslip-maf_Applicant.jpeg
nomorrumah-maf;2025052022016045782965_nomorrumah-maf_Applicant.jpeg
dalamrumah-maf;2025052022016045782965_dalamrumah-maf_Applicant.jpeg
rangkanomesin-maf;2025052022016045782965_rangkanomesin-maf_Applicant.jpeg
pbbrekening-maf;2025052022022162968015_pbbrekening-maf_Applicant.jpeg
kksuratnikah-maf;2025052022022162968015_kksuratnikah-maf_Applicant.jpeg
halamandepanbukutabungan-maf;2025052022022162968015_halamandepanbukutabungan-maf_Applicant.jpeg
fpkbelakang-maf;2025052022022162968015_fpkbelakang-maf_Applicant.jpeg
fpkdepan-maf;2025052022022162968015_fpkdepan-maf_Applicant.jpeg
tempatusahadepan-maf;2025052022022162968015_tempatusahadepan-maf_Applicant.jpeg
pasanganttdcmo-maf;2025051922023197985342_pasanganttdcmo-maf_Applicant.jpeg
nasabahttdcmo-maf;2025051922023197985342_nasabahttdcmo-maf_Applicant.jpeg
allobank-maf;2025051922023197985342_allobank-maf_Applicant.jpeg
rumahjalan-maf;2025051922023197985342_rumahjalan-maf_Applicant.jpeg
bpkbdepan-maf;2025051922023197985342_bpkbdepan-maf_Applicant.jpeg
bpkbbelakang-maf;2025051922023197985342_bpkbbelakang-maf_Applicant.jpeg
stnkpajak-maf;2025051922023197985342_stnkpajak-maf_Applicant.jpeg
unitdepankanan-maf;2025051922023197985342_unitdepankanan-maf_Applicant.jpeg
unitdepankiri-maf;2025051922023197985342_unitdepankiri-maf_Applicant.jpeg
salaryslip-maf;2025051922023197985342_salaryslip-maf_Applicant.jpeg
nomorrumah-maf;2025051922023197985342_nomorrumah-maf_Applicant.jpeg
dalamrumah-maf;2025051922023197985342_dalamrumah-maf_Applicant.jpeg
rangkanomesin-maf;2025051922023197985342_rangkanomesin-maf_Applicant.jpeg
pbbrekening-maf;2025052022022482798677_pbbrekening-maf_Applicant.jpeg
kksuratnikah-maf;2025052022022482798677_kksuratnikah-maf_Applicant.jpeg
halamandepanbukutabungan-maf;2025052022022482798677_halamandepanbukutabungan-maf_Applicant.jpeg
fpkbelakang-maf;2025052022022482798677_fpkbelakang-maf_Applicant.jpeg
fpkdepan-maf;2025052022022482798677_fpkdepan-maf_Applicant.jpeg
tempatusahadepan-maf;2025052022022482798677_tempatusahadepan-maf_Applicant.jpeg
rumahdepan-maf;2025052022022482798677_rumahdepan-maf_Applicant.jpeg
pasanganttdcmo-maf;2025052022022482798677_pasanganttdcmo-maf_Applicant.jpeg
nasabahttdcmo-maf;2025052022022482798677_nasabahttdcmo-maf_Applicant.jpeg
allobank-maf;2025052022022482798677_allobank-maf_Applicant.jpeg
rumahjalan-maf;2025052022022482798677_rumahjalan-maf_Applicant.jpeg
bpkbdepan-maf;2025052022022482798677_bpkbdepan-maf_Applicant.jpeg
bpkbbelakang-maf;2025052022022482798677_bpkbbelakang-maf_Applicant.jpeg
stnkpajak-maf;2025052022022482798677_stnkpajak-maf_Applicant.jpeg
unitdepankanan-maf;2025052022022482798677_unitdepankanan-maf_Applicant.jpeg
unitdepankiri-maf;2025052022022482798677_unitdepankiri-maf_Applicant.jpeg
salaryslip-maf;2025052022022482798677_salaryslip-maf_Applicant.jpeg
nomorrumah-maf;2025052022022482798677_nomorrumah-maf_Applicant.jpeg
dalamrumah-maf;2025052022022482798677_dalamrumah-maf_Applicant.jpeg
buktipenghasilanusaha-maf;2025052022022482798677_buktipenghasilanusaha-maf_Applicant.jpeg
perizinanusaha-maf;2025052022022482798677_perizinanusaha-maf_Applicant.jpeg
buktikepemilikanusaha-maf;2025052022022482798677_buktikepemilikanusaha-maf_Applicant.jpeg
rangkanomesin-maf;2025052022022482798677_rangkanomesin-maf_Applicant.jpeg
pbbrekening-maf;2025052022024229043934_pbbrekening-maf_Applicant.jpeg
kksuratnikah-maf;2025052022024229043934_kksuratnikah-maf_Applicant.jpeg
halamandepanbukutabungan-maf;2025052022024229043934_halamandepanbukutabungan-maf_Applicant.jpeg
fpkbelakang-maf;2025052022024229043934_fpkbelakang-maf_Applicant.jpeg
fpkdepan-maf;2025052022024229043934_fpkdepan-maf_Applicant.jpeg
tempatusahadepan-maf;2025052022024229043934_tempatusahadepan-maf_Applicant.jpeg
rumahdepan-maf;2025052022024229043934_rumahdepan-maf_Applicant.jpeg
pasanganttdcmo-maf;2025052022024229043934_pasanganttdcmo-maf_Applicant.jpeg
nasabahttdcmo-maf;2025052022024229043934_nasabahttdcmo-maf_Applicant.jpeg
allobank-maf;2025052022024229043934_allobank-maf_Applicant.jpeg
rumahjalan-maf;2025052022024229043934_rumahjalan-maf_Applicant.jpeg
bpkbdepan-maf;2025052022024229043934_bpkbdepan-maf_Applicant.jpeg
bpkbbelakang-maf;2025052022024229043934_bpkbbelakang-maf_Applicant.jpeg
stnkpajak-maf;2025052022024229043934_stnkpajak-maf_Applicant.jpeg
unitdepankanan-maf;2025052022024229043934_unitdepankanan-maf_Applicant.jpeg
unitdepankiri-maf;2025052022024229043934_unitdepankiri-maf_Applicant.jpeg
salaryslip-maf;2025052022024229043934_salaryslip-maf_Applicant.jpeg
nomorrumah-maf;2025052022024229043934_nomorrumah-maf_Applicant.jpeg
dalamrumah-maf;2025052022024229043934_dalamrumah-maf_Applicant.jpeg
rangkanomesin-maf;2025052022024229043934_rangkanomesin-maf_Applicant.jpeg
pbbrekening-maf;2025052022023363442590_pbbrekening-maf_Applicant.jpeg
kksuratnikah-maf;2025052022023363442590_kksuratnikah-maf_Applicant.jpeg
halamandepanbukutabungan-maf;2025052022023363442590_halamandepanbukutabungan-maf_Applicant.jpeg
dalamrumah-maf;2025052022023363442590_dalamrumah-maf_Applicant.jpeg
buktipenghasilanusaha-maf;2025052022023363442590_buktipenghasilanusaha-maf_Applicant.jpeg
perizinanusaha-maf;2025052022023363442590_perizinanusaha-maf_Applicant.jpeg
buktikepemilikanusaha-maf;2025052022023363442590_buktikepemilikanusaha-maf_Applicant.jpeg
rangkanomesin-maf;2025052022023363442590_rangkanomesin-maf_Applicant.jpeg
pbbrekening-maf;2025051722024252640141_pbbrekening-maf_Applicant.jpeg
kksuratnikah-maf;2025051722024252640141_kksuratnikah-maf_Applicant.jpeg
halamandepanbukutabungan-maf;2025051722024252640141_halamandepanbukutabungan-maf_Applicant.jpeg
fpkbelakang-maf;2025051722024252640141_fpkbelakang-maf_Applicant.jpeg
fpkdepan-maf;2025051722024252640141_fpkdepan-maf_Applicant.jpeg
tempatusahadepan-maf;2025051722024252640141_tempatusahadepan-maf_Applicant.jpeg
rumahdepan-maf;2025051722024252640141_rumahdepan-maf_Applicant.jpeg
pasanganttdcmo-maf;2025051722024252640141_pasanganttdcmo-maf_Applicant.jpeg
nasabahttdcmo-maf;2025051722024252640141_nasabahttdcmo-maf_Applicant.jpeg
allobank-maf;2025051722024252640141_allobank-maf_Applicant.jpeg
rumahjalan-maf;2025051722024252640141_rumahjalan-maf_Applicant.jpeg
bpkbdepan-maf;2025051722024252640141_bpkbdepan-maf_Applicant.jpeg
bpkbbelakang-maf;2025051722024252640141_bpkbbelakang-maf_Applicant.jpeg
stnkpajak-maf;2025051722024252640141_stnkpajak-maf_Applicant.jpeg
unitdepankanan-maf;2025051722024252640141_unitdepankanan-maf_Applicant.jpeg
unitdepankiri-maf;2025051722024252640141_unitdepankiri-maf_Applicant.jpeg
salaryslip-maf;2025051722024252640141_salaryslip-maf_Applicant.jpeg
nomorrumah-maf;2025051722024252640141_nomorrumah-maf_Applicant.jpeg
dalamrumah-maf;2025051722024252640141_dalamrumah-maf_Applicant.jpeg
rangkanomesin-maf;2025051722024252640141_rangkanomesin-maf_Applicant.jpeg
pbbrekening-maf;2025051922022599446005_pbbrekening-maf_Applicant.jpeg
kksuratnikah-maf;2025051922022599446005_kksuratnikah-maf_Applicant.jpeg
halamandepanbukutabungan-maf;2025051922022599446005_halamandepanbukutabungan-maf_Applicant.jpeg
fpkbelakang-maf;2025051922022599446005_fpkbelakang-maf_Applicant.jpeg
fpkdepan-maf;2025051922022599446005_fpkdepan-maf_Applicant.jpeg
tempatusahadepan-maf;2025051922022599446005_tempatusahadepan-maf_Applicant.jpeg
rumahdepan-maf;2025051922022599446005_rumahdepan-maf_Applicant.jpeg
pasanganttdcmo-maf;2025051922022599446005_pasanganttdcmo-maf_Applicant.jpeg
nasabahttdcmo-maf;2025051922022599446005_nasabahttdcmo-maf_Applicant.jpeg
allobank-maf;2025051922022599446005_allobank-maf_Applicant.jpeg
rumahjalan-maf;2025051922022599446005_rumahjalan-maf_Applicant.jpeg
bpkbdepan-maf;2025051922022599446005_bpkbdepan-maf_Applicant.jpeg
bpkbbelakang-maf;2025051922022599446005_bpkbbelakang-maf_Applicant.jpeg
stnkpajak-maf;2025051922022599446005_stnkpajak-maf_Applicant.jpeg
unitdepankanan-maf;2025051922022599446005_unitdepankanan-maf_Applicant.jpeg
unitdepankiri-maf;2025051922022599446005_unitdepankiri-maf_Applicant.jpeg
salaryslip-maf;2025051922022599446005_salaryslip-maf_Applicant.jpeg
nomorrumah-maf;2025051922022599446005_nomorrumah-maf_Applicant.jpeg
dalamrumah-maf;2025051922022599446005_dalamrumah-maf_Applicant.jpeg
fpkbelakang-maf;2025052022023363442590_fpkbelakang-maf_Applicant.jpeg
fpkdepan-maf;2025052022023363442590_fpkdepan-maf_Applicant.jpeg
tempatusahadepan-maf;2025052022023363442590_tempatusahadepan-maf_Applicant.jpeg
rumahdepan-maf;2025052022023363442590_rumahdepan-maf_Applicant.jpeg
pasanganttdcmo-maf;2025052022023363442590_pasanganttdcmo-maf_Applicant.jpeg
nasabahttdcmo-maf;2025052022023363442590_nasabahttdcmo-maf_Applicant.jpeg
allobank-maf;2025052022023363442590_allobank-maf_Applicant.jpeg
rumahjalan-maf;2025052022023363442590_rumahjalan-maf_Applicant.jpeg
bpkbdepan-maf;2025052022023363442590_bpkbdepan-maf_Applicant.jpeg
bpkbbelakang-maf;2025052022023363442590_bpkbbelakang-maf_Applicant.jpeg
stnkpajak-maf;2025052022023363442590_stnkpajak-maf_Applicant.jpeg
unitdepankanan-maf;2025052022023363442590_unitdepankanan-maf_Applicant.jpeg
unitdepankiri-maf;2025052022023363442590_unitdepankiri-maf_Applicant.jpeg
salaryslip-maf;2025052022023363442590_salaryslip-maf_Applicant.jpeg
nomorrumah-maf;2025052022023363442590_nomorrumah-maf_Applicant.jpeg
rangkanomesin-maf;2025051922022599446005_rangkanomesin-maf_Applicant.jpeg
bpkbdepan-maf;2025052022024156770238_bpkbdepan-maf_Applicant.jpeg
bpkbbelakang-maf;2025052022024156770238_bpkbbelakang-maf_Applicant.jpeg
stnkpajak-maf;2025052022024156770238_stnkpajak-maf_Applicant.jpeg
unitdepankanan-maf;2025052022024156770238_unitdepankanan-maf_Applicant.jpeg
unitdepankiri-maf;2025052022024156770238_unitdepankiri-maf_Applicant.jpeg
salaryslip-maf;2025052022024156770238_salaryslip-maf_Applicant.jpeg
nomorrumah-maf;2025052022024156770238_nomorrumah-maf_Applicant.jpeg
dalamrumah-maf;2025052022024156770238_dalamrumah-maf_Applicant.jpeg
buktipenghasilanusaha-maf;2025052022024156770238_buktipenghasilanusaha-maf_Applicant.jpeg
perizinanusaha-maf;2025052022024156770238_perizinanusaha-maf_Applicant.jpeg
buktikepemilikanusaha-maf;2025052022024156770238_buktikepemilikanusaha-maf_Applicant.jpeg
rangkanomesin-maf;2025052022024156770238_rangkanomesin-maf_Applicant.jpeg
pbbrekening-maf;2025052022021298164321_pbbrekening-maf_Applicant.jpeg
kksuratnikah-maf;2025052022021298164321_kksuratnikah-maf_Applicant.jpeg
halamandepanbukutabungan-maf;2025052022021298164321_halamandepanbukutabungan-maf_Applicant.jpeg
fpkbelakang-maf;2025052022021298164321_fpkbelakang-maf_Applicant.jpeg
fpkdepan-maf;2025052022021298164321_fpkdepan-maf_Applicant.jpeg
tempatusahadepan-maf;2025052022021298164321_tempatusahadepan-maf_Applicant.jpeg
rumahdepan-maf;2025052022021298164321_rumahdepan-maf_Applicant.jpeg
pasanganttdcmo-maf;2025052022021298164321_pasanganttdcmo-maf_Applicant.jpeg
nasabahttdcmo-maf;2025052022021298164321_nasabahttdcmo-maf_Applicant.jpeg
allobank-maf;2025052022021298164321_allobank-maf_Applicant.jpeg
rumahjalan-maf;2025052022021298164321_rumahjalan-maf_Applicant.jpeg
bpkbdepan-maf;2025052022021298164321_bpkbdepan-maf_Applicant.jpeg
bpkbbelakang-maf;2025052022021298164321_bpkbbelakang-maf_Applicant.jpeg
stnkpajak-maf;2025052022021298164321_stnkpajak-maf_Applicant.jpeg
unitdepankanan-maf;2025052022021298164321_unitdepankanan-maf_Applicant.jpeg
pbbrekening-maf;2025052022017380927130_pbbrekening-maf_Applicant.jpeg
kksuratnikah-maf;2025052022017380927130_kksuratnikah-maf_Applicant.jpeg
halamandepanbukutabungan-maf;2025052022017380927130_halamandepanbukutabungan-maf_Applicant.jpeg
fpkbelakang-maf;2025052022017380927130_fpkbelakang-maf_Applicant.jpeg
fpkdepan-maf;2025052022017380927130_fpkdepan-maf_Applicant.jpeg
rangkanomesin-maf;2025052022017380927130_rangkanomesin-maf_Applicant.jpeg
unitdepankiri-maf;2025052022021298164321_unitdepankiri-maf_Applicant.jpeg
salaryslip-maf;2025052022021298164321_salaryslip-maf_Applicant.jpeg
nomorrumah-maf;2025052022021298164321_nomorrumah-maf_Applicant.jpeg
dalamrumah-maf;2025052022021298164321_dalamrumah-maf_Applicant.jpeg
rangkanomesin-maf;2025052022021298164321_rangkanomesin-maf_Applicant.jpeg
tempatusahadepan-maf;2025052022017380927130_tempatusahadepan-maf_Applicant.jpeg
rumahdepan-maf;2025052022017380927130_rumahdepan-maf_Applicant.jpeg
pasanganttdcmo-maf;2025052022017380927130_pasanganttdcmo-maf_Applicant.jpeg
nasabahttdcmo-maf;2025052022017380927130_nasabahttdcmo-maf_Applicant.jpeg
allobank-maf;2025052022017380927130_allobank-maf_Applicant.jpeg
rumahjalan-maf;2025052022017380927130_rumahjalan-maf_Applicant.jpeg
bpkbdepan-maf;2025052022017380927130_bpkbdepan-maf_Applicant.jpeg
bpkbbelakang-maf;2025052022017380927130_bpkbbelakang-maf_Applicant.jpeg
stnkpajak-maf;2025052022017380927130_stnkpajak-maf_Applicant.jpeg
unitdepankanan-maf;2025052022017380927130_unitdepankanan-maf_Applicant.jpeg
unitdepankiri-maf;2025052022017380927130_unitdepankiri-maf_Applicant.jpeg
salaryslip-maf;2025052022017380927130_salaryslip-maf_Applicant.jpeg
nomorrumah-maf;2025052022017380927130_nomorrumah-maf_Applicant.jpeg
dalamrumah-maf;2025052022017380927130_dalamrumah-maf_Applicant.jpeg
pbbrekening-maf;2025051922022162996466_pbbrekening-maf_Applicant.jpeg
kksuratnikah-maf;2025051922022162996466_kksuratnikah-maf_Applicant.jpeg
halamandepanbukutabungan-maf;2025051922022162996466_halamandepanbukutabungan-maf_Applicant.jpeg
fpkbelakang-maf;2025051922022162996466_fpkbelakang-maf_Applicant.jpeg
fpkdepan-maf;2025051922022162996466_fpkdepan-maf_Applicant.jpeg
tempatusahadepan-maf;2025051922022162996466_tempatusahadepan-maf_Applicant.jpeg
rumahdepan-maf;2025051922022162996466_rumahdepan-maf_Applicant.jpeg
pasanganttdcmo-maf;2025051922022162996466_pasanganttdcmo-maf_Applicant.jpeg
nasabahttdcmo-maf;2025051922022162996466_nasabahttdcmo-maf_Applicant.jpeg
allobank-maf;2025051922022162996466_allobank-maf_Applicant.jpeg
rumahjalan-maf;2025051922022162996466_rumahjalan-maf_Applicant.jpeg
bpkbdepan-maf;2025051922022162996466_bpkbdepan-maf_Applicant.jpeg
bpkbbelakang-maf;2025051922022162996466_bpkbbelakang-maf_Applicant.jpeg
stnkpajak-maf;2025051922022162996466_stnkpajak-maf_Applicant.jpeg
unitdepankanan-maf;2025051922022162996466_unitdepankanan-maf_Applicant.jpeg
unitdepankiri-maf;2025051922022162996466_unitdepankiri-maf_Applicant.jpeg
salaryslip-maf;2025051922022162996466_salaryslip-maf_Applicant.jpeg
nomorrumah-maf;2025051922022162996466_nomorrumah-maf_Applicant.jpeg
dalamrumah-maf;2025051922022162996466_dalamrumah-maf_Applicant.jpeg
buktipenghasilanusaha-maf;2025051922022162996466_buktipenghasilanusaha-maf_Applicant.jpeg
perizinanusaha-maf;2025051922022162996466_perizinanusaha-maf_Applicant.jpeg
buktikepemilikanusaha-maf;2025051922022162996466_buktikepemilikanusaha-maf_Applicant.jpeg
rangkanomesin-maf;2025051922022162996466_rangkanomesin-maf_Applicant.jpeg
pbbrekening-maf;2025052022024255956834_pbbrekening-maf_Applicant.jpeg
kksuratnikah-maf;2025052022024255956834_kksuratnikah-maf_Applicant.jpeg
halamandepanbukutabungan-maf;2025052022024255956834_halamandepanbukutabungan-maf_Applicant.jpeg
fpkbelakang-maf;2025052022024255956834_fpkbelakang-maf_Applicant.jpeg
pbbrekening-maf;2025052022024130961189_pbbrekening-maf_Applicant.png
kksuratnikah-maf;2025052022024130961189_kksuratnikah-maf_Applicant.jpeg
halamandepanbukutabungan-maf;2025052022024130961189_halamandepanbukutabungan-maf_Applicant.jpeg
fpkbelakang-maf;2025052022024130961189_fpkbelakang-maf_Applicant.jpeg
fpkdepan-maf;2025052022024130961189_fpkdepan-maf_Applicant.jpeg
tempatusahadepan-maf;2025052022024130961189_tempatusahadepan-maf_Applicant.jpeg
rumahdepan-maf;2025052022024130961189_rumahdepan-maf_Applicant.jpeg
pasanganttdcmo-maf;2025052022024130961189_pasanganttdcmo-maf_Applicant.jpeg
nasabahttdcmo-maf;2025052022024130961189_nasabahttdcmo-maf_Applicant.jpeg
allobank-maf;2025052022024130961189_allobank-maf_Applicant.jpeg
rumahjalan-maf;2025052022024130961189_rumahjalan-maf_Applicant.jpeg
bpkbdepan-maf;2025052022024130961189_bpkbdepan-maf_Applicant.jpeg
bpkbbelakang-maf;2025052022024130961189_bpkbbelakang-maf_Applicant.jpeg
stnkpajak-maf;2025052022024130961189_stnkpajak-maf_Applicant.jpeg
unitdepankanan-maf;2025052022024130961189_unitdepankanan-maf_Applicant.jpeg
unitdepankiri-maf;2025052022024130961189_unitdepankiri-maf_Applicant.jpeg
bpkbbelakang-maf;2025052022024511971322_bpkbbelakang-maf_Applicant.jpeg
stnkpajak-maf;2025052022024511971322_stnkpajak-maf_Applicant.jpeg
unitdepankanan-maf;2025052022024511971322_unitdepankanan-maf_Applicant.jpeg
unitdepankiri-maf;2025052022024511971322_unitdepankiri-maf_Applicant.jpeg
salaryslip-maf;2025052022024511971322_salaryslip-maf_Applicant.jpeg
nomorrumah-maf;2025052022024511971322_nomorrumah-maf_Applicant.jpeg
dalamrumah-maf;2025052022024511971322_dalamrumah-maf_Applicant.jpeg
rangkanomesin-maf;2025052022024511971322_rangkanomesin-maf_Applicant.jpeg
pbbrekening-maf;2025052022024511971322_pbbrekening-maf_Applicant.jpeg
kksuratnikah-maf;2025052022024511971322_kksuratnikah-maf_Applicant.jpeg
halamandepanbukutabungan-maf;2025052022024511971322_halamandepanbukutabungan-maf_Applicant.jpeg
fpkbelakang-maf;2025052022024511971322_fpkbelakang-maf_Applicant.jpeg
fpkdepan-maf;2025052022024511971322_fpkdepan-maf_Applicant.jpeg
tempatusahadepan-maf;2025052022024511971322_tempatusahadepan-maf_Applicant.jpeg
rumahdepan-maf;2025052022024511971322_rumahdepan-maf_Applicant.jpeg
pasanganttdcmo-maf;2025052022024511971322_pasanganttdcmo-maf_Applicant.jpeg
nasabahttdcmo-maf;2025052022024511971322_nasabahttdcmo-maf_Applicant.jpeg
allobank-maf;2025052022024511971322_allobank-maf_Applicant.jpeg
rumahjalan-maf;2025052022024511971322_rumahjalan-maf_Applicant.jpeg
bpkbdepan-maf;2025052022024511971322_bpkbdepan-maf_Applicant.jpeg
unitdepankanan-maf;2025052122024381866700_unitdepankanan-maf_Applicant.jpeg
unitdepankiri-maf;2025052122024381866700_unitdepankiri-maf_Applicant.jpeg
salaryslip-maf;2025052122024381866700_salaryslip-maf_Applicant.jpeg
nomorrumah-maf;2025052122024381866700_nomorrumah-maf_Applicant.jpeg
dalamrumah-maf;2025052122024381866700_dalamrumah-maf_Applicant.jpeg
rangkanomesin-maf;2025052122024381866700_rangkanomesin-maf_Applicant.jpeg
pbbrekening-maf;2025052022024404787275_pbbrekening-maf_Applicant.webp
kksuratnikah-maf;2025052022024404787275_kksuratnikah-maf_Applicant.jpeg
halamandepanbukutabungan-maf;2025052022024404787275_halamandepanbukutabungan-maf_Applicant.jpeg
fpkbelakang-maf;2025052022024404787275_fpkbelakang-maf_Applicant.jpeg
fpkdepan-maf;2025052022024404787275_fpkdepan-maf_Applicant.jpeg
tempatusahadepan-maf;2025052022024404787275_tempatusahadepan-maf_Applicant.jpeg
rumahdepan-maf;2025052022024404787275_rumahdepan-maf_Applicant.jpeg
pasanganttdcmo-maf;2025052022024404787275_pasanganttdcmo-maf_Applicant.jpeg
nasabahttdcmo-maf;2025052022024404787275_nasabahttdcmo-maf_Applicant.jpeg
allobank-maf;2025052022024404787275_allobank-maf_Applicant.jpeg
rumahjalan-maf;2025052022024404787275_rumahjalan-maf_Applicant.jpeg
salaryslip-maf;2025052022024404787275_salaryslip-maf_Applicant.jpeg
nomorrumah-maf;2025052022024404787275_nomorrumah-maf_Applicant.jpeg
dalamrumah-maf;2025052022024404787275_dalamrumah-maf_Applicant.jpeg
pricelist-maf;2025052022024404787275_pricelist-maf_Applicant.jpeg
pbbrekening-maf;2025052022020696822206_pbbrekening-maf_Applicant.jpeg
kksuratnikah-maf;2025052022020696822206_kksuratnikah-maf_Applicant.jpeg
halamandepanbukutabungan-maf;2025052022020696822206_halamandepanbukutabungan-maf_Applicant.jpeg
fpkbelakang-maf;2025052022020696822206_fpkbelakang-maf_Applicant.jpeg
fpkdepan-maf;2025052022020696822206_fpkdepan-maf_Applicant.jpeg
tempatusahadepan-maf;2025052022020696822206_tempatusahadepan-maf_Applicant.jpeg
rumahdepan-maf;2025052022020696822206_rumahdepan-maf_Applicant.jpeg
pasanganttdcmo-maf;2025052022020696822206_pasanganttdcmo-maf_Applicant.jpeg
nasabahttdcmo-maf;2025052022020696822206_nasabahttdcmo-maf_Applicant.jpeg
allobank-maf;2025052022020696822206_allobank-maf_Applicant.jpeg
rumahjalan-maf;2025052022020696822206_rumahjalan-maf_Applicant.jpeg
bpkbdepan-maf;2025052022020696822206_bpkbdepan-maf_Applicant.jpeg
bpkbbelakang-maf;2025052022020696822206_bpkbbelakang-maf_Applicant.jpeg
stnkpajak-maf;2025052022020696822206_stnkpajak-maf_Applicant.jpeg
unitdepankanan-maf;2025052022020696822206_unitdepankanan-maf_Applicant.jpeg
unitdepankiri-maf;2025052022020696822206_unitdepankiri-maf_Applicant.jpeg
salaryslip-maf;2025052022020696822206_salaryslip-maf_Applicant.jpeg
nomorrumah-maf;2025052022020696822206_nomorrumah-maf_Applicant.jpeg
dalamrumah-maf;2025052022020696822206_dalamrumah-maf_Applicant.jpeg
rangkanomesin-maf;2025052022020696822206_rangkanomesin-maf_Applicant.jpeg
pbbrekening-maf;2025052022023156237634_pbbrekening-maf_Applicant.jpeg
kksuratnikah-maf;2025052022023156237634_kksuratnikah-maf_Applicant.jpeg
halamandepanbukutabungan-maf;2025052022023156237634_halamandepanbukutabungan-maf_Applicant.jpeg
fpkbelakang-maf;2025052022023156237634_fpkbelakang-maf_Applicant.jpeg
fpkdepan-maf;2025052022023156237634_fpkdepan-maf_Applicant.jpeg
tempatusahadepan-maf;2025052022023156237634_tempatusahadepan-maf_Applicant.jpeg
rumahdepan-maf;2025052022023156237634_rumahdepan-maf_Applicant.jpeg
pasanganttdcmo-maf;2025052022023156237634_pasanganttdcmo-maf_Applicant.jpeg
nasabahttdcmo-maf;2025052022023156237634_nasabahttdcmo-maf_Applicant.jpeg
allobank-maf;2025052022023156237634_allobank-maf_Applicant.jpeg
rumahjalan-maf;2025052022023156237634_rumahjalan-maf_Applicant.jpeg
bpkbdepan-maf;2025052022023156237634_bpkbdepan-maf_Applicant.jpeg
bpkbbelakang-maf;2025052022023156237634_bpkbbelakang-maf_Applicant.jpeg
stnkpajak-maf;2025052022023156237634_stnkpajak-maf_Applicant.jpeg
unitdepankanan-maf;2025052022023156237634_unitdepankanan-maf_Applicant.jpeg
unitdepankiri-maf;2025052022023156237634_unitdepankiri-maf_Applicant.jpeg
salaryslip-maf;2025052022023156237634_salaryslip-maf_Applicant.jpeg
nomorrumah-maf;2025052022023156237634_nomorrumah-maf_Applicant.jpeg
dalamrumah-maf;2025052022023156237634_dalamrumah-maf_Applicant.jpeg
rangkanomesin-maf;2025052022023156237634_rangkanomesin-maf_Applicant.jpeg
perizinanusaha-maf;2025052022023470132268_perizinanusaha-maf_Applicant.jpeg
buktikepemilikanusaha-maf;2025052022023470132268_buktikepemilikanusaha-maf_Applicant.jpeg
rangkanomesin-maf;2025052022023470132268_rangkanomesin-maf_Applicant.jpeg
pbbrekening-maf;2025052122024381866700_pbbrekening-maf_Applicant.jpeg
kksuratnikah-maf;2025052122024381866700_kksuratnikah-maf_Applicant.jpeg
halamandepanbukutabungan-maf;2025052122024381866700_halamandepanbukutabungan-maf_Applicant.jpeg
fpkbelakang-maf;2025052122024381866700_fpkbelakang-maf_Applicant.jpeg
fpkdepan-maf;2025052122024381866700_fpkdepan-maf_Applicant.jpeg
tempatusahadepan-maf;2025052122024381866700_tempatusahadepan-maf_Applicant.jpeg
rumahdepan-maf;2025052122024381866700_rumahdepan-maf_Applicant.jpeg
pasanganttdcmo-maf;2025052122024381866700_pasanganttdcmo-maf_Applicant.jpeg
nasabahttdcmo-maf;2025052122024381866700_nasabahttdcmo-maf_Applicant.jpeg
allobank-maf;2025052122024381866700_allobank-maf_Applicant.jpeg
rumahjalan-maf;2025052122024381866700_rumahjalan-maf_Applicant.jpeg
bpkbdepan-maf;2025052122024381866700_bpkbdepan-maf_Applicant.jpeg
bpkbbelakang-maf;2025052122024381866700_bpkbbelakang-maf_Applicant.jpeg
stnkpajak-maf;2025052122024381866700_stnkpajak-maf_Applicant.jpeg
pbbrekening-maf;2025052122021332461612_pbbrekening-maf_Applicant.jpeg
kksuratnikah-maf;2025052122021332461612_kksuratnikah-maf_Applicant.jpeg
halamandepanbukutabungan-maf;2025052122021332461612_halamandepanbukutabungan-maf_Applicant.jpeg
fpkbelakang-maf;2025052122021332461612_fpkbelakang-maf_Applicant.jpeg
fpkdepan-maf;2025052122021332461612_fpkdepan-maf_Applicant.jpeg
tempatusahadepan-maf;2025052122021332461612_tempatusahadepan-maf_Applicant.jpeg
rumahdepan-maf;2025052122021332461612_rumahdepan-maf_Applicant.jpeg
pasanganttdcmo-maf;2025052122021332461612_pasanganttdcmo-maf_Applicant.jpeg
nasabahttdcmo-maf;2025052122021332461612_nasabahttdcmo-maf_Applicant.jpeg
allobank-maf;2025052122021332461612_allobank-maf_Applicant.jpeg
rumahjalan-maf;2025052122021332461612_rumahjalan-maf_Applicant.jpeg
bpkbdepan-maf;2025052122021332461612_bpkbdepan-maf_Applicant.jpeg
bpkbbelakang-maf;2025052122021332461612_bpkbbelakang-maf_Applicant.jpeg
stnkpajak-maf;2025052122021332461612_stnkpajak-maf_Applicant.jpeg
unitdepankanan-maf;2025052122021332461612_unitdepankanan-maf_Applicant.jpeg
unitdepankiri-maf;2025052122021332461612_unitdepankiri-maf_Applicant.jpeg
salaryslip-maf;2025052122021332461612_salaryslip-maf_Applicant.jpeg
nomorrumah-maf;2025052122021332461612_nomorrumah-maf_Applicant.jpeg
dalamrumah-maf;2025052122021332461612_dalamrumah-maf_Applicant.jpeg
buktipenghasilanusaha-maf;2025052122021332461612_buktipenghasilanusaha-maf_Applicant.jpeg
perizinanusaha-maf;2025052122021332461612_perizinanusaha-maf_Applicant.jpeg
buktikepemilikanusaha-maf;2025052122021332461612_buktikepemilikanusaha-maf_Applicant.jpeg
rangkanomesin-maf;2025052122021332461612_rangkanomesin-maf_Applicant.jpeg
pbbrekening-maf;2025052022024077087937_pbbrekening-maf_Applicant.jpeg
kksuratnikah-maf;2025052022024077087937_kksuratnikah-maf_Applicant.jpeg
halamandepanbukutabungan-maf;2025052022024077087937_halamandepanbukutabungan-maf_Applicant.jpeg
fpkbelakang-maf;2025052022024077087937_fpkbelakang-maf_Applicant.jpeg
fpkdepan-maf;2025052022024077087937_fpkdepan-maf_Applicant.jpeg
tempatusahadepan-maf;2025052022024077087937_tempatusahadepan-maf_Applicant.jpeg
rumahdepan-maf;2025052022024077087937_rumahdepan-maf_Applicant.jpeg
pasanganttdcmo-maf;2025052022024077087937_pasanganttdcmo-maf_Applicant.jpeg
nasabahttdcmo-maf;2025052022024077087937_nasabahttdcmo-maf_Applicant.jpeg
allobank-maf;2025052022024077087937_allobank-maf_Applicant.jpeg
rumahjalan-maf;2025052022024077087937_rumahjalan-maf_Applicant.jpeg
bpkbdepan-maf;2025052022024077087937_bpkbdepan-maf_Applicant.jpeg
bpkbbelakang-maf;2025052022024077087937_bpkbbelakang-maf_Applicant.jpeg
stnkpajak-maf;2025052022024077087937_stnkpajak-maf_Applicant.jpeg
unitdepankanan-maf;2025052022024077087937_unitdepankanan-maf_Applicant.jpeg
unitdepankiri-maf;2025052022024077087937_unitdepankiri-maf_Applicant.jpeg
salaryslip-maf;2025052022024077087937_salaryslip-maf_Applicant.jpeg
nomorrumah-maf;2025052022024077087937_nomorrumah-maf_Applicant.jpeg
dalamrumah-maf;2025052022024077087937_dalamrumah-maf_Applicant.jpeg
buktipenghasilanusaha-maf;2025052022024077087937_buktipenghasilanusaha-maf_Applicant.jpeg
perizinanusaha-maf;2025052022024077087937_perizinanusaha-maf_Applicant.jpeg
buktikepemilikanusaha-maf;2025052022024077087937_buktikepemilikanusaha-maf_Applicant.jpeg
rangkanomesin-maf;2025052022024077087937_rangkanomesin-maf_Applicant.jpeg
rangkanomesin-maf;2025052322023156220571_rangkanomesin-maf_Applicant.jpeg
pbbrekening-maf;2025051822023156257100_pbbrekening-maf_Applicant.jpeg
kksuratnikah-maf;2025051822023156257100_kksuratnikah-maf_Applicant.jpeg
halamandepanbukutabungan-maf;2025051822023156257100_halamandepanbukutabungan-maf_Applicant.jpeg
fpkbelakang-maf;2025051822023156257100_fpkbelakang-maf_Applicant.jpeg
fpkdepan-maf;2025051822023156257100_fpkdepan-maf_Applicant.jpeg
tempatusahadepan-maf;2025051822023156257100_tempatusahadepan-maf_Applicant.jpeg
rumahdepan-maf;2025051822023156257100_rumahdepan-maf_Applicant.jpeg
pasanganttdcmo-maf;2025051822023156257100_pasanganttdcmo-maf_Applicant.jpeg
nasabahttdcmo-maf;2025051822023156257100_nasabahttdcmo-maf_Applicant.jpeg
allobank-maf;2025051822023156257100_allobank-maf_Applicant.jpeg
rumahjalan-maf;2025051822023156257100_rumahjalan-maf_Applicant.jpeg
bpkbdepan-maf;2025051822023156257100_bpkbdepan-maf_Applicant.jpeg
bpkbbelakang-maf;2025051822023156257100_bpkbbelakang-maf_Applicant.jpeg
stnkpajak-maf;2025051822023156257100_stnkpajak-maf_Applicant.jpeg
unitdepankanan-maf;2025051822023156257100_unitdepankanan-maf_Applicant.jpeg
pbbrekening-maf;2025052122024016037689_pbbrekening-maf_Applicant.jpeg
kksuratnikah-maf;2025052122024016037689_kksuratnikah-maf_Applicant.jpeg
halamandepanbukutabungan-maf;2025052122024016037689_halamandepanbukutabungan-maf_Applicant.jpeg
fpkbelakang-maf;2025052122024016037689_fpkbelakang-maf_Applicant.jpeg
fpkdepan-maf;2025052122024016037689_fpkdepan-maf_Applicant.jpeg
tempatusahadepan-maf;2025052122024016037689_tempatusahadepan-maf_Applicant.jpeg
rumahdepan-maf;2025052122024016037689_rumahdepan-maf_Applicant.jpeg
pasanganttdcmo-maf;2025052122024016037689_pasanganttdcmo-maf_Applicant.jpeg
nasabahttdcmo-maf;2025052122024016037689_nasabahttdcmo-maf_Applicant.jpeg
allobank-maf;2025052122024016037689_allobank-maf_Applicant.jpeg
rumahjalan-maf;2025052122024016037689_rumahjalan-maf_Applicant.jpeg
bpkbdepan-maf;2025052122024016037689_bpkbdepan-maf_Applicant.jpeg
bpkbbelakang-maf;2025052122024016037689_bpkbbelakang-maf_Applicant.jpeg
stnkpajak-maf;2025052122024016037689_stnkpajak-maf_Applicant.jpeg
unitdepankanan-maf;2025052122024016037689_unitdepankanan-maf_Applicant.jpeg
unitdepankanan-maf;2025052122024359670852_unitdepankanan-maf_Applicant.jpeg
unitdepankiri-maf;2025052122024359670852_unitdepankiri-maf_Applicant.jpeg
salaryslip-maf;2025052122024359670852_salaryslip-maf_Applicant.jpeg
nomorrumah-maf;2025052122024359670852_nomorrumah-maf_Applicant.jpeg
dalamrumah-maf;2025052122024359670852_dalamrumah-maf_Applicant.jpeg
rangkanomesin-maf;2025052122024359670852_rangkanomesin-maf_Applicant.jpeg
pbbrekening-maf;2025052122024227947708_pbbrekening-maf_Applicant.jpeg
kksuratnikah-maf;2025052122024227947708_kksuratnikah-maf_Applicant.jpeg
halamandepanbukutabungan-maf;2025052122024227947708_halamandepanbukutabungan-maf_Applicant.jpeg
fpkbelakang-maf;2025052122024227947708_fpkbelakang-maf_Applicant.jpeg
fpkdepan-maf;2025052122024227947708_fpkdepan-maf_Applicant.jpeg
tempatusahadepan-maf;2025052122024227947708_tempatusahadepan-maf_Applicant.jpeg
rumahdepan-maf;2025052122024227947708_rumahdepan-maf_Applicant.jpeg
pasanganttdcmo-maf;2025052122024227947708_pasanganttdcmo-maf_Applicant.jpeg
nasabahttdcmo-maf;2025052122024227947708_nasabahttdcmo-maf_Applicant.jpeg
allobank-maf;2025052122024227947708_allobank-maf_Applicant.jpeg
rumahjalan-maf;2025052122024227947708_rumahjalan-maf_Applicant.jpeg
bpkbdepan-maf;2025052122024227947708_bpkbdepan-maf_Applicant.jpeg
bpkbbelakang-maf;2025052122024227947708_bpkbbelakang-maf_Applicant.jpeg
stnkpajak-maf;2025052122024227947708_stnkpajak-maf_Applicant.jpeg
unitdepankanan-maf;2025052122024227947708_unitdepankanan-maf_Applicant.jpeg
unitdepankiri-maf;2025052122024227947708_unitdepankiri-maf_Applicant.jpeg
salaryslip-maf;2025052122024227947708_salaryslip-maf_Applicant.jpeg
nomorrumah-maf;2025052122024227947708_nomorrumah-maf_Applicant.jpeg
dalamrumah-maf;2025052122024227947708_dalamrumah-maf_Applicant.jpeg
rangkanomesin-maf;2025052122024227947708_rangkanomesin-maf_Applicant.jpeg
pbbrekening-maf;2025052122023156222665_pbbrekening-maf_Applicant.jpeg
kksuratnikah-maf;2025052122023156222665_kksuratnikah-maf_Applicant.jpeg
halamandepanbukutabungan-maf;2025052122023156222665_halamandepanbukutabungan-maf_Applicant.jpeg
fpkbelakang-maf;2025052122023156222665_fpkbelakang-maf_Applicant.jpeg
fpkdepan-maf;2025052122023156222665_fpkdepan-maf_Applicant.jpeg
tempatusahadepan-maf;2025052122023156222665_tempatusahadepan-maf_Applicant.jpeg
rumahdepan-maf;2025052122023156222665_rumahdepan-maf_Applicant.jpeg
pasanganttdcmo-maf;2025052122023156222665_pasanganttdcmo-maf_Applicant.jpeg
fpkbelakang-maf;2025052222015002424807_fpkbelakang-maf_Applicant.jpeg
fpkdepan-maf;2025052222015002424807_fpkdepan-maf_Applicant.jpeg
tempatusahadepan-maf;2025052222015002424807_tempatusahadepan-maf_Applicant.jpeg
rumahdepan-maf;2025052222015002424807_rumahdepan-maf_Applicant.jpeg
pasanganttdcmo-maf;2025052222015002424807_pasanganttdcmo-maf_Applicant.jpeg
nasabahttdcmo-maf;2025052222015002424807_nasabahttdcmo-maf_Applicant.jpeg
allobank-maf;2025052222015002424807_allobank-maf_Applicant.jpeg
rumahjalan-maf;2025052222015002424807_rumahjalan-maf_Applicant.jpeg
bpkbdepan-maf;2025052222015002424807_bpkbdepan-maf_Applicant.jpeg
bpkbbelakang-maf;2025052222015002424807_bpkbbelakang-maf_Applicant.jpeg
stnkpajak-maf;2025052222015002424807_stnkpajak-maf_Applicant.jpeg
unitdepankanan-maf;2025052222015002424807_unitdepankanan-maf_Applicant.jpeg
unitdepankiri-maf;2025052222015002424807_unitdepankiri-maf_Applicant.jpeg
salaryslip-maf;2025052222015002424807_salaryslip-maf_Applicant.jpeg
nomorrumah-maf;2025052222015002424807_nomorrumah-maf_Applicant.jpeg
pbbrekening-maf;2025052222023470196704_pbbrekening-maf_Applicant.jpeg
kksuratnikah-maf;2025052222023470196704_kksuratnikah-maf_Applicant.jpeg
halamandepanbukutabungan-maf;2025052222023470196704_halamandepanbukutabungan-maf_Applicant.jpeg
fpkbelakang-maf;2025052222023470196704_fpkbelakang-maf_Applicant.jpeg
fpkdepan-maf;2025052222023470196704_fpkdepan-maf_Applicant.jpeg
tempatusahadepan-maf;2025052222023470196704_tempatusahadepan-maf_Applicant.jpeg
rumahdepan-maf;2025052222023470196704_rumahdepan-maf_Applicant.jpeg
pasanganttdcmo-maf;2025052222023470196704_pasanganttdcmo-maf_Applicant.jpeg
nasabahttdcmo-maf;2025052222023470196704_nasabahttdcmo-maf_Applicant.jpeg
allobank-maf;2025052222023470196704_allobank-maf_Applicant.jpeg
rumahjalan-maf;2025052222023470196704_rumahjalan-maf_Applicant.jpeg
bpkbdepan-maf;2025052222023470196704_bpkbdepan-maf_Applicant.jpeg
bpkbbelakang-maf;2025052222023470196704_bpkbbelakang-maf_Applicant.jpeg
stnkpajak-maf;2025052222023470196704_stnkpajak-maf_Applicant.jpeg
unitdepankanan-maf;2025052222023470196704_unitdepankanan-maf_Applicant.jpeg
unitdepankiri-maf;2025052222023470196704_unitdepankiri-maf_Applicant.jpeg
salaryslip-maf;2025052222023470196704_salaryslip-maf_Applicant.jpeg
nomorrumah-maf;2025052222023470196704_nomorrumah-maf_Applicant.jpeg
dalamrumah-maf;2025052222023470196704_dalamrumah-maf_Applicant.jpeg
buktipenghasilanusaha-maf;2025052222023470196704_buktipenghasilanusaha-maf_Applicant.jpeg
perizinanusaha-maf;2025052222023470196704_perizinanusaha-maf_Applicant.jpeg
buktikepemilikanusaha-maf;2025052222023470196704_buktikepemilikanusaha-maf_Applicant.jpeg
rangkanomesin-maf;2025052222023470196704_rangkanomesin-maf_Applicant.jpeg
salaryslip-maf;2025052222018031821113_salaryslip-maf_Applicant.jpeg
nomorrumah-maf;2025052222018031821113_nomorrumah-maf_Applicant.jpeg
dalamrumah-maf;2025052222018031821113_dalamrumah-maf_Applicant.jpeg
rangkanomesin-maf;2025052222018031821113_rangkanomesin-maf_Applicant.jpeg
pbbrekening-maf;2025052222018031821113_pbbrekening-maf_Applicant.jpeg
kksuratnikah-maf;2025052222018031821113_kksuratnikah-maf_Applicant.jpeg
halamandepanbukutabungan-maf;2025052222018031821113_halamandepanbukutabungan-maf_Applicant.jpeg
fpkbelakang-maf;2025052222018031821113_fpkbelakang-maf_Applicant.jpeg
fpkdepan-maf;2025052222018031821113_fpkdepan-maf_Applicant.jpeg
tempatusahadepan-maf;2025052222018031821113_tempatusahadepan-maf_Applicant.jpeg
rumahdepan-maf;2025052222018031821113_rumahdepan-maf_Applicant.jpeg
pasanganttdcmo-maf;2025052222018031821113_pasanganttdcmo-maf_Applicant.jpeg
nasabahttdcmo-maf;2025052222018031821113_nasabahttdcmo-maf_Applicant.jpeg
allobank-maf;2025052222018031821113_allobank-maf_Applicant.jpeg
rumahjalan-maf;2025052222018031821113_rumahjalan-maf_Applicant.jpeg
bpkbdepan-maf;2025052222018031821113_bpkbdepan-maf_Applicant.jpeg
bpkbbelakang-maf;2025052222018031821113_bpkbbelakang-maf_Applicant.jpeg
stnkpajak-maf;2025052222018031821113_stnkpajak-maf_Applicant.jpeg
unitdepankanan-maf;2025052222018031821113_unitdepankanan-maf_Applicant.jpeg
unitdepankiri-maf;2025052222018031821113_unitdepankiri-maf_Applicant.jpeg
pbbrekening-maf;2025052222023503033998_pbbrekening-maf_Applicant.jpeg
kksuratnikah-maf;2025052222023503033998_kksuratnikah-maf_Applicant.jpeg
halamandepanbukutabungan-maf;2025052222023503033998_halamandepanbukutabungan-maf_Applicant.jpeg
fpkbelakang-maf;2025052222023503033998_fpkbelakang-maf_Applicant.jpeg
fpkdepan-maf;2025052222023503033998_fpkdepan-maf_Applicant.jpeg
tempatusahadepan-maf;2025052222023503033998_tempatusahadepan-maf_Applicant.jpeg
rumahdepan-maf;2025052222023503033998_rumahdepan-maf_Applicant.jpeg
pasanganttdcmo-maf;2025052222023503033998_pasanganttdcmo-maf_Applicant.jpeg
nasabahttdcmo-maf;2025052222023503033998_nasabahttdcmo-maf_Applicant.jpeg
allobank-maf;2025052222023503033998_allobank-maf_Applicant.jpeg
rumahjalan-maf;2025052222023503033998_rumahjalan-maf_Applicant.jpeg
bpkbdepan-maf;2025052222023503033998_bpkbdepan-maf_Applicant.jpeg
bpkbbelakang-maf;2025052222023503033998_bpkbbelakang-maf_Applicant.jpeg
stnkpajak-maf;2025052222023503033998_stnkpajak-maf_Applicant.jpeg
unitdepankanan-maf;2025052222023503033998_unitdepankanan-maf_Applicant.jpeg
unitdepankiri-maf;2025052222023503033998_unitdepankiri-maf_Applicant.jpeg
salaryslip-maf;2025052222023503033998_salaryslip-maf_Applicant.jpeg
nomorrumah-maf;2025052222023503033998_nomorrumah-maf_Applicant.jpeg
dalamrumah-maf;2025052222023503033998_dalamrumah-maf_Applicant.jpeg
rangkanomesin-maf;2025052222023503033998_rangkanomesin-maf_Applicant.jpeg
pbbrekening-maf;2025052122024150393671_pbbrekening-maf_Applicant.jpeg
kksuratnikah-maf;2025052122024150393671_kksuratnikah-maf_Applicant.jpeg
halamandepanbukutabungan-maf;2025052122024150393671_halamandepanbukutabungan-maf_Applicant.jpeg
fpkbelakang-maf;2025052122024150393671_fpkbelakang-maf_Applicant.jpeg
fpkdepan-maf;2025052122024150393671_fpkdepan-maf_Applicant.jpeg
pbbrekening-maf;2025052222022195864343_pbbrekening-maf_Applicant.jpeg
kksuratnikah-maf;2025052222022195864343_kksuratnikah-maf_Applicant.jpeg
halamandepanbukutabungan-maf;2025052222022195864343_halamandepanbukutabungan-maf_Applicant.jpeg
fpkbelakang-maf;2025052222022195864343_fpkbelakang-maf_Applicant.jpeg
fpkdepan-maf;2025052222022195864343_fpkdepan-maf_Applicant.jpeg
tempatusahadepan-maf;2025052222022195864343_tempatusahadepan-maf_Applicant.jpeg
tempatusahadepan-maf;2025052122024150393671_tempatusahadepan-maf_Applicant.jpeg
rumahdepan-maf;2025052122024150393671_rumahdepan-maf_Applicant.jpeg
pasanganttdcmo-maf;2025052122024150393671_pasanganttdcmo-maf_Applicant.jpeg
nasabahttdcmo-maf;2025052122024150393671_nasabahttdcmo-maf_Applicant.jpeg
allobank-maf;2025052122024150393671_allobank-maf_Applicant.jpeg
rumahjalan-maf;2025052122024150393671_rumahjalan-maf_Applicant.jpeg
bpkbdepan-maf;2025052122024150393671_bpkbdepan-maf_Applicant.jpeg
bpkbbelakang-maf;2025052122024150393671_bpkbbelakang-maf_Applicant.jpeg
stnkpajak-maf;2025052122024150393671_stnkpajak-maf_Applicant.jpeg
unitdepankanan-maf;2025052122024150393671_unitdepankanan-maf_Applicant.jpeg
unitdepankiri-maf;2025052122024150393671_unitdepankiri-maf_Applicant.jpeg
salaryslip-maf;2025052122024150393671_salaryslip-maf_Applicant.jpeg
nomorrumah-maf;2025052122024150393671_nomorrumah-maf_Applicant.jpeg
dalamrumah-maf;2025052122024150393671_dalamrumah-maf_Applicant.jpeg
buktipenghasilanusaha-maf;2025052122024150393671_buktipenghasilanusaha-maf_Applicant.jpeg
perizinanusaha-maf;2025052122024150393671_perizinanusaha-maf_Applicant.jpeg
buktikepemilikanusaha-maf;2025052122024150393671_buktikepemilikanusaha-maf_Applicant.jpeg
rangkanomesin-maf;2025052122024150393671_rangkanomesin-maf_Applicant.jpeg
rangkanomesin-maf;2025052222022195864343_rangkanomesin-maf_Applicant.jpeg
rumahdepan-maf;2025052222022195864343_rumahdepan-maf_Applicant.jpeg
pasanganttdcmo-maf;2025052222022195864343_pasanganttdcmo-maf_Applicant.jpeg
nasabahttdcmo-maf;2025052222022195864343_nasabahttdcmo-maf_Applicant.jpeg
allobank-maf;2025052222022195864343_allobank-maf_Applicant.jpeg
rumahjalan-maf;2025052222022195864343_rumahjalan-maf_Applicant.jpeg
bpkbdepan-maf;2025052222022195864343_bpkbdepan-maf_Applicant.jpeg
bpkbbelakang-maf;2025052222022195864343_bpkbbelakang-maf_Applicant.jpeg
stnkpajak-maf;2025052222022195864343_stnkpajak-maf_Applicant.jpeg
unitdepankanan-maf;2025052222022195864343_unitdepankanan-maf_Applicant.jpeg
unitdepankiri-maf;2025052222022195864343_unitdepankiri-maf_Applicant.jpeg
salaryslip-maf;2025052222022195864343_salaryslip-maf_Applicant.jpeg
nomorrumah-maf;2025052222022195864343_nomorrumah-maf_Applicant.jpeg
dalamrumah-maf;2025052222022195864343_dalamrumah-maf_Applicant.jpeg
buktipenghasilanusaha-maf;2025052222022195864343_buktipenghasilanusaha-maf_Applicant.jpeg
perizinanusaha-maf;2025052222022195864343_perizinanusaha-maf_Applicant.jpeg
buktikepemilikanusaha-maf;2025052222022195864343_buktikepemilikanusaha-maf_Applicant.jpeg
pbbrekening-maf;2025052222024156754797_pbbrekening-maf_Applicant.jpeg
kksuratnikah-maf;2025052222024156754797_kksuratnikah-maf_Applicant.jpeg
halamandepanbukutabungan-maf;2025052222024156754797_halamandepanbukutabungan-maf_Applicant.jpeg
fpkbelakang-maf;2025052222024156754797_fpkbelakang-maf_Applicant.jpeg
fpkdepan-maf;2025052222024156754797_fpkdepan-maf_Applicant.jpeg
tempatusahadepan-maf;2025052222024156754797_tempatusahadepan-maf_Applicant.jpeg
rumahdepan-maf;2025052222024156754797_rumahdepan-maf_Applicant.jpeg
pasanganttdcmo-maf;2025052222024156754797_pasanganttdcmo-maf_Applicant.jpeg
nasabahttdcmo-maf;2025052222024156754797_nasabahttdcmo-maf_Applicant.jpeg
allobank-maf;2025052222024156754797_allobank-maf_Applicant.jpeg
rumahjalan-maf;2025052222024156754797_rumahjalan-maf_Applicant.jpeg
bpkbdepan-maf;2025052222024156754797_bpkbdepan-maf_Applicant.jpeg
bpkbbelakang-maf;2025052222024156754797_bpkbbelakang-maf_Applicant.jpeg
stnkpajak-maf;2025052222024156754797_stnkpajak-maf_Applicant.jpeg
unitdepankanan-maf;2025052222024156754797_unitdepankanan-maf_Applicant.jpeg
unitdepankiri-maf;2025052222024156754797_unitdepankiri-maf_Applicant.jpeg
salaryslip-maf;2025052222024156754797_salaryslip-maf_Applicant.jpeg
nomorrumah-maf;2025052222024156754797_nomorrumah-maf_Applicant.jpeg
dalamrumah-maf;2025052222024156754797_dalamrumah-maf_Applicant.jpeg
rangkanomesin-maf;2025052222024156754797_rangkanomesin-maf_Applicant.jpeg
pbbrekening-maf;2025052222015002489966_pbbrekening-maf_Applicant.jpeg
kksuratnikah-maf;2025052222015002489966_kksuratnikah-maf_Applicant.jpeg
halamandepanbukutabungan-maf;2025052222015002489966_halamandepanbukutabungan-maf_Applicant.jpeg
fpkbelakang-maf;2025052222015002489966_fpkbelakang-maf_Applicant.jpeg
fpkdepan-maf;2025052222015002489966_fpkdepan-maf_Applicant.jpeg
tempatusahadepan-maf;2025052222015002489966_tempatusahadepan-maf_Applicant.jpeg
rumahdepan-maf;2025052222015002489966_rumahdepan-maf_Applicant.jpeg
pasanganttdcmo-maf;2025052222015002489966_pasanganttdcmo-maf_Applicant.jpeg
nasabahttdcmo-maf;2025052222015002489966_nasabahttdcmo-maf_Applicant.jpeg
allobank-maf;2025052222015002489966_allobank-maf_Applicant.jpeg
rumahjalan-maf;2025052222015002489966_rumahjalan-maf_Applicant.jpeg
bpkbdepan-maf;2025052222015002489966_bpkbdepan-maf_Applicant.jpeg
bpkbbelakang-maf;2025052222015002489966_bpkbbelakang-maf_Applicant.jpeg
stnkpajak-maf;2025052222015002489966_stnkpajak-maf_Applicant.jpeg
unitdepankanan-maf;2025052222015002489966_unitdepankanan-maf_Applicant.jpeg
unitdepankiri-maf;2025052222015002489966_unitdepankiri-maf_Applicant.jpeg
salaryslip-maf;2025052222015002489966_salaryslip-maf_Applicant.jpeg
nomorrumah-maf;2025052222015002489966_nomorrumah-maf_Applicant.jpeg
dalamrumah-maf;2025052222015002489966_dalamrumah-maf_Applicant.jpeg
buktipenghasilanusaha-maf;2025052222015002489966_buktipenghasilanusaha-maf_Applicant.jpeg
perizinanusaha-maf;2025052222015002489966_perizinanusaha-maf_Applicant.jpeg
buktikepemilikanusaha-maf;2025052222015002489966_buktikepemilikanusaha-maf_Applicant.jpeg
nasabahttdcmo-maf;2025052122023156222665_nasabahttdcmo-maf_Applicant.jpeg
allobank-maf;2025052122023156222665_allobank-maf_Applicant.jpeg
rumahjalan-maf;2025052122023156222665_rumahjalan-maf_Applicant.jpeg
bpkbdepan-maf;2025052122023156222665_bpkbdepan-maf_Applicant.jpeg
bpkbbelakang-maf;2025052122023156222665_bpkbbelakang-maf_Applicant.jpeg
stnkpajak-maf;2025052122023156222665_stnkpajak-maf_Applicant.jpeg
unitdepankanan-maf;2025052122023156222665_unitdepankanan-maf_Applicant.jpeg
unitdepankiri-maf;2025052122023156222665_unitdepankiri-maf_Applicant.jpeg
salaryslip-maf;2025052122023156222665_salaryslip-maf_Applicant.jpeg
nomorrumah-maf;2025052122023156222665_nomorrumah-maf_Applicant.jpeg
dalamrumah-maf;2025052122023156222665_dalamrumah-maf_Applicant.jpeg
rangkanomesin-maf;2025052122023156222665_rangkanomesin-maf_Applicant.jpeg
halamandepanbukutabungan-maf;2025052222023267332354_halamandepanbukutabungan-maf_Applicant.jpeg
fpkbelakang-maf;2025052222023267332354_fpkbelakang-maf_Applicant.jpeg
fpkdepan-maf;2025052222023267332354_fpkdepan-maf_Applicant.jpeg
tempatusahadepan-maf;2025052222023267332354_tempatusahadepan-maf_Applicant.jpeg
rumahdepan-maf;2025052222023267332354_rumahdepan-maf_Applicant.jpeg
pasanganttdcmo-maf;2025052222023267332354_pasanganttdcmo-maf_Applicant.jpeg
nasabahttdcmo-maf;2025052222023267332354_nasabahttdcmo-maf_Applicant.jpeg
allobank-maf;2025052222023267332354_allobank-maf_Applicant.jpeg
rumahjalan-maf;2025052222023267332354_rumahjalan-maf_Applicant.jpeg
bpkbdepan-maf;2025052222023267332354_bpkbdepan-maf_Applicant.jpeg
bpkbbelakang-maf;2025052222023267332354_bpkbbelakang-maf_Applicant.jpeg
stnkpajak-maf;2025052222023267332354_stnkpajak-maf_Applicant.jpeg
unitdepankanan-maf;2025052222023267332354_unitdepankanan-maf_Applicant.jpeg
unitdepankiri-maf;2025052222023267332354_unitdepankiri-maf_Applicant.jpeg
salaryslip-maf;2025052222023267332354_salaryslip-maf_Applicant.jpeg
nomorrumah-maf;2025052222023267332354_nomorrumah-maf_Applicant.jpeg
dalamrumah-maf;2025052222023267332354_dalamrumah-maf_Applicant.jpeg
rangkanomesin-maf;2025052222023267332354_rangkanomesin-maf_Applicant.jpeg
pbbrekening-maf;2025052222015002424807_pbbrekening-maf_Applicant.jpeg
kksuratnikah-maf;2025052222015002424807_kksuratnikah-maf_Applicant.jpeg
halamandepanbukutabungan-maf;2025052222015002424807_halamandepanbukutabungan-maf_Applicant.jpeg
dalamrumah-maf;2025052222015002424807_dalamrumah-maf_Applicant.jpeg
rangkanomesin-maf;2025052222015002424807_rangkanomesin-maf_Applicant.jpeg
pbbrekening-maf;2025052222022744277250_pbbrekening-maf_Applicant.jpeg
kksuratnikah-maf;2025052222022744277250_kksuratnikah-maf_Applicant.jpeg
halamandepanbukutabungan-maf;2025052222022744277250_halamandepanbukutabungan-maf_Applicant.jpeg
fpkbelakang-maf;2025052222022744277250_fpkbelakang-maf_Applicant.jpeg
fpkdepan-maf;2025052222022744277250_fpkdepan-maf_Applicant.jpeg
tempatusahadepan-maf;2025052222022744277250_tempatusahadepan-maf_Applicant.jpeg
rumahdepan-maf;2025052222022744277250_rumahdepan-maf_Applicant.jpeg
pasanganttdcmo-maf;2025052222022744277250_pasanganttdcmo-maf_Applicant.jpeg
nasabahttdcmo-maf;2025052222022744277250_nasabahttdcmo-maf_Applicant.jpeg
allobank-maf;2025052222022744277250_allobank-maf_Applicant.jpeg
rumahjalan-maf;2025052222022744277250_rumahjalan-maf_Applicant.jpeg
salaryslip-maf;2025052222022744277250_salaryslip-maf_Applicant.jpeg
nomorrumah-maf;2025052222022744277250_nomorrumah-maf_Applicant.jpeg
dalamrumah-maf;2025052222022744277250_dalamrumah-maf_Applicant.jpeg
pricelist-maf;2025052222022744277250_pricelist-maf_Applicant.jpeg
pbbrekening-maf;2025052222023267332354_pbbrekening-maf_Applicant.jpeg
kksuratnikah-maf;2025052222023267332354_kksuratnikah-maf_Applicant.jpeg
pricelist-maf;2025052222023061019364_pricelist-maf_Applicant.jpeg
buktipenghasilanusaha-maf;2025052222023061019364_buktipenghasilanusaha-maf_Applicant.jpeg
perizinanusaha-maf;2025052222023061019364_perizinanusaha-maf_Applicant.jpeg
buktikepemilikanusaha-maf;2025052222023061019364_buktikepemilikanusaha-maf_Applicant.jpeg
pbbrekening-maf;2025052122024359670852_pbbrekening-maf_Applicant.jpeg
kksuratnikah-maf;2025052122024359670852_kksuratnikah-maf_Applicant.jpeg
halamandepanbukutabungan-maf;2025052122024359670852_halamandepanbukutabungan-maf_Applicant.jpeg
fpkbelakang-maf;2025052122024359670852_fpkbelakang-maf_Applicant.jpeg
fpkdepan-maf;2025052122024359670852_fpkdepan-maf_Applicant.jpeg
tempatusahadepan-maf;2025052122024359670852_tempatusahadepan-maf_Applicant.jpeg
rumahdepan-maf;2025052122024359670852_rumahdepan-maf_Applicant.jpeg
pasanganttdcmo-maf;2025052122024359670852_pasanganttdcmo-maf_Applicant.jpeg
nasabahttdcmo-maf;2025052122024359670852_nasabahttdcmo-maf_Applicant.jpeg
allobank-maf;2025052122024359670852_allobank-maf_Applicant.jpeg
rumahjalan-maf;2025052122024359670852_rumahjalan-maf_Applicant.jpeg
bpkbdepan-maf;2025052122024359670852_bpkbdepan-maf_Applicant.jpeg
bpkbbelakang-maf;2025052122024359670852_bpkbbelakang-maf_Applicant.jpeg
stnkpajak-maf;2025052122024359670852_stnkpajak-maf_Applicant.jpeg
pbbrekening-maf;2025052222024130984586_pbbrekening-maf_Applicant.jpeg
kksuratnikah-maf;2025052222024130984586_kksuratnikah-maf_Applicant.jpeg
halamandepanbukutabungan-maf;2025052222024130984586_halamandepanbukutabungan-maf_Applicant.jpeg
fpkbelakang-maf;2025052222024130984586_fpkbelakang-maf_Applicant.jpeg
fpkdepan-maf;2025052222024130984586_fpkdepan-maf_Applicant.jpeg
tempatusahadepan-maf;2025052222024130984586_tempatusahadepan-maf_Applicant.jpeg
rumahdepan-maf;2025052222024130984586_rumahdepan-maf_Applicant.jpeg
pasanganttdcmo-maf;2025052222024130984586_pasanganttdcmo-maf_Applicant.jpeg
nasabahttdcmo-maf;2025052222024130984586_nasabahttdcmo-maf_Applicant.jpeg
allobank-maf;2025052222024130984586_allobank-maf_Applicant.jpeg
rumahjalan-maf;2025052222024130984586_rumahjalan-maf_Applicant.jpeg
salaryslip-maf;2025052222024130984586_salaryslip-maf_Applicant.jpeg
nomorrumah-maf;2025052222024130984586_nomorrumah-maf_Applicant.jpeg
dalamrumah-maf;2025052222024130984586_dalamrumah-maf_Applicant.jpeg
pricelist-maf;2025052222024130984586_pricelist-maf_Applicant.png
pbbrekening-maf;2025052022024229052012_pbbrekening-maf_Applicant.jpeg
kksuratnikah-maf;2025052022024229052012_kksuratnikah-maf_Applicant.jpeg
halamandepanbukutabungan-maf;2025052022024229052012_halamandepanbukutabungan-maf_Applicant.jpeg
fpkbelakang-maf;2025052022024229052012_fpkbelakang-maf_Applicant.jpeg
fpkdepan-maf;2025052022024229052012_fpkdepan-maf_Applicant.jpeg
tempatusahadepan-maf;2025052022024229052012_tempatusahadepan-maf_Applicant.jpeg
rumahdepan-maf;2025052022024229052012_rumahdepan-maf_Applicant.jpeg
pasanganttdcmo-maf;2025052022024229052012_pasanganttdcmo-maf_Applicant.jpeg
nasabahttdcmo-maf;2025052022024229052012_nasabahttdcmo-maf_Applicant.jpeg
allobank-maf;2025052022024229052012_allobank-maf_Applicant.jpeg
rumahjalan-maf;2025052022024229052012_rumahjalan-maf_Applicant.jpeg
bpkbdepan-maf;2025052022024229052012_bpkbdepan-maf_Applicant.jpeg
bpkbbelakang-maf;2025052022024229052012_bpkbbelakang-maf_Applicant.jpeg
stnkpajak-maf;2025052022024229052012_stnkpajak-maf_Applicant.jpeg
unitdepankanan-maf;2025052022024229052012_unitdepankanan-maf_Applicant.jpeg
unitdepankiri-maf;2025052022024229052012_unitdepankiri-maf_Applicant.jpeg
salaryslip-maf;2025052022024229052012_salaryslip-maf_Applicant.jpeg
nomorrumah-maf;2025052022024229052012_nomorrumah-maf_Applicant.jpeg
dalamrumah-maf;2025052022024229052012_dalamrumah-maf_Applicant.jpeg
rangkanomesin-maf;2025052022024229052012_rangkanomesin-maf_Applicant.jpeg
pbbrekening-maf;2025052222023197967893_pbbrekening-maf_Applicant.jpeg
kksuratnikah-maf;2025052222023197967893_kksuratnikah-maf_Applicant.jpeg
halamandepanbukutabungan-maf;2025052222023197967893_halamandepanbukutabungan-maf_Applicant.jpeg
fpkbelakang-maf;2025052222023197967893_fpkbelakang-maf_Applicant.jpeg
fpkdepan-maf;2025052222023197967893_fpkdepan-maf_Applicant.jpeg
tempatusahadepan-maf;2025052222023197967893_tempatusahadepan-maf_Applicant.jpeg
rumahdepan-maf;2025052222023197967893_rumahdepan-maf_Applicant.jpeg
pasanganttdcmo-maf;2025052222023197967893_pasanganttdcmo-maf_Applicant.jpeg
nasabahttdcmo-maf;2025052222023197967893_nasabahttdcmo-maf_Applicant.jpeg
allobank-maf;2025052222023197967893_allobank-maf_Applicant.jpeg
rumahjalan-maf;2025052222023197967893_rumahjalan-maf_Applicant.jpeg
bpkbdepan-maf;2025052222023197967893_bpkbdepan-maf_Applicant.jpeg
bpkbbelakang-maf;2025052222023197967893_bpkbbelakang-maf_Applicant.jpeg
stnkpajak-maf;2025052222023197967893_stnkpajak-maf_Applicant.jpeg
unitdepankanan-maf;2025052222023197967893_unitdepankanan-maf_Applicant.jpeg
pbbrekening-maf;2025052222022162930337_pbbrekening-maf_Applicant.jpeg
kksuratnikah-maf;2025052222022162930337_kksuratnikah-maf_Applicant.jpeg
halamandepanbukutabungan-maf;2025052222022162930337_halamandepanbukutabungan-maf_Applicant.jpeg
fpkbelakang-maf;2025052222022162930337_fpkbelakang-maf_Applicant.jpeg
fpkdepan-maf;2025052222022162930337_fpkdepan-maf_Applicant.jpeg
tempatusahadepan-maf;2025052222022162930337_tempatusahadepan-maf_Applicant.jpeg
rumahdepan-maf;2025052222022162930337_rumahdepan-maf_Applicant.jpeg
pasanganttdcmo-maf;2025052222022162930337_pasanganttdcmo-maf_Applicant.jpeg
nasabahttdcmo-maf;2025052222022162930337_nasabahttdcmo-maf_Applicant.jpeg
allobank-maf;2025052222022162930337_allobank-maf_Applicant.jpeg
rumahjalan-maf;2025052222022162930337_rumahjalan-maf_Applicant.jpeg
bpkbdepan-maf;2025052222022162930337_bpkbdepan-maf_Applicant.jpeg
bpkbbelakang-maf;2025052222022162930337_bpkbbelakang-maf_Applicant.jpeg
stnkpajak-maf;2025052222022162930337_stnkpajak-maf_Applicant.jpeg
unitdepankanan-maf;2025052222022162930337_unitdepankanan-maf_Applicant.jpeg
unitdepankiri-maf;2025052222022162930337_unitdepankiri-maf_Applicant.jpeg
salaryslip-maf;2025052222022162930337_salaryslip-maf_Applicant.jpeg
nomorrumah-maf;2025052222022162930337_nomorrumah-maf_Applicant.jpeg
dalamrumah-maf;2025052222022162930337_dalamrumah-maf_Applicant.jpeg
buktipenghasilanusaha-maf;2025052222022162930337_buktipenghasilanusaha-maf_Applicant.jpeg
perizinanusaha-maf;2025052222022162930337_perizinanusaha-maf_Applicant.jpeg
buktikepemilikanusaha-maf;2025052222022162930337_buktikepemilikanusaha-maf_Applicant.jpeg
rangkanomesin-maf;2025052222022162930337_rangkanomesin-maf_Applicant.jpeg
pbbrekening-maf;2025052222024511929213_pbbrekening-maf_Applicant.jpeg
kksuratnikah-maf;2025052222024511929213_kksuratnikah-maf_Applicant.jpeg
halamandepanbukutabungan-maf;2025052222024511929213_halamandepanbukutabungan-maf_Applicant.jpeg
fpkbelakang-maf;2025052222024511929213_fpkbelakang-maf_Applicant.jpeg
fpkdepan-maf;2025052222024511929213_fpkdepan-maf_Applicant.jpeg
tempatusahadepan-maf;2025052222024511929213_tempatusahadepan-maf_Applicant.jpeg
rumahdepan-maf;2025052222024511929213_rumahdepan-maf_Applicant.jpeg
pasanganttdcmo-maf;2025052222024511929213_pasanganttdcmo-maf_Applicant.jpeg
halamandepanbukutabungan-maf;2025052222023503068976_halamandepanbukutabungan-maf_Applicant.jpeg
fpkbelakang-maf;2025052222023503068976_fpkbelakang-maf_Applicant.jpeg
fpkdepan-maf;2025052222023503068976_fpkdepan-maf_Applicant.jpeg
tempatusahadepan-maf;2025052222023503068976_tempatusahadepan-maf_Applicant.jpeg
rumahdepan-maf;2025052222023503068976_rumahdepan-maf_Applicant.jpeg
pasanganttdcmo-maf;2025052222023503068976_pasanganttdcmo-maf_Applicant.jpeg
nasabahttdcmo-maf;2025052222023503068976_nasabahttdcmo-maf_Applicant.jpeg
allobank-maf;2025052222023503068976_allobank-maf_Applicant.jpeg
rumahjalan-maf;2025052222023503068976_rumahjalan-maf_Applicant.jpeg
bpkbdepan-maf;2025052222023503068976_bpkbdepan-maf_Applicant.jpeg
bpkbbelakang-maf;2025052222023503068976_bpkbbelakang-maf_Applicant.jpeg
stnkpajak-maf;2025052222023503068976_stnkpajak-maf_Applicant.jpeg
unitdepankanan-maf;2025052222023503068976_unitdepankanan-maf_Applicant.jpeg
unitdepankiri-maf;2025052222023503068976_unitdepankiri-maf_Applicant.jpeg
salaryslip-maf;2025052222023503068976_salaryslip-maf_Applicant.jpeg
nomorrumah-maf;2025052222023503068976_nomorrumah-maf_Applicant.jpeg
dalamrumah-maf;2025052222023503068976_dalamrumah-maf_Applicant.jpeg
buktipenghasilanusaha-maf;2025052222023503068976_buktipenghasilanusaha-maf_Applicant.jpeg
perizinanusaha-maf;2025052222023503068976_perizinanusaha-maf_Applicant.jpeg
buktikepemilikanusaha-maf;2025052222023503068976_buktikepemilikanusaha-maf_Applicant.jpeg
rangkanomesin-maf;2025052222023503068976_rangkanomesin-maf_Applicant.jpeg
nasabahttdcmo-maf;2025052222024511929213_nasabahttdcmo-maf_Applicant.jpeg
allobank-maf;2025052222024511929213_allobank-maf_Applicant.jpeg
rumahjalan-maf;2025052222024511929213_rumahjalan-maf_Applicant.jpeg
bpkbdepan-maf;2025052222024511929213_bpkbdepan-maf_Applicant.jpeg
bpkbbelakang-maf;2025052222024511929213_bpkbbelakang-maf_Applicant.jpeg
stnkpajak-maf;2025052222024511929213_stnkpajak-maf_Applicant.jpeg
unitdepankanan-maf;2025052222024511929213_unitdepankanan-maf_Applicant.jpeg
unitdepankiri-maf;2025052222024511929213_unitdepankiri-maf_Applicant.jpeg
salaryslip-maf;2025052222024511929213_salaryslip-maf_Applicant.jpeg
nomorrumah-maf;2025052222024511929213_nomorrumah-maf_Applicant.jpeg
dalamrumah-maf;2025052222024511929213_dalamrumah-maf_Applicant.jpeg
buktipenghasilanusaha-maf;2025052222024511929213_buktipenghasilanusaha-maf_Applicant.jpeg
perizinanusaha-maf;2025052222024511929213_perizinanusaha-maf_Applicant.jpeg
buktikepemilikanusaha-maf;2025052222024511929213_buktikepemilikanusaha-maf_Applicant.jpeg
rangkanomesin-maf;2025052222024511929213_rangkanomesin-maf_Applicant.jpeg
pbbrekening-maf;2025052222023503068976_pbbrekening-maf_Applicant.jpeg
kksuratnikah-maf;2025052222023503068976_kksuratnikah-maf_Applicant.jpeg
pbbrekening-maf;2025052222024252619616_pbbrekening-maf_Applicant.jpeg
kksuratnikah-maf;2025052222024252619616_kksuratnikah-maf_Applicant.jpeg
halamandepanbukutabungan-maf;2025052222024252619616_halamandepanbukutabungan-maf_Applicant.jpeg
fpkbelakang-maf;2025052222024252619616_fpkbelakang-maf_Applicant.jpeg
fpkdepan-maf;2025052222024252619616_fpkdepan-maf_Applicant.jpeg
tempatusahadepan-maf;2025052222024252619616_tempatusahadepan-maf_Applicant.jpeg
rumahdepan-maf;2025052222024252619616_rumahdepan-maf_Applicant.jpeg
pasanganttdcmo-maf;2025052222024252619616_pasanganttdcmo-maf_Applicant.jpeg
nasabahttdcmo-maf;2025052222024252619616_nasabahttdcmo-maf_Applicant.jpeg
allobank-maf;2025052222024252619616_allobank-maf_Applicant.jpeg
rumahjalan-maf;2025052222024252619616_rumahjalan-maf_Applicant.jpeg
bpkbdepan-maf;2025052222024252619616_bpkbdepan-maf_Applicant.jpeg
bpkbbelakang-maf;2025052222024252619616_bpkbbelakang-maf_Applicant.jpeg
stnkpajak-maf;2025052222024252619616_stnkpajak-maf_Applicant.jpeg
unitdepankanan-maf;2025052222024252619616_unitdepankanan-maf_Applicant.jpeg
unitdepankiri-maf;2025052222024252619616_unitdepankiri-maf_Applicant.jpeg
salaryslip-maf;2025052222024252619616_salaryslip-maf_Applicant.jpeg
nomorrumah-maf;2025052222024252619616_nomorrumah-maf_Applicant.jpeg
dalamrumah-maf;2025052222024252619616_dalamrumah-maf_Applicant.jpeg
rangkanomesin-maf;2025052222024252619616_rangkanomesin-maf_Applicant.jpeg
pbbrekening-maf;2025052222024456167309_pbbrekening-maf_Applicant.jpeg
kksuratnikah-maf;2025052222024456167309_kksuratnikah-maf_Applicant.jpeg
halamandepanbukutabungan-maf;2025052222024456167309_halamandepanbukutabungan-maf_Applicant.jpeg
fpkbelakang-maf;2025052222024456167309_fpkbelakang-maf_Applicant.jpeg
fpkdepan-maf;2025052222024456167309_fpkdepan-maf_Applicant.jpeg
tempatusahadepan-maf;2025052222024456167309_tempatusahadepan-maf_Applicant.jpeg
rumahdepan-maf;2025052222024456167309_rumahdepan-maf_Applicant.jpeg
pasanganttdcmo-maf;2025052222024456167309_pasanganttdcmo-maf_Applicant.jpeg
nasabahttdcmo-maf;2025052222024456167309_nasabahttdcmo-maf_Applicant.jpeg
allobank-maf;2025052222024456167309_allobank-maf_Applicant.jpeg
rumahjalan-maf;2025052222024456167309_rumahjalan-maf_Applicant.jpeg
bpkbdepan-maf;2025052222024456167309_bpkbdepan-maf_Applicant.jpeg
bpkbbelakang-maf;2025052222024456167309_bpkbbelakang-maf_Applicant.jpeg
stnkpajak-maf;2025052222024456167309_stnkpajak-maf_Applicant.jpeg
unitdepankanan-maf;2025052222024456167309_unitdepankanan-maf_Applicant.jpeg
unitdepankiri-maf;2025052222024456167309_unitdepankiri-maf_Applicant.jpeg
salaryslip-maf;2025052222024456167309_salaryslip-maf_Applicant.jpeg
nomorrumah-maf;2025052222024456167309_nomorrumah-maf_Applicant.jpeg
dalamrumah-maf;2025052222024456167309_dalamrumah-maf_Applicant.jpeg
rangkanomesin-maf;2025052222024456167309_rangkanomesin-maf_Applicant.jpeg
pbbrekening-maf;2025052222021332444585_pbbrekening-maf_Applicant.jpeg
kksuratnikah-maf;2025052222021332444585_kksuratnikah-maf_Applicant.jpeg
halamandepanbukutabungan-maf;2025052222021332444585_halamandepanbukutabungan-maf_Applicant.jpeg
fpkbelakang-maf;2025052222021332444585_fpkbelakang-maf_Applicant.jpeg
fpkdepan-maf;2025052222021332444585_fpkdepan-maf_Applicant.jpeg
tempatusahadepan-maf;2025052222021332444585_tempatusahadepan-maf_Applicant.jpeg
rumahdepan-maf;2025052222021332444585_rumahdepan-maf_Applicant.jpeg
pasanganttdcmo-maf;2025052222021332444585_pasanganttdcmo-maf_Applicant.jpeg
nasabahttdcmo-maf;2025052222021332444585_nasabahttdcmo-maf_Applicant.jpeg
allobank-maf;2025052222021332444585_allobank-maf_Applicant.jpeg
rumahjalan-maf;2025052222021332444585_rumahjalan-maf_Applicant.jpeg
bpkbdepan-maf;2025052222021332444585_bpkbdepan-maf_Applicant.jpeg
bpkbbelakang-maf;2025052222021332444585_bpkbbelakang-maf_Applicant.jpeg
stnkpajak-maf;2025052222021332444585_stnkpajak-maf_Applicant.jpeg
unitdepankanan-maf;2025052222021332444585_unitdepankanan-maf_Applicant.jpeg
unitdepankiri-maf;2025052222021332444585_unitdepankiri-maf_Applicant.jpeg
salaryslip-maf;2025052222021332444585_salaryslip-maf_Applicant.jpeg
nomorrumah-maf;2025052222021332444585_nomorrumah-maf_Applicant.jpeg
dalamrumah-maf;2025052222021332444585_dalamrumah-maf_Applicant.jpeg
buktipenghasilanusaha-maf;2025052222021332444585_buktipenghasilanusaha-maf_Applicant.jpeg
perizinanusaha-maf;2025052222021332444585_perizinanusaha-maf_Applicant.jpeg
buktikepemilikanusaha-maf;2025052222021332444585_buktikepemilikanusaha-maf_Applicant.jpeg
rangkanomesin-maf;2025052222021332444585_rangkanomesin-maf_Applicant.jpeg
pbbrekening-maf;2025052222023267355454_pbbrekening-maf_Applicant.jpeg
kksuratnikah-maf;2025052222023267355454_kksuratnikah-maf_Applicant.jpeg
halamandepanbukutabungan-maf;2025052222023267355454_halamandepanbukutabungan-maf_Applicant.jpeg
fpkbelakang-maf;2025052222023267355454_fpkbelakang-maf_Applicant.jpeg
fpkdepan-maf;2025052222023267355454_fpkdepan-maf_Applicant.jpeg
tempatusahadepan-maf;2025052222023267355454_tempatusahadepan-maf_Applicant.jpeg
rumahdepan-maf;2025052222023267355454_rumahdepan-maf_Applicant.jpeg
pasanganttdcmo-maf;2025052222023267355454_pasanganttdcmo-maf_Applicant.jpeg
nasabahttdcmo-maf;2025052222023267355454_nasabahttdcmo-maf_Applicant.jpeg
allobank-maf;2025052222023267355454_allobank-maf_Applicant.jpeg
rumahjalan-maf;2025052222023267355454_rumahjalan-maf_Applicant.jpeg
bpkbdepan-maf;2025052222023267355454_bpkbdepan-maf_Applicant.jpeg
bpkbbelakang-maf;2025052222023267355454_bpkbbelakang-maf_Applicant.jpeg
stnkpajak-maf;2025052222023267355454_stnkpajak-maf_Applicant.jpeg
unitdepankanan-maf;2025052222023267355454_unitdepankanan-maf_Applicant.jpeg
unitdepankiri-maf;2025052222023267355454_unitdepankiri-maf_Applicant.jpeg
salaryslip-maf;2025052222023267355454_salaryslip-maf_Applicant.jpeg
nomorrumah-maf;2025052222023267355454_nomorrumah-maf_Applicant.jpeg
dalamrumah-maf;2025052222023267355454_dalamrumah-maf_Applicant.jpeg
rangkanomesin-maf;2025052222023267355454_rangkanomesin-maf_Applicant.jpeg
pasanganttdcmo-maf;2025052222022281627402_pasanganttdcmo-maf_Applicant.jpeg
nasabahttdcmo-maf;2025052222022281627402_nasabahttdcmo-maf_Applicant.jpeg
allobank-maf;2025052222022281627402_allobank-maf_Applicant.jpeg
rumahjalan-maf;2025052222022281627402_rumahjalan-maf_Applicant.jpeg
bpkbdepan-maf;2025052222022281627402_bpkbdepan-maf_Applicant.jpeg
bpkbbelakang-maf;2025052222022281627402_bpkbbelakang-maf_Applicant.jpeg
stnkpajak-maf;2025052222022281627402_stnkpajak-maf_Applicant.jpeg
unitdepankanan-maf;2025052222022281627402_unitdepankanan-maf_Applicant.jpeg
unitdepankiri-maf;2025052222022281627402_unitdepankiri-maf_Applicant.jpeg
salaryslip-maf;2025052222022281627402_salaryslip-maf_Applicant.jpeg
nomorrumah-maf;2025052222022281627402_nomorrumah-maf_Applicant.jpeg
dalamrumah-maf;2025052222022281627402_dalamrumah-maf_Applicant.jpeg
buktipenghasilanusaha-maf;2025052222022281627402_buktipenghasilanusaha-maf_Applicant.jpeg
perizinanusaha-maf;2025052222022281627402_perizinanusaha-maf_Applicant.jpeg
buktikepemilikanusaha-maf;2025052222022281627402_buktikepemilikanusaha-maf_Applicant.jpeg
rangkanomesin-maf;2025052222022281627402_rangkanomesin-maf_Applicant.jpeg
pbbrekening-maf;2025052222024633061044_pbbrekening-maf_Applicant.jpeg
kksuratnikah-maf;2025052222024633061044_kksuratnikah-maf_Applicant.jpeg
halamandepanbukutabungan-maf;2025052222024633061044_halamandepanbukutabungan-maf_Applicant.jpeg
fpkbelakang-maf;2025052222024633061044_fpkbelakang-maf_Applicant.jpeg
fpkdepan-maf;2025052222024633061044_fpkdepan-maf_Applicant.jpeg
tempatusahadepan-maf;2025052222024633061044_tempatusahadepan-maf_Applicant.jpeg
rumahdepan-maf;2025052222024633061044_rumahdepan-maf_Applicant.jpeg
pasanganttdcmo-maf;2025052222024633061044_pasanganttdcmo-maf_Applicant.jpeg
nasabahttdcmo-maf;2025052222024633061044_nasabahttdcmo-maf_Applicant.jpeg
allobank-maf;2025052222024633061044_allobank-maf_Applicant.jpeg
rumahjalan-maf;2025052222024633061044_rumahjalan-maf_Applicant.jpeg
salaryslip-maf;2025052222024633061044_salaryslip-maf_Applicant.jpeg
nomorrumah-maf;2025052222024633061044_nomorrumah-maf_Applicant.jpeg
dalamrumah-maf;2025052222024633061044_dalamrumah-maf_Applicant.jpeg
pricelist-maf;2025052222024633061044_pricelist-maf_Applicant.jpeg
pbbrekening-maf;2025052222022744279870_pbbrekening-maf_Applicant.jpeg
kksuratnikah-maf;2025052222022744279870_kksuratnikah-maf_Applicant.jpeg
halamandepanbukutabungan-maf;2025052222022744279870_halamandepanbukutabungan-maf_Applicant.jpeg
fpkbelakang-maf;2025052222022744279870_fpkbelakang-maf_Applicant.jpeg
fpkdepan-maf;2025052222022744279870_fpkdepan-maf_Applicant.jpeg
tempatusahadepan-maf;2025052222022744279870_tempatusahadepan-maf_Applicant.jpeg
rumahdepan-maf;2025052222022744279870_rumahdepan-maf_Applicant.jpeg
pasanganttdcmo-maf;2025052222022744279870_pasanganttdcmo-maf_Applicant.jpeg
nasabahttdcmo-maf;2025052222022744279870_nasabahttdcmo-maf_Applicant.jpeg
allobank-maf;2025052222022744279870_allobank-maf_Applicant.jpeg
rumahjalan-maf;2025052222022744279870_rumahjalan-maf_Applicant.jpeg
bpkbdepan-maf;2025052222022744279870_bpkbdepan-maf_Applicant.jpeg
bpkbbelakang-maf;2025052222022744279870_bpkbbelakang-maf_Applicant.jpeg
stnkpajak-maf;2025052222022744279870_stnkpajak-maf_Applicant.jpeg
unitdepankanan-maf;2025052222022744279870_unitdepankanan-maf_Applicant.jpeg
unitdepankiri-maf;2025052222022744279870_unitdepankiri-maf_Applicant.jpeg
salaryslip-maf;2025052222022744279870_salaryslip-maf_Applicant.jpeg
nomorrumah-maf;2025052222022744279870_nomorrumah-maf_Applicant.jpeg
dalamrumah-maf;2025052222022744279870_dalamrumah-maf_Applicant.jpeg
rangkanomesin-maf;2025052222022744279870_rangkanomesin-maf_Applicant.jpeg
pbbrekening-maf;2025052222023197953052_pbbrekening-maf_Applicant.jpeg
kksuratnikah-maf;2025052222023197953052_kksuratnikah-maf_Applicant.jpeg
halamandepanbukutabungan-maf;2025052222023197953052_halamandepanbukutabungan-maf_Applicant.jpeg
fpkbelakang-maf;2025052222023197953052_fpkbelakang-maf_Applicant.jpeg
fpkdepan-maf;2025052222023197953052_fpkdepan-maf_Applicant.jpeg
tempatusahadepan-maf;2025052222023197953052_tempatusahadepan-maf_Applicant.jpeg
rumahdepan-maf;2025052222023197953052_rumahdepan-maf_Applicant.jpeg
pasanganttdcmo-maf;2025052222023197953052_pasanganttdcmo-maf_Applicant.jpeg
nasabahttdcmo-maf;2025052222023197953052_nasabahttdcmo-maf_Applicant.jpeg
allobank-maf;2025052222023197953052_allobank-maf_Applicant.jpeg
rumahjalan-maf;2025052222023197953052_rumahjalan-maf_Applicant.jpeg
bpkbdepan-maf;2025052222023197953052_bpkbdepan-maf_Applicant.jpeg
bpkbbelakang-maf;2025052222023197953052_bpkbbelakang-maf_Applicant.jpeg
stnkpajak-maf;2025052222023197953052_stnkpajak-maf_Applicant.jpeg
unitdepankanan-maf;2025052222023197953052_unitdepankanan-maf_Applicant.jpeg
unitdepankiri-maf;2025052222023197953052_unitdepankiri-maf_Applicant.jpeg
salaryslip-maf;2025052222023197953052_salaryslip-maf_Applicant.jpeg
nomorrumah-maf;2025052222023197953052_nomorrumah-maf_Applicant.jpeg
dalamrumah-maf;2025052222023197953052_dalamrumah-maf_Applicant.jpeg
rangkanomesin-maf;2025052222023197953052_rangkanomesin-maf_Applicant.jpeg
pbbrekening-maf;2025052222024007750617_pbbrekening-maf_Applicant.jpeg
kksuratnikah-maf;2025052222024007750617_kksuratnikah-maf_Applicant.jpeg
halamandepanbukutabungan-maf;2025052222024007750617_halamandepanbukutabungan-maf_Applicant.jpeg
fpkbelakang-maf;2025052222024007750617_fpkbelakang-maf_Applicant.jpeg
fpkdepan-maf;2025052222024007750617_fpkdepan-maf_Applicant.jpeg
tempatusahadepan-maf;2025052222024007750617_tempatusahadepan-maf_Applicant.jpeg
rumahdepan-maf;2025052222024007750617_rumahdepan-maf_Applicant.jpeg
pasanganttdcmo-maf;2025052222024007750617_pasanganttdcmo-maf_Applicant.jpeg
nasabahttdcmo-maf;2025052222024007750617_nasabahttdcmo-maf_Applicant.jpeg
allobank-maf;2025052222024007750617_allobank-maf_Applicant.jpeg
rumahjalan-maf;2025052222024007750617_rumahjalan-maf_Applicant.jpeg
bpkbdepan-maf;2025052222024007750617_bpkbdepan-maf_Applicant.jpeg
bpkbbelakang-maf;2025052222024007750617_bpkbbelakang-maf_Applicant.jpeg
stnkpajak-maf;2025052222024007750617_stnkpajak-maf_Applicant.jpeg
unitdepankanan-maf;2025052222024007750617_unitdepankanan-maf_Applicant.jpeg
unitdepankiri-maf;2025052222024007750617_unitdepankiri-maf_Applicant.jpeg
salaryslip-maf;2025052222024007750617_salaryslip-maf_Applicant.jpeg
nomorrumah-maf;2025052222024007750617_nomorrumah-maf_Applicant.jpeg
dalamrumah-maf;2025052222024007750617_dalamrumah-maf_Applicant.jpeg
rangkanomesin-maf;2025052222024007750617_rangkanomesin-maf_Applicant.jpeg
pbbrekening-maf;2025052222017392043529_pbbrekening-maf_Applicant.jpeg
kksuratnikah-maf;2025052222017392043529_kksuratnikah-maf_Applicant.jpeg
halamandepanbukutabungan-maf;2025052222017392043529_halamandepanbukutabungan-maf_Applicant.jpeg
fpkbelakang-maf;2025052222017392043529_fpkbelakang-maf_Applicant.jpeg
fpkdepan-maf;2025052222017392043529_fpkdepan-maf_Applicant.jpeg
tempatusahadepan-maf;2025052222017392043529_tempatusahadepan-maf_Applicant.jpeg
rumahdepan-maf;2025052222017392043529_rumahdepan-maf_Applicant.jpeg
pasanganttdcmo-maf;2025052222017392043529_pasanganttdcmo-maf_Applicant.jpeg
nasabahttdcmo-maf;2025052222017392043529_nasabahttdcmo-maf_Applicant.jpeg
allobank-maf;2025052222017392043529_allobank-maf_Applicant.jpeg
rumahjalan-maf;2025052222017392043529_rumahjalan-maf_Applicant.jpeg
bpkbdepan-maf;2025052222017392043529_bpkbdepan-maf_Applicant.jpeg
bpkbbelakang-maf;2025052222017392043529_bpkbbelakang-maf_Applicant.jpeg
stnkpajak-maf;2025052222017392043529_stnkpajak-maf_Applicant.jpeg
unitdepankanan-maf;2025052222017392043529_unitdepankanan-maf_Applicant.jpeg
unitdepankiri-maf;2025052222017392043529_unitdepankiri-maf_Applicant.jpeg
salaryslip-maf;2025052222017392043529_salaryslip-maf_Applicant.jpeg
nomorrumah-maf;2025052222017392043529_nomorrumah-maf_Applicant.jpeg
dalamrumah-maf;2025052222017392043529_dalamrumah-maf_Applicant.jpeg
rangkanomesin-maf;2025052222017392043529_rangkanomesin-maf_Applicant.jpeg
pbbrekening-maf;2025052222024511927929_pbbrekening-maf_Applicant.jpeg
kksuratnikah-maf;2025052222024511927929_kksuratnikah-maf_Applicant.jpeg
halamandepanbukutabungan-maf;2025052222024511927929_halamandepanbukutabungan-maf_Applicant.jpeg
fpkbelakang-maf;2025052222024511927929_fpkbelakang-maf_Applicant.jpeg
fpkdepan-maf;2025052222024511927929_fpkdepan-maf_Applicant.jpeg
tempatusahadepan-maf;2025052222024511927929_tempatusahadepan-maf_Applicant.jpeg
rumahdepan-maf;2025052222024511927929_rumahdepan-maf_Applicant.jpeg
pasanganttdcmo-maf;2025052222024511927929_pasanganttdcmo-maf_Applicant.jpeg
nasabahttdcmo-maf;2025052222024511927929_nasabahttdcmo-maf_Applicant.jpeg
allobank-maf;2025052222024511927929_allobank-maf_Applicant.jpeg
rumahjalan-maf;2025052222024511927929_rumahjalan-maf_Applicant.jpeg
bpkbdepan-maf;2025052222024511927929_bpkbdepan-maf_Applicant.jpeg
bpkbbelakang-maf;2025052222024511927929_bpkbbelakang-maf_Applicant.jpeg
stnkpajak-maf;2025052222024511927929_stnkpajak-maf_Applicant.jpeg
unitdepankanan-maf;2025052222024511927929_unitdepankanan-maf_Applicant.jpeg
unitdepankiri-maf;2025052222024511927929_unitdepankiri-maf_Applicant.jpeg
salaryslip-maf;2025052222024511927929_salaryslip-maf_Applicant.jpeg
nomorrumah-maf;2025052222024511927929_nomorrumah-maf_Applicant.jpeg
dalamrumah-maf;2025052222024511927929_dalamrumah-maf_Applicant.jpeg
rangkanomesin-maf;2025052222024511927929_rangkanomesin-maf_Applicant.jpeg
pbbrekening-maf;2025052222018031830048_pbbrekening-maf_Applicant.jpeg
kksuratnikah-maf;2025052222018031830048_kksuratnikah-maf_Applicant.jpeg
halamandepanbukutabungan-maf;2025052222018031830048_halamandepanbukutabungan-maf_Applicant.jpeg
fpkbelakang-maf;2025052222018031830048_fpkbelakang-maf_Applicant.jpeg
fpkdepan-maf;2025052222018031830048_fpkdepan-maf_Applicant.jpeg
tempatusahadepan-maf;2025052222018031830048_tempatusahadepan-maf_Applicant.jpeg
rumahdepan-maf;2025052222018031830048_rumahdepan-maf_Applicant.jpeg
pasanganttdcmo-maf;2025052222018031830048_pasanganttdcmo-maf_Applicant.jpeg
nasabahttdcmo-maf;2025052222018031830048_nasabahttdcmo-maf_Applicant.jpeg
allobank-maf;2025052222018031830048_allobank-maf_Applicant.jpeg
rumahjalan-maf;2025052222018031830048_rumahjalan-maf_Applicant.jpeg
bpkbdepan-maf;2025052222018031830048_bpkbdepan-maf_Applicant.jpeg
bpkbbelakang-maf;2025052222018031830048_bpkbbelakang-maf_Applicant.jpeg
stnkpajak-maf;2025052222018031830048_stnkpajak-maf_Applicant.jpeg
unitdepankanan-maf;2025052222018031830048_unitdepankanan-maf_Applicant.jpeg
unitdepankiri-maf;2025052222018031830048_unitdepankiri-maf_Applicant.jpeg
salaryslip-maf;2025052222018031830048_salaryslip-maf_Applicant.jpeg
nomorrumah-maf;2025052222018031830048_nomorrumah-maf_Applicant.jpeg
dalamrumah-maf;2025052222018031830048_dalamrumah-maf_Applicant.jpeg
buktipenghasilanusaha-maf;2025052222018031830048_buktipenghasilanusaha-maf_Applicant.jpeg
perizinanusaha-maf;2025052222018031830048_perizinanusaha-maf_Applicant.jpeg
buktikepemilikanusaha-maf;2025052222018031830048_buktikepemilikanusaha-maf_Applicant.jpeg
rangkanomesin-maf;2025052222018031830048_rangkanomesin-maf_Applicant.jpeg
pbbrekening-maf;2025052122024633086602_pbbrekening-maf_Applicant.jpeg
kksuratnikah-maf;2025052122024633086602_kksuratnikah-maf_Applicant.jpeg
halamandepanbukutabungan-maf;2025052122024633086602_halamandepanbukutabungan-maf_Applicant.jpeg
fpkbelakang-maf;2025052122024633086602_fpkbelakang-maf_Applicant.jpeg
fpkdepan-maf;2025052122024633086602_fpkdepan-maf_Applicant.jpeg
tempatusahadepan-maf;2025052122024633086602_tempatusahadepan-maf_Applicant.jpeg
rumahdepan-maf;2025052122024633086602_rumahdepan-maf_Applicant.jpeg
pasanganttdcmo-maf;2025052122024633086602_pasanganttdcmo-maf_Applicant.jpeg
nasabahttdcmo-maf;2025052122024633086602_nasabahttdcmo-maf_Applicant.jpeg
allobank-maf;2025052122024633086602_allobank-maf_Applicant.jpeg
rumahjalan-maf;2025052122024633086602_rumahjalan-maf_Applicant.jpeg
bpkbdepan-maf;2025052122024633086602_bpkbdepan-maf_Applicant.jpeg
bpkbbelakang-maf;2025052122024633086602_bpkbbelakang-maf_Applicant.jpeg
stnkpajak-maf;2025052122024633086602_stnkpajak-maf_Applicant.jpeg
unitdepankanan-maf;2025052122024633086602_unitdepankanan-maf_Applicant.jpeg
unitdepankiri-maf;2025052122024633086602_unitdepankiri-maf_Applicant.jpeg
salaryslip-maf;2025052122024633086602_salaryslip-maf_Applicant.jpeg
nomorrumah-maf;2025052122024633086602_nomorrumah-maf_Applicant.jpeg
dalamrumah-maf;2025052122024633086602_dalamrumah-maf_Applicant.jpeg
buktipenghasilanusaha-maf;2025052122024633086602_buktipenghasilanusaha-maf_Applicant.jpeg
perizinanusaha-maf;2025052122024633086602_perizinanusaha-maf_Applicant.jpeg
buktikepemilikanusaha-maf;2025052122024633086602_buktikepemilikanusaha-maf_Applicant.jpeg
rangkanomesin-maf;2025052122024633086602_rangkanomesin-maf_Applicant.jpeg
pbbrekening-maf;2025052322024572948006_pbbrekening-maf_Applicant.jpeg
kksuratnikah-maf;2025052322024572948006_kksuratnikah-maf_Applicant.jpeg
halamandepanbukutabungan-maf;2025052322024572948006_halamandepanbukutabungan-maf_Applicant.jpeg
fpkbelakang-maf;2025052322024572948006_fpkbelakang-maf_Applicant.jpeg
fpkdepan-maf;2025052322024572948006_fpkdepan-maf_Applicant.jpeg
tempatusahadepan-maf;2025052322024572948006_tempatusahadepan-maf_Applicant.jpeg
rumahdepan-maf;2025052322024572948006_rumahdepan-maf_Applicant.jpeg
pasanganttdcmo-maf;2025052322024572948006_pasanganttdcmo-maf_Applicant.jpeg
nasabahttdcmo-maf;2025052322024572948006_nasabahttdcmo-maf_Applicant.jpeg
allobank-maf;2025052322024572948006_allobank-maf_Applicant.jpeg
dalamrumah-maf;2025052722020696839237_dalamrumah-maf_Applicant.jpeg
tempatusahadepan-maf;2025052722020696839237_tempatusahadepan-maf_Applicant.jpeg
bpkbdepan-maf;2025052722020696839237_bpkbdepan-maf_Applicant.jpeg
bpkbbelakang-maf;2025052722020696839237_bpkbbelakang-maf_Applicant.jpeg
stnkpajak-maf;2025052722020696839237_stnkpajak-maf_Applicant.jpeg
unitdepankanan-maf;2025052722020696839237_unitdepankanan-maf_Applicant.jpeg
unitdepankiri-maf;2025052722020696839237_unitdepankiri-maf_Applicant.jpeg
rangkanomesin-maf;2025052722020696839237_rangkanomesin-maf_Applicant.jpeg
pasanganttdcmo-maf;2025052722020696839237_pasanganttdcmo-maf_Applicant.jpeg
nasabahttdcmo-maf;2025052722020696839237_nasabahttdcmo-maf_Applicant.jpeg
salaryslip-maf;2025052222022744296133_salaryslip-maf_Applicant.jpeg
nomorrumah-maf;2025052222022744296133_nomorrumah-maf_Applicant.jpeg
dalamrumah-maf;2025052222022744296133_dalamrumah-maf_Applicant.jpeg
buktipenghasilanusaha-maf;2025052222022744296133_buktipenghasilanusaha-maf_Applicant.jpeg
perizinanusaha-maf;2025052222022744296133_perizinanusaha-maf_Applicant.jpeg
buktikepemilikanusaha-maf;2025052222022744296133_buktikepemilikanusaha-maf_Applicant.jpeg
rangkanomesin-maf;2025052222022744296133_rangkanomesin-maf_Applicant.jpeg
pbbrekening-maf;2025052322024156739030_pbbrekening-maf_Applicant.jpeg
pbbrekening-maf;2025052222022744296133_pbbrekening-maf_Applicant.jpeg
kksuratnikah-maf;2025052222022744296133_kksuratnikah-maf_Applicant.jpeg
halamandepanbukutabungan-maf;2025052222022744296133_halamandepanbukutabungan-maf_Applicant.jpeg
fpkbelakang-maf;2025052222022744296133_fpkbelakang-maf_Applicant.jpeg
fpkdepan-maf;2025052222022744296133_fpkdepan-maf_Applicant.jpeg
tempatusahadepan-maf;2025052222022744296133_tempatusahadepan-maf_Applicant.jpeg
rumahdepan-maf;2025052222022744296133_rumahdepan-maf_Applicant.jpeg
pasanganttdcmo-maf;2025052222022744296133_pasanganttdcmo-maf_Applicant.jpeg
nasabahttdcmo-maf;2025052222022744296133_nasabahttdcmo-maf_Applicant.jpeg
allobank-maf;2025052222022744296133_allobank-maf_Applicant.jpeg
rumahjalan-maf;2025052222022744296133_rumahjalan-maf_Applicant.jpeg
bpkbdepan-maf;2025052222022744296133_bpkbdepan-maf_Applicant.jpeg
bpkbbelakang-maf;2025052222022744296133_bpkbbelakang-maf_Applicant.jpeg
stnkpajak-maf;2025052222022744296133_stnkpajak-maf_Applicant.jpeg
unitdepankanan-maf;2025052222022744296133_unitdepankanan-maf_Applicant.jpeg
unitdepankiri-maf;2025052222022744296133_unitdepankiri-maf_Applicant.jpeg
kksuratnikah-maf;2025052322024156739030_kksuratnikah-maf_Applicant.jpeg
halamandepanbukutabungan-maf;2025052322024156739030_halamandepanbukutabungan-maf_Applicant.jpeg
fpkbelakang-maf;2025052322024156739030_fpkbelakang-maf_Applicant.jpeg
fpkdepan-maf;2025052322024156739030_fpkdepan-maf_Applicant.jpeg
tempatusahadepan-maf;2025052322024156739030_tempatusahadepan-maf_Applicant.jpeg
rumahdepan-maf;2025052322024156739030_rumahdepan-maf_Applicant.jpeg
pasanganttdcmo-maf;2025052322024156739030_pasanganttdcmo-maf_Applicant.jpeg
nasabahttdcmo-maf;2025052322024156739030_nasabahttdcmo-maf_Applicant.jpeg
allobank-maf;2025052322024156739030_allobank-maf_Applicant.jpeg
rumahjalan-maf;2025052322024156739030_rumahjalan-maf_Applicant.jpeg
bpkbdepan-maf;2025052322024156739030_bpkbdepan-maf_Applicant.jpeg
bpkbbelakang-maf;2025052322024156739030_bpkbbelakang-maf_Applicant.jpeg
stnkpajak-maf;2025052322024156739030_stnkpajak-maf_Applicant.jpeg
unitdepankanan-maf;2025052322024156739030_unitdepankanan-maf_Applicant.jpeg
unitdepankiri-maf;2025052322024156739030_unitdepankiri-maf_Applicant.jpeg
salaryslip-maf;2025052322024156739030_salaryslip-maf_Applicant.jpeg
nomorrumah-maf;2025052322024156739030_nomorrumah-maf_Applicant.jpeg
dalamrumah-maf;2025052322024156739030_dalamrumah-maf_Applicant.jpeg
rangkanomesin-maf;2025052322024156739030_rangkanomesin-maf_Applicant.jpeg
pbbrekening-maf;2025052222023099991050_pbbrekening-maf_Applicant.jpeg
kksuratnikah-maf;2025052222023099991050_kksuratnikah-maf_Applicant.jpeg
halamandepanbukutabungan-maf;2025052222023099991050_halamandepanbukutabungan-maf_Applicant.jpeg
fpkbelakang-maf;2025052222023099991050_fpkbelakang-maf_Applicant.jpeg
fpkdepan-maf;2025052222023099991050_fpkdepan-maf_Applicant.jpeg
tempatusahadepan-maf;2025052222023099991050_tempatusahadepan-maf_Applicant.jpeg
rumahdepan-maf;2025052222023099991050_rumahdepan-maf_Applicant.jpeg
pasanganttdcmo-maf;2025052222023099991050_pasanganttdcmo-maf_Applicant.jpeg
nasabahttdcmo-maf;2025052222023099991050_nasabahttdcmo-maf_Applicant.jpeg
allobank-maf;2025052222023099991050_allobank-maf_Applicant.jpeg
rumahjalan-maf;2025052222023099991050_rumahjalan-maf_Applicant.jpeg
bpkbdepan-maf;2025052222023099991050_bpkbdepan-maf_Applicant.jpeg
bpkbbelakang-maf;2025052222023099991050_bpkbbelakang-maf_Applicant.jpeg
stnkpajak-maf;2025052222023099991050_stnkpajak-maf_Applicant.jpeg
unitdepankanan-maf;2025052222023099991050_unitdepankanan-maf_Applicant.jpeg
unitdepankiri-maf;2025052222023099991050_unitdepankiri-maf_Applicant.jpeg
salaryslip-maf;2025052222023099991050_salaryslip-maf_Applicant.jpeg
nomorrumah-maf;2025052222023099991050_nomorrumah-maf_Applicant.jpeg
dalamrumah-maf;2025052222023099991050_dalamrumah-maf_Applicant.jpeg
rangkanomesin-maf;2025052222023099991050_rangkanomesin-maf_Applicant.jpeg
pbbrekening-maf;2025052322023156220571_pbbrekening-maf_Applicant.jpeg
kksuratnikah-maf;2025052322023156220571_kksuratnikah-maf_Applicant.jpeg
halamandepanbukutabungan-maf;2025052322023156220571_halamandepanbukutabungan-maf_Applicant.jpeg
fpkbelakang-maf;2025052322023156220571_fpkbelakang-maf_Applicant.jpeg
fpkdepan-maf;2025052322023156220571_fpkdepan-maf_Applicant.jpeg
tempatusahadepan-maf;2025052322023156220571_tempatusahadepan-maf_Applicant.jpeg
rumahdepan-maf;2025052322023156220571_rumahdepan-maf_Applicant.jpeg
pasanganttdcmo-maf;2025052322023156220571_pasanganttdcmo-maf_Applicant.jpeg
nasabahttdcmo-maf;2025052322023156220571_nasabahttdcmo-maf_Applicant.jpeg
allobank-maf;2025052322023156220571_allobank-maf_Applicant.jpeg
rumahjalan-maf;2025052322023156220571_rumahjalan-maf_Applicant.jpeg
bpkbdepan-maf;2025052322023156220571_bpkbdepan-maf_Applicant.jpeg
bpkbbelakang-maf;2025052322023156220571_bpkbbelakang-maf_Applicant.jpeg
stnkpajak-maf;2025052322023156220571_stnkpajak-maf_Applicant.jpeg
unitdepankanan-maf;2025052322023156220571_unitdepankanan-maf_Applicant.jpeg
unitdepankiri-maf;2025052322023156220571_unitdepankiri-maf_Applicant.jpeg
salaryslip-maf;2025052322023156220571_salaryslip-maf_Applicant.jpeg
nomorrumah-maf;2025052322023156220571_nomorrumah-maf_Applicant.jpeg
dalamrumah-maf;2025052322023156220571_dalamrumah-maf_Applicant.jpeg
pbbrekening-maf;2025052222024255967540_pbbrekening-maf_Applicant.jpeg
kksuratnikah-maf;2025052222024255967540_kksuratnikah-maf_Applicant.jpeg
halamandepanbukutabungan-maf;2025052222024255967540_halamandepanbukutabungan-maf_Applicant.jpeg
fpkbelakang-maf;2025052222024255967540_fpkbelakang-maf_Applicant.jpeg
fpkdepan-maf;2025052222024255967540_fpkdepan-maf_Applicant.jpeg
tempatusahadepan-maf;2025052222024255967540_tempatusahadepan-maf_Applicant.jpeg
rumahdepan-maf;2025052222024255967540_rumahdepan-maf_Applicant.jpeg
pasanganttdcmo-maf;2025052222024255967540_pasanganttdcmo-maf_Applicant.jpeg
nasabahttdcmo-maf;2025052222024255967540_nasabahttdcmo-maf_Applicant.jpeg
allobank-maf;2025052222024255967540_allobank-maf_Applicant.jpeg
rumahjalan-maf;2025052222024255967540_rumahjalan-maf_Applicant.jpeg
bpkbdepan-maf;2025052222024255967540_bpkbdepan-maf_Applicant.jpeg
bpkbbelakang-maf;2025052222024255967540_bpkbbelakang-maf_Applicant.jpeg
stnkpajak-maf;2025052222024255967540_stnkpajak-maf_Applicant.jpeg
unitdepankanan-maf;2025052222024255967540_unitdepankanan-maf_Applicant.jpeg
unitdepankiri-maf;2025052222024255967540_unitdepankiri-maf_Applicant.jpeg
salaryslip-maf;2025052222024255967540_salaryslip-maf_Applicant.jpeg
nomorrumah-maf;2025052222024255967540_nomorrumah-maf_Applicant.jpeg
dalamrumah-maf;2025052222024255967540_dalamrumah-maf_Applicant.jpeg
buktipenghasilanusaha-maf;2025052222024255967540_buktipenghasilanusaha-maf_Applicant.jpeg
perizinanusaha-maf;2025052222024255967540_perizinanusaha-maf_Applicant.jpeg
buktikepemilikanusaha-maf;2025052222024255967540_buktikepemilikanusaha-maf_Applicant.jpeg
rangkanomesin-maf;2025052222024255967540_rangkanomesin-maf_Applicant.jpeg
pbbrekening-maf;2025052322018041012774_pbbrekening-maf_Applicant.jpeg
kksuratnikah-maf;2025052322018041012774_kksuratnikah-maf_Applicant.jpeg
halamandepanbukutabungan-maf;2025052322018041012774_halamandepanbukutabungan-maf_Applicant.jpeg
fpkbelakang-maf;2025052322018041012774_fpkbelakang-maf_Applicant.jpeg
fpkdepan-maf;2025052322018041012774_fpkdepan-maf_Applicant.jpeg
tempatusahadepan-maf;2025052322018041012774_tempatusahadepan-maf_Applicant.jpeg
rumahdepan-maf;2025052322018041012774_rumahdepan-maf_Applicant.jpeg
pasanganttdcmo-maf;2025052322018041012774_pasanganttdcmo-maf_Applicant.jpeg
nasabahttdcmo-maf;2025052322018041012774_nasabahttdcmo-maf_Applicant.jpeg
allobank-maf;2025052322018041012774_allobank-maf_Applicant.jpeg
pasanganttdcmo-maf;2025052322024338448356_pasanganttdcmo-maf_Applicant.jpeg
nasabahttdcmo-maf;2025052322024338448356_nasabahttdcmo-maf_Applicant.jpeg
allobank-maf;2025052322024338448356_allobank-maf_Applicant.jpeg
rumahjalan-maf;2025052322024338448356_rumahjalan-maf_Applicant.jpeg
bpkbdepan-maf;2025052322024338448356_bpkbdepan-maf_Applicant.jpeg
bpkbbelakang-maf;2025052322024338448356_bpkbbelakang-maf_Applicant.jpeg
stnkpajak-maf;2025052322024338448356_stnkpajak-maf_Applicant.jpeg
unitdepankanan-maf;2025052322024338448356_unitdepankanan-maf_Applicant.jpeg
unitdepankiri-maf;2025052322024338448356_unitdepankiri-maf_Applicant.jpeg
salaryslip-maf;2025052322024338448356_salaryslip-maf_Applicant.jpeg
nomorrumah-maf;2025052322024338448356_nomorrumah-maf_Applicant.jpeg
dalamrumah-maf;2025052322024338448356_dalamrumah-maf_Applicant.jpeg
rangkanomesin-maf;2025052322024338448356_rangkanomesin-maf_Applicant.jpeg
rumahjalan-maf;2025052322024572948006_rumahjalan-maf_Applicant.jpeg
bpkbdepan-maf;2025052322024572948006_bpkbdepan-maf_Applicant.jpeg
bpkbbelakang-maf;2025052322024572948006_bpkbbelakang-maf_Applicant.jpeg
stnkpajak-maf;2025052322024572948006_stnkpajak-maf_Applicant.jpeg
unitdepankanan-maf;2025052322024572948006_unitdepankanan-maf_Applicant.jpeg
unitdepankiri-maf;2025052322024572948006_unitdepankiri-maf_Applicant.jpeg
salaryslip-maf;2025052322024572948006_salaryslip-maf_Applicant.jpeg
nomorrumah-maf;2025052322024572948006_nomorrumah-maf_Applicant.jpeg
dalamrumah-maf;2025052322024572948006_dalamrumah-maf_Applicant.jpeg
rangkanomesin-maf;2025052322024572948006_rangkanomesin-maf_Applicant.jpeg
pbbrekening-maf;2025052322024252685780_pbbrekening-maf_Applicant.jpeg
kksuratnikah-maf;2025052322024252685780_kksuratnikah-maf_Applicant.jpeg
halamandepanbukutabungan-maf;2025052322024252685780_halamandepanbukutabungan-maf_Applicant.jpeg
fpkbelakang-maf;2025052322024252685780_fpkbelakang-maf_Applicant.jpeg
fpkdepan-maf;2025052322024252685780_fpkdepan-maf_Applicant.jpeg
tempatusahadepan-maf;2025052322024252685780_tempatusahadepan-maf_Applicant.jpeg
rumahdepan-maf;2025052322024252685780_rumahdepan-maf_Applicant.jpeg
pasanganttdcmo-maf;2025052322024252685780_pasanganttdcmo-maf_Applicant.jpeg
nasabahttdcmo-maf;2025052322024252685780_nasabahttdcmo-maf_Applicant.jpeg
allobank-maf;2025052322024252685780_allobank-maf_Applicant.jpeg
rumahjalan-maf;2025052322024252685780_rumahjalan-maf_Applicant.jpeg
bpkbdepan-maf;2025052322024252685780_bpkbdepan-maf_Applicant.jpeg
bpkbbelakang-maf;2025052322024252685780_bpkbbelakang-maf_Applicant.jpeg
stnkpajak-maf;2025052322024252685780_stnkpajak-maf_Applicant.jpeg
unitdepankanan-maf;2025052322024252685780_unitdepankanan-maf_Applicant.jpeg
unitdepankiri-maf;2025052322024252685780_unitdepankiri-maf_Applicant.jpeg
salaryslip-maf;2025052322024252685780_salaryslip-maf_Applicant.jpeg
nomorrumah-maf;2025052322024252685780_nomorrumah-maf_Applicant.jpeg
dalamrumah-maf;2025052322024252685780_dalamrumah-maf_Applicant.jpeg
rangkanomesin-maf;2025052322024252685780_rangkanomesin-maf_Applicant.jpeg
pbbrekening-maf;2025052322017380945060_pbbrekening-maf_Applicant.jpeg
kksuratnikah-maf;2025052322017380945060_kksuratnikah-maf_Applicant.jpeg
halamandepanbukutabungan-maf;2025052322017380945060_halamandepanbukutabungan-maf_Applicant.jpeg
fpkbelakang-maf;2025052322017380945060_fpkbelakang-maf_Applicant.jpeg
fpkdepan-maf;2025052322017380945060_fpkdepan-maf_Applicant.jpeg
tempatusahadepan-maf;2025052322017380945060_tempatusahadepan-maf_Applicant.jpeg
rumahdepan-maf;2025052322017380945060_rumahdepan-maf_Applicant.jpeg
pasanganttdcmo-maf;2025052322017380945060_pasanganttdcmo-maf_Applicant.jpeg
nasabahttdcmo-maf;2025052322017380945060_nasabahttdcmo-maf_Applicant.jpeg
allobank-maf;2025052322017380945060_allobank-maf_Applicant.jpeg
rumahjalan-maf;2025052322017380945060_rumahjalan-maf_Applicant.jpeg
bpkbdepan-maf;2025052322017380945060_bpkbdepan-maf_Applicant.jpeg
bpkbbelakang-maf;2025052322017380945060_bpkbbelakang-maf_Applicant.jpeg
stnkpajak-maf;2025052322017380945060_stnkpajak-maf_Applicant.jpeg
unitdepankanan-maf;2025052322017380945060_unitdepankanan-maf_Applicant.jpeg
unitdepankiri-maf;2025052322017380945060_unitdepankiri-maf_Applicant.jpeg
salaryslip-maf;2025052322017380945060_salaryslip-maf_Applicant.jpeg
nomorrumah-maf;2025052322017380945060_nomorrumah-maf_Applicant.jpeg
dalamrumah-maf;2025052322017380945060_dalamrumah-maf_Applicant.jpeg
rangkanomesin-maf;2025052322017380945060_rangkanomesin-maf_Applicant.jpeg
pbbrekening-maf;2025052322018031871246_pbbrekening-maf_Applicant.jpeg
kksuratnikah-maf;2025052322018031871246_kksuratnikah-maf_Applicant.jpeg
halamandepanbukutabungan-maf;2025052322018031871246_halamandepanbukutabungan-maf_Applicant.jpeg
dalamrumah-maf;2025052322018031871246_dalamrumah-maf_Applicant.jpeg
buktipenghasilanusaha-maf;2025052322018031871246_buktipenghasilanusaha-maf_Applicant.jpeg
perizinanusaha-maf;2025052322018031871246_perizinanusaha-maf_Applicant.jpeg
buktikepemilikanusaha-maf;2025052322018031871246_buktikepemilikanusaha-maf_Applicant.jpeg
rangkanomesin-maf;2025052322018031871246_rangkanomesin-maf_Applicant.jpeg
pbbrekening-maf;2025052222023070477457_pbbrekening-maf_Applicant.jpeg
kksuratnikah-maf;2025052222023070477457_kksuratnikah-maf_Applicant.jpeg
halamandepanbukutabungan-maf;2025052222023070477457_halamandepanbukutabungan-maf_Applicant.jpeg
fpkbelakang-maf;2025052222023070477457_fpkbelakang-maf_Applicant.jpeg
fpkdepan-maf;2025052222023070477457_fpkdepan-maf_Applicant.jpeg
tempatusahadepan-maf;2025052222023070477457_tempatusahadepan-maf_Applicant.jpeg
rumahdepan-maf;2025052222023070477457_rumahdepan-maf_Applicant.jpeg
pasanganttdcmo-maf;2025052222023070477457_pasanganttdcmo-maf_Applicant.jpeg
nasabahttdcmo-maf;2025052222023070477457_nasabahttdcmo-maf_Applicant.jpeg
allobank-maf;2025052222023070477457_allobank-maf_Applicant.jpeg
rumahjalan-maf;2025052322018041012774_rumahjalan-maf_Applicant.jpeg
salaryslip-maf;2025052322018041012774_salaryslip-maf_Applicant.jpeg
nomorrumah-maf;2025052322018041012774_nomorrumah-maf_Applicant.jpeg
dalamrumah-maf;2025052322018041012774_dalamrumah-maf_Applicant.jpeg
pricelist-maf;2025052322018041012774_pricelist-maf_Applicant.jpeg
buktipenghasilanusaha-maf;2025052322018041012774_buktipenghasilanusaha-maf_Applicant.jpeg
perizinanusaha-maf;2025052322018041012774_perizinanusaha-maf_Applicant.jpeg
buktikepemilikanusaha-maf;2025052322018041012774_buktikepemilikanusaha-maf_Applicant.jpeg
pbbrekening-maf;2025052322024338448356_pbbrekening-maf_Applicant.jpeg
kksuratnikah-maf;2025052322024338448356_kksuratnikah-maf_Applicant.jpeg
halamandepanbukutabungan-maf;2025052322024338448356_halamandepanbukutabungan-maf_Applicant.jpeg
fpkbelakang-maf;2025052322024338448356_fpkbelakang-maf_Applicant.jpeg
fpkdepan-maf;2025052322024338448356_fpkdepan-maf_Applicant.jpeg
tempatusahadepan-maf;2025052322024338448356_tempatusahadepan-maf_Applicant.jpeg
rumahdepan-maf;2025052322024338448356_rumahdepan-maf_Applicant.jpeg
fpkbelakang-maf;2025052322018031871246_fpkbelakang-maf_Applicant.jpeg
fpkdepan-maf;2025052322018031871246_fpkdepan-maf_Applicant.jpeg
tempatusahadepan-maf;2025052322018031871246_tempatusahadepan-maf_Applicant.jpeg
rumahdepan-maf;2025052322018031871246_rumahdepan-maf_Applicant.jpeg
pasanganttdcmo-maf;2025052322018031871246_pasanganttdcmo-maf_Applicant.jpeg
nasabahttdcmo-maf;2025052322018031871246_nasabahttdcmo-maf_Applicant.jpeg
allobank-maf;2025052322018031871246_allobank-maf_Applicant.jpeg
rumahjalan-maf;2025052322018031871246_rumahjalan-maf_Applicant.jpeg
bpkbdepan-maf;2025052322018031871246_bpkbdepan-maf_Applicant.jpeg
bpkbbelakang-maf;2025052322018031871246_bpkbbelakang-maf_Applicant.jpeg
stnkpajak-maf;2025052322018031871246_stnkpajak-maf_Applicant.jpeg
unitdepankanan-maf;2025052322018031871246_unitdepankanan-maf_Applicant.jpeg
unitdepankiri-maf;2025052322018031871246_unitdepankiri-maf_Applicant.jpeg
salaryslip-maf;2025052322018031871246_salaryslip-maf_Applicant.jpeg
nomorrumah-maf;2025052322018031871246_nomorrumah-maf_Applicant.jpeg
pasanganttdcmo-maf;2025052322022697791127_pasanganttdcmo-maf_Applicant.jpeg
nasabahttdcmo-maf;2025052322022697791127_nasabahttdcmo-maf_Applicant.jpeg
allobank-maf;2025052322022697791127_allobank-maf_Applicant.jpeg
rumahjalan-maf;2025052322022697791127_rumahjalan-maf_Applicant.jpeg
bpkbdepan-maf;2025052322022697791127_bpkbdepan-maf_Applicant.jpeg
bpkbbelakang-maf;2025052322022697791127_bpkbbelakang-maf_Applicant.jpeg
stnkpajak-maf;2025052322022697791127_stnkpajak-maf_Applicant.jpeg
unitdepankanan-maf;2025052322022697791127_unitdepankanan-maf_Applicant.jpeg
unitdepankiri-maf;2025052322022697791127_unitdepankiri-maf_Applicant.jpeg
salaryslip-maf;2025052322022697791127_salaryslip-maf_Applicant.jpeg
nomorrumah-maf;2025052322022697791127_nomorrumah-maf_Applicant.jpeg
dalamrumah-maf;2025052322022697791127_dalamrumah-maf_Applicant.jpeg
rangkanomesin-maf;2025052322022697791127_rangkanomesin-maf_Applicant.jpeg
pbbrekening-maf;2025052322015002411495_pbbrekening-maf_Applicant.jpeg
kksuratnikah-maf;2025052322015002411495_kksuratnikah-maf_Applicant.jpeg
halamandepanbukutabungan-maf;2025052322015002411495_halamandepanbukutabungan-maf_Applicant.jpeg
fpkbelakang-maf;2025052322015002411495_fpkbelakang-maf_Applicant.jpeg
fpkdepan-maf;2025052322015002411495_fpkdepan-maf_Applicant.jpeg
tempatusahadepan-maf;2025052322015002411495_tempatusahadepan-maf_Applicant.jpeg
rumahdepan-maf;2025052322015002411495_rumahdepan-maf_Applicant.jpeg
rumahdepan-maf;2025052622023156268635_rumahdepan-maf_Applicant.jpeg
pasanganttdcmo-maf;2025052622023156268635_pasanganttdcmo-maf_Applicant.jpeg
nasabahttdcmo-maf;2025052622023156268635_nasabahttdcmo-maf_Applicant.jpeg
allobank-maf;2025052622023156268635_allobank-maf_Applicant.jpeg
rumahjalan-maf;2025052622023156268635_rumahjalan-maf_Applicant.jpeg
bpkbdepan-maf;2025052622023156268635_bpkbdepan-maf_Applicant.jpeg
bpkbbelakang-maf;2025052622023156268635_bpkbbelakang-maf_Applicant.jpeg
stnkpajak-maf;2025052622023156268635_stnkpajak-maf_Applicant.jpeg
unitdepankanan-maf;2025052622023156268635_unitdepankanan-maf_Applicant.jpeg
unitdepankiri-maf;2025052622023156268635_unitdepankiri-maf_Applicant.jpeg
salaryslip-maf;2025052622023156268635_salaryslip-maf_Applicant.jpeg
nomorrumah-maf;2025052622023156268635_nomorrumah-maf_Applicant.jpeg
dalamrumah-maf;2025052622023156268635_dalamrumah-maf_Applicant.jpeg
rumahjalan-maf;2025052222023070477457_rumahjalan-maf_Applicant.jpeg
bpkbdepan-maf;2025052222023070477457_bpkbdepan-maf_Applicant.jpeg
bpkbbelakang-maf;2025052222023070477457_bpkbbelakang-maf_Applicant.jpeg
stnkpajak-maf;2025052222023070477457_stnkpajak-maf_Applicant.jpeg
unitdepankanan-maf;2025052222023070477457_unitdepankanan-maf_Applicant.jpeg
unitdepankiri-maf;2025052222023070477457_unitdepankiri-maf_Applicant.jpeg
salaryslip-maf;2025052222023070477457_salaryslip-maf_Applicant.jpeg
nomorrumah-maf;2025052222023070477457_nomorrumah-maf_Applicant.jpeg
dalamrumah-maf;2025052222023070477457_dalamrumah-maf_Applicant.jpeg
rangkanomesin-maf;2025052222023070477457_rangkanomesin-maf_Applicant.jpeg
pbbrekening-maf;2025052322022697791127_pbbrekening-maf_Applicant.jpeg
kksuratnikah-maf;2025052322022697791127_kksuratnikah-maf_Applicant.jpeg
halamandepanbukutabungan-maf;2025052322022697791127_halamandepanbukutabungan-maf_Applicant.jpeg
fpkbelakang-maf;2025052322022697791127_fpkbelakang-maf_Applicant.jpeg
fpkdepan-maf;2025052322022697791127_fpkdepan-maf_Applicant.jpeg
tempatusahadepan-maf;2025052322022697791127_tempatusahadepan-maf_Applicant.jpeg
rumahdepan-maf;2025052322022697791127_rumahdepan-maf_Applicant.jpeg
pasanganttdcmo-maf;2025052322015002411495_pasanganttdcmo-maf_Applicant.jpeg
nasabahttdcmo-maf;2025052322015002411495_nasabahttdcmo-maf_Applicant.jpeg
allobank-maf;2025052322015002411495_allobank-maf_Applicant.jpeg
rumahjalan-maf;2025052322015002411495_rumahjalan-maf_Applicant.jpeg
bpkbdepan-maf;2025052322015002411495_bpkbdepan-maf_Applicant.jpeg
bpkbbelakang-maf;2025052322015002411495_bpkbbelakang-maf_Applicant.jpeg
stnkpajak-maf;2025052322015002411495_stnkpajak-maf_Applicant.jpeg
unitdepankanan-maf;2025052322015002411495_unitdepankanan-maf_Applicant.jpeg
unitdepankiri-maf;2025052322015002411495_unitdepankiri-maf_Applicant.jpeg
salaryslip-maf;2025052322015002411495_salaryslip-maf_Applicant.jpeg
nomorrumah-maf;2025052322015002411495_nomorrumah-maf_Applicant.jpeg
dalamrumah-maf;2025052322015002411495_dalamrumah-maf_Applicant.jpeg
rangkanomesin-maf;2025052322015002411495_rangkanomesin-maf_Applicant.jpeg
pbbrekening-maf;2025052322024388083365_pbbrekening-maf_Applicant.jpeg
kksuratnikah-maf;2025052322024388083365_kksuratnikah-maf_Applicant.jpeg
halamandepanbukutabungan-maf;2025052322024388083365_halamandepanbukutabungan-maf_Applicant.jpeg
fpkbelakang-maf;2025052322024388083365_fpkbelakang-maf_Applicant.jpeg
fpkdepan-maf;2025052322024388083365_fpkdepan-maf_Applicant.jpeg
tempatusahadepan-maf;2025052322024388083365_tempatusahadepan-maf_Applicant.jpeg
rumahdepan-maf;2025052322024388083365_rumahdepan-maf_Applicant.jpeg
pasanganttdcmo-maf;2025052322024388083365_pasanganttdcmo-maf_Applicant.jpeg
nasabahttdcmo-maf;2025052322024388083365_nasabahttdcmo-maf_Applicant.jpeg
allobank-maf;2025052322024388083365_allobank-maf_Applicant.jpeg
rumahjalan-maf;2025052322024388083365_rumahjalan-maf_Applicant.jpeg
salaryslip-maf;2025052322024388083365_salaryslip-maf_Applicant.jpeg
nomorrumah-maf;2025052322024388083365_nomorrumah-maf_Applicant.jpeg
dalamrumah-maf;2025052322024388083365_dalamrumah-maf_Applicant.jpeg
pricelist-maf;2025052322024388083365_pricelist-maf_Applicant.jpeg
buktipenghasilanusaha-maf;2025052322024388083365_buktipenghasilanusaha-maf_Applicant.jpeg
perizinanusaha-maf;2025052322024388083365_perizinanusaha-maf_Applicant.jpeg
buktikepemilikanusaha-maf;2025052322024388083365_buktikepemilikanusaha-maf_Applicant.jpeg
pbbrekening-maf;2025052222024227964447_pbbrekening-maf_Applicant.jpeg
kksuratnikah-maf;2025052222024227964447_kksuratnikah-maf_Applicant.jpeg
halamandepanbukutabungan-maf;2025052222024227964447_halamandepanbukutabungan-maf_Applicant.jpeg
tempatusahadepan-maf;2025052322021056477799_tempatusahadepan-maf_Applicant.jpeg
rumahdepan-maf;2025052322021056477799_rumahdepan-maf_Applicant.jpeg
pasanganttdcmo-maf;2025052322021056477799_pasanganttdcmo-maf_Applicant.jpeg
nasabahttdcmo-maf;2025052322021056477799_nasabahttdcmo-maf_Applicant.jpeg
allobank-maf;2025052322021056477799_allobank-maf_Applicant.jpeg
rumahjalan-maf;2025052322021056477799_rumahjalan-maf_Applicant.jpeg
bpkbdepan-maf;2025052322021056477799_bpkbdepan-maf_Applicant.jpeg
bpkbbelakang-maf;2025052322021056477799_bpkbbelakang-maf_Applicant.jpeg
stnkpajak-maf;2025052322021056477799_stnkpajak-maf_Applicant.jpeg
unitdepankanan-maf;2025052322021056477799_unitdepankanan-maf_Applicant.jpeg
unitdepankiri-maf;2025052322021056477799_unitdepankiri-maf_Applicant.jpeg
salaryslip-maf;2025052322021056477799_salaryslip-maf_Applicant.jpeg
nomorrumah-maf;2025052322021056477799_nomorrumah-maf_Applicant.jpeg
unitdepankanan-maf;2025052322023363466718_unitdepankanan-maf_Applicant.jpeg
unitdepankiri-maf;2025052322023363466718_unitdepankiri-maf_Applicant.jpeg
salaryslip-maf;2025052322023363466718_salaryslip-maf_Applicant.jpeg
nomorrumah-maf;2025052322023363466718_nomorrumah-maf_Applicant.jpeg
dalamrumah-maf;2025052322023363466718_dalamrumah-maf_Applicant.jpeg
rangkanomesin-maf;2025052322023363466718_rangkanomesin-maf_Applicant.jpeg
fpkbelakang-maf;2025052222024227964447_fpkbelakang-maf_Applicant.jpeg
fpkdepan-maf;2025052222024227964447_fpkdepan-maf_Applicant.jpeg
tempatusahadepan-maf;2025052222024227964447_tempatusahadepan-maf_Applicant.jpeg
rumahdepan-maf;2025052222024227964447_rumahdepan-maf_Applicant.jpeg
pasanganttdcmo-maf;2025052222024227964447_pasanganttdcmo-maf_Applicant.jpeg
nasabahttdcmo-maf;2025052222024227964447_nasabahttdcmo-maf_Applicant.jpeg
allobank-maf;2025052222024227964447_allobank-maf_Applicant.jpeg
rumahjalan-maf;2025052222024227964447_rumahjalan-maf_Applicant.jpeg
bpkbdepan-maf;2025052222024227964447_bpkbdepan-maf_Applicant.jpeg
bpkbbelakang-maf;2025052222024227964447_bpkbbelakang-maf_Applicant.jpeg
stnkpajak-maf;2025052222024227964447_stnkpajak-maf_Applicant.jpeg
unitdepankanan-maf;2025052222024227964447_unitdepankanan-maf_Applicant.jpeg
unitdepankiri-maf;2025052222024227964447_unitdepankiri-maf_Applicant.jpeg
salaryslip-maf;2025052222024227964447_salaryslip-maf_Applicant.jpeg
nomorrumah-maf;2025052222024227964447_nomorrumah-maf_Applicant.jpeg
dalamrumah-maf;2025052222024227964447_dalamrumah-maf_Applicant.jpeg
rangkanomesin-maf;2025052222024227964447_rangkanomesin-maf_Applicant.jpeg
pbbrekening-maf;2025052322021056477799_pbbrekening-maf_Applicant.jpeg
kksuratnikah-maf;2025052322021056477799_kksuratnikah-maf_Applicant.jpeg
halamandepanbukutabungan-maf;2025052322021056477799_halamandepanbukutabungan-maf_Applicant.jpeg
fpkbelakang-maf;2025052322021056477799_fpkbelakang-maf_Applicant.jpeg
fpkdepan-maf;2025052322021056477799_fpkdepan-maf_Applicant.jpeg
halamandepanbukutabungan-maf;2025052322025120226352_halamandepanbukutabungan-maf_Applicant.jpeg
fpkbelakang-maf;2025052322025120226352_fpkbelakang-maf_Applicant.jpeg
fpkdepan-maf;2025052322025120226352_fpkdepan-maf_Applicant.jpeg
tempatusahadepan-maf;2025052322025120226352_tempatusahadepan-maf_Applicant.jpeg
rumahdepan-maf;2025052322025120226352_rumahdepan-maf_Applicant.jpeg
pasanganttdcmo-maf;2025052322025120226352_pasanganttdcmo-maf_Applicant.jpeg
nasabahttdcmo-maf;2025052322025120226352_nasabahttdcmo-maf_Applicant.jpeg
allobank-maf;2025052322025120226352_allobank-maf_Applicant.jpeg
rumahjalan-maf;2025052322025120226352_rumahjalan-maf_Applicant.jpeg
bpkbdepan-maf;2025052322025120226352_bpkbdepan-maf_Applicant.jpeg
bpkbbelakang-maf;2025052322025120226352_bpkbbelakang-maf_Applicant.jpeg
stnkpajak-maf;2025052322025120226352_stnkpajak-maf_Applicant.jpeg
unitdepankanan-maf;2025052322025120226352_unitdepankanan-maf_Applicant.jpeg
unitdepankiri-maf;2025052322025120226352_unitdepankiri-maf_Applicant.jpeg
salaryslip-maf;2025052322025120226352_salaryslip-maf_Applicant.jpeg
nomorrumah-maf;2025052322025120226352_nomorrumah-maf_Applicant.jpeg
dalamrumah-maf;2025052322025120226352_dalamrumah-maf_Applicant.jpeg
rangkanomesin-maf;2025052322025120226352_rangkanomesin-maf_Applicant.jpeg
pbbrekening-maf;2025052322023363457571_pbbrekening-maf_Applicant.jpeg
kksuratnikah-maf;2025052322023363457571_kksuratnikah-maf_Applicant.jpeg
halamandepanbukutabungan-maf;2025052322023363457571_halamandepanbukutabungan-maf_Applicant.jpeg
fpkbelakang-maf;2025052322023363457571_fpkbelakang-maf_Applicant.jpeg
fpkdepan-maf;2025052322023363457571_fpkdepan-maf_Applicant.jpeg
tempatusahadepan-maf;2025052322023363457571_tempatusahadepan-maf_Applicant.jpeg
rumahdepan-maf;2025052322023363457571_rumahdepan-maf_Applicant.jpeg
pasanganttdcmo-maf;2025052322023363457571_pasanganttdcmo-maf_Applicant.jpeg
nasabahttdcmo-maf;2025052322023363457571_nasabahttdcmo-maf_Applicant.jpeg
allobank-maf;2025052322023363457571_allobank-maf_Applicant.jpeg
rumahjalan-maf;2025052322023363457571_rumahjalan-maf_Applicant.jpeg
bpkbdepan-maf;2025052322023363457571_bpkbdepan-maf_Applicant.jpeg
bpkbbelakang-maf;2025052322023363457571_bpkbbelakang-maf_Applicant.jpeg
stnkpajak-maf;2025052322023363457571_stnkpajak-maf_Applicant.jpeg
unitdepankanan-maf;2025052322023363457571_unitdepankanan-maf_Applicant.jpeg
unitdepankiri-maf;2025052322023363457571_unitdepankiri-maf_Applicant.jpeg
salaryslip-maf;2025052322023363457571_salaryslip-maf_Applicant.jpeg
nomorrumah-maf;2025052322023363457571_nomorrumah-maf_Applicant.jpeg
dalamrumah-maf;2025052322023363457571_dalamrumah-maf_Applicant.jpeg
rangkanomesin-maf;2025052322023363457571_rangkanomesin-maf_Applicant.jpeg
pbbrekening-maf;2025052322021104174854_pbbrekening-maf_Applicant.jpeg
kksuratnikah-maf;2025052322021104174854_kksuratnikah-maf_Applicant.jpeg
halamandepanbukutabungan-maf;2025052322021104174854_halamandepanbukutabungan-maf_Applicant.jpeg
fpkbelakang-maf;2025052322021104174854_fpkbelakang-maf_Applicant.jpeg
fpkdepan-maf;2025052322021104174854_fpkdepan-maf_Applicant.jpeg
tempatusahadepan-maf;2025052322021104174854_tempatusahadepan-maf_Applicant.jpeg
rumahdepan-maf;2025052322021104174854_rumahdepan-maf_Applicant.jpeg
pasanganttdcmo-maf;2025052322021104174854_pasanganttdcmo-maf_Applicant.jpeg
nasabahttdcmo-maf;2025052322021104174854_nasabahttdcmo-maf_Applicant.jpeg
allobank-maf;2025052322021104174854_allobank-maf_Applicant.jpeg
rumahjalan-maf;2025052322021104174854_rumahjalan-maf_Applicant.jpeg
bpkbdepan-maf;2025052322021104174854_bpkbdepan-maf_Applicant.jpeg
bpkbbelakang-maf;2025052322021104174854_bpkbbelakang-maf_Applicant.jpeg
stnkpajak-maf;2025052322021104174854_stnkpajak-maf_Applicant.jpeg
unitdepankanan-maf;2025052322021104174854_unitdepankanan-maf_Applicant.jpeg
unitdepankiri-maf;2025052322021104174854_unitdepankiri-maf_Applicant.jpeg
salaryslip-maf;2025052322021104174854_salaryslip-maf_Applicant.jpeg
nomorrumah-maf;2025052322021104174854_nomorrumah-maf_Applicant.jpeg
dalamrumah-maf;2025052322021104174854_dalamrumah-maf_Applicant.jpeg
buktipenghasilanusaha-maf;2025052322021104174854_buktipenghasilanusaha-maf_Applicant.jpeg
perizinanusaha-maf;2025052322021104174854_perizinanusaha-maf_Applicant.jpeg
buktikepemilikanusaha-maf;2025052322021104174854_buktikepemilikanusaha-maf_Applicant.jpeg
rangkanomesin-maf;2025052322021104174854_rangkanomesin-maf_Applicant.jpeg
dalamrumah-maf;2025052322021056477799_dalamrumah-maf_Applicant.jpeg
rangkanomesin-maf;2025052322021056477799_rangkanomesin-maf_Applicant.jpeg
pbbrekening-maf;2025052322023363466718_pbbrekening-maf_Applicant.jpeg
kksuratnikah-maf;2025052322023363466718_kksuratnikah-maf_Applicant.jpeg
halamandepanbukutabungan-maf;2025052322023363466718_halamandepanbukutabungan-maf_Applicant.jpeg
fpkbelakang-maf;2025052322023363466718_fpkbelakang-maf_Applicant.jpeg
fpkdepan-maf;2025052322023363466718_fpkdepan-maf_Applicant.jpeg
tempatusahadepan-maf;2025052322023363466718_tempatusahadepan-maf_Applicant.jpeg
rumahdepan-maf;2025052322023363466718_rumahdepan-maf_Applicant.jpeg
pasanganttdcmo-maf;2025052322023363466718_pasanganttdcmo-maf_Applicant.jpeg
nasabahttdcmo-maf;2025052322023363466718_nasabahttdcmo-maf_Applicant.jpeg
allobank-maf;2025052322023363466718_allobank-maf_Applicant.jpeg
rumahjalan-maf;2025052322023363466718_rumahjalan-maf_Applicant.jpeg
bpkbdepan-maf;2025052322023363466718_bpkbdepan-maf_Applicant.jpeg
bpkbbelakang-maf;2025052322023363466718_bpkbbelakang-maf_Applicant.jpeg
stnkpajak-maf;2025052322023363466718_stnkpajak-maf_Applicant.jpeg
pbbrekening-maf;2025052322025120226352_pbbrekening-maf_Applicant.jpeg
kksuratnikah-maf;2025052322025120226352_kksuratnikah-maf_Applicant.jpeg
unitdepankanan-maf;2025052122024243536938_unitdepankanan-maf_Applicant.jpeg
unitdepankiri-maf;2025052122024243536938_unitdepankiri-maf_Applicant.jpeg
salaryslip-maf;2025052122024243536938_salaryslip-maf_Applicant.jpeg
nomorrumah-maf;2025052122024243536938_nomorrumah-maf_Applicant.jpeg
dalamrumah-maf;2025052122024243536938_dalamrumah-maf_Applicant.jpeg
rangkanomesin-maf;2025052122024243536938_rangkanomesin-maf_Applicant.jpeg
pbbrekening-maf;2025052022024633095072_pbbrekening-maf_Applicant.jpeg
kksuratnikah-maf;2025052022024633095072_kksuratnikah-maf_Applicant.jpeg
halamandepanbukutabungan-maf;2025052022024633095072_halamandepanbukutabungan-maf_Applicant.jpeg
fpkbelakang-maf;2025052022024633095072_fpkbelakang-maf_Applicant.jpeg
salaryslip-maf;2025052322023061040286_salaryslip-maf_Applicant.jpeg
nomorrumah-maf;2025052322023061040286_nomorrumah-maf_Applicant.jpeg
dalamrumah-maf;2025052322023061040286_dalamrumah-maf_Applicant.jpeg
rangkanomesin-maf;2025052322023061040286_rangkanomesin-maf_Applicant.jpeg
pbbrekening-maf;2025052322023061040286_pbbrekening-maf_Applicant.jpeg
kksuratnikah-maf;2025052322023061040286_kksuratnikah-maf_Applicant.jpeg
halamandepanbukutabungan-maf;2025052322023061040286_halamandepanbukutabungan-maf_Applicant.jpeg
fpkbelakang-maf;2025052322023061040286_fpkbelakang-maf_Applicant.jpeg
fpkdepan-maf;2025052322023061040286_fpkdepan-maf_Applicant.jpeg
tempatusahadepan-maf;2025052322023061040286_tempatusahadepan-maf_Applicant.jpeg
rumahdepan-maf;2025052322023061040286_rumahdepan-maf_Applicant.jpeg
pasanganttdcmo-maf;2025052322023061040286_pasanganttdcmo-maf_Applicant.jpeg
nasabahttdcmo-maf;2025052322023061040286_nasabahttdcmo-maf_Applicant.jpeg
allobank-maf;2025052322023061040286_allobank-maf_Applicant.jpeg
rumahjalan-maf;2025052322023061040286_rumahjalan-maf_Applicant.jpeg
tempatusahadepan-maf;2025052322024007777981_tempatusahadepan-maf_Applicant.jpeg
rumahdepan-maf;2025052322024007777981_rumahdepan-maf_Applicant.jpeg
pasanganttdcmo-maf;2025052322024007777981_pasanganttdcmo-maf_Applicant.jpeg
nasabahttdcmo-maf;2025052322024007777981_nasabahttdcmo-maf_Applicant.jpeg
allobank-maf;2025052322024007777981_allobank-maf_Applicant.jpeg
rumahjalan-maf;2025052322024007777981_rumahjalan-maf_Applicant.jpeg
bpkbdepan-maf;2025052322024007777981_bpkbdepan-maf_Applicant.jpeg
bpkbbelakang-maf;2025052322024007777981_bpkbbelakang-maf_Applicant.jpeg
stnkpajak-maf;2025052322024007777981_stnkpajak-maf_Applicant.jpeg
unitdepankanan-maf;2025052322024007777981_unitdepankanan-maf_Applicant.jpeg
unitdepankiri-maf;2025052322024007777981_unitdepankiri-maf_Applicant.jpeg
salaryslip-maf;2025052322024007777981_salaryslip-maf_Applicant.jpeg
nomorrumah-maf;2025052322024007777981_nomorrumah-maf_Applicant.jpeg
dalamrumah-maf;2025052322024007777981_dalamrumah-maf_Applicant.jpeg
rangkanomesin-maf;2025052322024007777981_rangkanomesin-maf_Applicant.jpeg
pbbrekening-maf;2025052122024243536938_pbbrekening-maf_Applicant.jpeg
kksuratnikah-maf;2025052122024243536938_kksuratnikah-maf_Applicant.jpeg
halamandepanbukutabungan-maf;2025052122024243536938_halamandepanbukutabungan-maf_Applicant.jpeg
fpkbelakang-maf;2025052122024243536938_fpkbelakang-maf_Applicant.jpeg
fpkdepan-maf;2025052122024243536938_fpkdepan-maf_Applicant.jpeg
tempatusahadepan-maf;2025052122024243536938_tempatusahadepan-maf_Applicant.jpeg
rumahdepan-maf;2025052122024243536938_rumahdepan-maf_Applicant.jpeg
pasanganttdcmo-maf;2025052122024243536938_pasanganttdcmo-maf_Applicant.jpeg
nasabahttdcmo-maf;2025052122024243536938_nasabahttdcmo-maf_Applicant.jpeg
allobank-maf;2025052122024243536938_allobank-maf_Applicant.jpeg
rumahjalan-maf;2025052122024243536938_rumahjalan-maf_Applicant.jpeg
bpkbdepan-maf;2025052122024243536938_bpkbdepan-maf_Applicant.jpeg
bpkbbelakang-maf;2025052122024243536938_bpkbbelakang-maf_Applicant.jpeg
stnkpajak-maf;2025052122024243536938_stnkpajak-maf_Applicant.jpeg
pbbrekening-maf;2025052322018031884842_pbbrekening-maf_Applicant.jpeg
kksuratnikah-maf;2025052322018031884842_kksuratnikah-maf_Applicant.jpeg
halamandepanbukutabungan-maf;2025052322018031884842_halamandepanbukutabungan-maf_Applicant.jpeg
fpkbelakang-maf;2025052322018031884842_fpkbelakang-maf_Applicant.jpeg
fpkdepan-maf;2025052322018031884842_fpkdepan-maf_Applicant.jpeg
tempatusahadepan-maf;2025052322018031884842_tempatusahadepan-maf_Applicant.jpeg
rumahdepan-maf;2025052322018031884842_rumahdepan-maf_Applicant.jpeg
pasanganttdcmo-maf;2025052322018031884842_pasanganttdcmo-maf_Applicant.jpeg
nasabahttdcmo-maf;2025052322018031884842_nasabahttdcmo-maf_Applicant.jpeg
allobank-maf;2025052322018031884842_allobank-maf_Applicant.jpeg
rumahjalan-maf;2025052322018031884842_rumahjalan-maf_Applicant.jpeg
bpkbdepan-maf;2025052322018031884842_bpkbdepan-maf_Applicant.jpeg
bpkbbelakang-maf;2025052322018031884842_bpkbbelakang-maf_Applicant.jpeg
stnkpajak-maf;2025052322018031884842_stnkpajak-maf_Applicant.jpeg
unitdepankanan-maf;2025052322018031884842_unitdepankanan-maf_Applicant.jpeg
unitdepankiri-maf;2025052322018031884842_unitdepankiri-maf_Applicant.jpeg
salaryslip-maf;2025052322018031884842_salaryslip-maf_Applicant.jpeg
nomorrumah-maf;2025052322018031884842_nomorrumah-maf_Applicant.jpeg
dalamrumah-maf;2025052322018031884842_dalamrumah-maf_Applicant.jpeg
buktipenghasilanusaha-maf;2025052322018031884842_buktipenghasilanusaha-maf_Applicant.jpeg
perizinanusaha-maf;2025052322018031884842_perizinanusaha-maf_Applicant.jpeg
buktikepemilikanusaha-maf;2025052322018031884842_buktikepemilikanusaha-maf_Applicant.jpeg
rangkanomesin-maf;2025052322018031884842_rangkanomesin-maf_Applicant.jpeg
pbbrekening-maf;2025052322024007777981_pbbrekening-maf_Applicant.jpeg
kksuratnikah-maf;2025052322024007777981_kksuratnikah-maf_Applicant.jpeg
halamandepanbukutabungan-maf;2025052322024007777981_halamandepanbukutabungan-maf_Applicant.jpeg
fpkbelakang-maf;2025052322024007777981_fpkbelakang-maf_Applicant.jpeg
fpkdepan-maf;2025052322024007777981_fpkdepan-maf_Applicant.jpeg
fpkdepan-maf;2025052022024633095072_fpkdepan-maf_Applicant.jpeg
tempatusahadepan-maf;2025052022024633095072_tempatusahadepan-maf_Applicant.jpeg
rumahdepan-maf;2025052022024633095072_rumahdepan-maf_Applicant.jpeg
pasanganttdcmo-maf;2025052022024633095072_pasanganttdcmo-maf_Applicant.jpeg
nasabahttdcmo-maf;2025052022024633095072_nasabahttdcmo-maf_Applicant.jpeg
allobank-maf;2025052022024633095072_allobank-maf_Applicant.jpeg
rumahjalan-maf;2025052022024633095072_rumahjalan-maf_Applicant.jpeg
bpkbdepan-maf;2025052022024633095072_bpkbdepan-maf_Applicant.jpeg
bpkbbelakang-maf;2025052022024633095072_bpkbbelakang-maf_Applicant.jpeg
stnkpajak-maf;2025052022024633095072_stnkpajak-maf_Applicant.jpeg
unitdepankanan-maf;2025052022024633095072_unitdepankanan-maf_Applicant.jpeg
unitdepankiri-maf;2025052022024633095072_unitdepankiri-maf_Applicant.jpeg
salaryslip-maf;2025052022024633095072_salaryslip-maf_Applicant.jpeg
nomorrumah-maf;2025052022024633095072_nomorrumah-maf_Applicant.jpeg
dalamrumah-maf;2025052022024633095072_dalamrumah-maf_Applicant.jpeg
rangkanomesin-maf;2025052022024633095072_rangkanomesin-maf_Applicant.jpeg
pbbrekening-maf;2025052322022744260010_pbbrekening-maf_Applicant.jpeg
kksuratnikah-maf;2025052322022744260010_kksuratnikah-maf_Applicant.jpeg
halamandepanbukutabungan-maf;2025052322022744260010_halamandepanbukutabungan-maf_Applicant.jpeg
fpkbelakang-maf;2025052322022744260010_fpkbelakang-maf_Applicant.jpeg
fpkdepan-maf;2025052322022744260010_fpkdepan-maf_Applicant.jpeg
tempatusahadepan-maf;2025052322022744260010_tempatusahadepan-maf_Applicant.jpeg
rumahdepan-maf;2025052322022744260010_rumahdepan-maf_Applicant.jpeg
pasanganttdcmo-maf;2025052322022744260010_pasanganttdcmo-maf_Applicant.jpeg
nasabahttdcmo-maf;2025052322022744260010_nasabahttdcmo-maf_Applicant.jpeg
allobank-maf;2025052322022744260010_allobank-maf_Applicant.jpeg
rumahjalan-maf;2025052322022744260010_rumahjalan-maf_Applicant.jpeg
bpkbdepan-maf;2025052322022744260010_bpkbdepan-maf_Applicant.jpeg
bpkbbelakang-maf;2025052322022744260010_bpkbbelakang-maf_Applicant.jpeg
stnkpajak-maf;2025052322022744260010_stnkpajak-maf_Applicant.jpeg
unitdepankanan-maf;2025052322022744260010_unitdepankanan-maf_Applicant.jpeg
unitdepankiri-maf;2025052322022744260010_unitdepankiri-maf_Applicant.jpeg
salaryslip-maf;2025052322022744260010_salaryslip-maf_Applicant.jpeg
nomorrumah-maf;2025052322022744260010_nomorrumah-maf_Applicant.jpeg
dalamrumah-maf;2025052322022744260010_dalamrumah-maf_Applicant.jpeg
buktipenghasilanusaha-maf;2025052322022744260010_buktipenghasilanusaha-maf_Applicant.jpeg
perizinanusaha-maf;2025052322022744260010_perizinanusaha-maf_Applicant.jpeg
buktikepemilikanusaha-maf;2025052322022744260010_buktikepemilikanusaha-maf_Applicant.jpeg
rangkanomesin-maf;2025052322022744260010_rangkanomesin-maf_Applicant.jpeg
pbbrekening-maf;2025052322024511932387_pbbrekening-maf_Applicant.jpeg
nomorrumah-maf;2025052322024511932387_nomorrumah-maf_Applicant.jpeg
dalamrumah-maf;2025052322024511932387_dalamrumah-maf_Applicant.jpeg
buktipenghasilanusaha-maf;2025052322024511932387_buktipenghasilanusaha-maf_Applicant.jpeg
perizinanusaha-maf;2025052322024511932387_perizinanusaha-maf_Applicant.jpeg
buktikepemilikanusaha-maf;2025052322024511932387_buktikepemilikanusaha-maf_Applicant.jpeg
rangkanomesin-maf;2025052322024511932387_rangkanomesin-maf_Applicant.jpeg
pbbrekening-maf;2025052422023070432631_pbbrekening-maf_Applicant.jpeg
kksuratnikah-maf;2025052422023070432631_kksuratnikah-maf_Applicant.jpeg
halamandepanbukutabungan-maf;2025052422023070432631_halamandepanbukutabungan-maf_Applicant.jpeg
fpkbelakang-maf;2025052422023070432631_fpkbelakang-maf_Applicant.jpeg
fpkdepan-maf;2025052422023070432631_fpkdepan-maf_Applicant.jpeg
tempatusahadepan-maf;2025052422023070432631_tempatusahadepan-maf_Applicant.jpeg
rumahdepan-maf;2025052422023070432631_rumahdepan-maf_Applicant.jpeg
pasanganttdcmo-maf;2025052422023070432631_pasanganttdcmo-maf_Applicant.jpeg
nasabahttdcmo-maf;2025052422023070432631_nasabahttdcmo-maf_Applicant.jpeg
allobank-maf;2025052422023070432631_allobank-maf_Applicant.jpeg
rumahjalan-maf;2025052422023070432631_rumahjalan-maf_Applicant.jpeg
bpkbdepan-maf;2025052422023070432631_bpkbdepan-maf_Applicant.jpeg
bpkbbelakang-maf;2025052422023070432631_bpkbbelakang-maf_Applicant.jpeg
stnkpajak-maf;2025052422023070432631_stnkpajak-maf_Applicant.jpeg
unitdepankanan-maf;2025052422023070432631_unitdepankanan-maf_Applicant.jpeg
unitdepankiri-maf;2025052422023070432631_unitdepankiri-maf_Applicant.jpeg
salaryslip-maf;2025052422023070432631_salaryslip-maf_Applicant.jpeg
nomorrumah-maf;2025052422023070432631_nomorrumah-maf_Applicant.jpeg
dalamrumah-maf;2025052422023070432631_dalamrumah-maf_Applicant.jpeg
rangkanomesin-maf;2025052422023070432631_rangkanomesin-maf_Applicant.jpeg
rumahjalan-maf;2025052622022162984802_rumahjalan-maf_Applicant.jpeg
bpkbdepan-maf;2025052622022162984802_bpkbdepan-maf_Applicant.jpeg
bpkbbelakang-maf;2025052622022162984802_bpkbbelakang-maf_Applicant.jpeg
stnkpajak-maf;2025052622022162984802_stnkpajak-maf_Applicant.jpeg
unitdepankanan-maf;2025052622022162984802_unitdepankanan-maf_Applicant.jpeg
unitdepankiri-maf;2025052622022162984802_unitdepankiri-maf_Applicant.jpeg
salaryslip-maf;2025052622022162984802_salaryslip-maf_Applicant.jpeg
nomorrumah-maf;2025052622022162984802_nomorrumah-maf_Applicant.jpeg
dalamrumah-maf;2025052622022162984802_dalamrumah-maf_Applicant.jpeg
rangkanomesin-maf;2025052622022162984802_rangkanomesin-maf_Applicant.jpeg
pbbrekening-maf;2025052522024227944350_pbbrekening-maf_Applicant.jpeg
kksuratnikah-maf;2025052522024227944350_kksuratnikah-maf_Applicant.jpeg
halamandepanbukutabungan-maf;2025052522024227944350_halamandepanbukutabungan-maf_Applicant.jpeg
fpkbelakang-maf;2025052522024227944350_fpkbelakang-maf_Applicant.jpeg
fpkdepan-maf;2025052522024227944350_fpkdepan-maf_Applicant.jpeg
bpkbbelakang-maf;2025052622023267374304_bpkbbelakang-maf_Applicant.jpeg
stnkpajak-maf;2025052622023267374304_stnkpajak-maf_Applicant.jpeg
unitdepankanan-maf;2025052622023267374304_unitdepankanan-maf_Applicant.jpeg
unitdepankiri-maf;2025052622023267374304_unitdepankiri-maf_Applicant.jpeg
salaryslip-maf;2025052622023267374304_salaryslip-maf_Applicant.jpeg
nomorrumah-maf;2025052622023267374304_nomorrumah-maf_Applicant.jpeg
dalamrumah-maf;2025052622023267374304_dalamrumah-maf_Applicant.jpeg
rangkanomesin-maf;2025052622023267374304_rangkanomesin-maf_Applicant.jpeg
pbbrekening-maf;2025052622022162984802_pbbrekening-maf_Applicant.jpeg
kksuratnikah-maf;2025052622022162984802_kksuratnikah-maf_Applicant.jpeg
halamandepanbukutabungan-maf;2025052622022162984802_halamandepanbukutabungan-maf_Applicant.jpeg
fpkbelakang-maf;2025052622022162984802_fpkbelakang-maf_Applicant.jpeg
fpkdepan-maf;2025052622022162984802_fpkdepan-maf_Applicant.jpeg
tempatusahadepan-maf;2025052622022162984802_tempatusahadepan-maf_Applicant.jpeg
rumahdepan-maf;2025052622022162984802_rumahdepan-maf_Applicant.jpeg
pasanganttdcmo-maf;2025052622022162984802_pasanganttdcmo-maf_Applicant.jpeg
nasabahttdcmo-maf;2025052622022162984802_nasabahttdcmo-maf_Applicant.jpeg
allobank-maf;2025052622022162984802_allobank-maf_Applicant.jpeg
rumahdepan-maf;2025052422024243531751_rumahdepan-maf_Applicant.jpeg
pasanganttdcmo-maf;2025052422024243531751_pasanganttdcmo-maf_Applicant.jpeg
nasabahttdcmo-maf;2025052422024243531751_nasabahttdcmo-maf_Applicant.jpeg
allobank-maf;2025052422024243531751_allobank-maf_Applicant.jpeg
rumahjalan-maf;2025052422024243531751_rumahjalan-maf_Applicant.jpeg
bpkbdepan-maf;2025052422024243531751_bpkbdepan-maf_Applicant.jpeg
bpkbbelakang-maf;2025052422024243531751_bpkbbelakang-maf_Applicant.jpeg
stnkpajak-maf;2025052422024243531751_stnkpajak-maf_Applicant.jpeg
unitdepankanan-maf;2025052422024243531751_unitdepankanan-maf_Applicant.jpeg
unitdepankiri-maf;2025052422024243531751_unitdepankiri-maf_Applicant.jpeg
salaryslip-maf;2025052422024243531751_salaryslip-maf_Applicant.jpeg
nomorrumah-maf;2025052422024243531751_nomorrumah-maf_Applicant.jpeg
dalamrumah-maf;2025052422024243531751_dalamrumah-maf_Applicant.jpeg
buktipenghasilanusaha-maf;2025052422024243531751_buktipenghasilanusaha-maf_Applicant.jpeg
salaryslip-maf;2025052722022697788936_salaryslip-maf_Applicant.jpeg
nomorrumah-maf;2025052722022697788936_nomorrumah-maf_Applicant.jpeg
dalamrumah-maf;2025052722022697788936_dalamrumah-maf_Applicant.jpeg
rangkanomesin-maf;2025052722022697788936_rangkanomesin-maf_Applicant.jpeg
pbbrekening-maf;2025052722021298133756_pbbrekening-maf_Applicant.jpeg
kksuratnikah-maf;2025052722021298133756_kksuratnikah-maf_Applicant.jpeg
halamandepanbukutabungan-maf;2025052722021298133756_halamandepanbukutabungan-maf_Applicant.jpeg
fpkbelakang-maf;2025052722021298133756_fpkbelakang-maf_Applicant.jpeg
fpkdepan-maf;2025052722021298133756_fpkdepan-maf_Applicant.jpeg
tempatusahadepan-maf;2025052722021298133756_tempatusahadepan-maf_Applicant.jpeg
rumahdepan-maf;2025052722021298133756_rumahdepan-maf_Applicant.jpeg
perizinanusaha-maf;2025052422024243531751_perizinanusaha-maf_Applicant.jpeg
buktikepemilikanusaha-maf;2025052422024243531751_buktikepemilikanusaha-maf_Applicant.jpeg
rangkanomesin-maf;2025052422024243531751_rangkanomesin-maf_Applicant.jpeg
pbbrekening-maf;2025052622025120230503_pbbrekening-maf_Applicant.jpeg
kksuratnikah-maf;2025052622025120230503_kksuratnikah-maf_Applicant.jpeg
halamandepanbukutabungan-maf;2025052622025120230503_halamandepanbukutabungan-maf_Applicant.jpeg
fpkbelakang-maf;2025052622025120230503_fpkbelakang-maf_Applicant.jpeg
fpkdepan-maf;2025052622025120230503_fpkdepan-maf_Applicant.jpeg
tempatusahadepan-maf;2025052622025120230503_tempatusahadepan-maf_Applicant.jpeg
rumahdepan-maf;2025052622025120230503_rumahdepan-maf_Applicant.jpeg
pasanganttdcmo-maf;2025052622025120230503_pasanganttdcmo-maf_Applicant.jpeg
nasabahttdcmo-maf;2025052622025120230503_nasabahttdcmo-maf_Applicant.jpeg
allobank-maf;2025052622025120230503_allobank-maf_Applicant.jpeg
rumahjalan-maf;2025052622025120230503_rumahjalan-maf_Applicant.jpeg
bpkbdepan-maf;2025052622025120230503_bpkbdepan-maf_Applicant.jpeg
bpkbbelakang-maf;2025052622025120230503_bpkbbelakang-maf_Applicant.jpeg
stnkpajak-maf;2025052622025120230503_stnkpajak-maf_Applicant.jpeg
unitdepankanan-maf;2025052622025120230503_unitdepankanan-maf_Applicant.jpeg
unitdepankiri-maf;2025052622025120230503_unitdepankiri-maf_Applicant.jpeg
salaryslip-maf;2025052622025120230503_salaryslip-maf_Applicant.jpeg
nomorrumah-maf;2025052622025120230503_nomorrumah-maf_Applicant.jpeg
dalamrumah-maf;2025052622025120230503_dalamrumah-maf_Applicant.jpeg
rangkanomesin-maf;2025052622025120230503_rangkanomesin-maf_Applicant.jpeg
pbbrekening-maf;2025052322024150378337_pbbrekening-maf_Applicant.jpeg
kksuratnikah-maf;2025052322024150378337_kksuratnikah-maf_Applicant.jpeg
halamandepanbukutabungan-maf;2025052322024150378337_halamandepanbukutabungan-maf_Applicant.jpeg
fpkbelakang-maf;2025052322024150378337_fpkbelakang-maf_Applicant.jpeg
fpkdepan-maf;2025052322024150378337_fpkdepan-maf_Applicant.jpeg
tempatusahadepan-maf;2025052322024150378337_tempatusahadepan-maf_Applicant.jpeg
rumahdepan-maf;2025052322024150378337_rumahdepan-maf_Applicant.jpeg
pasanganttdcmo-maf;2025052322024150378337_pasanganttdcmo-maf_Applicant.jpeg
nasabahttdcmo-maf;2025052322024150378337_nasabahttdcmo-maf_Applicant.jpeg
allobank-maf;2025052322024150378337_allobank-maf_Applicant.jpeg
rumahjalan-maf;2025052322024150378337_rumahjalan-maf_Applicant.jpeg
bpkbdepan-maf;2025052322024150378337_bpkbdepan-maf_Applicant.jpeg
bpkbbelakang-maf;2025052322024150378337_bpkbbelakang-maf_Applicant.jpeg
stnkpajak-maf;2025052322024150378337_stnkpajak-maf_Applicant.jpeg
unitdepankanan-maf;2025052322024150378337_unitdepankanan-maf_Applicant.jpeg
unitdepankiri-maf;2025052322024150378337_unitdepankiri-maf_Applicant.jpeg
salaryslip-maf;2025052322024150378337_salaryslip-maf_Applicant.jpeg
nomorrumah-maf;2025052322024150378337_nomorrumah-maf_Applicant.jpeg
dalamrumah-maf;2025052322024150378337_dalamrumah-maf_Applicant.jpeg
buktipenghasilanusaha-maf;2025052322024150378337_buktipenghasilanusaha-maf_Applicant.jpeg
perizinanusaha-maf;2025052322024150378337_perizinanusaha-maf_Applicant.jpeg
buktikepemilikanusaha-maf;2025052322024150378337_buktikepemilikanusaha-maf_Applicant.jpeg
rangkanomesin-maf;2025052322024150378337_rangkanomesin-maf_Applicant.jpeg
kksuratnikah-maf;2025052722018041024288_kksuratnikah-maf_Applicant.jpeg
halamandepanbukutabungan-maf;2025052722018041024288_halamandepanbukutabungan-maf_Applicant.png
fpkbelakang-maf;2025052722018041024288_fpkbelakang-maf_Applicant.jpeg
fpkdepan-maf;2025052722018041024288_fpkdepan-maf_Applicant.jpeg
tempatusahadepan-maf;2025052722018041024288_tempatusahadepan-maf_Applicant.jpeg
rumahdepan-maf;2025052722018041024288_rumahdepan-maf_Applicant.jpeg
pasanganttdcmo-maf;2025052722018041024288_pasanganttdcmo-maf_Applicant.jpeg
nasabahttdcmo-maf;2025052722018041024288_nasabahttdcmo-maf_Applicant.jpeg
allobank-maf;2025052722018041024288_allobank-maf_Applicant.png
rumahjalan-maf;2025052722018041024288_rumahjalan-maf_Applicant.jpeg
bpkbdepan-maf;2025052722018041024288_bpkbdepan-maf_Applicant.jpeg
bpkbbelakang-maf;2025052722018041024288_bpkbbelakang-maf_Applicant.jpeg
stnkpajak-maf;2025052722018041024288_stnkpajak-maf_Applicant.jpeg
unitdepankanan-maf;2025052722018041024288_unitdepankanan-maf_Applicant.jpeg
unitdepankiri-maf;2025052722018041024288_unitdepankiri-maf_Applicant.jpeg
salaryslip-maf;2025052722018041024288_salaryslip-maf_Applicant.jpeg
nomorrumah-maf;2025052722018041024288_nomorrumah-maf_Applicant.jpeg
dalamrumah-maf;2025052722018041024288_dalamrumah-maf_Applicant.jpeg
rangkanomesin-maf;2025052722018041024288_rangkanomesin-maf_Applicant.jpeg
pbbrekening-maf;2025052722024217049898_pbbrekening-maf_Applicant.jpeg
kksuratnikah-maf;2025052722024217049898_kksuratnikah-maf_Applicant.jpeg
halamandepanbukutabungan-maf;2025052722024217049898_halamandepanbukutabungan-maf_Applicant.jpeg
fpkbelakang-maf;2025052722024217049898_fpkbelakang-maf_Applicant.jpeg
fpkdepan-maf;2025052722024217049898_fpkdepan-maf_Applicant.jpeg
tempatusahadepan-maf;2025052722024217049898_tempatusahadepan-maf_Applicant.jpeg
rumahdepan-maf;2025052722024217049898_rumahdepan-maf_Applicant.jpeg
pasanganttdcmo-maf;2025052722024217049898_pasanganttdcmo-maf_Applicant.jpeg
nasabahttdcmo-maf;2025052722024217049898_nasabahttdcmo-maf_Applicant.jpeg
allobank-maf;2025052722024217049898_allobank-maf_Applicant.jpeg
pbbrekening-maf;2025052422025030717389_pbbrekening-maf_Applicant.jpeg
kksuratnikah-maf;2025052422025030717389_kksuratnikah-maf_Applicant.jpeg
halamandepanbukutabungan-maf;2025052422025030717389_halamandepanbukutabungan-maf_Applicant.jpeg
fpkbelakang-maf;2025052422025030717389_fpkbelakang-maf_Applicant.jpeg
fpkdepan-maf;2025052422025030717389_fpkdepan-maf_Applicant.jpeg
tempatusahadepan-maf;2025052422025030717389_tempatusahadepan-maf_Applicant.jpeg
kksuratnikah-maf;2025052322024511932387_kksuratnikah-maf_Applicant.jpeg
halamandepanbukutabungan-maf;2025052322024511932387_halamandepanbukutabungan-maf_Applicant.jpeg
fpkbelakang-maf;2025052322024511932387_fpkbelakang-maf_Applicant.jpeg
fpkdepan-maf;2025052322024511932387_fpkdepan-maf_Applicant.jpeg
tempatusahadepan-maf;2025052322024511932387_tempatusahadepan-maf_Applicant.jpeg
rumahdepan-maf;2025052322024511932387_rumahdepan-maf_Applicant.jpeg
pasanganttdcmo-maf;2025052322024511932387_pasanganttdcmo-maf_Applicant.jpeg
nasabahttdcmo-maf;2025052322024511932387_nasabahttdcmo-maf_Applicant.jpeg
allobank-maf;2025052322024511932387_allobank-maf_Applicant.jpeg
rumahjalan-maf;2025052322024511932387_rumahjalan-maf_Applicant.jpeg
bpkbdepan-maf;2025052322024511932387_bpkbdepan-maf_Applicant.jpeg
bpkbbelakang-maf;2025052322024511932387_bpkbbelakang-maf_Applicant.jpeg
stnkpajak-maf;2025052322024511932387_stnkpajak-maf_Applicant.jpeg
unitdepankanan-maf;2025052322024511932387_unitdepankanan-maf_Applicant.jpeg
unitdepankiri-maf;2025052322024511932387_unitdepankiri-maf_Applicant.jpeg
salaryslip-maf;2025052322024511932387_salaryslip-maf_Applicant.jpeg
nomorrumah-maf;2025052422025030717389_nomorrumah-maf_Applicant.jpeg
pasanganttdcmo-maf;2025052422025030717389_pasanganttdcmo-maf_Applicant.jpeg
nasabahttdcmo-maf;2025052422025030717389_nasabahttdcmo-maf_Applicant.jpeg
allobank-maf;2025052422025030717389_allobank-maf_Applicant.jpeg
rumahjalan-maf;2025052422025030717389_rumahjalan-maf_Applicant.jpeg
bpkbdepan-maf;2025052422025030717389_bpkbdepan-maf_Applicant.jpeg
bpkbbelakang-maf;2025052422025030717389_bpkbbelakang-maf_Applicant.jpeg
stnkpajak-maf;2025052422025030717389_stnkpajak-maf_Applicant.jpeg
unitdepankanan-maf;2025052422025030717389_unitdepankanan-maf_Applicant.jpeg
unitdepankiri-maf;2025052422025030717389_unitdepankiri-maf_Applicant.jpeg
salaryslip-maf;2025052422025030717389_salaryslip-maf_Applicant.jpeg
nomorrumah-maf;2025052422025030717389_nomorrumah-maf_Applicant.jpeg
dalamrumah-maf;2025052422025030717389_dalamrumah-maf_Applicant.jpeg
buktipenghasilanusaha-maf;2025052422025030717389_buktipenghasilanusaha-maf_Applicant.jpeg
unitdepankanan-maf;2025052422024608163976_unitdepankanan-maf_Applicant.jpeg
unitdepankiri-maf;2025052422024608163976_unitdepankiri-maf_Applicant.jpeg
salaryslip-maf;2025052422024608163976_salaryslip-maf_Applicant.jpeg
nomorrumah-maf;2025052422024608163976_nomorrumah-maf_Applicant.jpeg
dalamrumah-maf;2025052422024608163976_dalamrumah-maf_Applicant.jpeg
rangkanomesin-maf;2025052422024608163976_rangkanomesin-maf_Applicant.jpeg
perizinanusaha-maf;2025052422025030717389_perizinanusaha-maf_Applicant.jpeg
buktikepemilikanusaha-maf;2025052422025030717389_buktikepemilikanusaha-maf_Applicant.jpeg
rangkanomesin-maf;2025052422025030717389_rangkanomesin-maf_Applicant.jpeg
pbbrekening-maf;2025052422024608163976_pbbrekening-maf_Applicant.jpeg
kksuratnikah-maf;2025052422024608163976_kksuratnikah-maf_Applicant.jpeg
halamandepanbukutabungan-maf;2025052422024608163976_halamandepanbukutabungan-maf_Applicant.jpeg
fpkbelakang-maf;2025052422024608163976_fpkbelakang-maf_Applicant.jpeg
fpkdepan-maf;2025052422024608163976_fpkdepan-maf_Applicant.jpeg
tempatusahadepan-maf;2025052422024608163976_tempatusahadepan-maf_Applicant.jpeg
rumahdepan-maf;2025052422024608163976_rumahdepan-maf_Applicant.jpeg
pasanganttdcmo-maf;2025052422024608163976_pasanganttdcmo-maf_Applicant.jpeg
nasabahttdcmo-maf;2025052422024608163976_nasabahttdcmo-maf_Applicant.jpeg
allobank-maf;2025052422024608163976_allobank-maf_Applicant.jpeg
rumahjalan-maf;2025052422024608163976_rumahjalan-maf_Applicant.jpeg
bpkbdepan-maf;2025052422024608163976_bpkbdepan-maf_Applicant.jpeg
bpkbbelakang-maf;2025052422024608163976_bpkbbelakang-maf_Applicant.jpeg
stnkpajak-maf;2025052422024608163976_stnkpajak-maf_Applicant.jpeg
halamandepanbukutabungan-maf;2025052322024016036227_halamandepanbukutabungan-maf_Applicant.jpeg
fpkbelakang-maf;2025052322024016036227_fpkbelakang-maf_Applicant.jpeg
fpkdepan-maf;2025052322024016036227_fpkdepan-maf_Applicant.jpeg
tempatusahadepan-maf;2025052322024016036227_tempatusahadepan-maf_Applicant.jpeg
rumahdepan-maf;2025052322024016036227_rumahdepan-maf_Applicant.jpeg
pasanganttdcmo-maf;2025052322024016036227_pasanganttdcmo-maf_Applicant.jpeg
nasabahttdcmo-maf;2025052322024016036227_nasabahttdcmo-maf_Applicant.jpeg
allobank-maf;2025052322024016036227_allobank-maf_Applicant.jpeg
rumahjalan-maf;2025052322024016036227_rumahjalan-maf_Applicant.jpeg
bpkbdepan-maf;2025052322024016036227_bpkbdepan-maf_Applicant.jpeg
bpkbbelakang-maf;2025052322024016036227_bpkbbelakang-maf_Applicant.jpeg
stnkpajak-maf;2025052322024016036227_stnkpajak-maf_Applicant.jpeg
unitdepankanan-maf;2025052322024016036227_unitdepankanan-maf_Applicant.jpeg
unitdepankiri-maf;2025052322024016036227_unitdepankiri-maf_Applicant.jpeg
salaryslip-maf;2025052322024016036227_salaryslip-maf_Applicant.jpeg
pbbrekening-maf;2025052322024016036227_pbbrekening-maf_Applicant.jpeg
kksuratnikah-maf;2025052322024016036227_kksuratnikah-maf_Applicant.jpeg
bpkbbelakang-maf;2025052222021394264477_bpkbbelakang-maf_Applicant.jpeg
stnkpajak-maf;2025052222021394264477_stnkpajak-maf_Applicant.jpeg
unitdepankanan-maf;2025052222021394264477_unitdepankanan-maf_Applicant.jpeg
unitdepankiri-maf;2025052222021394264477_unitdepankiri-maf_Applicant.jpeg
salaryslip-maf;2025052222021394264477_salaryslip-maf_Applicant.jpeg
nomorrumah-maf;2025052222021394264477_nomorrumah-maf_Applicant.jpeg
dalamrumah-maf;2025052222021394264477_dalamrumah-maf_Applicant.jpeg
rangkanomesin-maf;2025052222021394264477_rangkanomesin-maf_Applicant.jpeg
pbbrekening-maf;2025052322023503015496_pbbrekening-maf_Applicant.jpeg
kksuratnikah-maf;2025052322023503015496_kksuratnikah-maf_Applicant.jpeg
halamandepanbukutabungan-maf;2025052322023503015496_halamandepanbukutabungan-maf_Applicant.jpeg
fpkbelakang-maf;2025052322023503015496_fpkbelakang-maf_Applicant.jpeg
fpkdepan-maf;2025052322023503015496_fpkdepan-maf_Applicant.jpeg
tempatusahadepan-maf;2025052322023503015496_tempatusahadepan-maf_Applicant.jpeg
nomorrumah-maf;2025052322024016036227_nomorrumah-maf_Applicant.jpeg
dalamrumah-maf;2025052322024016036227_dalamrumah-maf_Applicant.jpeg
rangkanomesin-maf;2025052322024016036227_rangkanomesin-maf_Applicant.jpeg
pbbrekening-maf;2025052222021394264477_pbbrekening-maf_Applicant.jpeg
kksuratnikah-maf;2025052222021394264477_kksuratnikah-maf_Applicant.jpeg
halamandepanbukutabungan-maf;2025052222021394264477_halamandepanbukutabungan-maf_Applicant.jpeg
fpkbelakang-maf;2025052222021394264477_fpkbelakang-maf_Applicant.jpeg
fpkdepan-maf;2025052222021394264477_fpkdepan-maf_Applicant.jpeg
tempatusahadepan-maf;2025052222021394264477_tempatusahadepan-maf_Applicant.jpeg
rumahdepan-maf;2025052222021394264477_rumahdepan-maf_Applicant.jpeg
pasanganttdcmo-maf;2025052222021394264477_pasanganttdcmo-maf_Applicant.jpeg
nasabahttdcmo-maf;2025052222021394264477_nasabahttdcmo-maf_Applicant.jpeg
allobank-maf;2025052222021394264477_allobank-maf_Applicant.jpeg
rumahjalan-maf;2025052222021394264477_rumahjalan-maf_Applicant.jpeg
bpkbdepan-maf;2025052222021394264477_bpkbdepan-maf_Applicant.jpeg
pbbrekening-maf;2025052322021126038869_pbbrekening-maf_Applicant.jpeg
kksuratnikah-maf;2025052322021126038869_kksuratnikah-maf_Applicant.jpeg
halamandepanbukutabungan-maf;2025052322021126038869_halamandepanbukutabungan-maf_Applicant.jpeg
fpkbelakang-maf;2025052322021126038869_fpkbelakang-maf_Applicant.jpeg
fpkdepan-maf;2025052322021126038869_fpkdepan-maf_Applicant.jpeg
tempatusahadepan-maf;2025052322021126038869_tempatusahadepan-maf_Applicant.jpeg
rumahdepan-maf;2025052322021126038869_rumahdepan-maf_Applicant.jpeg
pasanganttdcmo-maf;2025052322021126038869_pasanganttdcmo-maf_Applicant.jpeg
nasabahttdcmo-maf;2025052322021126038869_nasabahttdcmo-maf_Applicant.jpeg
allobank-maf;2025052322021126038869_allobank-maf_Applicant.jpeg
rumahjalan-maf;2025052322021126038869_rumahjalan-maf_Applicant.jpeg
bpkbdepan-maf;2025052322021126038869_bpkbdepan-maf_Applicant.jpeg
bpkbbelakang-maf;2025052322021126038869_bpkbbelakang-maf_Applicant.jpeg
stnkpajak-maf;2025052322021126038869_stnkpajak-maf_Applicant.jpeg
unitdepankanan-maf;2025052322021126038869_unitdepankanan-maf_Applicant.jpeg
unitdepankiri-maf;2025052322021126038869_unitdepankiri-maf_Applicant.jpeg
salaryslip-maf;2025052322021126038869_salaryslip-maf_Applicant.jpeg
nomorrumah-maf;2025052322021126038869_nomorrumah-maf_Applicant.jpeg
dalamrumah-maf;2025052322021126038869_dalamrumah-maf_Applicant.jpeg
buktipenghasilanusaha-maf;2025052322021126038869_buktipenghasilanusaha-maf_Applicant.jpeg
perizinanusaha-maf;2025052322021126038869_perizinanusaha-maf_Applicant.jpeg
buktikepemilikanusaha-maf;2025052322021126038869_buktikepemilikanusaha-maf_Applicant.jpeg
rangkanomesin-maf;2025052322021126038869_rangkanomesin-maf_Applicant.jpeg
pbbrekening-maf;2025052322021056495985_pbbrekening-maf_Applicant.jpeg
kksuratnikah-maf;2025052322021056495985_kksuratnikah-maf_Applicant.jpeg
halamandepanbukutabungan-maf;2025052322021056495985_halamandepanbukutabungan-maf_Applicant.jpeg
fpkbelakang-maf;2025052322021056495985_fpkbelakang-maf_Applicant.jpeg
fpkdepan-maf;2025052322021056495985_fpkdepan-maf_Applicant.jpeg
tempatusahadepan-maf;2025052322021056495985_tempatusahadepan-maf_Applicant.jpeg
rumahdepan-maf;2025052322021056495985_rumahdepan-maf_Applicant.jpeg
rumahdepan-maf;2025052322023503015496_rumahdepan-maf_Applicant.jpeg
pasanganttdcmo-maf;2025052322023503015496_pasanganttdcmo-maf_Applicant.jpeg
nasabahttdcmo-maf;2025052322023503015496_nasabahttdcmo-maf_Applicant.jpeg
allobank-maf;2025052322023503015496_allobank-maf_Applicant.jpeg
rumahjalan-maf;2025052322023503015496_rumahjalan-maf_Applicant.jpeg
bpkbdepan-maf;2025052322023503015496_bpkbdepan-maf_Applicant.jpeg
bpkbbelakang-maf;2025052322023503015496_bpkbbelakang-maf_Applicant.jpeg
stnkpajak-maf;2025052322023503015496_stnkpajak-maf_Applicant.jpeg
unitdepankanan-maf;2025052322023503015496_unitdepankanan-maf_Applicant.jpeg
unitdepankiri-maf;2025052322023503015496_unitdepankiri-maf_Applicant.jpeg
salaryslip-maf;2025052322023503015496_salaryslip-maf_Applicant.jpeg
nomorrumah-maf;2025052322023503015496_nomorrumah-maf_Applicant.jpeg
dalamrumah-maf;2025052322023503015496_dalamrumah-maf_Applicant.jpeg
rangkanomesin-maf;2025052322023503015496_rangkanomesin-maf_Applicant.jpeg
pasanganttdcmo-maf;2025052322021056495985_pasanganttdcmo-maf_Applicant.jpeg
nasabahttdcmo-maf;2025052322021056495985_nasabahttdcmo-maf_Applicant.jpeg
allobank-maf;2025052322021056495985_allobank-maf_Applicant.jpeg
rumahjalan-maf;2025052322021056495985_rumahjalan-maf_Applicant.jpeg
bpkbdepan-maf;2025052322021056495985_bpkbdepan-maf_Applicant.jpeg
bpkbbelakang-maf;2025052322021056495985_bpkbbelakang-maf_Applicant.jpeg
stnkpajak-maf;2025052322021056495985_stnkpajak-maf_Applicant.jpeg
unitdepankanan-maf;2025052322021056495985_unitdepankanan-maf_Applicant.jpeg
unitdepankiri-maf;2025052322021056495985_unitdepankiri-maf_Applicant.jpeg
salaryslip-maf;2025052322021056495985_salaryslip-maf_Applicant.jpeg
nomorrumah-maf;2025052322021056495985_nomorrumah-maf_Applicant.jpeg
dalamrumah-maf;2025052322021056495985_dalamrumah-maf_Applicant.jpeg
buktipenghasilanusaha-maf;2025052322021056495985_buktipenghasilanusaha-maf_Applicant.jpeg
perizinanusaha-maf;2025052322021056495985_perizinanusaha-maf_Applicant.jpeg
buktikepemilikanusaha-maf;2025052322021056495985_buktikepemilikanusaha-maf_Applicant.jpeg
rangkanomesin-maf;2025052322021056495985_rangkanomesin-maf_Applicant.jpeg
pbbrekening-maf;2025052422020696832518_pbbrekening-maf_Applicant.jpeg
kksuratnikah-maf;2025052422020696832518_kksuratnikah-maf_Applicant.jpeg
halamandepanbukutabungan-maf;2025052422020696832518_halamandepanbukutabungan-maf_Applicant.jpeg
fpkbelakang-maf;2025052422020696832518_fpkbelakang-maf_Applicant.jpeg
fpkdepan-maf;2025052422020696832518_fpkdepan-maf_Applicant.jpeg
tempatusahadepan-maf;2025052422020696832518_tempatusahadepan-maf_Applicant.jpeg
rumahdepan-maf;2025052422020696832518_rumahdepan-maf_Applicant.jpeg
pasanganttdcmo-maf;2025052422020696832518_pasanganttdcmo-maf_Applicant.jpeg
nasabahttdcmo-maf;2025052422020696832518_nasabahttdcmo-maf_Applicant.jpeg
allobank-maf;2025052422020696832518_allobank-maf_Applicant.jpeg
rumahjalan-maf;2025052422020696832518_rumahjalan-maf_Applicant.jpeg
bpkbdepan-maf;2025052422020696832518_bpkbdepan-maf_Applicant.jpeg
bpkbbelakang-maf;2025052422020696832518_bpkbbelakang-maf_Applicant.jpeg
stnkpajak-maf;2025052422020696832518_stnkpajak-maf_Applicant.jpeg
unitdepankanan-maf;2025052422020696832518_unitdepankanan-maf_Applicant.jpeg
unitdepankiri-maf;2025052422020696832518_unitdepankiri-maf_Applicant.jpeg
salaryslip-maf;2025052422020696832518_salaryslip-maf_Applicant.jpeg
nomorrumah-maf;2025052422020696832518_nomorrumah-maf_Applicant.jpeg
dalamrumah-maf;2025052422020696832518_dalamrumah-maf_Applicant.jpeg
rangkanomesin-maf;2025052422020696832518_rangkanomesin-maf_Applicant.jpeg
rangkanomesin-maf;2025052722024386092937_rangkanomesin-maf_Applicant.jpeg
pasanganttdcmo-maf;2025052722024386092937_pasanganttdcmo-maf_Applicant.jpeg
nasabahttdcmo-maf;2025052722024386092937_nasabahttdcmo-maf_Applicant.jpeg
perizinanusaha-maf;2025052722024386092937_perizinanusaha-maf_Applicant.jpeg
pbbrekening-maf;2025052722016045775005_pbbrekening-maf_Applicant.jpeg
kksuratnikah-maf;2025052722016045775005_kksuratnikah-maf_Applicant.jpeg
salaryslip-maf;2025052722016045775005_salaryslip-maf_Applicant.jpeg
pbbrekening-maf;_pbbrekening-maf_Applicant.jpeg
kksuratnikah-maf;_kksuratnikah-maf_Applicant.jpeg
allobank-maf;2025052722016045775005_allobank-maf_Applicant.jpeg
salaryslip-maf;_salaryslip-maf_Applicant.jpeg
halamandepanbukutabungan-maf;2025052722016045775005_halamandepanbukutabungan-maf_Applicant.jpeg
allobank-maf;_allobank-maf_Applicant.jpeg
halamandepanbukutabungan-maf;_halamandepanbukutabungan-maf_Applicant.jpeg
fpkdepan-maf;2025052722016045775005_fpkdepan-maf_Applicant.jpeg
fpkdepan-maf;_fpkdepan-maf_Applicant.jpeg
fpkbelakang-maf;2025052722016045775005_fpkbelakang-maf_Applicant.jpeg
fpkbelakang-maf;_fpkbelakang-maf_Applicant.jpeg
nomorrumah-maf;_nomorrumah-maf_Applicant.jpeg
bpkbdepan-maf;2025052622022137372433_bpkbdepan-maf_Applicant.jpeg
bpkbbelakang-maf;2025052622022137372433_bpkbbelakang-maf_Applicant.jpeg
stnkpajak-maf;2025052622022137372433_stnkpajak-maf_Applicant.jpeg
unitdepankanan-maf;2025052622022137372433_unitdepankanan-maf_Applicant.jpeg
unitdepankiri-maf;2025052622022137372433_unitdepankiri-maf_Applicant.jpeg
salaryslip-maf;2025052622022137372433_salaryslip-maf_Applicant.jpeg
nomorrumah-maf;2025052622022137372433_nomorrumah-maf_Applicant.jpeg
dalamrumah-maf;2025052622022137372433_dalamrumah-maf_Applicant.jpeg
rangkanomesin-maf;2025052622022137372433_rangkanomesin-maf_Applicant.jpeg
pbbrekening-maf;2025052622022137372433_pbbrekening-maf_Applicant.jpeg
kksuratnikah-maf;2025052622022137372433_kksuratnikah-maf_Applicant.jpeg
halamandepanbukutabungan-maf;2025052622022137372433_halamandepanbukutabungan-maf_Applicant.jpeg
fpkbelakang-maf;2025052622022137372433_fpkbelakang-maf_Applicant.jpeg
fpkdepan-maf;2025052622022137372433_fpkdepan-maf_Applicant.jpeg
tempatusahadepan-maf;2025052622022137372433_tempatusahadepan-maf_Applicant.jpeg
rumahdepan-maf;2025052622022137372433_rumahdepan-maf_Applicant.jpeg
pasanganttdcmo-maf;2025052622022137372433_pasanganttdcmo-maf_Applicant.jpeg
nasabahttdcmo-maf;2025052622022137372433_nasabahttdcmo-maf_Applicant.jpeg
allobank-maf;2025052622022137372433_allobank-maf_Applicant.jpeg
rumahjalan-maf;2025052622022137372433_rumahjalan-maf_Applicant.jpeg
pbbrekening-maf;2025052622024422643033_pbbrekening-maf_Applicant.jpeg
kksuratnikah-maf;2025052622024422643033_kksuratnikah-maf_Applicant.jpeg
halamandepanbukutabungan-maf;2025052622024422643033_halamandepanbukutabungan-maf_Applicant.jpeg
fpkbelakang-maf;2025052622024422643033_fpkbelakang-maf_Applicant.jpeg
fpkdepan-maf;2025052622024422643033_fpkdepan-maf_Applicant.jpeg
tempatusahadepan-maf;2025052622024422643033_tempatusahadepan-maf_Applicant.jpeg
rumahdepan-maf;2025052622024422643033_rumahdepan-maf_Applicant.jpeg
pasanganttdcmo-maf;2025052622024422643033_pasanganttdcmo-maf_Applicant.jpeg
nasabahttdcmo-maf;2025052622024422643033_nasabahttdcmo-maf_Applicant.jpeg
allobank-maf;2025052622024422643033_allobank-maf_Applicant.jpeg
rumahjalan-maf;2025052622024422643033_rumahjalan-maf_Applicant.jpeg
salaryslip-maf;2025052622024422643033_salaryslip-maf_Applicant.jpeg
nomorrumah-maf;2025052622024422643033_nomorrumah-maf_Applicant.jpeg
dalamrumah-maf;2025052622024422643033_dalamrumah-maf_Applicant.jpeg
pricelist-maf;2025052622024422643033_pricelist-maf_Applicant.jpeg
pbbrekening-maf;2025052522015199748479_pbbrekening-maf_Applicant.jpeg
kksuratnikah-maf;2025052522015199748479_kksuratnikah-maf_Applicant.jpeg
halamandepanbukutabungan-maf;2025052522015199748479_halamandepanbukutabungan-maf_Applicant.jpeg
fpkbelakang-maf;2025052522015199748479_fpkbelakang-maf_Applicant.jpeg
fpkdepan-maf;2025052522015199748479_fpkdepan-maf_Applicant.jpeg
tempatusahadepan-maf;2025052522015199748479_tempatusahadepan-maf_Applicant.jpeg
rumahdepan-maf;2025052522015199748479_rumahdepan-maf_Applicant.jpeg
pasanganttdcmo-maf;2025052522015199748479_pasanganttdcmo-maf_Applicant.jpeg
nasabahttdcmo-maf;2025052522015199748479_nasabahttdcmo-maf_Applicant.jpeg
allobank-maf;2025052522015199748479_allobank-maf_Applicant.jpeg
rumahjalan-maf;2025052522015199748479_rumahjalan-maf_Applicant.jpeg
bpkbdepan-maf;2025052522015199748479_bpkbdepan-maf_Applicant.jpeg
bpkbbelakang-maf;2025052522015199748479_bpkbbelakang-maf_Applicant.jpeg
stnkpajak-maf;2025052522015199748479_stnkpajak-maf_Applicant.jpeg
unitdepankanan-maf;2025052522015199748479_unitdepankanan-maf_Applicant.jpeg
unitdepankiri-maf;2025052522015199748479_unitdepankiri-maf_Applicant.jpeg
salaryslip-maf;2025052522015199748479_salaryslip-maf_Applicant.jpeg
nomorrumah-maf;2025052522015199748479_nomorrumah-maf_Applicant.jpeg
dalamrumah-maf;2025052522015199748479_dalamrumah-maf_Applicant.jpeg
rangkanomesin-maf;2025052522015199748479_rangkanomesin-maf_Applicant.jpeg
pbbrekening-maf;2025052322024608175312_pbbrekening-maf_Applicant.jpeg
kksuratnikah-maf;2025052322024608175312_kksuratnikah-maf_Applicant.jpeg
halamandepanbukutabungan-maf;2025052322024608175312_halamandepanbukutabungan-maf_Applicant.jpeg
fpkbelakang-maf;2025052322024608175312_fpkbelakang-maf_Applicant.jpeg
fpkdepan-maf;2025052322024608175312_fpkdepan-maf_Applicant.jpeg
tempatusahadepan-maf;2025052322024608175312_tempatusahadepan-maf_Applicant.jpeg
rumahdepan-maf;2025052322024608175312_rumahdepan-maf_Applicant.jpeg
pasanganttdcmo-maf;2025052322024608175312_pasanganttdcmo-maf_Applicant.jpeg
nasabahttdcmo-maf;2025052322024608175312_nasabahttdcmo-maf_Applicant.jpeg
allobank-maf;2025052322024608175312_allobank-maf_Applicant.jpeg
rumahjalan-maf;2025052322024608175312_rumahjalan-maf_Applicant.jpeg
bpkbdepan-maf;2025052322024608175312_bpkbdepan-maf_Applicant.jpeg
bpkbbelakang-maf;2025052322024608175312_bpkbbelakang-maf_Applicant.jpeg
stnkpajak-maf;2025052322024608175312_stnkpajak-maf_Applicant.jpeg
unitdepankanan-maf;2025052322024608175312_unitdepankanan-maf_Applicant.jpeg
unitdepankiri-maf;2025052322024608175312_unitdepankiri-maf_Applicant.jpeg
salaryslip-maf;2025052322024608175312_salaryslip-maf_Applicant.jpeg
nomorrumah-maf;2025052322024608175312_nomorrumah-maf_Applicant.jpeg
dalamrumah-maf;2025052322024608175312_dalamrumah-maf_Applicant.jpeg
rangkanomesin-maf;2025052322024608175312_rangkanomesin-maf_Applicant.jpeg
pbbrekening-maf;2025052622021394296996_pbbrekening-maf_Applicant.jpeg
kksuratnikah-maf;2025052622021394296996_kksuratnikah-maf_Applicant.jpeg
halamandepanbukutabungan-maf;2025052622021394296996_halamandepanbukutabungan-maf_Applicant.jpeg
fpkbelakang-maf;2025052622021394296996_fpkbelakang-maf_Applicant.jpeg
fpkdepan-maf;2025052622021394296996_fpkdepan-maf_Applicant.jpeg
tempatusahadepan-maf;2025052622021394296996_tempatusahadepan-maf_Applicant.jpeg
rumahdepan-maf;2025052622021394296996_rumahdepan-maf_Applicant.jpeg
pasanganttdcmo-maf;2025052622021394296996_pasanganttdcmo-maf_Applicant.jpeg
nasabahttdcmo-maf;2025052622021394296996_nasabahttdcmo-maf_Applicant.jpeg
allobank-maf;2025052622021394296996_allobank-maf_Applicant.jpeg
rumahjalan-maf;2025052622021394296996_rumahjalan-maf_Applicant.jpeg
bpkbdepan-maf;2025052622021394296996_bpkbdepan-maf_Applicant.jpeg
bpkbbelakang-maf;2025052622021394296996_bpkbbelakang-maf_Applicant.jpeg
stnkpajak-maf;2025052622021394296996_stnkpajak-maf_Applicant.jpeg
unitdepankanan-maf;2025052622021394296996_unitdepankanan-maf_Applicant.jpeg
unitdepankiri-maf;2025052622021394296996_unitdepankiri-maf_Applicant.jpeg
salaryslip-maf;2025052622021394296996_salaryslip-maf_Applicant.jpeg
rumahdepan-maf;2025052622023061077910_rumahdepan-maf_Applicant.jpeg
pasanganttdcmo-maf;2025052622023061077910_pasanganttdcmo-maf_Applicant.jpeg
nasabahttdcmo-maf;2025052622023061077910_nasabahttdcmo-maf_Applicant.jpeg
allobank-maf;2025052622023061077910_allobank-maf_Applicant.jpeg
rumahjalan-maf;2025052622023061077910_rumahjalan-maf_Applicant.jpeg
bpkbdepan-maf;2025052622023061077910_bpkbdepan-maf_Applicant.jpeg
bpkbbelakang-maf;2025052622023061077910_bpkbbelakang-maf_Applicant.jpeg
stnkpajak-maf;2025052622023061077910_stnkpajak-maf_Applicant.jpeg
unitdepankanan-maf;2025052622023061077910_unitdepankanan-maf_Applicant.jpeg
unitdepankiri-maf;2025052622023061077910_unitdepankiri-maf_Applicant.jpeg
salaryslip-maf;2025052622023061077910_salaryslip-maf_Applicant.jpeg
nomorrumah-maf;2025052622023061077910_nomorrumah-maf_Applicant.jpeg
dalamrumah-maf;2025052622023061077910_dalamrumah-maf_Applicant.jpeg
rangkanomesin-maf;2025052622023061077910_rangkanomesin-maf_Applicant.jpeg
pbbrekening-maf;2025052022024229099135_pbbrekening-maf_Applicant.jpeg
kksuratnikah-maf;2025052022024229099135_kksuratnikah-maf_Applicant.jpeg
halamandepanbukutabungan-maf;2025052022024229099135_halamandepanbukutabungan-maf_Applicant.jpeg
fpkbelakang-maf;2025052022024229099135_fpkbelakang-maf_Applicant.jpeg
fpkdepan-maf;2025052022024229099135_fpkdepan-maf_Applicant.jpeg
tempatusahadepan-maf;2025052022024229099135_tempatusahadepan-maf_Applicant.jpeg
rumahdepan-maf;2025052022024229099135_rumahdepan-maf_Applicant.jpeg
pasanganttdcmo-maf;2025052022024229099135_pasanganttdcmo-maf_Applicant.jpeg
nasabahttdcmo-maf;2025052022024229099135_nasabahttdcmo-maf_Applicant.jpeg
allobank-maf;2025052022024229099135_allobank-maf_Applicant.jpeg
rumahjalan-maf;2025052022024229099135_rumahjalan-maf_Applicant.jpeg
bpkbdepan-maf;2025052022024229099135_bpkbdepan-maf_Applicant.jpeg
bpkbbelakang-maf;2025052022024229099135_bpkbbelakang-maf_Applicant.jpeg
stnkpajak-maf;2025052022024229099135_stnkpajak-maf_Applicant.jpeg
unitdepankanan-maf;2025052022024229099135_unitdepankanan-maf_Applicant.jpeg
unitdepankiri-maf;2025052022024229099135_unitdepankiri-maf_Applicant.jpeg
salaryslip-maf;2025052022024229099135_salaryslip-maf_Applicant.jpeg
nomorrumah-maf;2025052022024229099135_nomorrumah-maf_Applicant.jpeg
dalamrumah-maf;2025052022024229099135_dalamrumah-maf_Applicant.jpeg
rangkanomesin-maf;2025052022024229099135_rangkanomesin-maf_Applicant.jpeg
pbbrekening-maf;2025052722021332412814_pbbrekening-maf_Applicant.jpeg
kksuratnikah-maf;2025052722021332412814_kksuratnikah-maf_Applicant.jpeg
halamandepanbukutabungan-maf;2025052722021332412814_halamandepanbukutabungan-maf_Applicant.jpeg
fpkbelakang-maf;2025052722021332412814_fpkbelakang-maf_Applicant.jpeg
fpkdepan-maf;2025052722021332412814_fpkdepan-maf_Applicant.jpeg
tempatusahadepan-maf;2025052722021332412814_tempatusahadepan-maf_Applicant.jpeg
rumahdepan-maf;2025052722021332412814_rumahdepan-maf_Applicant.jpeg
pasanganttdcmo-maf;2025052722021332412814_pasanganttdcmo-maf_Applicant.jpeg
tempatusahadepan-maf;2025052522024227944350_tempatusahadepan-maf_Applicant.jpeg
rumahdepan-maf;2025052522024227944350_rumahdepan-maf_Applicant.jpeg
pasanganttdcmo-maf;2025052522024227944350_pasanganttdcmo-maf_Applicant.jpeg
nasabahttdcmo-maf;2025052522024227944350_nasabahttdcmo-maf_Applicant.jpeg
allobank-maf;2025052522024227944350_allobank-maf_Applicant.jpeg
rumahjalan-maf;2025052522024227944350_rumahjalan-maf_Applicant.jpeg
bpkbdepan-maf;2025052522024227944350_bpkbdepan-maf_Applicant.jpeg
bpkbbelakang-maf;2025052522024227944350_bpkbbelakang-maf_Applicant.jpeg
stnkpajak-maf;2025052522024227944350_stnkpajak-maf_Applicant.jpeg
unitdepankanan-maf;2025052522024227944350_unitdepankanan-maf_Applicant.jpeg
unitdepankiri-maf;2025052522024227944350_unitdepankiri-maf_Applicant.jpeg
salaryslip-maf;2025052522024227944350_salaryslip-maf_Applicant.jpeg
nomorrumah-maf;2025052522024227944350_nomorrumah-maf_Applicant.jpeg
dalamrumah-maf;2025052522024227944350_dalamrumah-maf_Applicant.jpeg
rangkanomesin-maf;2025052522024227944350_rangkanomesin-maf_Applicant.jpeg
pbbrekening-maf;2025052422024243531751_pbbrekening-maf_Applicant.jpeg
kksuratnikah-maf;2025052422024243531751_kksuratnikah-maf_Applicant.jpeg
halamandepanbukutabungan-maf;2025052422024243531751_halamandepanbukutabungan-maf_Applicant.jpeg
fpkbelakang-maf;2025052422024243531751_fpkbelakang-maf_Applicant.jpeg
fpkdepan-maf;2025052422024243531751_fpkdepan-maf_Applicant.jpeg
tempatusahadepan-maf;2025052422024243531751_tempatusahadepan-maf_Applicant.jpeg
nomorrumah-maf;2025052622021394296996_nomorrumah-maf_Applicant.jpeg
dalamrumah-maf;2025052622021394296996_dalamrumah-maf_Applicant.jpeg
rangkanomesin-maf;2025052622021394296996_rangkanomesin-maf_Applicant.jpeg
pbbrekening-maf;2025052622024381851915_pbbrekening-maf_Applicant.jpeg
kksuratnikah-maf;2025052622024381851915_kksuratnikah-maf_Applicant.jpeg
halamandepanbukutabungan-maf;2025052622024381851915_halamandepanbukutabungan-maf_Applicant.jpeg
fpkbelakang-maf;2025052622024381851915_fpkbelakang-maf_Applicant.jpeg
fpkdepan-maf;2025052622024381851915_fpkdepan-maf_Applicant.jpeg
tempatusahadepan-maf;2025052622024381851915_tempatusahadepan-maf_Applicant.jpeg
rumahdepan-maf;2025052622024381851915_rumahdepan-maf_Applicant.jpeg
pasanganttdcmo-maf;2025052622024381851915_pasanganttdcmo-maf_Applicant.jpeg
nasabahttdcmo-maf;2025052622024381851915_nasabahttdcmo-maf_Applicant.jpeg
allobank-maf;2025052622024381851915_allobank-maf_Applicant.jpeg
rumahjalan-maf;2025052622024381851915_rumahjalan-maf_Applicant.jpeg
nasabahttdcmo-maf;2025052722021332412814_nasabahttdcmo-maf_Applicant.jpeg
allobank-maf;2025052722021332412814_allobank-maf_Applicant.jpeg
rumahjalan-maf;2025052722021332412814_rumahjalan-maf_Applicant.jpeg
bpkbdepan-maf;2025052722021332412814_bpkbdepan-maf_Applicant.jpeg
bpkbbelakang-maf;2025052722021332412814_bpkbbelakang-maf_Applicant.jpeg
stnkpajak-maf;2025052722021332412814_stnkpajak-maf_Applicant.jpeg
unitdepankanan-maf;2025052722021332412814_unitdepankanan-maf_Applicant.jpeg
unitdepankiri-maf;2025052722021332412814_unitdepankiri-maf_Applicant.jpeg
salaryslip-maf;2025052722021332412814_salaryslip-maf_Applicant.jpeg
nomorrumah-maf;2025052722021332412814_nomorrumah-maf_Applicant.jpeg
dalamrumah-maf;2025052722021332412814_dalamrumah-maf_Applicant.jpeg
rangkanomesin-maf;2025052722021332412814_rangkanomesin-maf_Applicant.jpeg
unitdepankanan-maf;2025052322017392072489_unitdepankanan-maf_Applicant.jpeg
unitdepankiri-maf;2025052322017392072489_unitdepankiri-maf_Applicant.jpeg
salaryslip-maf;2025052322017392072489_salaryslip-maf_Applicant.jpeg
nomorrumah-maf;2025052322017392072489_nomorrumah-maf_Applicant.jpeg
dalamrumah-maf;2025052322017392072489_dalamrumah-maf_Applicant.jpeg
buktipenghasilanusaha-maf;2025052322017392072489_buktipenghasilanusaha-maf_Applicant.jpeg
perizinanusaha-maf;2025052322017392072489_perizinanusaha-maf_Applicant.jpeg
buktikepemilikanusaha-maf;2025052322017392072489_buktikepemilikanusaha-maf_Applicant.jpeg
rangkanomesin-maf;2025052322017392072489_rangkanomesin-maf_Applicant.jpeg
pbbrekening-maf;2025052622020696824591_pbbrekening-maf_Applicant.jpeg
kksuratnikah-maf;2025052622020696824591_kksuratnikah-maf_Applicant.jpeg
halamandepanbukutabungan-maf;2025052622020696824591_halamandepanbukutabungan-maf_Applicant.jpeg
fpkbelakang-maf;2025052622020696824591_fpkbelakang-maf_Applicant.jpeg
fpkdepan-maf;2025052622020696824591_fpkdepan-maf_Applicant.jpeg
tempatusahadepan-maf;2025052622020696824591_tempatusahadepan-maf_Applicant.jpeg
rumahdepan-maf;2025052622020696824591_rumahdepan-maf_Applicant.jpeg
pasanganttdcmo-maf;2025052622020696824591_pasanganttdcmo-maf_Applicant.jpeg
nasabahttdcmo-maf;2025052622020696824591_nasabahttdcmo-maf_Applicant.jpeg
allobank-maf;2025052622020696824591_allobank-maf_Applicant.jpeg
rumahjalan-maf;2025052622020696824591_rumahjalan-maf_Applicant.jpeg
bpkbdepan-maf;2025052622020696824591_bpkbdepan-maf_Applicant.jpeg
bpkbbelakang-maf;2025052622020696824591_bpkbbelakang-maf_Applicant.jpeg
stnkpajak-maf;2025052622020696824591_stnkpajak-maf_Applicant.jpeg
unitdepankanan-maf;2025052622020696824591_unitdepankanan-maf_Applicant.jpeg
unitdepankiri-maf;2025052622020696824591_unitdepankiri-maf_Applicant.jpeg
salaryslip-maf;2025052622020696824591_salaryslip-maf_Applicant.jpeg
nomorrumah-maf;2025052622020696824591_nomorrumah-maf_Applicant.jpeg
dalamrumah-maf;2025052622020696824591_dalamrumah-maf_Applicant.jpeg
buktipenghasilanusaha-maf;2025052622020696824591_buktipenghasilanusaha-maf_Applicant.jpeg
perizinanusaha-maf;2025052622020696824591_perizinanusaha-maf_Applicant.jpeg
buktikepemilikanusaha-maf;2025052622020696824591_buktikepemilikanusaha-maf_Applicant.jpeg
rangkanomesin-maf;2025052622020696824591_rangkanomesin-maf_Applicant.jpeg
pbbrekening-maf;2025052722016076399818_pbbrekening-maf_Applicant.jpeg
kksuratnikah-maf;2025052722016076399818_kksuratnikah-maf_Applicant.jpeg
halamandepanbukutabungan-maf;2025052722016076399818_halamandepanbukutabungan-maf_Applicant.jpeg
fpkbelakang-maf;2025052722016076399818_fpkbelakang-maf_Applicant.jpeg
fpkdepan-maf;2025052722016076399818_fpkdepan-maf_Applicant.jpeg
pbbrekening-maf;2025052322017392072489_pbbrekening-maf_Applicant.jpeg
kksuratnikah-maf;2025052322017392072489_kksuratnikah-maf_Applicant.jpeg
halamandepanbukutabungan-maf;2025052322017392072489_halamandepanbukutabungan-maf_Applicant.jpeg
fpkbelakang-maf;2025052322017392072489_fpkbelakang-maf_Applicant.jpeg
fpkdepan-maf;2025052322017392072489_fpkdepan-maf_Applicant.jpeg
tempatusahadepan-maf;2025052322017392072489_tempatusahadepan-maf_Applicant.jpeg
rumahdepan-maf;2025052322017392072489_rumahdepan-maf_Applicant.jpeg
pasanganttdcmo-maf;2025052322017392072489_pasanganttdcmo-maf_Applicant.jpeg
nasabahttdcmo-maf;2025052322017392072489_nasabahttdcmo-maf_Applicant.jpeg
allobank-maf;2025052322017392072489_allobank-maf_Applicant.jpeg
rumahjalan-maf;2025052322017392072489_rumahjalan-maf_Applicant.jpeg
bpkbdepan-maf;2025052322017392072489_bpkbdepan-maf_Applicant.jpeg
bpkbbelakang-maf;2025052322017392072489_bpkbbelakang-maf_Applicant.jpeg
stnkpajak-maf;2025052322017392072489_stnkpajak-maf_Applicant.jpeg
tempatusahadepan-maf;2025052722016076399818_tempatusahadepan-maf_Applicant.jpeg
rumahdepan-maf;2025052722016076399818_rumahdepan-maf_Applicant.jpeg
pasanganttdcmo-maf;2025052722016076399818_pasanganttdcmo-maf_Applicant.jpeg
nasabahttdcmo-maf;2025052722016076399818_nasabahttdcmo-maf_Applicant.jpeg
allobank-maf;2025052722016076399818_allobank-maf_Applicant.jpeg
rumahjalan-maf;2025052722016076399818_rumahjalan-maf_Applicant.jpeg
bpkbdepan-maf;2025052722016076399818_bpkbdepan-maf_Applicant.jpeg
bpkbbelakang-maf;2025052722016076399818_bpkbbelakang-maf_Applicant.jpeg
stnkpajak-maf;2025052722016076399818_stnkpajak-maf_Applicant.jpeg
unitdepankanan-maf;2025052722016076399818_unitdepankanan-maf_Applicant.jpeg
unitdepankiri-maf;2025052722016076399818_unitdepankiri-maf_Applicant.jpeg
salaryslip-maf;2025052722016076399818_salaryslip-maf_Applicant.jpeg
nomorrumah-maf;2025052722016076399818_nomorrumah-maf_Applicant.jpeg
dalamrumah-maf;2025052722016076399818_dalamrumah-maf_Applicant.jpeg
rangkanomesin-maf;2025052722016076399818_rangkanomesin-maf_Applicant.jpeg
pbbrekening-maf;2025052722015002458496_pbbrekening-maf_Applicant.jpeg
kksuratnikah-maf;2025052722015002458496_kksuratnikah-maf_Applicant.jpeg
halamandepanbukutabungan-maf;2025052722015002458496_halamandepanbukutabungan-maf_Applicant.jpeg
fpkbelakang-maf;2025052722015002458496_fpkbelakang-maf_Applicant.jpeg
fpkdepan-maf;2025052722015002458496_fpkdepan-maf_Applicant.jpeg
nasabahttdcmo-maf;2025052722020547548332_nasabahttdcmo-maf_Applicant.jpeg
allobank-maf;2025052722020547548332_allobank-maf_Applicant.jpeg
rumahjalan-maf;2025052722020547548332_rumahjalan-maf_Applicant.jpeg
bpkbdepan-maf;2025052722020547548332_bpkbdepan-maf_Applicant.jpeg
bpkbbelakang-maf;2025052722020547548332_bpkbbelakang-maf_Applicant.jpeg
stnkpajak-maf;2025052722020547548332_stnkpajak-maf_Applicant.jpeg
unitdepankanan-maf;2025052722020547548332_unitdepankanan-maf_Applicant.jpeg
unitdepankiri-maf;2025052722020547548332_unitdepankiri-maf_Applicant.jpeg
salaryslip-maf;2025052722020547548332_salaryslip-maf_Applicant.jpeg
nomorrumah-maf;2025052722020547548332_nomorrumah-maf_Applicant.jpeg
dalamrumah-maf;2025052722020547548332_dalamrumah-maf_Applicant.jpeg
rangkanomesin-maf;2025052722020547548332_rangkanomesin-maf_Applicant.jpeg
pbbrekening-maf;2025052722024255927853_pbbrekening-maf_Applicant.jpeg
kksuratnikah-maf;2025052722024255927853_kksuratnikah-maf_Applicant.jpeg
halamandepanbukutabungan-maf;2025052722024255927853_halamandepanbukutabungan-maf_Applicant.jpeg
dalamrumah-maf;2025052722024255927853_dalamrumah-maf_Applicant.jpeg
rangkanomesin-maf;2025052722024255927853_rangkanomesin-maf_Applicant.jpeg
pbbrekening-maf;2025052722022697726933_pbbrekening-maf_Applicant.jpeg
kksuratnikah-maf;2025052722022697726933_kksuratnikah-maf_Applicant.jpeg
halamandepanbukutabungan-maf;2025052722022697726933_halamandepanbukutabungan-maf_Applicant.png
fpkbelakang-maf;2025052722022697726933_fpkbelakang-maf_Applicant.jpeg
fpkdepan-maf;2025052722022697726933_fpkdepan-maf_Applicant.jpeg
tempatusahadepan-maf;2025052722022697726933_tempatusahadepan-maf_Applicant.jpeg
rumahdepan-maf;2025052722022697726933_rumahdepan-maf_Applicant.jpeg
pasanganttdcmo-maf;2025052722022697726933_pasanganttdcmo-maf_Applicant.jpeg
nasabahttdcmo-maf;2025052722022697726933_nasabahttdcmo-maf_Applicant.jpeg
allobank-maf;2025052722022697726933_allobank-maf_Applicant.jpeg
rumahjalan-maf;2025052722022697726933_rumahjalan-maf_Applicant.jpeg
bpkbdepan-maf;2025052722022697726933_bpkbdepan-maf_Applicant.jpeg
bpkbbelakang-maf;2025052722022697726933_bpkbbelakang-maf_Applicant.jpeg
stnkpajak-maf;2025052722022697726933_stnkpajak-maf_Applicant.jpeg
unitdepankanan-maf;2025052722022697726933_unitdepankanan-maf_Applicant.jpeg
unitdepankiri-maf;2025052722022697726933_unitdepankiri-maf_Applicant.jpeg
salaryslip-maf;2025052722022697726933_salaryslip-maf_Applicant.jpeg
pbbrekening-maf;2025052622018041079801_pbbrekening-maf_Applicant.jpeg
kksuratnikah-maf;2025052622018041079801_kksuratnikah-maf_Applicant.jpeg
halamandepanbukutabungan-maf;2025052622018041079801_halamandepanbukutabungan-maf_Applicant.jpeg
fpkbelakang-maf;2025052622018041079801_fpkbelakang-maf_Applicant.jpeg
fpkdepan-maf;2025052622018041079801_fpkdepan-maf_Applicant.jpeg
tempatusahadepan-maf;2025052622018041079801_tempatusahadepan-maf_Applicant.jpeg
rumahdepan-maf;2025052622018041079801_rumahdepan-maf_Applicant.jpeg
pasanganttdcmo-maf;2025052622018041079801_pasanganttdcmo-maf_Applicant.jpeg
nasabahttdcmo-maf;2025052622018041079801_nasabahttdcmo-maf_Applicant.jpeg
allobank-maf;2025052622018041079801_allobank-maf_Applicant.jpeg
rumahjalan-maf;2025052622018041079801_rumahjalan-maf_Applicant.jpeg
bpkbdepan-maf;2025052622018041079801_bpkbdepan-maf_Applicant.jpeg
bpkbbelakang-maf;2025052622018041079801_bpkbbelakang-maf_Applicant.jpeg
stnkpajak-maf;2025052622018041079801_stnkpajak-maf_Applicant.jpeg
unitdepankanan-maf;2025052622018041079801_unitdepankanan-maf_Applicant.jpeg
unitdepankiri-maf;2025052622018041079801_unitdepankiri-maf_Applicant.jpeg
salaryslip-maf;2025052622018041079801_salaryslip-maf_Applicant.jpeg
nomorrumah-maf;2025052622018041079801_nomorrumah-maf_Applicant.jpeg
dalamrumah-maf;2025052622018041079801_dalamrumah-maf_Applicant.jpeg
buktipenghasilanusaha-maf;2025052622018041079801_buktipenghasilanusaha-maf_Applicant.jpeg
perizinanusaha-maf;2025052622018041079801_perizinanusaha-maf_Applicant.jpeg
buktikepemilikanusaha-maf;2025052622018041079801_buktikepemilikanusaha-maf_Applicant.jpeg
rangkanomesin-maf;2025052622018041079801_rangkanomesin-maf_Applicant.jpeg
pbbrekening-maf;2025052622023503062537_pbbrekening-maf_Applicant.jpeg
kksuratnikah-maf;2025052622023503062537_kksuratnikah-maf_Applicant.jpeg
halamandepanbukutabungan-maf;2025052622023503062537_halamandepanbukutabungan-maf_Applicant.jpeg
fpkbelakang-maf;2025052622023503062537_fpkbelakang-maf_Applicant.jpeg
fpkdepan-maf;2025052622023503062537_fpkdepan-maf_Applicant.jpeg
nomorrumah-maf;2025052722022697726933_nomorrumah-maf_Applicant.jpeg
dalamrumah-maf;2025052722022697726933_dalamrumah-maf_Applicant.jpeg
rangkanomesin-maf;2025052722022697726933_rangkanomesin-maf_Applicant.jpeg
tempatusahadepan-maf;2025052622023503062537_tempatusahadepan-maf_Applicant.jpeg
rumahdepan-maf;2025052622023503062537_rumahdepan-maf_Applicant.jpeg
pasanganttdcmo-maf;2025052622023503062537_pasanganttdcmo-maf_Applicant.jpeg
nasabahttdcmo-maf;2025052622023503062537_nasabahttdcmo-maf_Applicant.jpeg
allobank-maf;2025052622023503062537_allobank-maf_Applicant.jpeg
rumahjalan-maf;2025052622023503062537_rumahjalan-maf_Applicant.jpeg
bpkbdepan-maf;2025052622023503062537_bpkbdepan-maf_Applicant.jpeg
bpkbbelakang-maf;2025052622023503062537_bpkbbelakang-maf_Applicant.jpeg
stnkpajak-maf;2025052622023503062537_stnkpajak-maf_Applicant.jpeg
unitdepankanan-maf;2025052622023503062537_unitdepankanan-maf_Applicant.jpeg
unitdepankiri-maf;2025052622023503062537_unitdepankiri-maf_Applicant.jpeg
salaryslip-maf;2025052622023503062537_salaryslip-maf_Applicant.jpeg
nomorrumah-maf;2025052622023503062537_nomorrumah-maf_Applicant.jpeg
unitdepankiri-maf;2025052722022744212940_unitdepankiri-maf_Applicant.jpeg
salaryslip-maf;2025052722022744212940_salaryslip-maf_Applicant.jpeg
nomorrumah-maf;2025052722022744212940_nomorrumah-maf_Applicant.jpeg
dalamrumah-maf;2025052722022744212940_dalamrumah-maf_Applicant.jpeg
buktipenghasilanusaha-maf;2025052722022744212940_buktipenghasilanusaha-maf_Applicant.jpeg
perizinanusaha-maf;2025052722022744212940_perizinanusaha-maf_Applicant.jpeg
buktikepemilikanusaha-maf;2025052722022744212940_buktikepemilikanusaha-maf_Applicant.jpeg
rangkanomesin-maf;2025052722022744212940_rangkanomesin-maf_Applicant.jpeg
pbbrekening-maf;2025052722021349945904_pbbrekening-maf_Applicant.jpeg
kksuratnikah-maf;2025052722021349945904_kksuratnikah-maf_Applicant.jpeg
halamandepanbukutabungan-maf;2025052722021349945904_halamandepanbukutabungan-maf_Applicant.jpeg
fpkbelakang-maf;2025052722021349945904_fpkbelakang-maf_Applicant.jpeg
fpkdepan-maf;2025052722021349945904_fpkdepan-maf_Applicant.jpeg
tempatusahadepan-maf;2025052722021349945904_tempatusahadepan-maf_Applicant.jpeg
rumahdepan-maf;2025052722021349945904_rumahdepan-maf_Applicant.jpeg
pasanganttdcmo-maf;2025052722021349945904_pasanganttdcmo-maf_Applicant.jpeg
nasabahttdcmo-maf;2025052722021349945904_nasabahttdcmo-maf_Applicant.jpeg
allobank-maf;2025052722021349945904_allobank-maf_Applicant.jpeg
rumahjalan-maf;2025052722021349945904_rumahjalan-maf_Applicant.jpeg
bpkbdepan-maf;2025052722021349945904_bpkbdepan-maf_Applicant.jpeg
bpkbbelakang-maf;2025052722021349945904_bpkbbelakang-maf_Applicant.jpeg
stnkpajak-maf;2025052722021349945904_stnkpajak-maf_Applicant.jpeg
unitdepankanan-maf;2025052722021349945904_unitdepankanan-maf_Applicant.jpeg
unitdepankiri-maf;2025052722021349945904_unitdepankiri-maf_Applicant.jpeg
salaryslip-maf;2025052722021349945904_salaryslip-maf_Applicant.jpeg
nomorrumah-maf;2025052722021349945904_nomorrumah-maf_Applicant.jpeg
dalamrumah-maf;2025052722021349945904_dalamrumah-maf_Applicant.jpeg
rangkanomesin-maf;2025052722021349945904_rangkanomesin-maf_Applicant.jpeg
dalamrumah-maf;2025052622023503062537_dalamrumah-maf_Applicant.jpeg
rangkanomesin-maf;2025052622023503062537_rangkanomesin-maf_Applicant.jpeg
pbbrekening-maf;2025052722022744212940_pbbrekening-maf_Applicant.jpeg
kksuratnikah-maf;2025052722022744212940_kksuratnikah-maf_Applicant.jpeg
halamandepanbukutabungan-maf;2025052722022744212940_halamandepanbukutabungan-maf_Applicant.jpeg
fpkbelakang-maf;2025052722022744212940_fpkbelakang-maf_Applicant.jpeg
fpkdepan-maf;2025052722022744212940_fpkdepan-maf_Applicant.jpeg
tempatusahadepan-maf;2025052722022744212940_tempatusahadepan-maf_Applicant.jpeg
rumahdepan-maf;2025052722022744212940_rumahdepan-maf_Applicant.jpeg
pasanganttdcmo-maf;2025052722022744212940_pasanganttdcmo-maf_Applicant.jpeg
nasabahttdcmo-maf;2025052722022744212940_nasabahttdcmo-maf_Applicant.jpeg
allobank-maf;2025052722022744212940_allobank-maf_Applicant.jpeg
rumahjalan-maf;2025052722022744212940_rumahjalan-maf_Applicant.jpeg
bpkbdepan-maf;2025052722022744212940_bpkbdepan-maf_Applicant.jpeg
bpkbbelakang-maf;2025052722022744212940_bpkbbelakang-maf_Applicant.jpeg
stnkpajak-maf;2025052722022744212940_stnkpajak-maf_Applicant.jpeg
unitdepankanan-maf;2025052722022744212940_unitdepankanan-maf_Applicant.jpeg
pbbrekening-maf;2025052722022697788936_pbbrekening-maf_Applicant.jpeg
kksuratnikah-maf;2025052722022697788936_kksuratnikah-maf_Applicant.jpeg
halamandepanbukutabungan-maf;2025052722022697788936_halamandepanbukutabungan-maf_Applicant.png
fpkbelakang-maf;2025052722022697788936_fpkbelakang-maf_Applicant.jpeg
fpkdepan-maf;2025052722022697788936_fpkdepan-maf_Applicant.jpeg
tempatusahadepan-maf;2025052722022697788936_tempatusahadepan-maf_Applicant.jpeg
rumahdepan-maf;2025052722022697788936_rumahdepan-maf_Applicant.jpeg
pasanganttdcmo-maf;2025052722022697788936_pasanganttdcmo-maf_Applicant.jpeg
nasabahttdcmo-maf;2025052722022697788936_nasabahttdcmo-maf_Applicant.jpeg
allobank-maf;2025052722022697788936_allobank-maf_Applicant.jpeg
rumahjalan-maf;2025052722022697788936_rumahjalan-maf_Applicant.jpeg
bpkbdepan-maf;2025052722022697788936_bpkbdepan-maf_Applicant.jpeg
bpkbbelakang-maf;2025052722022697788936_bpkbbelakang-maf_Applicant.jpeg
stnkpajak-maf;2025052722022697788936_stnkpajak-maf_Applicant.jpeg
unitdepankanan-maf;2025052722022697788936_unitdepankanan-maf_Applicant.jpeg
unitdepankiri-maf;2025052722022697788936_unitdepankiri-maf_Applicant.jpeg
pasanganttdcmo-maf;2025052722021298133756_pasanganttdcmo-maf_Applicant.jpeg
nasabahttdcmo-maf;2025052722021298133756_nasabahttdcmo-maf_Applicant.jpeg
allobank-maf;2025052722021298133756_allobank-maf_Applicant.jpeg
rumahjalan-maf;2025052722021298133756_rumahjalan-maf_Applicant.jpeg
bpkbdepan-maf;2025052722021298133756_bpkbdepan-maf_Applicant.jpeg
bpkbbelakang-maf;2025052722021298133756_bpkbbelakang-maf_Applicant.jpeg
stnkpajak-maf;2025052722021298133756_stnkpajak-maf_Applicant.jpeg
unitdepankanan-maf;2025052722021298133756_unitdepankanan-maf_Applicant.jpeg
unitdepankiri-maf;2025052722021298133756_unitdepankiri-maf_Applicant.jpeg
salaryslip-maf;2025052722021298133756_salaryslip-maf_Applicant.jpeg
nomorrumah-maf;2025052722021298133756_nomorrumah-maf_Applicant.jpeg
dalamrumah-maf;2025052722021298133756_dalamrumah-maf_Applicant.jpeg
rangkanomesin-maf;2025052722021298133756_rangkanomesin-maf_Applicant.jpeg
pbbrekening-maf;2025052722021056417714_pbbrekening-maf_Applicant.jpeg
nomorrumah-maf;2025052722021056417714_nomorrumah-maf_Applicant.jpeg
dalamrumah-maf;2025052722021056417714_dalamrumah-maf_Applicant.jpeg
rangkanomesin-maf;2025052722021056417714_rangkanomesin-maf_Applicant.jpeg
pbbrekening-maf;2025052622023061046044_pbbrekening-maf_Applicant.jpeg
kksuratnikah-maf;2025052622023061046044_kksuratnikah-maf_Applicant.jpeg
halamandepanbukutabungan-maf;2025052622023061046044_halamandepanbukutabungan-maf_Applicant.jpeg
fpkbelakang-maf;2025052622023061046044_fpkbelakang-maf_Applicant.jpeg
fpkdepan-maf;2025052622023061046044_fpkdepan-maf_Applicant.jpeg
tempatusahadepan-maf;2025052622023061046044_tempatusahadepan-maf_Applicant.jpeg
rumahdepan-maf;2025052622023061046044_rumahdepan-maf_Applicant.jpeg
pasanganttdcmo-maf;2025052622023061046044_pasanganttdcmo-maf_Applicant.jpeg
nasabahttdcmo-maf;2025052622023061046044_nasabahttdcmo-maf_Applicant.jpeg
allobank-maf;2025052622023061046044_allobank-maf_Applicant.jpeg
fpkbelakang-maf;2025052722024338423043_fpkbelakang-maf_Applicant.jpeg
fpkdepan-maf;2025052722024338423043_fpkdepan-maf_Applicant.jpeg
tempatusahadepan-maf;2025052722024338423043_tempatusahadepan-maf_Applicant.jpeg
rumahdepan-maf;2025052722024338423043_rumahdepan-maf_Applicant.jpeg
pasanganttdcmo-maf;2025052722024338423043_pasanganttdcmo-maf_Applicant.jpeg
nasabahttdcmo-maf;2025052722024338423043_nasabahttdcmo-maf_Applicant.jpeg
allobank-maf;2025052722024338423043_allobank-maf_Applicant.jpeg
rumahjalan-maf;2025052722024338423043_rumahjalan-maf_Applicant.jpeg
bpkbdepan-maf;2025052722024338423043_bpkbdepan-maf_Applicant.jpeg
bpkbbelakang-maf;2025052722024338423043_bpkbbelakang-maf_Applicant.jpeg
stnkpajak-maf;2025052722024338423043_stnkpajak-maf_Applicant.jpeg
unitdepankanan-maf;2025052722024338423043_unitdepankanan-maf_Applicant.jpeg
unitdepankiri-maf;2025052722024338423043_unitdepankiri-maf_Applicant.jpeg
buktipenghasilanusaha-maf;2025052722024338423043_buktipenghasilanusaha-maf_Applicant.jpeg
stnkpajak-maf;2025052622022744274815_stnkpajak-maf_Applicant.jpeg
unitdepankanan-maf;2025052622022744274815_unitdepankanan-maf_Applicant.jpeg
unitdepankiri-maf;2025052622022744274815_unitdepankiri-maf_Applicant.jpeg
salaryslip-maf;2025052622022744274815_salaryslip-maf_Applicant.jpeg
nomorrumah-maf;2025052622022744274815_nomorrumah-maf_Applicant.jpeg
dalamrumah-maf;2025052622022744274815_dalamrumah-maf_Applicant.jpeg
buktipenghasilanusaha-maf;2025052622022744274815_buktipenghasilanusaha-maf_Applicant.jpeg
perizinanusaha-maf;2025052622022744274815_perizinanusaha-maf_Applicant.jpeg
buktikepemilikanusaha-maf;2025052622022744274815_buktikepemilikanusaha-maf_Applicant.jpeg
rangkanomesin-maf;2025052622022744274815_rangkanomesin-maf_Applicant.jpeg
nomorrumah-maf;2025052722024338423043_nomorrumah-maf_Applicant.jpeg
dalamrumah-maf;2025052722024338423043_dalamrumah-maf_Applicant.jpeg
rangkanomesin-maf;2025052722024338423043_rangkanomesin-maf_Applicant.jpeg
pbbrekening-maf;2025052622022744274815_pbbrekening-maf_Applicant.jpeg
kksuratnikah-maf;2025052622022744274815_kksuratnikah-maf_Applicant.jpeg
halamandepanbukutabungan-maf;2025052622022744274815_halamandepanbukutabungan-maf_Applicant.jpeg
fpkbelakang-maf;2025052622022744274815_fpkbelakang-maf_Applicant.jpeg
fpkdepan-maf;2025052622022744274815_fpkdepan-maf_Applicant.jpeg
tempatusahadepan-maf;2025052622022744274815_tempatusahadepan-maf_Applicant.jpeg
rumahdepan-maf;2025052622022744274815_rumahdepan-maf_Applicant.jpeg
pasanganttdcmo-maf;2025052622022744274815_pasanganttdcmo-maf_Applicant.jpeg
nasabahttdcmo-maf;2025052622022744274815_nasabahttdcmo-maf_Applicant.jpeg
allobank-maf;2025052622022744274815_allobank-maf_Applicant.jpeg
rumahjalan-maf;2025052622022744274815_rumahjalan-maf_Applicant.jpeg
bpkbdepan-maf;2025052622022744274815_bpkbdepan-maf_Applicant.jpeg
bpkbbelakang-maf;2025052622022744274815_bpkbbelakang-maf_Applicant.jpeg
pbbrekening-maf;2025052722021104182289_pbbrekening-maf_Applicant.jpeg
kksuratnikah-maf;2025052722021104182289_kksuratnikah-maf_Applicant.jpeg
halamandepanbukutabungan-maf;2025052722021104182289_halamandepanbukutabungan-maf_Applicant.jpeg
fpkbelakang-maf;2025052722021104182289_fpkbelakang-maf_Applicant.jpeg
fpkdepan-maf;2025052722021104182289_fpkdepan-maf_Applicant.jpeg
tempatusahadepan-maf;2025052722021104182289_tempatusahadepan-maf_Applicant.jpeg
rumahdepan-maf;2025052722021104182289_rumahdepan-maf_Applicant.jpeg
pasanganttdcmo-maf;2025052722021104182289_pasanganttdcmo-maf_Applicant.jpeg
nasabahttdcmo-maf;2025052722021104182289_nasabahttdcmo-maf_Applicant.jpeg
allobank-maf;2025052722021104182289_allobank-maf_Applicant.jpeg
rumahjalan-maf;2025052722021104182289_rumahjalan-maf_Applicant.jpeg
bpkbdepan-maf;2025052722021104182289_bpkbdepan-maf_Applicant.jpeg
bpkbbelakang-maf;2025052722021104182289_bpkbbelakang-maf_Applicant.jpeg
stnkpajak-maf;2025052722021104182289_stnkpajak-maf_Applicant.jpeg
unitdepankanan-maf;2025052722021104182289_unitdepankanan-maf_Applicant.jpeg
unitdepankiri-maf;2025052722021104182289_unitdepankiri-maf_Applicant.jpeg
salaryslip-maf;2025052722021104182289_salaryslip-maf_Applicant.jpeg
nomorrumah-maf;2025052722021104182289_nomorrumah-maf_Applicant.jpeg
dalamrumah-maf;2025052722021104182289_dalamrumah-maf_Applicant.jpeg
buktipenghasilanusaha-maf;2025052722021104182289_buktipenghasilanusaha-maf_Applicant.jpeg
perizinanusaha-maf;2025052722021104182289_perizinanusaha-maf_Applicant.jpeg
buktikepemilikanusaha-maf;2025052722021104182289_buktikepemilikanusaha-maf_Applicant.jpeg
rangkanomesin-maf;2025052722021104182289_rangkanomesin-maf_Applicant.jpeg
pbbrekening-maf;2025052722024150383726_pbbrekening-maf_Applicant.jpeg
kksuratnikah-maf;2025052722024150383726_kksuratnikah-maf_Applicant.jpeg
halamandepanbukutabungan-maf;2025052722024150383726_halamandepanbukutabungan-maf_Applicant.jpeg
fpkbelakang-maf;2025052722024150383726_fpkbelakang-maf_Applicant.jpeg
fpkdepan-maf;2025052722024150383726_fpkdepan-maf_Applicant.jpeg
tempatusahadepan-maf;2025052722024150383726_tempatusahadepan-maf_Applicant.jpeg
rumahdepan-maf;2025052722024150383726_rumahdepan-maf_Applicant.jpeg
pasanganttdcmo-maf;2025052722024150383726_pasanganttdcmo-maf_Applicant.jpeg
nasabahttdcmo-maf;2025052722024150383726_nasabahttdcmo-maf_Applicant.jpeg
allobank-maf;2025052722024150383726_allobank-maf_Applicant.jpeg
rumahjalan-maf;2025052722024150383726_rumahjalan-maf_Applicant.jpeg
bpkbdepan-maf;2025052722024150383726_bpkbdepan-maf_Applicant.jpeg
bpkbbelakang-maf;2025052722024150383726_bpkbbelakang-maf_Applicant.jpeg
stnkpajak-maf;2025052722024150383726_stnkpajak-maf_Applicant.jpeg
nomorrumah-maf;2025052722023503085080_nomorrumah-maf_Applicant.jpeg
rumahjalan-maf;2025052722023503085080_rumahjalan-maf_Applicant.jpeg
dalamrumah-maf;2025052722023503085080_dalamrumah-maf_Applicant.jpeg
tempatusahadepan-maf;2025052722023503085080_tempatusahadepan-maf_Applicant.jpeg
bpkbdepan-maf;2025052722023503085080_bpkbdepan-maf_Applicant.jpeg
bpkbbelakang-maf;2025052722023503085080_bpkbbelakang-maf_Applicant.jpeg
stnkpajak-maf;2025052722023503085080_stnkpajak-maf_Applicant.jpeg
unitdepankanan-maf;2025052722023503085080_unitdepankanan-maf_Applicant.jpeg
unitdepankiri-maf;2025052722023503085080_unitdepankiri-maf_Applicant.jpeg
rangkanomesin-maf;2025052722023503085080_rangkanomesin-maf_Applicant.jpeg
pasanganttdcmo-maf;2025052722023503085080_pasanganttdcmo-maf_Applicant.jpeg
nasabahttdcmo-maf;2025052722023503085080_nasabahttdcmo-maf_Applicant.jpeg
unitdepankanan-maf;2025052722024150383726_unitdepankanan-maf_Applicant.jpeg
unitdepankiri-maf;2025052722024150383726_unitdepankiri-maf_Applicant.jpeg
salaryslip-maf;2025052722024150383726_salaryslip-maf_Applicant.jpeg
nomorrumah-maf;2025052722024150383726_nomorrumah-maf_Applicant.jpeg
dalamrumah-maf;2025052722024150383726_dalamrumah-maf_Applicant.jpeg
buktipenghasilanusaha-maf;2025052722024150383726_buktipenghasilanusaha-maf_Applicant.jpeg
perizinanusaha-maf;2025052722024150383726_perizinanusaha-maf_Applicant.jpeg
buktikepemilikanusaha-maf;2025052722024150383726_buktikepemilikanusaha-maf_Applicant.jpeg
rangkanomesin-maf;2025052722024150383726_rangkanomesin-maf_Applicant.jpeg
pbbrekening-maf;2025052722023419378322_pbbrekening-maf_Applicant.jpeg
kksuratnikah-maf;2025052722023419378322_kksuratnikah-maf_Applicant.jpeg
halamandepanbukutabungan-maf;2025052722023419378322_halamandepanbukutabungan-maf_Applicant.jpeg
fpkbelakang-maf;2025052722023419378322_fpkbelakang-maf_Applicant.jpeg
fpkdepan-maf;2025052722023419378322_fpkdepan-maf_Applicant.jpeg
tempatusahadepan-maf;2025052722023419378322_tempatusahadepan-maf_Applicant.jpeg
rumahdepan-maf;2025052722023419378322_rumahdepan-maf_Applicant.jpeg
pasanganttdcmo-maf;2025052722023419378322_pasanganttdcmo-maf_Applicant.jpeg
nasabahttdcmo-maf;2025052722023419378322_nasabahttdcmo-maf_Applicant.jpeg
allobank-maf;2025052722023419378322_allobank-maf_Applicant.jpeg
rumahjalan-maf;2025052722023419378322_rumahjalan-maf_Applicant.jpeg
bpkbdepan-maf;2025052722023419378322_bpkbdepan-maf_Applicant.jpeg
bpkbbelakang-maf;2025052722023419378322_bpkbbelakang-maf_Applicant.jpeg
stnkpajak-maf;2025052722023419378322_stnkpajak-maf_Applicant.jpeg
unitdepankanan-maf;2025052722023419378322_unitdepankanan-maf_Applicant.jpeg
unitdepankiri-maf;2025052722023419378322_unitdepankiri-maf_Applicant.jpeg
salaryslip-maf;2025052722023419378322_salaryslip-maf_Applicant.jpeg
nomorrumah-maf;2025052722023419378322_nomorrumah-maf_Applicant.jpeg
dalamrumah-maf;2025052722023419378322_dalamrumah-maf_Applicant.jpeg
rangkanomesin-maf;2025052722023419378322_rangkanomesin-maf_Applicant.jpeg
pbbrekening-maf;2025052722018041024288_pbbrekening-maf_Applicant.jpeg
rumahjalan-maf;2025052722024217049898_rumahjalan-maf_Applicant.jpeg
bpkbdepan-maf;2025052722024217049898_bpkbdepan-maf_Applicant.jpeg
bpkbbelakang-maf;2025052722024217049898_bpkbbelakang-maf_Applicant.jpeg
stnkpajak-maf;2025052722024217049898_stnkpajak-maf_Applicant.jpeg
unitdepankanan-maf;2025052722024217049898_unitdepankanan-maf_Applicant.jpeg
unitdepankiri-maf;2025052722024217049898_unitdepankiri-maf_Applicant.jpeg
salaryslip-maf;2025052722024217049898_salaryslip-maf_Applicant.jpeg
nomorrumah-maf;2025052722024217049898_nomorrumah-maf_Applicant.jpeg
dalamrumah-maf;2025052722024217049898_dalamrumah-maf_Applicant.jpeg
rangkanomesin-maf;2025052722024217049898_rangkanomesin-maf_Applicant.jpeg
pbbrekening-maf;2025052622023267336007_pbbrekening-maf_Applicant.jpeg
kksuratnikah-maf;2025052622023267336007_kksuratnikah-maf_Applicant.jpeg
halamandepanbukutabungan-maf;2025052622023267336007_halamandepanbukutabungan-maf_Applicant.jpeg
fpkbelakang-maf;2025052622023267336007_fpkbelakang-maf_Applicant.jpeg
fpkdepan-maf;2025052622023267336007_fpkdepan-maf_Applicant.jpeg
tempatusahadepan-maf;2025052622023267336007_tempatusahadepan-maf_Applicant.jpeg
rumahdepan-maf;2025052622023267336007_rumahdepan-maf_Applicant.jpeg
pasanganttdcmo-maf;2025052622023267336007_pasanganttdcmo-maf_Applicant.jpeg
nasabahttdcmo-maf;2025052622023267336007_nasabahttdcmo-maf_Applicant.jpeg
allobank-maf;2025052622023267336007_allobank-maf_Applicant.jpeg
rumahjalan-maf;2025052622023267336007_rumahjalan-maf_Applicant.jpeg
bpkbdepan-maf;2025052622023267336007_bpkbdepan-maf_Applicant.jpeg
bpkbbelakang-maf;2025052622023267336007_bpkbbelakang-maf_Applicant.jpeg
stnkpajak-maf;2025052622023267336007_stnkpajak-maf_Applicant.jpeg
unitdepankanan-maf;2025052622023267336007_unitdepankanan-maf_Applicant.jpeg
unitdepankiri-maf;2025052622023267336007_unitdepankiri-maf_Applicant.jpeg
salaryslip-maf;2025052622023267336007_salaryslip-maf_Applicant.jpeg
nomorrumah-maf;2025052622023267336007_nomorrumah-maf_Applicant.jpeg
dalamrumah-maf;2025052622023267336007_dalamrumah-maf_Applicant.jpeg
rangkanomesin-maf;2025052622023267336007_rangkanomesin-maf_Applicant.jpeg
pbbrekening-maf;2025052722024007711003_pbbrekening-maf_Applicant.jpeg
kksuratnikah-maf;2025052722024007711003_kksuratnikah-maf_Applicant.jpeg
halamandepanbukutabungan-maf;2025052722024007711003_halamandepanbukutabungan-maf_Applicant.jpeg
fpkbelakang-maf;2025052722024007711003_fpkbelakang-maf_Applicant.jpeg
fpkdepan-maf;2025052722024007711003_fpkdepan-maf_Applicant.jpeg
tempatusahadepan-maf;2025052722024007711003_tempatusahadepan-maf_Applicant.jpeg
rumahdepan-maf;2025052722024007711003_rumahdepan-maf_Applicant.jpeg
pasanganttdcmo-maf;2025052722024007711003_pasanganttdcmo-maf_Applicant.jpeg
nasabahttdcmo-maf;2025052722024007711003_nasabahttdcmo-maf_Applicant.jpeg
allobank-maf;2025052722024007711003_allobank-maf_Applicant.jpeg
rumahjalan-maf;2025052722024007711003_rumahjalan-maf_Applicant.jpeg
bpkbdepan-maf;2025052722024007711003_bpkbdepan-maf_Applicant.jpeg
bpkbbelakang-maf;2025052722024007711003_bpkbbelakang-maf_Applicant.jpeg
stnkpajak-maf;2025052722024007711003_stnkpajak-maf_Applicant.jpeg
unitdepankanan-maf;2025052722024007711003_unitdepankanan-maf_Applicant.jpeg
unitdepankiri-maf;2025052722024007711003_unitdepankiri-maf_Applicant.jpeg
salaryslip-maf;2025052722024007711003_salaryslip-maf_Applicant.jpeg
nomorrumah-maf;2025052722024007711003_nomorrumah-maf_Applicant.jpeg
kksuratnikah-maf;2025052722021056417714_kksuratnikah-maf_Applicant.jpeg
halamandepanbukutabungan-maf;2025052722021056417714_halamandepanbukutabungan-maf_Applicant.jpeg
fpkbelakang-maf;2025052722021056417714_fpkbelakang-maf_Applicant.jpeg
fpkdepan-maf;2025052722021056417714_fpkdepan-maf_Applicant.jpeg
tempatusahadepan-maf;2025052722021056417714_tempatusahadepan-maf_Applicant.jpeg
rumahdepan-maf;2025052722021056417714_rumahdepan-maf_Applicant.jpeg
pasanganttdcmo-maf;2025052722021056417714_pasanganttdcmo-maf_Applicant.jpeg
nasabahttdcmo-maf;2025052722021056417714_nasabahttdcmo-maf_Applicant.jpeg
allobank-maf;2025052722021056417714_allobank-maf_Applicant.jpeg
rumahjalan-maf;2025052722021056417714_rumahjalan-maf_Applicant.jpeg
bpkbdepan-maf;2025052722021056417714_bpkbdepan-maf_Applicant.jpeg
bpkbbelakang-maf;2025052722021056417714_bpkbbelakang-maf_Applicant.jpeg
stnkpajak-maf;2025052722021056417714_stnkpajak-maf_Applicant.jpeg
unitdepankanan-maf;2025052722021056417714_unitdepankanan-maf_Applicant.jpeg
unitdepankiri-maf;2025052722021056417714_unitdepankiri-maf_Applicant.jpeg
salaryslip-maf;2025052722021056417714_salaryslip-maf_Applicant.jpeg
stnkpajak-maf;2025052722024500877168_stnkpajak-maf_Applicant.jpeg
unitdepankanan-maf;2025052722024500877168_unitdepankanan-maf_Applicant.jpeg
unitdepankiri-maf;2025052722024500877168_unitdepankiri-maf_Applicant.jpeg
salaryslip-maf;2025052722024500877168_salaryslip-maf_Applicant.jpeg
nomorrumah-maf;2025052722024500877168_nomorrumah-maf_Applicant.jpeg
dalamrumah-maf;2025052722024500877168_dalamrumah-maf_Applicant.jpeg
rangkanomesin-maf;2025052722024500877168_rangkanomesin-maf_Applicant.jpeg
pbbrekening-maf;2025052722023363415731_pbbrekening-maf_Applicant.jpeg
halamandepanbukutabungan-maf;2025052722023363415731_halamandepanbukutabungan-maf_Applicant.jpeg
allobank-maf;2025052722023363415731_allobank-maf_Applicant.jpeg
kksuratnikah-maf;2025052722023363415731_kksuratnikah-maf_Applicant.jpeg
salaryslip-maf;2025052722023363415731_salaryslip-maf_Applicant.jpeg
fpkdepan-maf;2025052722023363415731_fpkdepan-maf_Applicant.jpeg
nomorrumah-maf;2025052722023363415731_nomorrumah-maf_Applicant.jpeg
rumahjalan-maf;2025052722023363415731_rumahjalan-maf_Applicant.jpeg
dalamrumah-maf;2025052722023363415731_dalamrumah-maf_Applicant.jpeg
tempatusahadepan-maf;2025052722023363415731_tempatusahadepan-maf_Applicant.jpeg
fpkbelakang-maf;2025052722023363415731_fpkbelakang-maf_Applicant.jpeg
bpkbdepan-maf;2025052722023363415731_bpkbdepan-maf_Applicant.jpeg
pasanganttdcmo-maf;2025052722023363415731_pasanganttdcmo-maf_Applicant.jpeg
bpkbbelakang-maf;2025052722023363415731_bpkbbelakang-maf_Applicant.jpeg
unitdepankiri-maf;2025052722023363415731_unitdepankiri-maf_Applicant.jpeg
stnkpajak-maf;2025052722023363415731_stnkpajak-maf_Applicant.jpeg
rangkanomesin-maf;2025052722023363415731_rangkanomesin-maf_Applicant.jpeg
nasabahttdcmo-maf;2025052722023363415731_nasabahttdcmo-maf_Applicant.jpeg
unitdepankanan-maf;2025052722023363415731_unitdepankanan-maf_Applicant.jpeg
dalamrumah-maf;2025052722024007711003_dalamrumah-maf_Applicant.jpeg
rangkanomesin-maf;2025052722024007711003_rangkanomesin-maf_Applicant.jpeg
pbbrekening-maf;2025052722024500877168_pbbrekening-maf_Applicant.jpeg
kksuratnikah-maf;2025052722024500877168_kksuratnikah-maf_Applicant.jpeg
halamandepanbukutabungan-maf;2025052722024500877168_halamandepanbukutabungan-maf_Applicant.jpeg
fpkbelakang-maf;2025052722024500877168_fpkbelakang-maf_Applicant.jpeg
fpkdepan-maf;2025052722024500877168_fpkdepan-maf_Applicant.jpeg
tempatusahadepan-maf;2025052722024500877168_tempatusahadepan-maf_Applicant.jpeg
rumahdepan-maf;2025052722024500877168_rumahdepan-maf_Applicant.jpeg
pasanganttdcmo-maf;2025052722024500877168_pasanganttdcmo-maf_Applicant.jpeg
nasabahttdcmo-maf;2025052722024500877168_nasabahttdcmo-maf_Applicant.jpeg
allobank-maf;2025052722024500877168_allobank-maf_Applicant.jpeg
rumahjalan-maf;2025052722024500877168_rumahjalan-maf_Applicant.jpeg
bpkbdepan-maf;2025052722024500877168_bpkbdepan-maf_Applicant.jpeg
bpkbbelakang-maf;2025052722024500877168_bpkbbelakang-maf_Applicant.jpeg
perizinanusaha-maf;2025052722024338423043_perizinanusaha-maf_Applicant.jpeg
pbbrekening-maf;2025052722022482740875_pbbrekening-maf_Applicant.jpeg
kksuratnikah-maf;2025052722022482740875_kksuratnikah-maf_Applicant.jpeg
halamandepanbukutabungan-maf;2025052722022482740875_halamandepanbukutabungan-maf_Applicant.jpeg
fpkbelakang-maf;2025052722022482740875_fpkbelakang-maf_Applicant.jpeg
fpkdepan-maf;2025052722022482740875_fpkdepan-maf_Applicant.jpeg
tempatusahadepan-maf;2025052722022482740875_tempatusahadepan-maf_Applicant.jpeg
rumahdepan-maf;2025052722022482740875_rumahdepan-maf_Applicant.jpeg
pasanganttdcmo-maf;2025052722022482740875_pasanganttdcmo-maf_Applicant.jpeg
nasabahttdcmo-maf;2025052722022482740875_nasabahttdcmo-maf_Applicant.jpeg
allobank-maf;2025052722022482740875_allobank-maf_Applicant.jpeg
rumahjalan-maf;2025052722022482740875_rumahjalan-maf_Applicant.jpeg
bpkbdepan-maf;2025052722022482740875_bpkbdepan-maf_Applicant.jpeg
bpkbbelakang-maf;2025052722022482740875_bpkbbelakang-maf_Applicant.jpeg
stnkpajak-maf;2025052722022482740875_stnkpajak-maf_Applicant.jpeg
unitdepankanan-maf;2025052722022482740875_unitdepankanan-maf_Applicant.jpeg
unitdepankiri-maf;2025052722022482740875_unitdepankiri-maf_Applicant.jpeg
salaryslip-maf;2025052722022482740875_salaryslip-maf_Applicant.jpeg
nomorrumah-maf;2025052722022482740875_nomorrumah-maf_Applicant.jpeg
dalamrumah-maf;2025052722022482740875_dalamrumah-maf_Applicant.jpeg
rangkanomesin-maf;2025052722022482740875_rangkanomesin-maf_Applicant.jpeg
rumahjalan-maf;2025052622023061046044_rumahjalan-maf_Applicant.jpeg
bpkbdepan-maf;2025052622023061046044_bpkbdepan-maf_Applicant.jpeg
bpkbbelakang-maf;2025052622023061046044_bpkbbelakang-maf_Applicant.jpeg
stnkpajak-maf;2025052622023061046044_stnkpajak-maf_Applicant.jpeg
unitdepankanan-maf;2025052622023061046044_unitdepankanan-maf_Applicant.jpeg
unitdepankiri-maf;2025052622023061046044_unitdepankiri-maf_Applicant.jpeg
salaryslip-maf;2025052622023061046044_salaryslip-maf_Applicant.jpeg
nomorrumah-maf;2025052622023061046044_nomorrumah-maf_Applicant.jpeg
dalamrumah-maf;2025052622023061046044_dalamrumah-maf_Applicant.jpeg
buktipenghasilanusaha-maf;2025052622023061046044_buktipenghasilanusaha-maf_Applicant.jpeg
perizinanusaha-maf;2025052622023061046044_perizinanusaha-maf_Applicant.jpeg
buktikepemilikanusaha-maf;2025052622023061046044_buktikepemilikanusaha-maf_Applicant.jpeg
rangkanomesin-maf;2025052622023061046044_rangkanomesin-maf_Applicant.jpeg
buktikepemilikanusaha-maf;2025052722024338423043_buktikepemilikanusaha-maf_Applicant.jpeg
kksuratnikah-maf;2025052722024338423043_kksuratnikah-maf_Applicant.jpeg
halamandepanbukutabungan-maf;2025052722024338423043_halamandepanbukutabungan-maf_Applicant.jpeg
nasabahttdcmo-maf;2025052722024016048622_nasabahttdcmo-maf_Applicant.jpeg
pbbrekening-maf;2025052722023070461128_pbbrekening-maf_Applicant.jpeg
kksuratnikah-maf;2025052722023070461128_kksuratnikah-maf_Applicant.jpeg
allobank-maf;2025052722023070461128_allobank-maf_Applicant.jpeg
halamandepanbukutabungan-maf;2025052722023070461128_halamandepanbukutabungan-maf_Applicant.jpeg
nomorrumah-maf;2025052722023070461128_nomorrumah-maf_Applicant.jpeg
rumahjalan-maf;2025052722023070461128_rumahjalan-maf_Applicant.jpeg
dalamrumah-maf;2025052722023070461128_dalamrumah-maf_Applicant.jpeg
stnkpajak-maf;2025052722023070461128_stnkpajak-maf_Applicant.jpeg
unitdepankanan-maf;2025052722023070461128_unitdepankanan-maf_Applicant.jpeg
unitdepankiri-maf;2025052722023070461128_unitdepankiri-maf_Applicant.jpeg
rangkanomesin-maf;2025052722023070461128_rangkanomesin-maf_Applicant.jpeg
pasanganttdcmo-maf;2025052722023070461128_pasanganttdcmo-maf_Applicant.jpeg
pasanganttdcmo-maf;2025052722023061027451_pasanganttdcmo-maf_Applicant.jpeg
nomorrumah-maf;2025052722023061027451_nomorrumah-maf_Applicant.jpeg
rumahjalan-maf;2025052722023061027451_rumahjalan-maf_Applicant.jpeg
tempatusahadepan-maf;2025052722023061027451_tempatusahadepan-maf_Applicant.jpeg
allobank-maf;2025052722021296299514_allobank-maf_Applicant.jpeg
halamandepanbukutabungan-maf;2025052722021296299514_halamandepanbukutabungan-maf_Applicant.jpeg
kksuratnikah-maf;2025052722021296299514_kksuratnikah-maf_Applicant.jpeg
buktikepemilikanusaha-maf;2025052722021296299514_buktikepemilikanusaha-maf_Applicant.jpeg
pbbrekening-maf;2025052722023503085080_pbbrekening-maf_Applicant.jpeg
kksuratnikah-maf;2025052722023503085080_kksuratnikah-maf_Applicant.jpeg
salaryslip-maf;2025052722023503085080_salaryslip-maf_Applicant.jpeg
allobank-maf;2025052722023503085080_allobank-maf_Applicant.jpeg
halamandepanbukutabungan-maf;2025052722023503085080_halamandepanbukutabungan-maf_Applicant.jpeg
fpkdepan-maf;2025052722023503085080_fpkdepan-maf_Applicant.jpeg
fpkbelakang-maf;2025052722023503085080_fpkbelakang-maf_Applicant.jpeg
nasabahttdcmo-maf;2025052722023070461128_nasabahttdcmo-maf_Applicant.jpeg
salaryslip-maf;2025052722023070461128_salaryslip-maf_Applicant.jpeg
fpkdepan-maf;2025052722023070461128_fpkdepan-maf_Applicant.jpeg
fpkbelakang-maf;2025052722023070461128_fpkbelakang-maf_Applicant.jpeg
tempatusahadepan-maf;2025052722023070461128_tempatusahadepan-maf_Applicant.jpeg
bpkbdepan-maf;2025052722023070461128_bpkbdepan-maf_Applicant.jpeg
bpkbbelakang-maf;2025052722023070461128_bpkbbelakang-maf_Applicant.jpeg
pricelist-maf;_pricelist-maf_Applicant.jpeg
pricelist-maf;2025052722023061027451_pricelist-maf_Applicant.jpeg
dalamrumah-maf;2025052722023061027451_dalamrumah-maf_Applicant.jpeg
fpkbelakang-maf;2025052722023061027451_fpkbelakang-maf_Applicant.jpeg
fpkdepan-maf;2025052722023061027451_fpkdepan-maf_Applicant.jpeg
halamandepanbukutabungan-maf;2025052722023061027451_halamandepanbukutabungan-maf_Applicant.jpeg
allobank-maf;2025052722023061027451_allobank-maf_Applicant.jpeg
salaryslip-maf;2025052722023061027451_salaryslip-maf_Applicant.jpeg
kksuratnikah-maf;2025052722023061027451_kksuratnikah-maf_Applicant.jpeg
pbbrekening-maf;2025052722023061027451_pbbrekening-maf_Applicant.jpeg
nasabahttdcmo-maf;2025052722023061027451_nasabahttdcmo-maf_Applicant.jpeg
pricelist-maf;2025052322023061040286_pricelist-maf_Applicant.jpeg
unitdepankiri-maf;2025052322023061040286_unitdepankiri-maf_Applicant.jpeg
bpkbdepan-maf;2025052322023061040286_bpkbdepan-maf_Applicant.jpeg
bpkbbelakang-maf;2025052322023061040286_bpkbbelakang-maf_Applicant.jpeg
stnkpajak-maf;2025052322023061040286_stnkpajak-maf_Applicant.jpeg
unitdepankanan-maf;2025052322023061040286_unitdepankanan-maf_Applicant.jpeg
pbbrekening-maf;2025052722024255933671_pbbrekening-maf_Applicant.jpeg
kksuratnikah-maf;2025052722024255933671_kksuratnikah-maf_Applicant.jpeg
salaryslip-maf;2025052722024255933671_salaryslip-maf_Applicant.jpeg
allobank-maf;2025052722024255933671_allobank-maf_Applicant.jpeg
halamandepanbukutabungan-maf;2025052722024255933671_halamandepanbukutabungan-maf_Applicant.jpeg
fpkdepan-maf;2025052722024255933671_fpkdepan-maf_Applicant.jpeg
nasabahttdcmo-maf;2025052722024255933671_nasabahttdcmo-maf_Applicant.jpeg
pasanganttdcmo-maf;2025052722024255933671_pasanganttdcmo-maf_Applicant.jpeg
rangkanomesin-maf;2025052722024255933671_rangkanomesin-maf_Applicant.jpeg
fpkbelakang-maf;2025052722022744216738_fpkbelakang-maf_Applicant.jpeg
nomorrumah-maf;2025052722022744216738_nomorrumah-maf_Applicant.jpeg
rumahjalan-maf;2025052722022744216738_rumahjalan-maf_Applicant.jpeg
dalamrumah-maf;2025052722022744216738_dalamrumah-maf_Applicant.jpeg
tempatusahadepan-maf;2025052722022744216738_tempatusahadepan-maf_Applicant.jpeg
bpkbdepan-maf;2025052722022744216738_bpkbdepan-maf_Applicant.jpeg
bpkbbelakang-maf;2025052722022744216738_bpkbbelakang-maf_Applicant.jpeg
stnkpajak-maf;2025052722022744216738_stnkpajak-maf_Applicant.jpeg
unitdepankanan-maf;2025052722022744216738_unitdepankanan-maf_Applicant.jpeg
unitdepankiri-maf;2025052722022744216738_unitdepankiri-maf_Applicant.jpeg
rangkanomesin-maf;2025052722022744216738_rangkanomesin-maf_Applicant.jpeg
pasanganttdcmo-maf;2025052722022744216738_pasanganttdcmo-maf_Applicant.jpeg
nasabahttdcmo-maf;2025052722022744216738_nasabahttdcmo-maf_Applicant.jpeg
rangkanomesin-maf;2025052822022697711741_rangkanomesin-maf_Applicant.jpeg
pasanganttdcmo-maf;2025052822022697711741_pasanganttdcmo-maf_Applicant.jpeg
nasabahttdcmo-maf;2025052822022697711741_nasabahttdcmo-maf_Applicant.jpeg
perizinanusaha-maf;_perizinanusaha-maf_Applicant.jpeg
buktikepemilikanusaha-maf;2025052722020696839237_buktikepemilikanusaha-maf_Applicant.jpeg
kksuratnikah-maf;2025052722020696839237_kksuratnikah-maf_Applicant.jpeg
buktipenghasilanusaha-maf;2025052722020696839237_buktipenghasilanusaha-maf_Applicant.jpeg
allobank-maf;2025052722020696839237_allobank-maf_Applicant.jpeg
halamandepanbukutabungan-maf;2025052722020696839237_halamandepanbukutabungan-maf_Applicant.jpeg
fpkdepan-maf;2025052722020696839237_fpkdepan-maf_Applicant.jpeg
fpkbelakang-maf;2025052722020696839237_fpkbelakang-maf_Applicant.jpeg
nomorrumah-maf;2025052722020696839237_nomorrumah-maf_Applicant.jpeg
rumahjalan-maf;2025052722020696839237_rumahjalan-maf_Applicant.jpeg
fpkdepan-maf;2025052722021296299514_fpkdepan-maf_Applicant.jpeg
fpkbelakang-maf;2025052722021296299514_fpkbelakang-maf_Applicant.jpeg
perizinanusaha-maf;2025052722022744216738_perizinanusaha-maf_Applicant.jpeg
pbbrekening-maf;2025052822022697711741_pbbrekening-maf_Applicant.jpeg
kksuratnikah-maf;2025052822022697711741_kksuratnikah-maf_Applicant.jpeg
salaryslip-maf;2025052822022697711741_salaryslip-maf_Applicant.jpeg
allobank-maf;2025052822022697711741_allobank-maf_Applicant.jpeg
halamandepanbukutabungan-maf;2025052822022697711741_halamandepanbukutabungan-maf_Applicant.jpeg
fpkdepan-maf;2025052822022697711741_fpkdepan-maf_Applicant.jpeg
nomorrumah-maf;2025052822022697711741_nomorrumah-maf_Applicant.jpeg
fpkbelakang-maf;2025052822022697711741_fpkbelakang-maf_Applicant.jpeg
rumahjalan-maf;2025052822022697711741_rumahjalan-maf_Applicant.jpeg
dalamrumah-maf;2025052822022697711741_dalamrumah-maf_Applicant.jpeg
tempatusahadepan-maf;2025052822022697711741_tempatusahadepan-maf_Applicant.jpeg
bpkbdepan-maf;2025052822022697711741_bpkbdepan-maf_Applicant.jpeg
bpkbbelakang-maf;2025052822022697711741_bpkbbelakang-maf_Applicant.jpeg
stnkpajak-maf;2025052822022697711741_stnkpajak-maf_Applicant.jpeg
unitdepankanan-maf;2025052822022697711741_unitdepankanan-maf_Applicant.jpeg
unitdepankiri-maf;2025052822022697711741_unitdepankiri-maf_Applicant.jpeg
unitdepankiri-maf;2025052722024255933671_unitdepankiri-maf_Applicant.jpeg
unitdepankanan-maf;2025052722024255933671_unitdepankanan-maf_Applicant.jpeg
stnkpajak-maf;2025052722024255933671_stnkpajak-maf_Applicant.jpeg
bpkbbelakang-maf;2025052722024255933671_bpkbbelakang-maf_Applicant.jpeg
bpkbdepan-maf;2025052722024255933671_bpkbdepan-maf_Applicant.jpeg
dalamrumah-maf;2025052722024255933671_dalamrumah-maf_Applicant.jpeg
fpkbelakang-maf;2025052722024255933671_fpkbelakang-maf_Applicant.jpeg
nomorrumah-maf;2025052722024255933671_nomorrumah-maf_Applicant.jpeg
rumahjalan-maf;2025052722024255933671_rumahjalan-maf_Applicant.jpeg
tempatusahadepan-maf;2025052722024255933671_tempatusahadepan-maf_Applicant.jpeg
buktikepemilikanusaha-maf;2025052722022744216738_buktikepemilikanusaha-maf_Applicant.jpeg
kksuratnikah-maf;2025052722022744216738_kksuratnikah-maf_Applicant.jpeg
buktipenghasilanusaha-maf;2025052722022744216738_buktipenghasilanusaha-maf_Applicant.jpeg
allobank-maf;2025052722022744216738_allobank-maf_Applicant.jpeg
halamandepanbukutabungan-maf;2025052722022744216738_halamandepanbukutabungan-maf_Applicant.jpeg
fpkdepan-maf;2025052722022744216738_fpkdepan-maf_Applicant.jpeg
allobank-maf;2025052822016045743242_allobank-maf_Applicant.jpeg
halamandepanbukutabungan-maf;2025052822016045743242_halamandepanbukutabungan-maf_Applicant.jpeg
fpkdepan-maf;2025052822016045743242_fpkdepan-maf_Applicant.jpeg
fpkbelakang-maf;2025052822016045743242_fpkbelakang-maf_Applicant.jpeg
nomorrumah-maf;2025052822016045743242_nomorrumah-maf_Applicant.jpeg
rumahjalan-maf;2025052822016045743242_rumahjalan-maf_Applicant.jpeg
dalamrumah-maf;2025052822016045743242_dalamrumah-maf_Applicant.jpeg
tempatusahadepan-maf;2025052822016045743242_tempatusahadepan-maf_Applicant.jpeg
bpkbdepan-maf;2025052822016045743242_bpkbdepan-maf_Applicant.jpeg
bpkbbelakang-maf;2025052822016045743242_bpkbbelakang-maf_Applicant.jpeg
stnkpajak-maf;2025052822016045743242_stnkpajak-maf_Applicant.jpeg
unitdepankanan-maf;2025052822016045743242_unitdepankanan-maf_Applicant.jpeg
unitdepankiri-maf;2025052822016045743242_unitdepankiri-maf_Applicant.jpeg
rangkanomesin-maf;2025052822016045743242_rangkanomesin-maf_Applicant.jpeg
nomorrumah-maf;2025052722021296299514_nomorrumah-maf_Applicant.jpeg
rumahjalan-maf;2025052722021296299514_rumahjalan-maf_Applicant.jpeg
dalamrumah-maf;2025052722021296299514_dalamrumah-maf_Applicant.jpeg
perizinanusaha-maf;2025052722020696839237_perizinanusaha-maf_Applicant.jpeg
bpkbdepan-maf;2025052722021296299514_bpkbdepan-maf_Applicant.jpeg
bpkbbelakang-maf;2025052722021296299514_bpkbbelakang-maf_Applicant.jpeg
stnkpajak-maf;2025052722021296299514_stnkpajak-maf_Applicant.jpeg
unitdepankanan-maf;2025052722021296299514_unitdepankanan-maf_Applicant.jpeg
unitdepankiri-maf;2025052722021296299514_unitdepankiri-maf_Applicant.jpeg
rangkanomesin-maf;2025052722021296299514_rangkanomesin-maf_Applicant.jpeg
pasanganttdcmo-maf;2025052722021296299514_pasanganttdcmo-maf_Applicant.jpeg
nasabahttdcmo-maf;2025052722021296299514_nasabahttdcmo-maf_Applicant.jpeg
buktipenghasilanusaha-maf;2025052822016045743242_buktipenghasilanusaha-maf_Applicant.jpeg
perizinanusaha-maf;2025052822016045743242_perizinanusaha-maf_Applicant.jpeg
buktikepemilikanusaha-maf;2025052822016045743242_buktikepemilikanusaha-maf_Applicant.jpeg
kksuratnikah-maf;2025052822016045743242_kksuratnikah-maf_Applicant.jpeg
unitdepankanan-maf;2025052722024016058663_unitdepankanan-maf_Applicant.jpeg
unitdepankiri-maf;2025052722024016058663_unitdepankiri-maf_Applicant.jpeg
rangkanomesin-maf;2025052722024016058663_rangkanomesin-maf_Applicant.jpeg
pasanganttdcmo-maf;2025052722024016058663_pasanganttdcmo-maf_Applicant.jpeg
nasabahttdcmo-maf;2025052722024016058663_nasabahttdcmo-maf_Applicant.jpeg
pbbrekening-maf;2025052722024381891424_pbbrekening-maf_Applicant.jpeg
salaryslip-maf;2025052722024381891424_salaryslip-maf_Applicant.jpeg
allobank-maf;2025052722024381891424_allobank-maf_Applicant.jpeg
halamandepanbukutabungan-maf;2025052722024381891424_halamandepanbukutabungan-maf_Applicant.jpeg
kksuratnikah-maf;2025052722024381891424_kksuratnikah-maf_Applicant.jpeg
nomorrumah-maf;2025052722024381891424_nomorrumah-maf_Applicant.jpeg
rumahjalan-maf;2025052722024381891424_rumahjalan-maf_Applicant.jpeg
fpkbelakang-maf;2025052722024381891424_fpkbelakang-maf_Applicant.jpeg
fpkdepan-maf;2025052722024381891424_fpkdepan-maf_Applicant.jpeg
pasanganttdcmo-maf;2025052822016045743242_pasanganttdcmo-maf_Applicant.jpeg
nasabahttdcmo-maf;2025052822016045743242_nasabahttdcmo-maf_Applicant.jpeg
pbbrekening-maf;2025052722024016058663_pbbrekening-maf_Applicant.jpeg
kksuratnikah-maf;2025052722024016058663_kksuratnikah-maf_Applicant.jpeg
salaryslip-maf;2025052722024016058663_salaryslip-maf_Applicant.jpeg
allobank-maf;2025052722024016058663_allobank-maf_Applicant.jpeg
halamandepanbukutabungan-maf;2025052722024016058663_halamandepanbukutabungan-maf_Applicant.jpeg
fpkdepan-maf;2025052722024016058663_fpkdepan-maf_Applicant.jpeg
fpkbelakang-maf;2025052722024016058663_fpkbelakang-maf_Applicant.jpeg
nomorrumah-maf;2025052722024016058663_nomorrumah-maf_Applicant.jpeg
rumahjalan-maf;2025052722024016058663_rumahjalan-maf_Applicant.jpeg
dalamrumah-maf;2025052722024016058663_dalamrumah-maf_Applicant.jpeg
tempatusahadepan-maf;2025052722024016058663_tempatusahadepan-maf_Applicant.jpeg
bpkbdepan-maf;2025052722024016058663_bpkbdepan-maf_Applicant.jpeg
bpkbbelakang-maf;2025052722024016058663_bpkbbelakang-maf_Applicant.jpeg
stnkpajak-maf;2025052722024016058663_stnkpajak-maf_Applicant.jpeg
kksuratnikah-maf;2025052822022744259982_kksuratnikah-maf_Applicant.jpeg
salaryslip-maf;2025052822022744259982_salaryslip-maf_Applicant.jpeg
allobank-maf;2025052822022744259982_allobank-maf_Applicant.jpeg
halamandepanbukutabungan-maf;2025052822022744259982_halamandepanbukutabungan-maf_Applicant.jpeg
fpkdepan-maf;2025052822022744259982_fpkdepan-maf_Applicant.jpeg
fpkbelakang-maf;2025052822022744259982_fpkbelakang-maf_Applicant.jpeg
nomorrumah-maf;2025052822022744259982_nomorrumah-maf_Applicant.jpeg
rumahjalan-maf;2025052822022744259982_rumahjalan-maf_Applicant.jpeg
dalamrumah-maf;2025052822022744259982_dalamrumah-maf_Applicant.jpeg
tempatusahadepan-maf;2025052822022744259982_tempatusahadepan-maf_Applicant.jpeg
bpkbdepan-maf;2025052822022744259982_bpkbdepan-maf_Applicant.jpeg
bpkbbelakang-maf;2025052822022744259982_bpkbbelakang-maf_Applicant.jpeg
stnkpajak-maf;2025052822022744259982_stnkpajak-maf_Applicant.jpeg
unitdepankanan-maf;2025052822022744259982_unitdepankanan-maf_Applicant.jpeg
unitdepankiri-maf;2025052822022744259982_unitdepankiri-maf_Applicant.jpeg
rangkanomesin-maf;2025052822022744259982_rangkanomesin-maf_Applicant.jpeg
dalamrumah-maf;2025052722024381891424_dalamrumah-maf_Applicant.jpeg
tempatusahadepan-maf;2025052722024381891424_tempatusahadepan-maf_Applicant.jpeg
bpkbdepan-maf;2025052722024381891424_bpkbdepan-maf_Applicant.jpeg
bpkbbelakang-maf;2025052722024381891424_bpkbbelakang-maf_Applicant.jpeg
stnkpajak-maf;2025052722024381891424_stnkpajak-maf_Applicant.jpeg
unitdepankanan-maf;2025052722024381891424_unitdepankanan-maf_Applicant.jpeg
unitdepankiri-maf;2025052722024381891424_unitdepankiri-maf_Applicant.jpeg
rangkanomesin-maf;2025052722024381891424_rangkanomesin-maf_Applicant.jpeg
pasanganttdcmo-maf;2025052722024381891424_pasanganttdcmo-maf_Applicant.jpeg
nasabahttdcmo-maf;2025052722024381891424_nasabahttdcmo-maf_Applicant.jpeg
pbbrekening-maf;2025052822022744259982_pbbrekening-maf_Applicant.jpeg
buktipenghasilanusaha-maf;2025052722021296299514_buktipenghasilanusaha-maf_Applicant.jpeg
perizinanusaha-maf;2025052722021296299514_perizinanusaha-maf_Applicant.jpeg
tempatusahadepan-maf;2025052722021296299514_tempatusahadepan-maf_Applicant.jpeg
tempatusahadepan-maf;2025052822023197971854_tempatusahadepan-maf_Applicant.jpeg
salaryslip-maf;2025052822024077074007_salaryslip-maf_Applicant.jpeg
allobank-maf;2025052822024077074007_allobank-maf_Applicant.jpeg
halamandepanbukutabungan-maf;2025052822024077074007_halamandepanbukutabungan-maf_Applicant.jpeg
fpkdepan-maf;2025052822024077074007_fpkdepan-maf_Applicant.jpeg
bpkbdepan-maf;2025052822023197971854_bpkbdepan-maf_Applicant.jpeg
fpkbelakang-maf;2025052822024077074007_fpkbelakang-maf_Applicant.jpeg
bpkbbelakang-maf;2025052822023197971854_bpkbbelakang-maf_Applicant.jpeg
stnkpajak-maf;2025052822023197971854_stnkpajak-maf_Applicant.jpeg
nomorrumah-maf;2025052822024077074007_nomorrumah-maf_Applicant.jpeg
rumahjalan-maf;2025052822024077074007_rumahjalan-maf_Applicant.jpeg
unitdepankanan-maf;2025052822023197971854_unitdepankanan-maf_Applicant.jpeg
dalamrumah-maf;2025052822024077074007_dalamrumah-maf_Applicant.jpeg
unitdepankiri-maf;2025052822023197971854_unitdepankiri-maf_Applicant.jpeg
rangkanomesin-maf;2025052822024077074007_rangkanomesin-maf_Applicant.jpeg
rangkanomesin-maf;2025052722023061027451_rangkanomesin-maf_Applicant.jpeg
pasanganttdcmo-maf;2025052822024077074007_pasanganttdcmo-maf_Applicant.jpeg
nasabahttdcmo-maf;2025052822024077074007_nasabahttdcmo-maf_Applicant.jpeg
buktikepemilikanusaha-maf;2025052722024130956967_buktikepemilikanusaha-maf_Applicant.jpeg
kksuratnikah-maf;2025052722024130956967_kksuratnikah-maf_Applicant.jpeg
buktipenghasilanusaha-maf;2025052722024130956967_buktipenghasilanusaha-maf_Applicant.jpeg
fpkdepan-maf;2025052722024130956967_fpkdepan-maf_Applicant.jpeg
fpkbelakang-maf;2025052722024130956967_fpkbelakang-maf_Applicant.jpeg
pbbrekening-maf;2025052822024338468196_pbbrekening-maf_Applicant.jpeg
kksuratnikah-maf;2025052822024338468196_kksuratnikah-maf_Applicant.jpeg
salaryslip-maf;2025052822024338468196_salaryslip-maf_Applicant.jpeg
allobank-maf;2025052822024338468196_allobank-maf_Applicant.jpeg
halamandepanbukutabungan-maf;2025052822024338468196_halamandepanbukutabungan-maf_Applicant.jpeg
fpkdepan-maf;2025052822024338468196_fpkdepan-maf_Applicant.jpeg
fpkbelakang-maf;2025052822024338468196_fpkbelakang-maf_Applicant.jpeg
tempatusahadepan-maf;2025052822024077074007_tempatusahadepan-maf_Applicant.jpeg
bpkbdepan-maf;2025052822024077074007_bpkbdepan-maf_Applicant.jpeg
rangkanomesin-maf;2025052822023197971854_rangkanomesin-maf_Applicant.jpeg
bpkbbelakang-maf;2025052822024077074007_bpkbbelakang-maf_Applicant.jpeg
unitdepankanan-maf;2025052722023061027451_unitdepankanan-maf_Applicant.jpeg
nasabahttdcmo-maf;2025052822023197971854_nasabahttdcmo-maf_Applicant.jpeg
unitdepankiri-maf;2025052722023061027451_unitdepankiri-maf_Applicant.jpeg
stnkpajak-maf;2025052822024077074007_stnkpajak-maf_Applicant.jpeg
bpkbdepan-maf;2025052722023061027451_bpkbdepan-maf_Applicant.jpeg
bpkbbelakang-maf;2025052722023061027451_bpkbbelakang-maf_Applicant.jpeg
pasanganttdcmo-maf;2025052822023197971854_pasanganttdcmo-maf_Applicant.jpeg
unitdepankanan-maf;2025052822024077074007_unitdepankanan-maf_Applicant.jpeg
stnkpajak-maf;2025052722023061027451_stnkpajak-maf_Applicant.jpeg
unitdepankiri-maf;2025052822024077074007_unitdepankiri-maf_Applicant.jpeg
unitdepankanan-maf;2025052622025096014029_unitdepankanan-maf_Applicant.jpeg
unitdepankiri-maf;2025052622025096014029_unitdepankiri-maf_Applicant.jpeg
salaryslip-maf;2025052622025096014029_salaryslip-maf_Applicant.jpeg
nomorrumah-maf;2025052622025096014029_nomorrumah-maf_Applicant.jpeg
dalamrumah-maf;2025052622025096014029_dalamrumah-maf_Applicant.jpeg
rangkanomesin-maf;2025052622025096014029_rangkanomesin-maf_Applicant.jpeg
pbbrekening-maf;2025052722020547548332_pbbrekening-maf_Applicant.jpeg
kksuratnikah-maf;2025052722020547548332_kksuratnikah-maf_Applicant.jpeg
halamandepanbukutabungan-maf;2025052722020547548332_halamandepanbukutabungan-maf_Applicant.jpeg
fpkbelakang-maf;2025052722020547548332_fpkbelakang-maf_Applicant.jpeg
fpkdepan-maf;2025052722020547548332_fpkdepan-maf_Applicant.jpeg
tempatusahadepan-maf;2025052722020547548332_tempatusahadepan-maf_Applicant.jpeg
rumahdepan-maf;2025052722020547548332_rumahdepan-maf_Applicant.jpeg
pasanganttdcmo-maf;2025052722020547548332_pasanganttdcmo-maf_Applicant.jpeg
fpkbelakang-maf;2025052722024255927853_fpkbelakang-maf_Applicant.jpeg
fpkdepan-maf;2025052722024255927853_fpkdepan-maf_Applicant.jpeg
tempatusahadepan-maf;2025052722024255927853_tempatusahadepan-maf_Applicant.jpeg
rumahdepan-maf;2025052722024255927853_rumahdepan-maf_Applicant.jpeg
pasanganttdcmo-maf;2025052722024255927853_pasanganttdcmo-maf_Applicant.jpeg
nasabahttdcmo-maf;2025052722024255927853_nasabahttdcmo-maf_Applicant.jpeg
allobank-maf;2025052722024255927853_allobank-maf_Applicant.jpeg
rumahjalan-maf;2025052722024255927853_rumahjalan-maf_Applicant.jpeg
bpkbdepan-maf;2025052722024255927853_bpkbdepan-maf_Applicant.jpeg
bpkbbelakang-maf;2025052722024255927853_bpkbbelakang-maf_Applicant.jpeg
stnkpajak-maf;2025052722024255927853_stnkpajak-maf_Applicant.jpeg
unitdepankanan-maf;2025052722024255927853_unitdepankanan-maf_Applicant.jpeg
unitdepankiri-maf;2025052722024255927853_unitdepankiri-maf_Applicant.jpeg
salaryslip-maf;2025052722024255927853_salaryslip-maf_Applicant.jpeg
nomorrumah-maf;2025052722024255927853_nomorrumah-maf_Applicant.jpeg
unitdepankiri-maf;2025052822024338468196_unitdepankiri-maf_Applicant.jpeg
rangkanomesin-maf;2025052822024338468196_rangkanomesin-maf_Applicant.jpeg
pasanganttdcmo-maf;2025052822024338468196_pasanganttdcmo-maf_Applicant.jpeg
nasabahttdcmo-maf;2025052822024338468196_nasabahttdcmo-maf_Applicant.jpeg
rumahjalan-maf;2025052822023197937575_rumahjalan-maf_Applicant.jpeg
dalamrumah-maf;2025052822023197937575_dalamrumah-maf_Applicant.jpeg
tempatusahadepan-maf;2025052822023197937575_tempatusahadepan-maf_Applicant.jpeg
bpkbdepan-maf;2025052822023197937575_bpkbdepan-maf_Applicant.jpeg
bpkbbelakang-maf;2025052822023197937575_bpkbbelakang-maf_Applicant.jpeg
stnkpajak-maf;2025052822023197937575_stnkpajak-maf_Applicant.jpeg
pbbrekening-maf;2025052822023267323134_pbbrekening-maf_Applicant.jpeg
unitdepankanan-maf;2025052822023197937575_unitdepankanan-maf_Applicant.jpeg
kksuratnikah-maf;2025052822023267323134_kksuratnikah-maf_Applicant.jpeg
rangkanomesin-maf;2025052722024130956967_rangkanomesin-maf_Applicant.jpeg
pasanganttdcmo-maf;2025052722024130956967_pasanganttdcmo-maf_Applicant.jpeg
nasabahttdcmo-maf;2025052722024130956967_nasabahttdcmo-maf_Applicant.jpeg
perizinanusaha-maf;2025052722024130956967_perizinanusaha-maf_Applicant.jpeg
allobank-maf;2025052722024130956967_allobank-maf_Applicant.jpeg
halamandepanbukutabungan-maf;2025052722024130956967_halamandepanbukutabungan-maf_Applicant.jpeg
allobank-maf;2025052822021104155426_allobank-maf_Applicant.jpeg
fpkdepan-maf;2025052822021104155426_fpkdepan-maf_Applicant.jpeg
fpkbelakang-maf;2025052822021104155426_fpkbelakang-maf_Applicant.jpeg
nomorrumah-maf;2025052822021104155426_nomorrumah-maf_Applicant.jpeg
halamandepanbukutabungan-maf;2025052822021104155426_halamandepanbukutabungan-maf_Applicant.jpeg
rumahjalan-maf;2025052822021104155426_rumahjalan-maf_Applicant.jpeg
tempatusahadepan-maf;2025052822021104155426_tempatusahadepan-maf_Applicant.jpeg
rumahdepan-maf;2025052822024338468196_rumahdepan-maf_Applicant.jpeg
pbbrekening-maf;2025052822023197937575_pbbrekening-maf_Applicant.jpeg
rumahjalan-maf;2025052822024338468196_rumahjalan-maf_Applicant.jpeg
allobank-maf;2025052822023197937575_allobank-maf_Applicant.jpeg
dalamrumah-maf;2025052822024338468196_dalamrumah-maf_Applicant.jpeg
salaryslip-maf;2025052822023197937575_salaryslip-maf_Applicant.jpeg
tempatusahadepan-maf;2025052822024338468196_tempatusahadepan-maf_Applicant.jpeg
bpkbdepan-maf;2025052822024338468196_bpkbdepan-maf_Applicant.jpeg
bpkbbelakang-maf;2025052822024338468196_bpkbbelakang-maf_Applicant.jpeg
kksuratnikah-maf;2025052822023197937575_kksuratnikah-maf_Applicant.jpeg
halamandepanbukutabungan-maf;2025052822023197937575_halamandepanbukutabungan-maf_Applicant.jpeg
fpkdepan-maf;2025052822023197937575_fpkdepan-maf_Applicant.jpeg
nomorrumah-maf;2025052722024130956967_nomorrumah-maf_Applicant.jpeg
stnkpajak-maf;2025052822024338468196_stnkpajak-maf_Applicant.jpeg
nomorrumah-maf;2025052822023197937575_nomorrumah-maf_Applicant.jpeg
unitdepankanan-maf;2025052822024338468196_unitdepankanan-maf_Applicant.jpeg
rumahjalan-maf;2025052722024130956967_rumahjalan-maf_Applicant.jpeg
fpkbelakang-maf;2025052822023197937575_fpkbelakang-maf_Applicant.jpeg
unitdepankiri-maf;2025052822023197937575_unitdepankiri-maf_Applicant.jpeg
rangkanomesin-maf;2025052822023197937575_rangkanomesin-maf_Applicant.jpeg
pasanganttdcmo-maf;2025052822023197937575_pasanganttdcmo-maf_Applicant.jpeg
nasabahttdcmo-maf;2025052822023197937575_nasabahttdcmo-maf_Applicant.jpeg
dalamrumah-maf;2025052722024130956967_dalamrumah-maf_Applicant.jpeg
salaryslip-maf;2025052822023267323134_salaryslip-maf_Applicant.jpeg
tempatusahadepan-maf;2025052722024130956967_tempatusahadepan-maf_Applicant.jpeg
bpkbdepan-maf;2025052722024130956967_bpkbdepan-maf_Applicant.jpeg
salaryslip-maf;2025052822021104155426_salaryslip-maf_Applicant.jpeg
bpkbbelakang-maf;2025052722024130956967_bpkbbelakang-maf_Applicant.jpeg
pbbrekening-maf;2025052822021104155426_pbbrekening-maf_Applicant.jpeg
stnkpajak-maf;2025052722024130956967_stnkpajak-maf_Applicant.jpeg
kksuratnikah-maf;2025052822021104155426_kksuratnikah-maf_Applicant.jpeg
unitdepankanan-maf;2025052722024130956967_unitdepankanan-maf_Applicant.jpeg
unitdepankiri-maf;2025052722024130956967_unitdepankiri-maf_Applicant.jpeg
fpkbelakang-maf;2025052722024130937790_fpkbelakang-maf_Applicant.jpeg
allobank-maf;2025052722023070485803_allobank-maf_Applicant.jpeg
fpkdepan-maf;2025052722023070485803_fpkdepan-maf_Applicant.jpeg
halamandepanbukutabungan-maf;2025052722023070485803_halamandepanbukutabungan-maf_Applicant.jpeg
rumahdepan-maf;2025052722024130937790_rumahdepan-maf_Applicant.jpeg
fpkbelakang-maf;2025052722023070485803_fpkbelakang-maf_Applicant.jpeg
nomorrumah-maf;2025052722023070485803_nomorrumah-maf_Applicant.jpeg
rumahjalan-maf;2025052722024130937790_rumahjalan-maf_Applicant.jpeg
rumahjalan-maf;2025052722023070485803_rumahjalan-maf_Applicant.jpeg
dalamrumah-maf;2025052722023070485803_dalamrumah-maf_Applicant.jpeg
tempatusahadepan-maf;2025052722023070485803_tempatusahadepan-maf_Applicant.jpeg
bpkbdepan-maf;2025052722023070485803_bpkbdepan-maf_Applicant.jpeg
bpkbbelakang-maf;2025052722023070485803_bpkbbelakang-maf_Applicant.jpeg
stnkpajak-maf;2025052722023070485803_stnkpajak-maf_Applicant.jpeg
unitdepankanan-maf;2025052722023070485803_unitdepankanan-maf_Applicant.jpeg
unitdepankiri-maf;2025052722023070485803_unitdepankiri-maf_Applicant.jpeg
pbbrekening-maf;2025052822022162930244_pbbrekening-maf_Applicant.jpeg
rangkanomesin-maf;2025052722023070485803_rangkanomesin-maf_Applicant.jpeg
pasanganttdcmo-maf;2025052722023070485803_pasanganttdcmo-maf_Applicant.jpeg
nasabahttdcmo-maf;2025052722023070485803_nasabahttdcmo-maf_Applicant.jpeg
kksuratnikah-maf;2025052822022162930244_kksuratnikah-maf_Applicant.jpeg
dalamrumah-maf;2025052722024130937790_dalamrumah-maf_Applicant.jpeg
tempatusahadepan-maf;2025052722024130937790_tempatusahadepan-maf_Applicant.jpeg
bpkbdepan-maf;2025052722024130937790_bpkbdepan-maf_Applicant.jpeg
bpkbbelakang-maf;2025052722024130937790_bpkbbelakang-maf_Applicant.jpeg
stnkpajak-maf;2025052722024130937790_stnkpajak-maf_Applicant.jpeg
unitdepankanan-maf;2025052722024130937790_unitdepankanan-maf_Applicant.jpeg
dalamrumah-maf;2025052822021104155426_dalamrumah-maf_Applicant.jpeg
bpkbdepan-maf;2025052822021104155426_bpkbdepan-maf_Applicant.jpeg
bpkbbelakang-maf;2025052822021104155426_bpkbbelakang-maf_Applicant.jpeg
stnkpajak-maf;2025052822021104155426_stnkpajak-maf_Applicant.jpeg
unitdepankanan-maf;2025052822021104155426_unitdepankanan-maf_Applicant.jpeg
unitdepankiri-maf;2025052822021104155426_unitdepankiri-maf_Applicant.jpeg
rangkanomesin-maf;2025052822021104155426_rangkanomesin-maf_Applicant.jpeg
pasanganttdcmo-maf;2025052822021104155426_pasanganttdcmo-maf_Applicant.jpeg
nasabahttdcmo-maf;2025052822021104155426_nasabahttdcmo-maf_Applicant.jpeg
pbbrekening-maf;2025052722024130937790_pbbrekening-maf_Applicant.jpeg
kksuratnikah-maf;2025052722024130937790_kksuratnikah-maf_Applicant.jpeg
salaryslip-maf;2025052722024130937790_salaryslip-maf_Applicant.jpeg
allobank-maf;2025052722024130937790_allobank-maf_Applicant.jpeg
halamandepanbukutabungan-maf;2025052722024130937790_halamandepanbukutabungan-maf_Applicant.jpeg
fpkdepan-maf;2025052722024130937790_fpkdepan-maf_Applicant.jpeg
kksuratnikah-maf;2025052722023070485803_kksuratnikah-maf_Applicant.jpeg
unitdepankiri-maf;2025052722024130937790_unitdepankiri-maf_Applicant.jpeg
pbbrekening-maf;2025052822023070420322_pbbrekening-maf_Applicant.jpeg
rangkanomesin-maf;2025052722024130937790_rangkanomesin-maf_Applicant.jpeg
kksuratnikah-maf;2025052822023070420322_kksuratnikah-maf_Applicant.jpeg
salaryslip-maf;2025052822023070420322_salaryslip-maf_Applicant.jpeg
pasanganttdcmo-maf;2025052722024130937790_pasanganttdcmo-maf_Applicant.jpeg
allobank-maf;2025052822023070420322_allobank-maf_Applicant.jpeg
nasabahttdcmo-maf;2025052722024130937790_nasabahttdcmo-maf_Applicant.jpeg
fpkdepan-maf;2025052822023070420322_fpkdepan-maf_Applicant.jpeg
halamandepanbukutabungan-maf;2025052822023070420322_halamandepanbukutabungan-maf_Applicant.jpeg
fpkbelakang-maf;2025052822023070420322_fpkbelakang-maf_Applicant.jpeg
salaryslip-maf;2025052822022162930244_salaryslip-maf_Applicant.jpeg
nomorrumah-maf;2025052822023070420322_nomorrumah-maf_Applicant.jpeg
rumahjalan-maf;2025052822023070420322_rumahjalan-maf_Applicant.jpeg
dalamrumah-maf;2025052822023070420322_dalamrumah-maf_Applicant.jpeg
tempatusahadepan-maf;2025052822023070420322_tempatusahadepan-maf_Applicant.jpeg
bpkbdepan-maf;2025052822023070420322_bpkbdepan-maf_Applicant.jpeg
bpkbbelakang-maf;2025052822023070420322_bpkbbelakang-maf_Applicant.jpeg
stnkpajak-maf;2025052822023070420322_stnkpajak-maf_Applicant.jpeg
unitdepankanan-maf;2025052822023070420322_unitdepankanan-maf_Applicant.jpeg
unitdepankiri-maf;2025052822023070420322_unitdepankiri-maf_Applicant.jpeg
rangkanomesin-maf;2025052822023070420322_rangkanomesin-maf_Applicant.jpeg
pasanganttdcmo-maf;2025052822023070420322_pasanganttdcmo-maf_Applicant.jpeg
nasabahttdcmo-maf;2025052822023070420322_nasabahttdcmo-maf_Applicant.jpeg
allobank-maf;2025052822022162930244_allobank-maf_Applicant.jpeg
halamandepanbukutabungan-maf;2025052822022162930244_halamandepanbukutabungan-maf_Applicant.jpeg
fpkdepan-maf;2025052822022162930244_fpkdepan-maf_Applicant.jpeg
fpkbelakang-maf;2025052822022162930244_fpkbelakang-maf_Applicant.jpeg
nasabahttdcmo-maf;2025052822022744259982_nasabahttdcmo-maf_Applicant.jpeg
pasanganttdcmo-maf;2025052822022744259982_pasanganttdcmo-maf_Applicant.jpeg
pbbrekening-maf;2025052822023197971854_pbbrekening-maf_Applicant.jpeg
kksuratnikah-maf;2025052822023197971854_kksuratnikah-maf_Applicant.jpeg
salaryslip-maf;2025052822023197971854_salaryslip-maf_Applicant.jpeg
allobank-maf;2025052822023197971854_allobank-maf_Applicant.jpeg
halamandepanbukutabungan-maf;2025052822023197971854_halamandepanbukutabungan-maf_Applicant.jpeg
fpkdepan-maf;2025052822023197971854_fpkdepan-maf_Applicant.jpeg
pbbrekening-maf;2025052822024077074007_pbbrekening-maf_Applicant.jpeg
fpkbelakang-maf;2025052822023197971854_fpkbelakang-maf_Applicant.jpeg
kksuratnikah-maf;2025052822024077074007_kksuratnikah-maf_Applicant.jpeg
nomorrumah-maf;2025052822023197971854_nomorrumah-maf_Applicant.jpeg
rumahjalan-maf;2025052822023197971854_rumahjalan-maf_Applicant.jpeg
dalamrumah-maf;2025052822023197971854_dalamrumah-maf_Applicant.jpeg
nomorrumah-maf;2025052822022162930244_nomorrumah-maf_Applicant.jpeg
rumahjalan-maf;2025052822022162930244_rumahjalan-maf_Applicant.jpeg
dalamrumah-maf;2025052822022162930244_dalamrumah-maf_Applicant.jpeg
tempatusahadepan-maf;2025052822022162930244_tempatusahadepan-maf_Applicant.jpeg
bpkbdepan-maf;2025052822022162930244_bpkbdepan-maf_Applicant.jpeg
bpkbbelakang-maf;2025052822022162930244_bpkbbelakang-maf_Applicant.jpeg
stnkpajak-maf;2025052822022162930244_stnkpajak-maf_Applicant.jpeg
unitdepankanan-maf;2025052822022162930244_unitdepankanan-maf_Applicant.jpeg
unitdepankiri-maf;2025052822022162930244_unitdepankiri-maf_Applicant.jpeg
rangkanomesin-maf;2025052822022162930244_rangkanomesin-maf_Applicant.jpeg
pasanganttdcmo-maf;2025052822022162930244_pasanganttdcmo-maf_Applicant.jpeg
nasabahttdcmo-maf;2025052822022162930244_nasabahttdcmo-maf_Applicant.jpeg
rumahjalan-maf;_rumahjalan-maf_Applicant.jpeg
nomorrumah-maf;2025052722016045775005_nomorrumah-maf_Applicant.jpeg
rumahjalan-maf;2025052722016045775005_rumahjalan-maf_Applicant.jpeg
tempatusahadepan-maf;_tempatusahadepan-maf_Applicant.jpeg
dalamrumah-maf;_dalamrumah-maf_Applicant.jpeg
bpkbdepan-maf;_bpkbdepan-maf_Applicant.jpeg
bpkbbelakang-maf;_bpkbbelakang-maf_Applicant.jpeg
dalamrumah-maf;2025052722016045775005_dalamrumah-maf_Applicant.jpeg
stnkpajak-maf;_stnkpajak-maf_Applicant.jpeg
unitdepankanan-maf;_unitdepankanan-maf_Applicant.jpeg
unitdepankiri-maf;_unitdepankiri-maf_Applicant.jpeg
rangkanomesin-maf;_rangkanomesin-maf_Applicant.jpeg
tempatusahadepan-maf;2025052722016045775005_tempatusahadepan-maf_Applicant.jpeg
pasanganttdcmo-maf;_pasanganttdcmo-maf_Applicant.jpeg
pasanganttdcmo-maf;2025052822017392062557_pasanganttdcmo-maf_Applicant.jpeg
nasabahttdcmo-maf;2025052822017392062557_nasabahttdcmo-maf_Applicant.jpeg
allobank-maf;2025052822023267323134_allobank-maf_Applicant.jpeg
halamandepanbukutabungan-maf;2025052822023267323134_halamandepanbukutabungan-maf_Applicant.jpeg
pbbrekening-maf;2025052822023503016788_pbbrekening-maf_Applicant.jpeg
kksuratnikah-maf;2025052822023503016788_kksuratnikah-maf_Applicant.jpeg
fpkdepan-maf;2025052822023267323134_fpkdepan-maf_Applicant.jpeg
salaryslip-maf;2025052822023503016788_salaryslip-maf_Applicant.jpeg
allobank-maf;2025052822023503016788_allobank-maf_Applicant.jpeg
fpkbelakang-maf;2025052822023267323134_fpkbelakang-maf_Applicant.jpeg
halamandepanbukutabungan-maf;2025052822023503016788_halamandepanbukutabungan-maf_Applicant.jpeg
nomorrumah-maf;2025052822023267323134_nomorrumah-maf_Applicant.jpeg
fpkdepan-maf;2025052822023503016788_fpkdepan-maf_Applicant.jpeg
fpkbelakang-maf;2025052822023503016788_fpkbelakang-maf_Applicant.jpeg
rumahjalan-maf;2025052822023267323134_rumahjalan-maf_Applicant.jpeg
nomorrumah-maf;2025052822023503016788_nomorrumah-maf_Applicant.jpeg
rumahjalan-maf;2025052822023503016788_rumahjalan-maf_Applicant.jpeg
pbbrekening-maf;2025052822017392062557_pbbrekening-maf_Applicant.jpeg
kksuratnikah-maf;2025052822017392062557_kksuratnikah-maf_Applicant.jpeg
salaryslip-maf;2025052822017392062557_salaryslip-maf_Applicant.jpeg
allobank-maf;2025052822017392062557_allobank-maf_Applicant.jpeg
halamandepanbukutabungan-maf;2025052822017392062557_halamandepanbukutabungan-maf_Applicant.jpeg
fpkdepan-maf;2025052822017392062557_fpkdepan-maf_Applicant.jpeg
fpkbelakang-maf;2025052822017392062557_fpkbelakang-maf_Applicant.jpeg
nomorrumah-maf;2025052822017392062557_nomorrumah-maf_Applicant.jpeg
rumahjalan-maf;2025052822017392062557_rumahjalan-maf_Applicant.jpeg
dalamrumah-maf;2025052822017392062557_dalamrumah-maf_Applicant.jpeg
tempatusahadepan-maf;2025052822017392062557_tempatusahadepan-maf_Applicant.jpeg
bpkbdepan-maf;2025052822017392062557_bpkbdepan-maf_Applicant.jpeg
bpkbbelakang-maf;2025052822017392062557_bpkbbelakang-maf_Applicant.jpeg
stnkpajak-maf;2025052822017392062557_stnkpajak-maf_Applicant.jpeg
unitdepankanan-maf;2025052822017392062557_unitdepankanan-maf_Applicant.jpeg
unitdepankiri-maf;2025052822017392062557_unitdepankiri-maf_Applicant.jpeg
rangkanomesin-maf;2025052822017392062557_rangkanomesin-maf_Applicant.jpeg
rangkanomesin-maf;2025052822023503016788_rangkanomesin-maf_Applicant.jpeg
pbbrekening-maf;2025052822021349912637_pbbrekening-maf_Applicant.jpeg
rangkanomesin-maf;2025052822023267323134_rangkanomesin-maf_Applicant.jpeg
pasanganttdcmo-maf;2025052822023503016788_pasanganttdcmo-maf_Applicant.jpeg
nasabahttdcmo-maf;2025052822023503016788_nasabahttdcmo-maf_Applicant.jpeg
salaryslip-maf;2025052822021349912637_salaryslip-maf_Applicant.jpeg
kksuratnikah-maf;2025052822021349912637_kksuratnikah-maf_Applicant.jpeg
pasanganttdcmo-maf;2025052822023267323134_pasanganttdcmo-maf_Applicant.jpeg
allobank-maf;2025052822021349912637_allobank-maf_Applicant.jpeg
halamandepanbukutabungan-maf;2025052822021349912637_halamandepanbukutabungan-maf_Applicant.jpeg
nasabahttdcmo-maf;2025052822023267323134_nasabahttdcmo-maf_Applicant.jpeg
fpkdepan-maf;2025052822021349912637_fpkdepan-maf_Applicant.jpeg
fpkbelakang-maf;2025052822021349912637_fpkbelakang-maf_Applicant.jpeg
nomorrumah-maf;2025052822021349912637_nomorrumah-maf_Applicant.jpeg
dalamrumah-maf;2025052822023503016788_dalamrumah-maf_Applicant.jpeg
dalamrumah-maf;2025052822023267323134_dalamrumah-maf_Applicant.jpeg
tempatusahadepan-maf;2025052822023503016788_tempatusahadepan-maf_Applicant.jpeg
tempatusahadepan-maf;2025052822023267323134_tempatusahadepan-maf_Applicant.jpeg
bpkbdepan-maf;2025052822023267323134_bpkbdepan-maf_Applicant.jpeg
bpkbdepan-maf;2025052822023503016788_bpkbdepan-maf_Applicant.jpeg
bpkbbelakang-maf;2025052822023267323134_bpkbbelakang-maf_Applicant.jpeg
bpkbbelakang-maf;2025052822023503016788_bpkbbelakang-maf_Applicant.jpeg
stnkpajak-maf;2025052822023267323134_stnkpajak-maf_Applicant.jpeg
stnkpajak-maf;2025052822023503016788_stnkpajak-maf_Applicant.jpeg
unitdepankanan-maf;2025052822023267323134_unitdepankanan-maf_Applicant.jpeg
unitdepankanan-maf;2025052822023503016788_unitdepankanan-maf_Applicant.jpeg
unitdepankiri-maf;2025052822023267323134_unitdepankiri-maf_Applicant.jpeg
unitdepankiri-maf;2025052822023503016788_unitdepankiri-maf_Applicant.jpeg
rumahjalan-maf;2025052822021349912637_rumahjalan-maf_Applicant.jpeg
dalamrumah-maf;2025052822021349912637_dalamrumah-maf_Applicant.jpeg
tempatusahadepan-maf;2025052822021349912637_tempatusahadepan-maf_Applicant.jpeg
pricelist-maf;2025052822021349912637_pricelist-maf_Applicant.jpeg
pasanganttdcmo-maf;2025052822021349912637_pasanganttdcmo-maf_Applicant.jpeg
nasabahttdcmo-maf;2025052822021349912637_nasabahttdcmo-maf_Applicant.jpeg
pbbrekening-maf;2025052822015199799746_pbbrekening-maf_Applicant.jpeg
kksuratnikah-maf;2025052822015199799746_kksuratnikah-maf_Applicant.jpeg
salaryslip-maf;2025052822015199799746_salaryslip-maf_Applicant.jpeg
allobank-maf;2025052822015199799746_allobank-maf_Applicant.jpeg
halamandepanbukutabungan-maf;2025052822015199799746_halamandepanbukutabungan-maf_Applicant.jpeg
fpkdepan-maf;2025052822015199799746_fpkdepan-maf_Applicant.jpeg
fpkbelakang-maf;2025052822015199799746_fpkbelakang-maf_Applicant.jpeg
nomorrumah-maf;2025052822015199799746_nomorrumah-maf_Applicant.jpeg
rumahjalan-maf;2025052822015199799746_rumahjalan-maf_Applicant.jpeg
dalamrumah-maf;2025052822015199799746_dalamrumah-maf_Applicant.jpeg
tempatusahadepan-maf;2025052822015199799746_tempatusahadepan-maf_Applicant.jpeg
bpkbdepan-maf;2025052822015199799746_bpkbdepan-maf_Applicant.jpeg
bpkbbelakang-maf;2025052822015199799746_bpkbbelakang-maf_Applicant.jpeg
stnkpajak-maf;2025052822015199799746_stnkpajak-maf_Applicant.jpeg
unitdepankanan-maf;2025052822015199799746_unitdepankanan-maf_Applicant.jpeg
unitdepankiri-maf;2025052822015199799746_unitdepankiri-maf_Applicant.jpeg
rangkanomesin-maf;2025052822015199799746_rangkanomesin-maf_Applicant.jpeg
pasanganttdcmo-maf;2025052822015199799746_pasanganttdcmo-maf_Applicant.jpeg
nasabahttdcmo-maf;2025052822015199799746_nasabahttdcmo-maf_Applicant.jpeg
pbbrekening-maf;2025052822022677574270_pbbrekening-maf_Applicant.jpeg
kksuratnikah-maf;2025052822022677574270_kksuratnikah-maf_Applicant.jpeg
salaryslip-maf;2025052822022677574270_salaryslip-maf_Applicant.jpeg
allobank-maf;2025052822022677574270_allobank-maf_Applicant.jpeg
halamandepanbukutabungan-maf;2025052822022677574270_halamandepanbukutabungan-maf_Applicant.jpeg
fpkdepan-maf;2025052822022677574270_fpkdepan-maf_Applicant.jpeg
fpkbelakang-maf;2025052822022677574270_fpkbelakang-maf_Applicant.jpeg
nomorrumah-maf;2025052822022677574270_nomorrumah-maf_Applicant.jpeg
rumahjalan-maf;2025052822022677574270_rumahjalan-maf_Applicant.jpeg
dalamrumah-maf;2025052822022677574270_dalamrumah-maf_Applicant.jpeg
tempatusahadepan-maf;2025052822022677574270_tempatusahadepan-maf_Applicant.jpeg
bpkbdepan-maf;2025052822022677574270_bpkbdepan-maf_Applicant.jpeg
bpkbbelakang-maf;2025052822022677574270_bpkbbelakang-maf_Applicant.jpeg
stnkpajak-maf;2025052822022677574270_stnkpajak-maf_Applicant.jpeg
unitdepankanan-maf;2025052822022677574270_unitdepankanan-maf_Applicant.jpeg
rangkanomesin-maf;2025052822022677574270_rangkanomesin-maf_Applicant.jpeg
pasanganttdcmo-maf;2025052822022677574270_pasanganttdcmo-maf_Applicant.jpeg
nasabahttdcmo-maf;2025052822022677574270_nasabahttdcmo-maf_Applicant.jpeg
unitdepankiri-maf;2025052822022677574270_unitdepankiri-maf_Applicant.jpeg
pbbrekening-maf;2025052822021394294722_pbbrekening-maf_Applicant.jpeg
kksuratnikah-maf;2025052822021394294722_kksuratnikah-maf_Applicant.jpeg
pasanganttdcmo-maf;2025052822021394294722_pasanganttdcmo-maf_Applicant.jpeg
buktipenghasilanusaha-maf;2025052722023070485803_buktipenghasilanusaha-maf_Applicant.jpeg
perizinanusaha-maf;2025052722023070485803_perizinanusaha-maf_Applicant.jpeg
buktikepemilikanusaha-maf;2025052722023070485803_buktikepemilikanusaha-maf_Applicant.jpeg
salaryslip-maf;2025052822021394294722_salaryslip-maf_Applicant.jpeg
allobank-maf;2025052822021394294722_allobank-maf_Applicant.jpeg
halamandepanbukutabungan-maf;2025052822021394294722_halamandepanbukutabungan-maf_Applicant.jpeg
fpkdepan-maf;2025052822021394294722_fpkdepan-maf_Applicant.jpeg
fpkbelakang-maf;2025052822021394294722_fpkbelakang-maf_Applicant.jpeg
nomorrumah-maf;2025052822021394294722_nomorrumah-maf_Applicant.jpeg
rumahjalan-maf;2025052822021394294722_rumahjalan-maf_Applicant.jpeg
fpkdepan-maf;2025052822023061092393_fpkdepan-maf_Applicant.jpeg
fpkbelakang-maf;2025052822023061092393_fpkbelakang-maf_Applicant.jpeg
nasabahttdcmo-maf;2025052822023061092393_nasabahttdcmo-maf_Applicant.jpeg
pasanganttdcmo-maf;2025052822023061092393_pasanganttdcmo-maf_Applicant.jpeg
rangkanomesin-maf;2025052822023061092393_rangkanomesin-maf_Applicant.jpeg
pbbrekening-maf;2025052822015199740967_pbbrekening-maf_Applicant.jpeg
stnkpajak-maf;2025052822023061092393_stnkpajak-maf_Applicant.jpeg
bpkbdepan-maf;2025052822023061092393_bpkbdepan-maf_Applicant.jpeg
bpkbbelakang-maf;2025052822023061092393_bpkbbelakang-maf_Applicant.jpeg
salaryslip-maf;2025052822015199740967_salaryslip-maf_Applicant.jpeg
allobank-maf;2025052822015199740967_allobank-maf_Applicant.jpeg
nomorrumah-maf;2025052822023061092393_nomorrumah-maf_Applicant.jpeg
halamandepanbukutabungan-maf;2025052822015199740967_halamandepanbukutabungan-maf_Applicant.jpeg
rumahjalan-maf;2025052822023061092393_rumahjalan-maf_Applicant.jpeg
kksuratnikah-maf;2025052822015199740967_kksuratnikah-maf_Applicant.jpeg
fpkdepan-maf;2025052822015199740967_fpkdepan-maf_Applicant.jpeg
fpkbelakang-maf;2025052822015199740967_fpkbelakang-maf_Applicant.jpeg
rangkanomesin-maf;2025052822015199740967_rangkanomesin-maf_Applicant.jpeg
pasanganttdcmo-maf;2025052822015199740967_pasanganttdcmo-maf_Applicant.jpeg
nasabahttdcmo-maf;2025052822015199740967_nasabahttdcmo-maf_Applicant.jpeg
stnkpajak-maf;2025052822023099982672_stnkpajak-maf_Applicant.jpeg
unitdepankanan-maf;2025052822023099982672_unitdepankanan-maf_Applicant.jpeg
unitdepankiri-maf;2025052822023099982672_unitdepankiri-maf_Applicant.jpeg
rangkanomesin-maf;2025052822023099982672_rangkanomesin-maf_Applicant.jpeg
pasanganttdcmo-maf;2025052822023099982672_pasanganttdcmo-maf_Applicant.jpeg
nasabahttdcmo-maf;2025052822023099982672_nasabahttdcmo-maf_Applicant.jpeg
kksuratnikah-maf;2025052822023099982672_kksuratnikah-maf_Applicant.jpeg
pbbrekening-maf;2025052822023099982672_pbbrekening-maf_Applicant.jpeg
fpkbelakang-maf;2025052822023099982672_fpkbelakang-maf_Applicant.jpeg
dalamrumah-maf;2025052822021394294722_dalamrumah-maf_Applicant.jpeg
tempatusahadepan-maf;2025052822021394294722_tempatusahadepan-maf_Applicant.jpeg
bpkbdepan-maf;2025052822021394294722_bpkbdepan-maf_Applicant.jpeg
bpkbbelakang-maf;2025052822021394294722_bpkbbelakang-maf_Applicant.jpeg
stnkpajak-maf;2025052822021394294722_stnkpajak-maf_Applicant.jpeg
unitdepankanan-maf;2025052822021394294722_unitdepankanan-maf_Applicant.jpeg
unitdepankiri-maf;2025052822021394294722_unitdepankiri-maf_Applicant.jpeg
rangkanomesin-maf;2025052822021394294722_rangkanomesin-maf_Applicant.jpeg
nasabahttdcmo-maf;2025052822021394294722_nasabahttdcmo-maf_Applicant.jpeg
buktipenghasilanusaha-maf;2025052822023061092393_buktipenghasilanusaha-maf_Applicant.jpeg
perizinanusaha-maf;2025052822023061092393_perizinanusaha-maf_Applicant.jpeg
buktikepemilikanusaha-maf;2025052822023061092393_buktikepemilikanusaha-maf_Applicant.jpeg
kksuratnikah-maf;2025052822023061092393_kksuratnikah-maf_Applicant.jpeg
allobank-maf;2025052822023061092393_allobank-maf_Applicant.jpeg
halamandepanbukutabungan-maf;2025052822023061092393_halamandepanbukutabungan-maf_Applicant.jpeg
dalamrumah-maf;2025052822023061092393_dalamrumah-maf_Applicant.jpeg
rumahjalan-maf;2025052822015199740967_rumahjalan-maf_Applicant.jpeg
nomorrumah-maf;2025052822015199740967_nomorrumah-maf_Applicant.jpeg
tempatusahadepan-maf;2025052822023061092393_tempatusahadepan-maf_Applicant.jpeg
dalamrumah-maf;2025052822015199740967_dalamrumah-maf_Applicant.jpeg
unitdepankiri-maf;2025052822023061092393_unitdepankiri-maf_Applicant.jpeg
tempatusahadepan-maf;2025052822015199740967_tempatusahadepan-maf_Applicant.jpeg
unitdepankanan-maf;2025052822023061092393_unitdepankanan-maf_Applicant.jpeg
bpkbdepan-maf;2025052822015199740967_bpkbdepan-maf_Applicant.jpeg
bpkbbelakang-maf;2025052822015199740967_bpkbbelakang-maf_Applicant.jpeg
stnkpajak-maf;2025052822015199740967_stnkpajak-maf_Applicant.jpeg
unitdepankanan-maf;2025052822015199740967_unitdepankanan-maf_Applicant.jpeg
unitdepankiri-maf;2025052822015199740967_unitdepankiri-maf_Applicant.jpeg
nomorrumah-maf;2025052822023070446206_nomorrumah-maf_Applicant.jpeg
rumahjalan-maf;2025052822023070446206_rumahjalan-maf_Applicant.jpeg
dalamrumah-maf;2025052822023070446206_dalamrumah-maf_Applicant.jpeg
tempatusahadepan-maf;2025052822023070446206_tempatusahadepan-maf_Applicant.jpeg
bpkbdepan-maf;2025052822023070446206_bpkbdepan-maf_Applicant.jpeg
bpkbbelakang-maf;2025052822023070446206_bpkbbelakang-maf_Applicant.jpeg
stnkpajak-maf;2025052822023070446206_stnkpajak-maf_Applicant.jpeg
unitdepankanan-maf;2025052822023070446206_unitdepankanan-maf_Applicant.jpeg
unitdepankiri-maf;2025052822023070446206_unitdepankiri-maf_Applicant.jpeg
rangkanomesin-maf;2025052822023070446206_rangkanomesin-maf_Applicant.jpeg
pasanganttdcmo-maf;2025052822023070446206_pasanganttdcmo-maf_Applicant.jpeg
salaryslip-maf;2025052822023099982672_salaryslip-maf_Applicant.jpeg
allobank-maf;2025052822023099982672_allobank-maf_Applicant.jpeg
halamandepanbukutabungan-maf;2025052822023099982672_halamandepanbukutabungan-maf_Applicant.jpeg
fpkdepan-maf;2025052822023099982672_fpkdepan-maf_Applicant.jpeg
nomorrumah-maf;2025052822023099982672_nomorrumah-maf_Applicant.jpeg
dalamrumah-maf;2025052822023099982672_dalamrumah-maf_Applicant.jpeg
rumahjalan-maf;2025052822023099982672_rumahjalan-maf_Applicant.jpeg
tempatusahadepan-maf;2025052822023099982672_tempatusahadepan-maf_Applicant.jpeg
bpkbdepan-maf;2025052822023099982672_bpkbdepan-maf_Applicant.jpeg
bpkbbelakang-maf;2025052822023099982672_bpkbbelakang-maf_Applicant.jpeg
salaryslip-maf;2025052822023070446206_salaryslip-maf_Applicant.jpeg
pbbrekening-maf;2025052822023070446206_pbbrekening-maf_Applicant.jpeg
kksuratnikah-maf;2025052822023070446206_kksuratnikah-maf_Applicant.jpeg
allobank-maf;2025052822023070446206_allobank-maf_Applicant.jpeg
halamandepanbukutabungan-maf;2025052822023070446206_halamandepanbukutabungan-maf_Applicant.jpeg
fpkdepan-maf;2025052822023070446206_fpkdepan-maf_Applicant.jpeg
fpkbelakang-maf;2025052822023070446206_fpkbelakang-maf_Applicant.jpeg
rangkanomesin-maf;2025052822022162933805_rangkanomesin-maf_Applicant.jpeg
pasanganttdcmo-maf;2025052822022162933805_pasanganttdcmo-maf_Applicant.jpeg
nasabahttdcmo-maf;2025052822022162933805_nasabahttdcmo-maf_Applicant.jpeg
kksuratnikah-maf;2025052822022162974089_kksuratnikah-maf_Applicant.jpeg
pbbrekening-maf;2025052822022162974089_pbbrekening-maf_Applicant.jpeg
halamandepanbukutabungan-maf;2025052822022162974089_halamandepanbukutabungan-maf_Applicant.jpeg
salaryslip-maf;2025052822022162974089_salaryslip-maf_Applicant.jpeg
allobank-maf;2025052822022162974089_allobank-maf_Applicant.jpeg
fpkbelakang-maf;2025052822022162974089_fpkbelakang-maf_Applicant.jpeg
fpkdepan-maf;2025052822022162974089_fpkdepan-maf_Applicant.jpeg
nomorrumah-maf;2025052822022162974089_nomorrumah-maf_Applicant.jpeg
rumahjalan-maf;2025052822022162974089_rumahjalan-maf_Applicant.jpeg
tempatusahadepan-maf;2025052822022162974089_tempatusahadepan-maf_Applicant.jpeg
bpkbdepan-maf;2025052822022162974089_bpkbdepan-maf_Applicant.jpeg
bpkbbelakang-maf;2025052822022162974089_bpkbbelakang-maf_Applicant.jpeg
rumahjalan-maf;2025052822023070442496_rumahjalan-maf_Applicant.jpeg
dalamrumah-maf;2025052822023070442496_dalamrumah-maf_Applicant.jpeg
tempatusahadepan-maf;2025052822023070442496_tempatusahadepan-maf_Applicant.jpeg
bpkbdepan-maf;2025052822023070442496_bpkbdepan-maf_Applicant.jpeg
bpkbbelakang-maf;2025052822023070442496_bpkbbelakang-maf_Applicant.jpeg
stnkpajak-maf;2025052822023070442496_stnkpajak-maf_Applicant.jpeg
unitdepankanan-maf;2025052822023070442496_unitdepankanan-maf_Applicant.jpeg
unitdepankiri-maf;2025052822023070442496_unitdepankiri-maf_Applicant.jpeg
rangkanomesin-maf;2025052822023070442496_rangkanomesin-maf_Applicant.jpeg
pasanganttdcmo-maf;2025052822023070442496_pasanganttdcmo-maf_Applicant.jpeg
nasabahttdcmo-maf;2025052822023070442496_nasabahttdcmo-maf_Applicant.jpeg
pbbrekening-maf;2025052822021394214752_pbbrekening-maf_Applicant.jpeg
kksuratnikah-maf;2025052822021394214752_kksuratnikah-maf_Applicant.jpeg
salaryslip-maf;2025052822021394214752_salaryslip-maf_Applicant.jpeg
nomorrumah-maf;2025052822021394214752_nomorrumah-maf_Applicant.jpeg
buktikepemilikanusaha-maf;2025052822024511910778_buktikepemilikanusaha-maf_Applicant.jpeg
kksuratnikah-maf;2025052822024511910778_kksuratnikah-maf_Applicant.jpeg
buktipenghasilanusaha-maf;2025052822024511910778_buktipenghasilanusaha-maf_Applicant.jpeg
allobank-maf;2025052822024511910778_allobank-maf_Applicant.jpeg
halamandepanbukutabungan-maf;2025052822024511910778_halamandepanbukutabungan-maf_Applicant.jpeg
fpkbelakang-maf;2025052822024511910778_fpkbelakang-maf_Applicant.jpeg
fpkdepan-maf;2025052822024511910778_fpkdepan-maf_Applicant.jpeg
nomorrumah-maf;2025052822024511910778_nomorrumah-maf_Applicant.jpeg
rumahjalan-maf;2025052822024511910778_rumahjalan-maf_Applicant.jpeg
dalamrumah-maf;2025052822024511910778_dalamrumah-maf_Applicant.jpeg
tempatusahadepan-maf;2025052822024511910778_tempatusahadepan-maf_Applicant.jpeg
bpkbdepan-maf;2025052822024511910778_bpkbdepan-maf_Applicant.jpeg
bpkbbelakang-maf;2025052822024511910778_bpkbbelakang-maf_Applicant.jpeg
stnkpajak-maf;2025052822024511910778_stnkpajak-maf_Applicant.jpeg
unitdepankanan-maf;2025052822024511910778_unitdepankanan-maf_Applicant.jpeg
stnkpajak-maf;2025052822022162974089_stnkpajak-maf_Applicant.jpeg
dalamrumah-maf;2025052822022162974089_dalamrumah-maf_Applicant.jpeg
unitdepankanan-maf;2025052822022162974089_unitdepankanan-maf_Applicant.jpeg
unitdepankiri-maf;2025052822022162974089_unitdepankiri-maf_Applicant.jpeg
rangkanomesin-maf;2025052822022162974089_rangkanomesin-maf_Applicant.jpeg
pasanganttdcmo-maf;2025052822022162974089_pasanganttdcmo-maf_Applicant.jpeg
nasabahttdcmo-maf;2025052822022162974089_nasabahttdcmo-maf_Applicant.jpeg
pbbrekening-maf;2025052822023070442496_pbbrekening-maf_Applicant.jpeg
allobank-maf;2025052822023070442496_allobank-maf_Applicant.jpeg
halamandepanbukutabungan-maf;2025052822023070442496_halamandepanbukutabungan-maf_Applicant.jpeg
salaryslip-maf;2025052822023070442496_salaryslip-maf_Applicant.jpeg
kksuratnikah-maf;2025052822023070442496_kksuratnikah-maf_Applicant.jpeg
fpkdepan-maf;2025052822023070442496_fpkdepan-maf_Applicant.jpeg
fpkbelakang-maf;2025052822023070442496_fpkbelakang-maf_Applicant.jpeg
nomorrumah-maf;2025052822023070442496_nomorrumah-maf_Applicant.jpeg
unitdepankiri-maf;2025052822024511910778_unitdepankiri-maf_Applicant.jpeg
rangkanomesin-maf;2025052822024511910778_rangkanomesin-maf_Applicant.jpeg
pasanganttdcmo-maf;2025052822024511910778_pasanganttdcmo-maf_Applicant.jpeg
nasabahttdcmo-maf;2025052822024511910778_nasabahttdcmo-maf_Applicant.jpeg
perizinanusaha-maf;2025052822024511910778_perizinanusaha-maf_Applicant.jpeg
dalamrumah-maf;2025052822021394214752_dalamrumah-maf_Applicant.jpeg
fpkdepan-maf;2025052822021394214752_fpkdepan-maf_Applicant.jpeg
fpkbelakang-maf;2025052822021394214752_fpkbelakang-maf_Applicant.jpeg
allobank-maf;2025052822021394214752_allobank-maf_Applicant.jpeg
halamandepanbukutabungan-maf;2025052822021394214752_halamandepanbukutabungan-maf_Applicant.jpeg
bpkbdepan-maf;2025052822021394214752_bpkbdepan-maf_Applicant.jpeg
bpkbbelakang-maf;2025052822021394214752_bpkbbelakang-maf_Applicant.jpeg
stnkpajak-maf;2025052822021394214752_stnkpajak-maf_Applicant.jpeg
unitdepankanan-maf;2025052822021394214752_unitdepankanan-maf_Applicant.jpeg
unitdepankanan-maf;2025052822024511926872_unitdepankanan-maf_Applicant.jpeg
unitdepankiri-maf;2025052822024511926872_unitdepankiri-maf_Applicant.jpeg
rangkanomesin-maf;2025052822024511926872_rangkanomesin-maf_Applicant.jpeg
pasanganttdcmo-maf;2025052822024511926872_pasanganttdcmo-maf_Applicant.jpeg
nasabahttdcmo-maf;2025052822024511926872_nasabahttdcmo-maf_Applicant.jpeg
kksuratnikah-maf;2025052822024511926872_kksuratnikah-maf_Applicant.jpeg
halamandepanbukutabungan-maf;2025052822024511926872_halamandepanbukutabungan-maf_Applicant.jpeg
fpkbelakang-maf;2025052822024511926872_fpkbelakang-maf_Applicant.jpeg
allobank-maf;2025052822024511926872_allobank-maf_Applicant.jpeg
fpkdepan-maf;2025052822024511926872_fpkdepan-maf_Applicant.jpeg
pbbrekening-maf;2025052822020547588015_pbbrekening-maf_Applicant.jpeg
kksuratnikah-maf;2025052822020547588015_kksuratnikah-maf_Applicant.jpeg
salaryslip-maf;2025052822020547588015_salaryslip-maf_Applicant.jpeg
rangkanomesin-maf;2025052822021394214752_rangkanomesin-maf_Applicant.jpeg
unitdepankiri-maf;2025052822021394214752_unitdepankiri-maf_Applicant.jpeg
rumahjalan-maf;2025052822021394214752_rumahjalan-maf_Applicant.jpeg
nasabahttdcmo-maf;2025052822021394214752_nasabahttdcmo-maf_Applicant.jpeg
pasanganttdcmo-maf;2025052822021394214752_pasanganttdcmo-maf_Applicant.jpeg
tempatusahadepan-maf;2025052822021394214752_tempatusahadepan-maf_Applicant.jpeg
nomorrumah-maf;2025052822024511926872_nomorrumah-maf_Applicant.jpeg
rumahjalan-maf;2025052822024511926872_rumahjalan-maf_Applicant.jpeg
dalamrumah-maf;2025052822024511926872_dalamrumah-maf_Applicant.jpeg
tempatusahadepan-maf;2025052822024511926872_tempatusahadepan-maf_Applicant.jpeg
bpkbdepan-maf;2025052822024511926872_bpkbdepan-maf_Applicant.jpeg
bpkbbelakang-maf;2025052822024511926872_bpkbbelakang-maf_Applicant.jpeg
stnkpajak-maf;2025052822024511926872_stnkpajak-maf_Applicant.jpeg
allobank-maf;2025052822023363458503_allobank-maf_Applicant.jpeg
halamandepanbukutabungan-maf;2025052822023363458503_halamandepanbukutabungan-maf_Applicant.jpeg
bpkbbelakang-maf;2025052822022195847170_bpkbbelakang-maf_Applicant.jpeg
nomorrumah-maf;2025052822023363458503_nomorrumah-maf_Applicant.jpeg
rumahjalan-maf;2025052822023363458503_rumahjalan-maf_Applicant.jpeg
stnkpajak-maf;2025052822022195847170_stnkpajak-maf_Applicant.jpeg
fpkdepan-maf;2025052822023363458503_fpkdepan-maf_Applicant.jpeg
fpkbelakang-maf;2025052822023363458503_fpkbelakang-maf_Applicant.jpeg
dalamrumah-maf;2025052822023363458503_dalamrumah-maf_Applicant.jpeg
unitdepankiri-maf;2025052822022195847170_unitdepankiri-maf_Applicant.jpeg
unitdepankanan-maf;2025052822022195847170_unitdepankanan-maf_Applicant.jpeg
tempatusahadepan-maf;2025052822023363458503_tempatusahadepan-maf_Applicant.jpeg
bpkbdepan-maf;2025052822023363458503_bpkbdepan-maf_Applicant.jpeg
bpkbbelakang-maf;2025052822023363458503_bpkbbelakang-maf_Applicant.jpeg
rangkanomesin-maf;2025052822022195847170_rangkanomesin-maf_Applicant.jpeg
pasanganttdcmo-maf;2025052822022195847170_pasanganttdcmo-maf_Applicant.jpeg
stnkpajak-maf;2025052822023363458503_stnkpajak-maf_Applicant.jpeg
nasabahttdcmo-maf;2025052822022195847170_nasabahttdcmo-maf_Applicant.jpeg
unitdepankanan-maf;2025052822023363458503_unitdepankanan-maf_Applicant.jpeg
unitdepankiri-maf;2025052822023363458503_unitdepankiri-maf_Applicant.jpeg
rangkanomesin-maf;2025052822023363458503_rangkanomesin-maf_Applicant.jpeg
pasanganttdcmo-maf;2025052822023363458503_pasanganttdcmo-maf_Applicant.jpeg
nasabahttdcmo-maf;2025052822023363458503_nasabahttdcmo-maf_Applicant.jpeg
perizinanusaha-maf;2025052822023363458503_perizinanusaha-maf_Applicant.jpeg
buktikepemilikanusaha-maf;2025052822024511926872_buktikepemilikanusaha-maf_Applicant.jpeg
buktipenghasilanusaha-maf;2025052822024511926872_buktipenghasilanusaha-maf_Applicant.jpeg
perizinanusaha-maf;2025052822024511926872_perizinanusaha-maf_Applicant.jpeg
allobank-maf;2025052822020547588015_allobank-maf_Applicant.jpeg
halamandepanbukutabungan-maf;2025052822020547588015_halamandepanbukutabungan-maf_Applicant.jpeg
fpkdepan-maf;2025052822020547588015_fpkdepan-maf_Applicant.jpeg
fpkbelakang-maf;2025052822020547588015_fpkbelakang-maf_Applicant.jpeg
buktikepemilikanusaha-maf;2025052822022195847170_buktikepemilikanusaha-maf_Applicant.jpeg
kksuratnikah-maf;2025052822022195847170_kksuratnikah-maf_Applicant.jpeg
buktipenghasilanusaha-maf;2025052822022195847170_buktipenghasilanusaha-maf_Applicant.jpeg
allobank-maf;2025052822022195847170_allobank-maf_Applicant.jpeg
halamandepanbukutabungan-maf;2025052822022195847170_halamandepanbukutabungan-maf_Applicant.jpeg
fpkdepan-maf;2025052822022195847170_fpkdepan-maf_Applicant.jpeg
fpkbelakang-maf;2025052822022195847170_fpkbelakang-maf_Applicant.jpeg
nomorrumah-maf;2025052822022195847170_nomorrumah-maf_Applicant.jpeg
rumahjalan-maf;2025052822022195847170_rumahjalan-maf_Applicant.jpeg
dalamrumah-maf;2025052822022195847170_dalamrumah-maf_Applicant.jpeg
buktikepemilikanusaha-maf;2025052822023363458503_buktikepemilikanusaha-maf_Applicant.jpeg
tempatusahadepan-maf;2025052822022195847170_tempatusahadepan-maf_Applicant.jpeg
buktipenghasilanusaha-maf;2025052822023363458503_buktipenghasilanusaha-maf_Applicant.jpeg
kksuratnikah-maf;2025052822023363458503_kksuratnikah-maf_Applicant.jpeg
bpkbdepan-maf;2025052822022195847170_bpkbdepan-maf_Applicant.jpeg
buktikepemilikanusaha-maf;2025052622022162941077_buktikepemilikanusaha-maf_Applicant.jpeg
kksuratnikah-maf;2025052622022162941077_kksuratnikah-maf_Applicant.jpeg
buktipenghasilanusaha-maf;2025052622022162941077_buktipenghasilanusaha-maf_Applicant.jpeg
halamandepanbukutabungan-maf;2025052622022162941077_halamandepanbukutabungan-maf_Applicant.jpeg
fpkdepan-maf;2025052622022162941077_fpkdepan-maf_Applicant.jpeg
fpkbelakang-maf;2025052622022162941077_fpkbelakang-maf_Applicant.jpeg
allobank-maf;2025052622022162941077_allobank-maf_Applicant.jpeg
nomorrumah-maf;2025052622022162941077_nomorrumah-maf_Applicant.jpeg
rumahjalan-maf;2025052622022162941077_rumahjalan-maf_Applicant.jpeg
tempatusahadepan-maf;2025052622022162941077_tempatusahadepan-maf_Applicant.jpeg
bpkbdepan-maf;2025052622022162941077_bpkbdepan-maf_Applicant.jpeg
dalamrumah-maf;2025052622022162941077_dalamrumah-maf_Applicant.jpeg
bpkbbelakang-maf;2025052622022162941077_bpkbbelakang-maf_Applicant.jpeg
stnkpajak-maf;2025052622022162941077_stnkpajak-maf_Applicant.jpeg
unitdepankanan-maf;2025052622022162941077_unitdepankanan-maf_Applicant.jpeg
unitdepankiri-maf;2025052622022162941077_unitdepankiri-maf_Applicant.jpeg
bpkbdepan-maf;2025052822024016060216_bpkbdepan-maf_Applicant.jpeg
bpkbbelakang-maf;2025052822024016060216_bpkbbelakang-maf_Applicant.jpeg
stnkpajak-maf;2025052822024016060216_stnkpajak-maf_Applicant.jpeg
unitdepankanan-maf;2025052822024016060216_unitdepankanan-maf_Applicant.jpeg
unitdepankiri-maf;2025052822024016060216_unitdepankiri-maf_Applicant.jpeg
rangkanomesin-maf;2025052822024016060216_rangkanomesin-maf_Applicant.jpeg
pasanganttdcmo-maf;2025052822024016060216_pasanganttdcmo-maf_Applicant.jpeg
nasabahttdcmo-maf;2025052822024016060216_nasabahttdcmo-maf_Applicant.jpeg
kksuratnikah-maf;2025052822021296272557_kksuratnikah-maf_Applicant.jpeg
pricelist-maf;2025052822021296272557_pricelist-maf_Applicant.jpeg
bpkbdepan-maf;2025052822021296272557_bpkbdepan-maf_Applicant.jpeg
bpkbbelakang-maf;2025052822021296272557_bpkbbelakang-maf_Applicant.jpeg
stnkpajak-maf;2025052822021296272557_stnkpajak-maf_Applicant.jpeg
allobank-maf;2025052822021296272557_allobank-maf_Applicant.jpeg
halamandepanbukutabungan-maf;2025052822021296272557_halamandepanbukutabungan-maf_Applicant.jpeg
rangkanomesin-maf;2025052622022162941077_rangkanomesin-maf_Applicant.jpeg
pasanganttdcmo-maf;2025052622022162941077_pasanganttdcmo-maf_Applicant.jpeg
nasabahttdcmo-maf;2025052622022162941077_nasabahttdcmo-maf_Applicant.jpeg
perizinanusaha-maf;2025052622022162941077_perizinanusaha-maf_Applicant.jpeg
pbbrekening-maf;2025052822024016060216_pbbrekening-maf_Applicant.jpeg
kksuratnikah-maf;2025052822024016060216_kksuratnikah-maf_Applicant.jpeg
salaryslip-maf;2025052822024016060216_salaryslip-maf_Applicant.jpeg
allobank-maf;2025052822024016060216_allobank-maf_Applicant.jpeg
halamandepanbukutabungan-maf;2025052822024016060216_halamandepanbukutabungan-maf_Applicant.jpeg
fpkdepan-maf;2025052822024016060216_fpkdepan-maf_Applicant.jpeg
fpkbelakang-maf;2025052822024016060216_fpkbelakang-maf_Applicant.jpeg
rumahjalan-maf;2025052822024016060216_rumahjalan-maf_Applicant.jpeg
nomorrumah-maf;2025052822024016060216_nomorrumah-maf_Applicant.jpeg
dalamrumah-maf;2025052822024016060216_dalamrumah-maf_Applicant.jpeg
tempatusahadepan-maf;2025052822024016060216_tempatusahadepan-maf_Applicant.jpeg
buktipenghasilanusaha-maf;2025052822024422651077_buktipenghasilanusaha-maf_Applicant.jpeg
kksuratnikah-maf;2025052822024422651077_kksuratnikah-maf_Applicant.jpeg
allobank-maf;2025052822024422651077_allobank-maf_Applicant.jpeg
halamandepanbukutabungan-maf;2025052822024422651077_halamandepanbukutabungan-maf_Applicant.jpeg
pricelist-maf;2025052822024422651077_pricelist-maf_Applicant.jpeg
perizinanusaha-maf;2025052822024422651077_perizinanusaha-maf_Applicant.jpeg
fpkbelakang-maf;2025052822024422651077_fpkbelakang-maf_Applicant.jpeg
fpkdepan-maf;2025052822024422651077_fpkdepan-maf_Applicant.jpeg
nasabahttdcmo-maf;2025052822024422651077_nasabahttdcmo-maf_Applicant.jpeg
pasanganttdcmo-maf;2025052822024422651077_pasanganttdcmo-maf_Applicant.jpeg
tempatusahadepan-maf;2025052822024422651077_tempatusahadepan-maf_Applicant.jpeg
nomorrumah-maf;2025052822024422651077_nomorrumah-maf_Applicant.jpeg
rumahjalan-maf;2025052822024422651077_rumahjalan-maf_Applicant.jpeg
dalamrumah-maf;2025052822024422651077_dalamrumah-maf_Applicant.jpeg
halamandepanbukutabungan-maf;2025052922022281617545_halamandepanbukutabungan-maf_Applicant.jpeg
unitdepankiri-maf;2025052822015002476295_unitdepankiri-maf_Applicant.jpeg
fpkdepan-maf;2025052922022281617545_fpkdepan-maf_Applicant.jpeg
rangkanomesin-maf;2025052822015002476295_rangkanomesin-maf_Applicant.jpeg
pasanganttdcmo-maf;2025052822015002476295_pasanganttdcmo-maf_Applicant.jpeg
fpkbelakang-maf;2025052922022281617545_fpkbelakang-maf_Applicant.jpeg
nasabahttdcmo-maf;2025052822015002476295_nasabahttdcmo-maf_Applicant.jpeg
nomorrumah-maf;2025052922022281617545_nomorrumah-maf_Applicant.jpeg
rumahjalan-maf;2025052922022281617545_rumahjalan-maf_Applicant.jpeg
perizinanusaha-maf;2025052822015002476295_perizinanusaha-maf_Applicant.jpeg
dalamrumah-maf;2025052922022281617545_dalamrumah-maf_Applicant.jpeg
tempatusahadepan-maf;2025052922022281617545_tempatusahadepan-maf_Applicant.jpeg
bpkbdepan-maf;2025052922022281617545_bpkbdepan-maf_Applicant.jpeg
bpkbbelakang-maf;2025052922022281617545_bpkbbelakang-maf_Applicant.jpeg
stnkpajak-maf;2025052922022281617545_stnkpajak-maf_Applicant.jpeg
unitdepankanan-maf;2025052922022281617545_unitdepankanan-maf_Applicant.jpeg
unitdepankiri-maf;2025052922022281617545_unitdepankiri-maf_Applicant.jpeg
rangkanomesin-maf;2025052922022281617545_rangkanomesin-maf_Applicant.jpeg
pasanganttdcmo-maf;2025052922022281617545_pasanganttdcmo-maf_Applicant.jpeg
nasabahttdcmo-maf;2025052922022281617545_nasabahttdcmo-maf_Applicant.jpeg
pbbrekening-maf;2025052922022697717666_pbbrekening-maf_Applicant.jpeg
kksuratnikah-maf;2025052922022697717666_kksuratnikah-maf_Applicant.jpeg
salaryslip-maf;2025052922022697717666_salaryslip-maf_Applicant.jpeg
halamandepanbukutabungan-maf;2025052922022697717666_halamandepanbukutabungan-maf_Applicant.png
fpkdepan-maf;2025052922022697717666_fpkdepan-maf_Applicant.jpeg
fpkbelakang-maf;2025052922022697717666_fpkbelakang-maf_Applicant.jpeg
allobank-maf;2025052922022697717666_allobank-maf_Applicant.jpeg
buktikepemilikanusaha-maf;2025052822015002476295_buktikepemilikanusaha-maf_Applicant.jpeg
kksuratnikah-maf;2025052822015002476295_kksuratnikah-maf_Applicant.jpeg
buktipenghasilanusaha-maf;2025052822015002476295_buktipenghasilanusaha-maf_Applicant.jpeg
allobank-maf;2025052822015002476295_allobank-maf_Applicant.jpeg
halamandepanbukutabungan-maf;2025052822015002476295_halamandepanbukutabungan-maf_Applicant.jpeg
fpkdepan-maf;2025052822015002476295_fpkdepan-maf_Applicant.jpeg
fpkbelakang-maf;2025052822015002476295_fpkbelakang-maf_Applicant.jpeg
rumahdepan-maf;2025052822015002476295_rumahdepan-maf_Applicant.jpeg
rumahjalan-maf;2025052822015002476295_rumahjalan-maf_Applicant.jpeg
dalamrumah-maf;2025052822015002476295_dalamrumah-maf_Applicant.jpeg
pbbrekening-maf;2025052922022281617545_pbbrekening-maf_Applicant.jpeg
tempatusahadepan-maf;2025052822015002476295_tempatusahadepan-maf_Applicant.jpeg
kksuratnikah-maf;2025052922022281617545_kksuratnikah-maf_Applicant.jpeg
bpkbdepan-maf;2025052822015002476295_bpkbdepan-maf_Applicant.jpeg
bpkbbelakang-maf;2025052822015002476295_bpkbbelakang-maf_Applicant.jpeg
salaryslip-maf;2025052922022281617545_salaryslip-maf_Applicant.jpeg
stnkpajak-maf;2025052822015002476295_stnkpajak-maf_Applicant.jpeg
allobank-maf;2025052922022281617545_allobank-maf_Applicant.jpeg
unitdepankanan-maf;2025052822015002476295_unitdepankanan-maf_Applicant.jpeg
nomorrumah-maf;2025052922022697717666_nomorrumah-maf_Applicant.jpeg
rumahjalan-maf;2025052922022697717666_rumahjalan-maf_Applicant.jpeg
dalamrumah-maf;2025052922022697717666_dalamrumah-maf_Applicant.jpeg
tempatusahadepan-maf;2025052922022697717666_tempatusahadepan-maf_Applicant.jpeg
bpkbdepan-maf;2025052922022697717666_bpkbdepan-maf_Applicant.jpeg
bpkbbelakang-maf;2025052922022697717666_bpkbbelakang-maf_Applicant.jpeg
stnkpajak-maf;2025052922022697717666_stnkpajak-maf_Applicant.jpeg
unitdepankanan-maf;2025052922022697717666_unitdepankanan-maf_Applicant.jpeg
unitdepankiri-maf;2025052922022697717666_unitdepankiri-maf_Applicant.jpeg
rangkanomesin-maf;2025052922022697717666_rangkanomesin-maf_Applicant.jpeg
pasanganttdcmo-maf;2025052922022697717666_pasanganttdcmo-maf_Applicant.jpeg
nasabahttdcmo-maf;2025052922022697717666_nasabahttdcmo-maf_Applicant.jpeg
rangkanomesin-maf;2025052922024422658395_rangkanomesin-maf_Applicant.jpeg
pasanganttdcmo-maf;2025052922024422658395_pasanganttdcmo-maf_Applicant.jpeg
nasabahttdcmo-maf;2025052922024422658395_nasabahttdcmo-maf_Applicant.jpeg
perizinanusaha-maf;2025052922024422658395_perizinanusaha-maf_Applicant.jpeg
buktikepemilikanusaha-maf;2025052922022195818241_buktikepemilikanusaha-maf_Applicant.jpeg
buktipenghasilanusaha-maf;2025052922022195818241_buktipenghasilanusaha-maf_Applicant.jpeg
kksuratnikah-maf;2025052922022195818241_kksuratnikah-maf_Applicant.jpeg
allobank-maf;2025052922022195818241_allobank-maf_Applicant.jpeg
rumahdepan-maf;2025052922022195818241_rumahdepan-maf_Applicant.jpeg
halamandepanbukutabungan-maf;2025052922022195818241_halamandepanbukutabungan-maf_Applicant.jpeg
rumahjalan-maf;2025052922022195818241_rumahjalan-maf_Applicant.jpeg
fpkdepan-maf;2025052922022195818241_fpkdepan-maf_Applicant.jpeg
fpkbelakang-maf;2025052922022195818241_fpkbelakang-maf_Applicant.jpeg
dalamrumah-maf;2025052922022195818241_dalamrumah-maf_Applicant.jpeg
tempatusahadepan-maf;2025052922022195818241_tempatusahadepan-maf_Applicant.jpeg
bpkbdepan-maf;2025052922022195818241_bpkbdepan-maf_Applicant.jpeg
bpkbbelakang-maf;2025052922022195818241_bpkbbelakang-maf_Applicant.jpeg
stnkpajak-maf;2025052922022195818241_stnkpajak-maf_Applicant.jpeg
unitdepankanan-maf;2025052922022195818241_unitdepankanan-maf_Applicant.jpeg
unitdepankiri-maf;2025052922022195818241_unitdepankiri-maf_Applicant.jpeg
rangkanomesin-maf;2025052922022195818241_rangkanomesin-maf_Applicant.jpeg
pasanganttdcmo-maf;2025052922022195818241_pasanganttdcmo-maf_Applicant.jpeg
nasabahttdcmo-maf;2025052922022195818241_nasabahttdcmo-maf_Applicant.jpeg
perizinanusaha-maf;2025052922022195818241_perizinanusaha-maf_Applicant.jpeg
pbbrekening-maf;2025052822024386051086_pbbrekening-maf_Applicant.jpeg
kksuratnikah-maf;2025052822024386051086_kksuratnikah-maf_Applicant.jpeg
salaryslip-maf;2025052822024386051086_salaryslip-maf_Applicant.jpeg
buktikepemilikanusaha-maf;2025052922024422658395_buktikepemilikanusaha-maf_Applicant.jpeg
kksuratnikah-maf;2025052922024422658395_kksuratnikah-maf_Applicant.jpeg
buktipenghasilanusaha-maf;2025052922024422658395_buktipenghasilanusaha-maf_Applicant.jpeg
allobank-maf;2025052922024422658395_allobank-maf_Applicant.jpeg
halamandepanbukutabungan-maf;2025052922024422658395_halamandepanbukutabungan-maf_Applicant.jpeg
dalamrumah-maf;2025052922024422658395_dalamrumah-maf_Applicant.jpeg
fpkdepan-maf;2025052922024422658395_fpkdepan-maf_Applicant.jpeg
fpkbelakang-maf;2025052922024422658395_fpkbelakang-maf_Applicant.jpeg
nomorrumah-maf;2025052922024422658395_nomorrumah-maf_Applicant.jpeg
rumahjalan-maf;2025052922024422658395_rumahjalan-maf_Applicant.jpeg
tempatusahadepan-maf;2025052922024422658395_tempatusahadepan-maf_Applicant.jpeg
bpkbdepan-maf;2025052922024422658395_bpkbdepan-maf_Applicant.jpeg
bpkbbelakang-maf;2025052922024422658395_bpkbbelakang-maf_Applicant.jpeg
stnkpajak-maf;2025052922024422658395_stnkpajak-maf_Applicant.jpeg
unitdepankanan-maf;2025052922024422658395_unitdepankanan-maf_Applicant.jpeg
unitdepankiri-maf;2025052922024422658395_unitdepankiri-maf_Applicant.jpeg
allobank-maf;2025052822024386051086_allobank-maf_Applicant.jpeg
halamandepanbukutabungan-maf;2025052822024386051086_halamandepanbukutabungan-maf_Applicant.jpeg
fpkdepan-maf;2025052822024386051086_fpkdepan-maf_Applicant.jpeg
fpkbelakang-maf;2025052822024386051086_fpkbelakang-maf_Applicant.jpeg
nomorrumah-maf;2025052822024386051086_nomorrumah-maf_Applicant.jpeg
pbbrekening-maf;2025052822022677535044_pbbrekening-maf_Applicant.jpeg
rumahjalan-maf;2025052822024386051086_rumahjalan-maf_Applicant.jpeg
kksuratnikah-maf;2025052822022677535044_kksuratnikah-maf_Applicant.jpeg
salaryslip-maf;2025052822022677535044_salaryslip-maf_Applicant.jpeg
allobank-maf;2025052822022677535044_allobank-maf_Applicant.jpeg
dalamrumah-maf;2025052822024386051086_dalamrumah-maf_Applicant.jpeg
halamandepanbukutabungan-maf;2025052822022677535044_halamandepanbukutabungan-maf_Applicant.jpeg
tempatusahadepan-maf;2025052822024386051086_tempatusahadepan-maf_Applicant.jpeg
fpkdepan-maf;2025052822022677535044_fpkdepan-maf_Applicant.jpeg
bpkbdepan-maf;2025052822024386051086_bpkbdepan-maf_Applicant.jpeg
bpkbbelakang-maf;2025052822024386051086_bpkbbelakang-maf_Applicant.jpeg
fpkbelakang-maf;2025052822022677535044_fpkbelakang-maf_Applicant.jpeg
stnkpajak-maf;2025052822024386051086_stnkpajak-maf_Applicant.jpeg
bpkbdepan-maf;2025052822022677535044_bpkbdepan-maf_Applicant.jpeg
unitdepankanan-maf;2025052822024386051086_unitdepankanan-maf_Applicant.jpeg
bpkbbelakang-maf;2025052822022677535044_bpkbbelakang-maf_Applicant.jpeg
unitdepankiri-maf;2025052822024386051086_unitdepankiri-maf_Applicant.jpeg
dalamrumah-maf;2025052822022677535044_dalamrumah-maf_Applicant.jpeg
rangkanomesin-maf;2025052822024386051086_rangkanomesin-maf_Applicant.jpeg
pasanganttdcmo-maf;2025052822024386051086_pasanganttdcmo-maf_Applicant.jpeg
stnkpajak-maf;2025052822022677535044_stnkpajak-maf_Applicant.jpeg
unitdepankanan-maf;2025052822022677535044_unitdepankanan-maf_Applicant.jpeg
nasabahttdcmo-maf;2025052822024386051086_nasabahttdcmo-maf_Applicant.jpeg
unitdepankiri-maf;2025052822022677535044_unitdepankiri-maf_Applicant.jpeg
rangkanomesin-maf;2025052822022677535044_rangkanomesin-maf_Applicant.jpeg
pasanganttdcmo-maf;2025052822022677535044_pasanganttdcmo-maf_Applicant.jpeg
nasabahttdcmo-maf;2025052822022677535044_nasabahttdcmo-maf_Applicant.jpeg
nomorrumah-maf;2025052822022677535044_nomorrumah-maf_Applicant.jpeg
rumahjalan-maf;2025052822022677535044_rumahjalan-maf_Applicant.jpeg
tempatusahadepan-maf;2025052822022677535044_tempatusahadepan-maf_Applicant.jpeg
buktikepemilikanusaha-maf;2025052922024608193103_buktikepemilikanusaha-maf_Applicant.jpeg
buktipenghasilanusaha-maf;2025052922024608193103_buktipenghasilanusaha-maf_Applicant.jpeg
allobank-maf;2025052922024608193103_allobank-maf_Applicant.jpeg
halamandepanbukutabungan-maf;2025052922024608193103_halamandepanbukutabungan-maf_Applicant.jpeg
kksuratnikah-maf;2025052922024608193103_kksuratnikah-maf_Applicant.jpeg
nomorrumah-maf;2025052922024608193103_nomorrumah-maf_Applicant.jpeg
rumahjalan-maf;2025052922024608193103_rumahjalan-maf_Applicant.jpeg
dalamrumah-maf;2025052922024608193103_dalamrumah-maf_Applicant.jpeg
tempatusahadepan-maf;2025052922024608193103_tempatusahadepan-maf_Applicant.jpeg
stnkpajak-maf;2025052922024608193103_stnkpajak-maf_Applicant.jpeg
bpkbdepan-maf;2025052922024608193103_bpkbdepan-maf_Applicant.jpeg
bpkbbelakang-maf;2025052922024608193103_bpkbbelakang-maf_Applicant.jpeg
unitdepankanan-maf;2025052922024608193103_unitdepankanan-maf_Applicant.jpeg
unitdepankiri-maf;2025052922024608193103_unitdepankiri-maf_Applicant.jpeg
rangkanomesin-maf;2025052922024608193103_rangkanomesin-maf_Applicant.jpeg
pasanganttdcmo-maf;2025052922024608193103_pasanganttdcmo-maf_Applicant.jpeg
nasabahttdcmo-maf;2025052922024608193103_nasabahttdcmo-maf_Applicant.jpeg
perizinanusaha-maf;2025052922024608193103_perizinanusaha-maf_Applicant.jpeg
fpkbelakang-maf;2025052922024608193103_fpkbelakang-maf_Applicant.jpeg
fpkdepan-maf;2025052922024608193103_fpkdepan-maf_Applicant.jpeg
buktikepemilikanusaha-maf;2025052922021104140164_buktikepemilikanusaha-maf_Applicant.jpeg
buktipenghasilanusaha-maf;2025052922021104140164_buktipenghasilanusaha-maf_Applicant.jpeg
halamandepanbukutabungan-maf;2025052922021104140164_halamandepanbukutabungan-maf_Applicant.jpeg
kksuratnikah-maf;2025052922021104140164_kksuratnikah-maf_Applicant.jpeg
allobank-maf;2025052922021104140164_allobank-maf_Applicant.jpeg
fpkdepan-maf;2025052922021104140164_fpkdepan-maf_Applicant.jpeg
fpkbelakang-maf;2025052922021104140164_fpkbelakang-maf_Applicant.jpeg
nomorrumah-maf;2025052922021104140164_nomorrumah-maf_Applicant.jpeg
rumahjalan-maf;2025052922021104140164_rumahjalan-maf_Applicant.jpeg
dalamrumah-maf;2025052922021104140164_dalamrumah-maf_Applicant.jpeg
tempatusahadepan-maf;2025052922021104140164_tempatusahadepan-maf_Applicant.jpeg
bpkbdepan-maf;2025052922021104140164_bpkbdepan-maf_Applicant.jpeg
bpkbbelakang-maf;2025052922021104140164_bpkbbelakang-maf_Applicant.jpeg
stnkpajak-maf;2025052922021104140164_stnkpajak-maf_Applicant.jpeg
unitdepankanan-maf;2025052922021104140164_unitdepankanan-maf_Applicant.jpeg
unitdepankiri-maf;2025052922021104140164_unitdepankiri-maf_Applicant.jpeg
rangkanomesin-maf;2025052922021104140164_rangkanomesin-maf_Applicant.jpeg
pasanganttdcmo-maf;2025052922021104140164_pasanganttdcmo-maf_Applicant.jpeg
pbbrekening-maf;2025052922021298181199_pbbrekening-maf_Applicant.jpeg
nasabahttdcmo-maf;2025052922021104140164_nasabahttdcmo-maf_Applicant.jpeg
perizinanusaha-maf;2025052922021104140164_perizinanusaha-maf_Applicant.jpeg
kksuratnikah-maf;2025052922021298181199_kksuratnikah-maf_Applicant.jpeg
salaryslip-maf;2025052922021298181199_salaryslip-maf_Applicant.jpeg
allobank-maf;2025052922021298181199_allobank-maf_Applicant.jpeg
halamandepanbukutabungan-maf;2025052922021298181199_halamandepanbukutabungan-maf_Applicant.jpeg
salaryslip-maf;2025052922024381840344_salaryslip-maf_Applicant.jpeg
allobank-maf;2025052922024381840344_allobank-maf_Applicant.jpeg
fpkdepan-maf;2025052922021298181199_fpkdepan-maf_Applicant.jpeg
halamandepanbukutabungan-maf;2025052922024381840344_halamandepanbukutabungan-maf_Applicant.jpeg
pbbrekening-maf;2025052922024381840344_pbbrekening-maf_Applicant.jpeg
kksuratnikah-maf;2025052922024381840344_kksuratnikah-maf_Applicant.jpeg
fpkbelakang-maf;2025052922024381840344_fpkbelakang-maf_Applicant.jpeg
nomorrumah-maf;2025052922024381840344_nomorrumah-maf_Applicant.jpeg
unitdepankiri-maf;2025052922024381840344_unitdepankiri-maf_Applicant.jpeg
unitdepankanan-maf;2025052922021298181199_unitdepankanan-maf_Applicant.jpeg
unitdepankiri-maf;2025052922021298181199_unitdepankiri-maf_Applicant.jpeg
rangkanomesin-maf;2025052922024381840344_rangkanomesin-maf_Applicant.jpeg
rangkanomesin-maf;2025052922021298181199_rangkanomesin-maf_Applicant.jpeg
pasanganttdcmo-maf;2025052922021298181199_pasanganttdcmo-maf_Applicant.jpeg
pasanganttdcmo-maf;2025052922024381840344_pasanganttdcmo-maf_Applicant.jpeg
nasabahttdcmo-maf;2025052922024381840344_nasabahttdcmo-maf_Applicant.jpeg
nasabahttdcmo-maf;2025052922021298181199_nasabahttdcmo-maf_Applicant.jpeg
pbbrekening-maf;2025052922024381812206_pbbrekening-maf_Applicant.jpeg
salaryslip-maf;2025052922024381812206_salaryslip-maf_Applicant.jpeg
nasabahttdcmo-maf;2025052922024381812206_nasabahttdcmo-maf_Applicant.jpeg
kksuratnikah-maf;2025052922025096063168_kksuratnikah-maf_Applicant.jpeg
buktipenghasilanusaha-maf;2025052922025096063168_buktipenghasilanusaha-maf_Applicant.jpeg
buktikepemilikanusaha-maf;2025052922025096063168_buktikepemilikanusaha-maf_Applicant.jpeg
nomorrumah-maf;2025052922025096063168_nomorrumah-maf_Applicant.jpeg
fpkbelakang-maf;2025052922025096063168_fpkbelakang-maf_Applicant.jpeg
allobank-maf;2025052922025096063168_allobank-maf_Applicant.jpeg
halamandepanbukutabungan-maf;2025052922025096063168_halamandepanbukutabungan-maf_Applicant.jpeg
rumahjalan-maf;2025052922025096063168_rumahjalan-maf_Applicant.jpeg
tempatusahadepan-maf;2025052922025096063168_tempatusahadepan-maf_Applicant.jpeg
fpkdepan-maf;2025052922025096063168_fpkdepan-maf_Applicant.jpeg
dalamrumah-maf;2025052922025096063168_dalamrumah-maf_Applicant.jpeg
bpkbdepan-maf;2025052922025096063168_bpkbdepan-maf_Applicant.jpeg
bpkbbelakang-maf;2025052922025096063168_bpkbbelakang-maf_Applicant.jpeg
stnkpajak-maf;2025052922025096063168_stnkpajak-maf_Applicant.jpeg
unitdepankanan-maf;2025052922025096063168_unitdepankanan-maf_Applicant.jpeg
unitdepankiri-maf;2025052922025096063168_unitdepankiri-maf_Applicant.jpeg
rangkanomesin-maf;2025052922025096063168_rangkanomesin-maf_Applicant.jpeg
pasanganttdcmo-maf;2025052922025096063168_pasanganttdcmo-maf_Applicant.jpeg
nasabahttdcmo-maf;2025052922025096063168_nasabahttdcmo-maf_Applicant.jpeg
pbbrekening-maf;2025052922024386045000_pbbrekening-maf_Applicant.jpeg
kksuratnikah-maf;2025052922024386045000_kksuratnikah-maf_Applicant.jpeg
salaryslip-maf;2025052922024386045000_salaryslip-maf_Applicant.jpeg
allobank-maf;2025052922024386045000_allobank-maf_Applicant.jpeg
halamandepanbukutabungan-maf;2025052922024386045000_halamandepanbukutabungan-maf_Applicant.jpeg
fpkdepan-maf;2025052922024386045000_fpkdepan-maf_Applicant.jpeg
fpkbelakang-maf;2025052922024386045000_fpkbelakang-maf_Applicant.jpeg
nomorrumah-maf;2025052922024386045000_nomorrumah-maf_Applicant.jpeg
rumahjalan-maf;2025052922024386045000_rumahjalan-maf_Applicant.jpeg
dalamrumah-maf;2025052922024386045000_dalamrumah-maf_Applicant.jpeg
halamandepanbukutabungan-maf;2025052922024381812206_halamandepanbukutabungan-maf_Applicant.jpeg
allobank-maf;2025052922024381812206_allobank-maf_Applicant.jpeg
fpkdepan-maf;2025052922024381812206_fpkdepan-maf_Applicant.jpeg
fpkbelakang-maf;2025052922024381812206_fpkbelakang-maf_Applicant.jpeg
nomorrumah-maf;2025052922024381812206_nomorrumah-maf_Applicant.jpeg
rumahjalan-maf;2025052922024381812206_rumahjalan-maf_Applicant.jpeg
kksuratnikah-maf;2025052922024381812206_kksuratnikah-maf_Applicant.jpeg
dalamrumah-maf;2025052922024381812206_dalamrumah-maf_Applicant.jpeg
tempatusahadepan-maf;2025052922024381812206_tempatusahadepan-maf_Applicant.jpeg
bpkbdepan-maf;2025052922024381812206_bpkbdepan-maf_Applicant.jpeg
bpkbbelakang-maf;2025052922024381812206_bpkbbelakang-maf_Applicant.jpeg
stnkpajak-maf;2025052922024381812206_stnkpajak-maf_Applicant.jpeg
unitdepankanan-maf;2025052922024381812206_unitdepankanan-maf_Applicant.jpeg
unitdepankiri-maf;2025052922024381812206_unitdepankiri-maf_Applicant.jpeg
rangkanomesin-maf;2025052922024381812206_rangkanomesin-maf_Applicant.jpeg
pasanganttdcmo-maf;2025052922024381812206_pasanganttdcmo-maf_Applicant.jpeg
fpkdepan-maf;2025052922024381840344_fpkdepan-maf_Applicant.jpeg
fpkbelakang-maf;2025052922021298181199_fpkbelakang-maf_Applicant.jpeg
rumahjalan-maf;2025052922024381840344_rumahjalan-maf_Applicant.jpeg
dalamrumah-maf;2025052922024381840344_dalamrumah-maf_Applicant.jpeg
nomorrumah-maf;2025052922021298181199_nomorrumah-maf_Applicant.jpeg
rumahjalan-maf;2025052922021298181199_rumahjalan-maf_Applicant.jpeg
tempatusahadepan-maf;2025052922024381840344_tempatusahadepan-maf_Applicant.jpeg
bpkbdepan-maf;2025052922024381840344_bpkbdepan-maf_Applicant.jpeg
dalamrumah-maf;2025052922021298181199_dalamrumah-maf_Applicant.jpeg
tempatusahadepan-maf;2025052922021298181199_tempatusahadepan-maf_Applicant.jpeg
bpkbbelakang-maf;2025052922024381840344_bpkbbelakang-maf_Applicant.jpeg
bpkbdepan-maf;2025052922021298181199_bpkbdepan-maf_Applicant.jpeg
stnkpajak-maf;2025052922024381840344_stnkpajak-maf_Applicant.jpeg
bpkbbelakang-maf;2025052922021298181199_bpkbbelakang-maf_Applicant.jpeg
stnkpajak-maf;2025052922021298181199_stnkpajak-maf_Applicant.jpeg
unitdepankanan-maf;2025052922024381840344_unitdepankanan-maf_Applicant.jpeg
tempatusahadepan-maf;2025052922024386045000_tempatusahadepan-maf_Applicant.jpeg
bpkbdepan-maf;2025052922024386045000_bpkbdepan-maf_Applicant.jpeg
bpkbbelakang-maf;2025052922024386045000_bpkbbelakang-maf_Applicant.jpeg
stnkpajak-maf;2025052922024386045000_stnkpajak-maf_Applicant.jpeg
unitdepankanan-maf;2025052922024386045000_unitdepankanan-maf_Applicant.jpeg
unitdepankiri-maf;2025052922024386045000_unitdepankiri-maf_Applicant.jpeg
rangkanomesin-maf;2025052922024386045000_rangkanomesin-maf_Applicant.jpeg
pasanganttdcmo-maf;2025052922024386045000_pasanganttdcmo-maf_Applicant.jpeg
nasabahttdcmo-maf;2025052922024386045000_nasabahttdcmo-maf_Applicant.jpeg
perizinanusaha-maf;2025052922025096063168_perizinanusaha-maf_Applicant.jpeg
perizinanusaha-maf;2025052822022195847170_perizinanusaha-maf_Applicant.jpeg
pbbrekening-maf;2025052922024386012471_pbbrekening-maf_Applicant.jpeg
kksuratnikah-maf;2025052922024386012471_kksuratnikah-maf_Applicant.jpeg
salaryslip-maf;2025052922024386012471_salaryslip-maf_Applicant.jpeg
nasabahttdcmo-maf;2025052822023070446206_nasabahttdcmo-maf_Applicant.jpeg
pbbrekening-maf;2025052822022162933805_pbbrekening-maf_Applicant.jpeg
kksuratnikah-maf;2025052822022162933805_kksuratnikah-maf_Applicant.jpeg
salaryslip-maf;2025052822022162933805_salaryslip-maf_Applicant.jpeg
allobank-maf;2025052822022162933805_allobank-maf_Applicant.jpeg
halamandepanbukutabungan-maf;2025052822022162933805_halamandepanbukutabungan-maf_Applicant.jpeg
fpkdepan-maf;2025052822022162933805_fpkdepan-maf_Applicant.jpeg
fpkbelakang-maf;2025052822022162933805_fpkbelakang-maf_Applicant.jpeg
nomorrumah-maf;2025052822022162933805_nomorrumah-maf_Applicant.jpeg
rumahjalan-maf;2025052822022162933805_rumahjalan-maf_Applicant.jpeg
dalamrumah-maf;2025052822022162933805_dalamrumah-maf_Applicant.jpeg
tempatusahadepan-maf;2025052822022162933805_tempatusahadepan-maf_Applicant.jpeg
bpkbdepan-maf;2025052822022162933805_bpkbdepan-maf_Applicant.jpeg
bpkbbelakang-maf;2025052822022162933805_bpkbbelakang-maf_Applicant.jpeg
stnkpajak-maf;2025052822022162933805_stnkpajak-maf_Applicant.jpeg
unitdepankanan-maf;2025052822022162933805_unitdepankanan-maf_Applicant.jpeg
unitdepankiri-maf;2025052822022162933805_unitdepankiri-maf_Applicant.jpeg
nasabahttdcmo-maf;2025052922024386012471_nasabahttdcmo-maf_Applicant.jpeg
pbbrekening-maf;2025052922022482725323_pbbrekening-maf_Applicant.jpeg
kksuratnikah-maf;2025052922022482725323_kksuratnikah-maf_Applicant.jpeg
salaryslip-maf;2025052922022482725323_salaryslip-maf_Applicant.jpeg
allobank-maf;2025052922022482725323_allobank-maf_Applicant.jpeg
halamandepanbukutabungan-maf;2025052922022482725323_halamandepanbukutabungan-maf_Applicant.jpeg
fpkdepan-maf;2025052922022482725323_fpkdepan-maf_Applicant.jpeg
fpkbelakang-maf;2025052922022482725323_fpkbelakang-maf_Applicant.jpeg
nomorrumah-maf;2025052922022482725323_nomorrumah-maf_Applicant.jpeg
rumahjalan-maf;2025052922022482725323_rumahjalan-maf_Applicant.jpeg
dalamrumah-maf;2025052922022482725323_dalamrumah-maf_Applicant.jpeg
tempatusahadepan-maf;2025052922022482725323_tempatusahadepan-maf_Applicant.jpeg
bpkbdepan-maf;2025052922022482725323_bpkbdepan-maf_Applicant.jpeg
bpkbbelakang-maf;2025052922022482725323_bpkbbelakang-maf_Applicant.jpeg
stnkpajak-maf;2025052922022482725323_stnkpajak-maf_Applicant.jpeg
unitdepankanan-maf;2025052922022482725323_unitdepankanan-maf_Applicant.jpeg
allobank-maf;2025052922024386012471_allobank-maf_Applicant.jpeg
halamandepanbukutabungan-maf;2025052922024386012471_halamandepanbukutabungan-maf_Applicant.jpeg
fpkdepan-maf;2025052922024386012471_fpkdepan-maf_Applicant.jpeg
fpkbelakang-maf;2025052922024386012471_fpkbelakang-maf_Applicant.jpeg
nomorrumah-maf;2025052922024386012471_nomorrumah-maf_Applicant.jpeg
rumahjalan-maf;2025052922024386012471_rumahjalan-maf_Applicant.jpeg
dalamrumah-maf;2025052922024386012471_dalamrumah-maf_Applicant.jpeg
tempatusahadepan-maf;2025052922024386012471_tempatusahadepan-maf_Applicant.jpeg
bpkbdepan-maf;2025052922024386012471_bpkbdepan-maf_Applicant.jpeg
bpkbbelakang-maf;2025052922024386012471_bpkbbelakang-maf_Applicant.jpeg
stnkpajak-maf;2025052922024386012471_stnkpajak-maf_Applicant.jpeg
unitdepankanan-maf;2025052922024386012471_unitdepankanan-maf_Applicant.jpeg
unitdepankiri-maf;2025052922024386012471_unitdepankiri-maf_Applicant.jpeg
rangkanomesin-maf;2025052922024386012471_rangkanomesin-maf_Applicant.jpeg
pasanganttdcmo-maf;2025052922024386012471_pasanganttdcmo-maf_Applicant.jpeg
nomorrumah-maf;2025052822021296272557_nomorrumah-maf_Applicant.jpeg
rumahjalan-maf;2025052822021296272557_rumahjalan-maf_Applicant.jpeg
dalamrumah-maf;2025052822021296272557_dalamrumah-maf_Applicant.jpeg
buktikepemilikanusaha-maf;2025052822021296272557_buktikepemilikanusaha-maf_Applicant.jpeg
tempatusahadepan-maf;2025052822021296272557_tempatusahadepan-maf_Applicant.jpeg
unitdepankanan-maf;2025052822021296272557_unitdepankanan-maf_Applicant.jpeg
unitdepankiri-maf;2025052822021296272557_unitdepankiri-maf_Applicant.jpeg
rangkanomesin-maf;2025052822021296272557_rangkanomesin-maf_Applicant.jpeg
nasabahttdcmo-maf;2025052822021296272557_nasabahttdcmo-maf_Applicant.jpeg
pasanganttdcmo-maf;2025052822021296272557_pasanganttdcmo-maf_Applicant.jpeg
buktipenghasilanusaha-maf;2025052822021296272557_buktipenghasilanusaha-maf_Applicant.jpeg
perizinanusaha-maf;2025052822021296272557_perizinanusaha-maf_Applicant.jpeg
buktikepemilikanusaha-maf;2025052822024422651077_buktikepemilikanusaha-maf_Applicant.jpeg
nomorrumah-maf;2025053022024422661739_nomorrumah-maf_Applicant.jpeg
rumahjalan-maf;2025053022024422661739_rumahjalan-maf_Applicant.jpeg
dalamrumah-maf;2025053022024422661739_dalamrumah-maf_Applicant.jpeg
tempatusahadepan-maf;2025053022024422661739_tempatusahadepan-maf_Applicant.jpeg
bpkbdepan-maf;2025053022024422661739_bpkbdepan-maf_Applicant.jpeg
bpkbbelakang-maf;2025053022024422661739_bpkbbelakang-maf_Applicant.jpeg
stnkpajak-maf;2025053022024422661739_stnkpajak-maf_Applicant.jpeg
unitdepankanan-maf;2025053022024422661739_unitdepankanan-maf_Applicant.jpeg
unitdepankiri-maf;2025053022024422661739_unitdepankiri-maf_Applicant.jpeg
rangkanomesin-maf;2025053022024422661739_rangkanomesin-maf_Applicant.jpeg
pasanganttdcmo-maf;2025053022024422661739_pasanganttdcmo-maf_Applicant.jpeg
nasabahttdcmo-maf;2025053022024422661739_nasabahttdcmo-maf_Applicant.jpeg
unitdepankiri-maf;2025052922022482725323_unitdepankiri-maf_Applicant.jpeg
rangkanomesin-maf;2025052922022482725323_rangkanomesin-maf_Applicant.jpeg
pasanganttdcmo-maf;2025052922022482725323_pasanganttdcmo-maf_Applicant.jpeg
nasabahttdcmo-maf;2025052922022482725323_nasabahttdcmo-maf_Applicant.jpeg
pasanganttdcmo-maf;2025052922022482760447_pasanganttdcmo-maf_Applicant.jpeg
fpkbelakang-maf;2025052822021296272557_fpkbelakang-maf_Applicant.jpeg
fpkdepan-maf;2025052822021296272557_fpkdepan-maf_Applicant.jpeg
buktikepemilikanusaha-maf;2025053022024422661739_buktikepemilikanusaha-maf_Applicant.jpeg
kksuratnikah-maf;2025053022024422661739_kksuratnikah-maf_Applicant.jpeg
buktipenghasilanusaha-maf;2025053022024422661739_buktipenghasilanusaha-maf_Applicant.jpeg
allobank-maf;2025053022024422661739_allobank-maf_Applicant.jpeg
halamandepanbukutabungan-maf;2025053022024422661739_halamandepanbukutabungan-maf_Applicant.jpeg
fpkdepan-maf;2025053022024422661739_fpkdepan-maf_Applicant.jpeg
fpkbelakang-maf;2025053022024422661739_fpkbelakang-maf_Applicant.jpeg
pasanganttdcmo-maf;2025053022017392053000_pasanganttdcmo-maf_Applicant.jpeg
nomorrumah-maf;2025053022017392053000_nomorrumah-maf_Applicant.jpeg
rumahjalan-maf;2025053022017392053000_rumahjalan-maf_Applicant.jpeg
bpkbdepan-maf;2025052822021349912637_bpkbdepan-maf_Applicant.jpeg
bpkbbelakang-maf;2025052822021349912637_bpkbbelakang-maf_Applicant.jpeg
stnkpajak-maf;2025052822021349912637_stnkpajak-maf_Applicant.jpeg
unitdepankanan-maf;2025052822021349912637_unitdepankanan-maf_Applicant.jpeg
unitdepankiri-maf;2025052822021349912637_unitdepankiri-maf_Applicant.jpeg
rangkanomesin-maf;2025052822021349912637_rangkanomesin-maf_Applicant.jpeg
pbbrekening-maf;2025053022024338460916_pbbrekening-maf_Applicant.jpeg
kksuratnikah-maf;2025053022024338460916_kksuratnikah-maf_Applicant.jpeg
salaryslip-maf;2025053022024338460916_salaryslip-maf_Applicant.jpeg
perizinanusaha-maf;2025053022024422661739_perizinanusaha-maf_Applicant.jpeg
pbbrekening-maf;2025053022017392053000_pbbrekening-maf_Applicant.jpeg
kksuratnikah-maf;2025053022017392053000_kksuratnikah-maf_Applicant.jpeg
salaryslip-maf;2025053022017392053000_salaryslip-maf_Applicant.jpeg
allobank-maf;2025053022017392053000_allobank-maf_Applicant.jpeg
halamandepanbukutabungan-maf;2025053022017392053000_halamandepanbukutabungan-maf_Applicant.jpeg
bpkbdepan-maf;2025053022017392053000_bpkbdepan-maf_Applicant.jpeg
dalamrumah-maf;2025053022017392053000_dalamrumah-maf_Applicant.jpeg
bpkbbelakang-maf;2025053022017392053000_bpkbbelakang-maf_Applicant.jpeg
fpkdepan-maf;2025053022017392053000_fpkdepan-maf_Applicant.jpeg
fpkbelakang-maf;2025053022017392053000_fpkbelakang-maf_Applicant.jpeg
tempatusahadepan-maf;2025053022017392053000_tempatusahadepan-maf_Applicant.jpeg
stnkpajak-maf;2025053022017392053000_stnkpajak-maf_Applicant.jpeg
rangkanomesin-maf;2025053022017392053000_rangkanomesin-maf_Applicant.jpeg
unitdepankanan-maf;2025053022017392053000_unitdepankanan-maf_Applicant.jpeg
unitdepankiri-maf;2025053022017392053000_unitdepankiri-maf_Applicant.jpeg
nasabahttdcmo-maf;2025053022017392053000_nasabahttdcmo-maf_Applicant.jpeg
nasabahttdcmo-maf;2025053022024338460916_nasabahttdcmo-maf_Applicant.jpeg
pbbrekening-maf;2025053022024077056207_pbbrekening-maf_Applicant.jpeg
kksuratnikah-maf;2025053022024077056207_kksuratnikah-maf_Applicant.jpeg
salaryslip-maf;2025053022024077056207_salaryslip-maf_Applicant.jpeg
allobank-maf;2025053022024077056207_allobank-maf_Applicant.jpeg
halamandepanbukutabungan-maf;2025053022024077056207_halamandepanbukutabungan-maf_Applicant.jpeg
fpkdepan-maf;2025053022024077056207_fpkdepan-maf_Applicant.jpeg
pbbrekening-maf;2025053022016045782854_pbbrekening-maf_Applicant.jpeg
fpkbelakang-maf;2025053022024077056207_fpkbelakang-maf_Applicant.jpeg
kksuratnikah-maf;2025053022016045782854_kksuratnikah-maf_Applicant.jpeg
salaryslip-maf;2025053022016045782854_salaryslip-maf_Applicant.jpeg
allobank-maf;2025053022016045782854_allobank-maf_Applicant.jpeg
halamandepanbukutabungan-maf;2025053022016045782854_halamandepanbukutabungan-maf_Applicant.jpeg
fpkdepan-maf;2025053022016045782854_fpkdepan-maf_Applicant.jpeg
fpkbelakang-maf;2025053022016045782854_fpkbelakang-maf_Applicant.jpeg
nomorrumah-maf;2025053022016045782854_nomorrumah-maf_Applicant.jpeg
rumahjalan-maf;2025053022016045782854_rumahjalan-maf_Applicant.jpeg
dalamrumah-maf;2025053022016045782854_dalamrumah-maf_Applicant.jpeg
allobank-maf;2025053022024338460916_allobank-maf_Applicant.jpeg
halamandepanbukutabungan-maf;2025053022024338460916_halamandepanbukutabungan-maf_Applicant.jpeg
fpkdepan-maf;2025053022024338460916_fpkdepan-maf_Applicant.jpeg
fpkbelakang-maf;2025053022024338460916_fpkbelakang-maf_Applicant.jpeg
nomorrumah-maf;2025053022024338460916_nomorrumah-maf_Applicant.jpeg
rumahjalan-maf;2025053022024338460916_rumahjalan-maf_Applicant.jpeg
dalamrumah-maf;2025053022024338460916_dalamrumah-maf_Applicant.jpeg
tempatusahadepan-maf;2025053022024338460916_tempatusahadepan-maf_Applicant.jpeg
bpkbdepan-maf;2025053022024338460916_bpkbdepan-maf_Applicant.jpeg
bpkbbelakang-maf;2025053022024338460916_bpkbbelakang-maf_Applicant.jpeg
stnkpajak-maf;2025053022024338460916_stnkpajak-maf_Applicant.jpeg
unitdepankanan-maf;2025053022024338460916_unitdepankanan-maf_Applicant.jpeg
unitdepankiri-maf;2025053022024338460916_unitdepankiri-maf_Applicant.jpeg
rangkanomesin-maf;2025053022024338460916_rangkanomesin-maf_Applicant.jpeg
pasanganttdcmo-maf;2025053022024338460916_pasanganttdcmo-maf_Applicant.jpeg
tempatusahadepan-maf;2025053022016045782854_tempatusahadepan-maf_Applicant.jpeg
bpkbdepan-maf;2025053022016045782854_bpkbdepan-maf_Applicant.jpeg
bpkbbelakang-maf;2025053022016045782854_bpkbbelakang-maf_Applicant.jpeg
stnkpajak-maf;2025053022016045782854_stnkpajak-maf_Applicant.jpeg
unitdepankanan-maf;2025053022016045782854_unitdepankanan-maf_Applicant.jpeg
unitdepankiri-maf;2025053022016045782854_unitdepankiri-maf_Applicant.jpeg
rangkanomesin-maf;2025053022016045782854_rangkanomesin-maf_Applicant.jpeg
pasanganttdcmo-maf;2025053022016045782854_pasanganttdcmo-maf_Applicant.jpeg
nasabahttdcmo-maf;2025053022016045782854_nasabahttdcmo-maf_Applicant.jpeg
buktikepemilikanusaha-maf;2025053022024255934017_buktikepemilikanusaha-maf_Applicant.jpeg
kksuratnikah-maf;2025053022024255934017_kksuratnikah-maf_Applicant.jpeg
buktipenghasilanusaha-maf;2025053022024255934017_buktipenghasilanusaha-maf_Applicant.jpeg
allobank-maf;2025053022024255934017_allobank-maf_Applicant.jpeg
halamandepanbukutabungan-maf;2025053022024255934017_halamandepanbukutabungan-maf_Applicant.jpeg
fpkdepan-maf;2025053022024255934017_fpkdepan-maf_Applicant.jpeg
nasabahttdcmo-maf;2025053022024077056207_nasabahttdcmo-maf_Applicant.jpeg
bpkbdepan-maf;2025053022024255934017_bpkbdepan-maf_Applicant.jpeg
bpkbbelakang-maf;2025053022024255934017_bpkbbelakang-maf_Applicant.jpeg
stnkpajak-maf;2025053022024255934017_stnkpajak-maf_Applicant.jpeg
unitdepankanan-maf;2025053022024255934017_unitdepankanan-maf_Applicant.jpeg
nasabahttdcmo-maf;2025053022024255934017_nasabahttdcmo-maf_Applicant.jpeg
unitdepankiri-maf;2025053022024255934017_unitdepankiri-maf_Applicant.jpeg
rangkanomesin-maf;2025053022024255934017_rangkanomesin-maf_Applicant.jpeg
pasanganttdcmo-maf;2025053022024255934017_pasanganttdcmo-maf_Applicant.jpeg
nomorrumah-maf;2025052822020547588015_nomorrumah-maf_Applicant.jpeg
rumahjalan-maf;2025052822020547588015_rumahjalan-maf_Applicant.jpeg
tempatusahadepan-maf;2025053022024255934017_tempatusahadepan-maf_Applicant.jpeg
dalamrumah-maf;2025053022024255934017_dalamrumah-maf_Applicant.jpeg
rumahjalan-maf;2025053022024255934017_rumahjalan-maf_Applicant.jpeg
nomorrumah-maf;2025053022024255934017_nomorrumah-maf_Applicant.jpeg
dalamrumah-maf;2025052822020547588015_dalamrumah-maf_Applicant.jpeg
tempatusahadepan-maf;2025052822020547588015_tempatusahadepan-maf_Applicant.jpeg
bpkbdepan-maf;2025052822020547588015_bpkbdepan-maf_Applicant.jpeg
bpkbbelakang-maf;2025052822020547588015_bpkbbelakang-maf_Applicant.jpeg
stnkpajak-maf;2025052822020547588015_stnkpajak-maf_Applicant.jpeg
unitdepankanan-maf;2025052822020547588015_unitdepankanan-maf_Applicant.jpeg
unitdepankiri-maf;2025052822020547588015_unitdepankiri-maf_Applicant.jpeg
rangkanomesin-maf;2025052822020547588015_rangkanomesin-maf_Applicant.jpeg
pasanganttdcmo-maf;2025052822020547588015_pasanganttdcmo-maf_Applicant.jpeg
fpkbelakang-maf;2025053022024255934017_fpkbelakang-maf_Applicant.jpeg
perizinanusaha-maf;2025053022024255934017_perizinanusaha-maf_Applicant.jpeg
nomorrumah-maf;2025053022024077056207_nomorrumah-maf_Applicant.jpeg
rumahjalan-maf;2025053022024077056207_rumahjalan-maf_Applicant.jpeg
dalamrumah-maf;2025053022024077056207_dalamrumah-maf_Applicant.jpeg
tempatusahadepan-maf;2025053022024077056207_tempatusahadepan-maf_Applicant.jpeg
bpkbdepan-maf;2025053022024077056207_bpkbdepan-maf_Applicant.jpeg
bpkbbelakang-maf;2025053022024077056207_bpkbbelakang-maf_Applicant.jpeg
stnkpajak-maf;2025053022024077056207_stnkpajak-maf_Applicant.jpeg
unitdepankanan-maf;2025053022024077056207_unitdepankanan-maf_Applicant.jpeg
unitdepankiri-maf;2025053022024077056207_unitdepankiri-maf_Applicant.jpeg
rangkanomesin-maf;2025053022024077056207_rangkanomesin-maf_Applicant.jpeg
pasanganttdcmo-maf;2025053022024077056207_pasanganttdcmo-maf_Applicant.jpeg
nasabahttdcmo-maf;2025052822020547588015_nasabahttdcmo-maf_Applicant.jpeg
pbbrekening-maf;2025052922024150328345_pbbrekening-maf_Applicant.jpeg
kksuratnikah-maf;2025052922024150328345_kksuratnikah-maf_Applicant.jpeg
salaryslip-maf;2025052922024150328345_salaryslip-maf_Applicant.jpeg
allobank-maf;2025052922024150328345_allobank-maf_Applicant.jpeg
halamandepanbukutabungan-maf;2025052922024150328345_halamandepanbukutabungan-maf_Applicant.jpeg
fpkdepan-maf;2025052922024150328345_fpkdepan-maf_Applicant.jpeg
fpkbelakang-maf;2025052922024150328345_fpkbelakang-maf_Applicant.jpeg
nomorrumah-maf;2025052922024150328345_nomorrumah-maf_Applicant.jpeg
rumahjalan-maf;2025052922024150328345_rumahjalan-maf_Applicant.jpeg
dalamrumah-maf;2025052922024150328345_dalamrumah-maf_Applicant.jpeg
tempatusahadepan-maf;2025052922024150328345_tempatusahadepan-maf_Applicant.jpeg
bpkbdepan-maf;2025052922024150328345_bpkbdepan-maf_Applicant.jpeg
bpkbbelakang-maf;2025052922024150328345_bpkbbelakang-maf_Applicant.jpeg
stnkpajak-maf;2025052922024150328345_stnkpajak-maf_Applicant.jpeg
unitdepankanan-maf;2025052922024150328345_unitdepankanan-maf_Applicant.jpeg
allobank-maf;2025053022022697767173_allobank-maf_Applicant.jpeg
kksuratnikah-maf;2025053022022697767173_kksuratnikah-maf_Applicant.jpeg
tempatusahadepan-maf;2025052922022482760447_tempatusahadepan-maf_Applicant.jpeg
halamandepanbukutabungan-maf;2025053022022697767173_halamandepanbukutabungan-maf_Applicant.png
bpkbdepan-maf;2025052922022482760447_bpkbdepan-maf_Applicant.jpeg
bpkbbelakang-maf;2025052922022482760447_bpkbbelakang-maf_Applicant.jpeg
fpkdepan-maf;2025053022022697767173_fpkdepan-maf_Applicant.jpeg
nomorrumah-maf;2025053022022697767173_nomorrumah-maf_Applicant.jpeg
stnkpajak-maf;2025052922022482760447_stnkpajak-maf_Applicant.jpeg
rumahjalan-maf;2025053022022697767173_rumahjalan-maf_Applicant.jpeg
unitdepankanan-maf;2025052922022482760447_unitdepankanan-maf_Applicant.jpeg
fpkbelakang-maf;2025053022022697767173_fpkbelakang-maf_Applicant.jpeg
unitdepankiri-maf;2025052922022482760447_unitdepankiri-maf_Applicant.jpeg
pbbrekening-maf;2025052822022162912816_pbbrekening-maf_Applicant.jpeg
kksuratnikah-maf;2025052822022162912816_kksuratnikah-maf_Applicant.jpeg
salaryslip-maf;2025052822022162912816_salaryslip-maf_Applicant.jpeg
dalamrumah-maf;2025053022022697767173_dalamrumah-maf_Applicant.jpeg
dalamrumah-maf;2025052822022162912816_dalamrumah-maf_Applicant.jpeg
bpkbdepan-maf;2025052822022162912816_bpkbdepan-maf_Applicant.jpeg
bpkbbelakang-maf;2025052822022162912816_bpkbbelakang-maf_Applicant.jpeg
rangkanomesin-maf;2025053022022697767173_rangkanomesin-maf_Applicant.jpeg
stnkpajak-maf;2025052822022162912816_stnkpajak-maf_Applicant.jpeg
unitdepankanan-maf;2025052822022162912816_unitdepankanan-maf_Applicant.jpeg
unitdepankiri-maf;2025052822022162912816_unitdepankiri-maf_Applicant.jpeg
pasanganttdcmo-maf;2025053022022697767173_pasanganttdcmo-maf_Applicant.jpeg
rangkanomesin-maf;2025052822022162912816_rangkanomesin-maf_Applicant.jpeg
pasanganttdcmo-maf;2025052822022162912816_pasanganttdcmo-maf_Applicant.jpeg
nasabahttdcmo-maf;2025052822022162912816_nasabahttdcmo-maf_Applicant.jpeg
unitdepankiri-maf;2025052922024150328345_unitdepankiri-maf_Applicant.jpeg
rangkanomesin-maf;2025052922024150328345_rangkanomesin-maf_Applicant.jpeg
pasanganttdcmo-maf;2025052922024150328345_pasanganttdcmo-maf_Applicant.jpeg
nasabahttdcmo-maf;2025052922024150328345_nasabahttdcmo-maf_Applicant.jpeg
pbbrekening-maf;2025052922022482760447_pbbrekening-maf_Applicant.jpeg
kksuratnikah-maf;2025052922022482760447_kksuratnikah-maf_Applicant.jpeg
salaryslip-maf;2025052922022482760447_salaryslip-maf_Applicant.jpeg
allobank-maf;2025052922022482760447_allobank-maf_Applicant.jpeg
halamandepanbukutabungan-maf;2025052922022482760447_halamandepanbukutabungan-maf_Applicant.jpeg
fpkdepan-maf;2025052922022482760447_fpkdepan-maf_Applicant.jpeg
fpkbelakang-maf;2025052922022482760447_fpkbelakang-maf_Applicant.jpeg
pbbrekening-maf;2025053022022697767173_pbbrekening-maf_Applicant.jpeg
nomorrumah-maf;2025052922022482760447_nomorrumah-maf_Applicant.jpeg
rumahjalan-maf;2025052922022482760447_rumahjalan-maf_Applicant.jpeg
salaryslip-maf;2025053022022697767173_salaryslip-maf_Applicant.jpeg
dalamrumah-maf;2025052922022482760447_dalamrumah-maf_Applicant.jpeg
rangkanomesin-maf;2025052922022482760447_rangkanomesin-maf_Applicant.jpeg
halamandepanbukutabungan-maf;2025052822022162912816_halamandepanbukutabungan-maf_Applicant.jpeg
tempatusahadepan-maf;2025053022022697767173_tempatusahadepan-maf_Applicant.jpeg
nasabahttdcmo-maf;2025052922022482760447_nasabahttdcmo-maf_Applicant.jpeg
bpkbdepan-maf;2025053022022697767173_bpkbdepan-maf_Applicant.jpeg
allobank-maf;2025052822022162912816_allobank-maf_Applicant.jpeg
bpkbbelakang-maf;2025053022022697767173_bpkbbelakang-maf_Applicant.jpeg
nomorrumah-maf;2025052822022162912816_nomorrumah-maf_Applicant.jpeg
stnkpajak-maf;2025053022022697767173_stnkpajak-maf_Applicant.jpeg
rumahjalan-maf;2025052822022162912816_rumahjalan-maf_Applicant.jpeg
fpkdepan-maf;2025052822022162912816_fpkdepan-maf_Applicant.jpeg
fpkbelakang-maf;2025052822022162912816_fpkbelakang-maf_Applicant.jpeg
unitdepankanan-maf;2025053022022697767173_unitdepankanan-maf_Applicant.jpeg
tempatusahadepan-maf;2025052822022162912816_tempatusahadepan-maf_Applicant.jpeg
unitdepankiri-maf;2025053022022697767173_unitdepankiri-maf_Applicant.jpeg
fpkdepan-maf;2025052922022677589934_fpkdepan-maf_Applicant.jpeg
rumahjalan-maf;2025053022024338493616_rumahjalan-maf_Applicant.jpeg
fpkbelakang-maf;2025052922022677589934_fpkbelakang-maf_Applicant.jpeg
dalamrumah-maf;2025053022024338493616_dalamrumah-maf_Applicant.jpeg
nomorrumah-maf;2025053022021298126016_nomorrumah-maf_Applicant.jpeg
tempatusahadepan-maf;2025053022024338493616_tempatusahadepan-maf_Applicant.jpeg
rumahjalan-maf;2025053022021298126016_rumahjalan-maf_Applicant.jpeg
unitdepankanan-maf;2025053022024338493616_unitdepankanan-maf_Applicant.jpeg
bpkbbelakang-maf;2025053022024338493616_bpkbbelakang-maf_Applicant.jpeg
nomorrumah-maf;2025052922022677589934_nomorrumah-maf_Applicant.jpeg
stnkpajak-maf;2025053022024338493616_stnkpajak-maf_Applicant.jpeg
rumahjalan-maf;2025052922022677589934_rumahjalan-maf_Applicant.jpeg
bpkbdepan-maf;2025053022024338493616_bpkbdepan-maf_Applicant.jpeg
dalamrumah-maf;2025053022021298126016_dalamrumah-maf_Applicant.jpeg
unitdepankanan-maf;2025053022021298126016_unitdepankanan-maf_Applicant.jpeg
bpkbbelakang-maf;2025052922022677589934_bpkbbelakang-maf_Applicant.jpeg
unitdepankiri-maf;2025053022021298126016_unitdepankiri-maf_Applicant.jpeg
nomorrumah-maf;2025053022023363438288_nomorrumah-maf_Applicant.jpeg
rumahjalan-maf;2025053022023363438288_rumahjalan-maf_Applicant.jpeg
stnkpajak-maf;2025052922022677589934_stnkpajak-maf_Applicant.jpeg
rangkanomesin-maf;2025053022021298126016_rangkanomesin-maf_Applicant.jpeg
fpkbelakang-maf;2025053022023363438288_fpkbelakang-maf_Applicant.jpeg
fpkdepan-maf;2025053022023363438288_fpkdepan-maf_Applicant.jpeg
pasanganttdcmo-maf;2025053022021298126016_pasanganttdcmo-maf_Applicant.jpeg
unitdepankanan-maf;2025052922022677589934_unitdepankanan-maf_Applicant.jpeg
dalamrumah-maf;2025053022023363438288_dalamrumah-maf_Applicant.jpeg
nasabahttdcmo-maf;2025053022022697767173_nasabahttdcmo-maf_Applicant.jpeg
pbbrekening-maf;2025052922022677589934_pbbrekening-maf_Applicant.jpeg
kksuratnikah-maf;2025052922022677589934_kksuratnikah-maf_Applicant.jpeg
salaryslip-maf;2025052922022677589934_salaryslip-maf_Applicant.jpeg
allobank-maf;2025052922022677589934_allobank-maf_Applicant.jpeg
pbbrekening-maf;2025053022024338493616_pbbrekening-maf_Applicant.jpeg
kksuratnikah-maf;2025053022024338493616_kksuratnikah-maf_Applicant.jpeg
halamandepanbukutabungan-maf;2025052922022677589934_halamandepanbukutabungan-maf_Applicant.jpeg
salaryslip-maf;2025053022024338493616_salaryslip-maf_Applicant.jpeg
allobank-maf;2025053022024338493616_allobank-maf_Applicant.jpeg
halamandepanbukutabungan-maf;2025053022024338493616_halamandepanbukutabungan-maf_Applicant.jpeg
pbbrekening-maf;2025053022021298126016_pbbrekening-maf_Applicant.jpeg
fpkbelakang-maf;2025053022024338493616_fpkbelakang-maf_Applicant.jpeg
kksuratnikah-maf;2025053022021298126016_kksuratnikah-maf_Applicant.jpeg
salaryslip-maf;2025053022021298126016_salaryslip-maf_Applicant.jpeg
allobank-maf;2025053022021298126016_allobank-maf_Applicant.jpeg
halamandepanbukutabungan-maf;2025053022021298126016_halamandepanbukutabungan-maf_Applicant.jpeg
fpkdepan-maf;2025053022024338493616_fpkdepan-maf_Applicant.jpeg
nomorrumah-maf;2025053022024338493616_nomorrumah-maf_Applicant.jpeg
fpkdepan-maf;2025053022021298126016_fpkdepan-maf_Applicant.jpeg
fpkbelakang-maf;2025053022021298126016_fpkbelakang-maf_Applicant.jpeg
nasabahttdcmo-maf;2025052922022677589934_nasabahttdcmo-maf_Applicant.jpeg
pbbrekening-maf;2025053022023070452065_pbbrekening-maf_Applicant.jpeg
kksuratnikah-maf;2025053022023070452065_kksuratnikah-maf_Applicant.jpeg
salaryslip-maf;2025053022023070452065_salaryslip-maf_Applicant.jpeg
allobank-maf;2025053022023070452065_allobank-maf_Applicant.jpeg
halamandepanbukutabungan-maf;2025053022023070452065_halamandepanbukutabungan-maf_Applicant.jpeg
fpkdepan-maf;2025053022023070452065_fpkdepan-maf_Applicant.jpeg
fpkbelakang-maf;2025053022023070452065_fpkbelakang-maf_Applicant.jpeg
nomorrumah-maf;2025053022023070452065_nomorrumah-maf_Applicant.jpeg
rumahjalan-maf;2025053022023070452065_rumahjalan-maf_Applicant.jpeg
dalamrumah-maf;2025053022023070452065_dalamrumah-maf_Applicant.jpeg
tempatusahadepan-maf;2025053022023070452065_tempatusahadepan-maf_Applicant.jpeg
bpkbdepan-maf;2025053022023070452065_bpkbdepan-maf_Applicant.jpeg
bpkbbelakang-maf;2025053022023070452065_bpkbbelakang-maf_Applicant.jpeg
stnkpajak-maf;2025053022023070452065_stnkpajak-maf_Applicant.jpeg
unitdepankanan-maf;2025053022023070452065_unitdepankanan-maf_Applicant.jpeg
unitdepankiri-maf;2025053022024338493616_unitdepankiri-maf_Applicant.jpeg
tempatusahadepan-maf;2025053022021298126016_tempatusahadepan-maf_Applicant.jpeg
dalamrumah-maf;2025052922022677589934_dalamrumah-maf_Applicant.jpeg
rangkanomesin-maf;2025053022024338493616_rangkanomesin-maf_Applicant.jpeg
bpkbdepan-maf;2025053022021298126016_bpkbdepan-maf_Applicant.jpeg
pbbrekening-maf;2025053022023363438288_pbbrekening-maf_Applicant.jpeg
bpkbbelakang-maf;2025053022021298126016_bpkbbelakang-maf_Applicant.jpeg
pasanganttdcmo-maf;2025053022024338493616_pasanganttdcmo-maf_Applicant.jpeg
tempatusahadepan-maf;2025052922022677589934_tempatusahadepan-maf_Applicant.jpeg
nasabahttdcmo-maf;2025053022024338493616_nasabahttdcmo-maf_Applicant.jpeg
kksuratnikah-maf;2025053022023363438288_kksuratnikah-maf_Applicant.jpeg
salaryslip-maf;2025053022023363438288_salaryslip-maf_Applicant.jpeg
allobank-maf;2025053022023363438288_allobank-maf_Applicant.jpeg
stnkpajak-maf;2025053022021298126016_stnkpajak-maf_Applicant.jpeg
halamandepanbukutabungan-maf;2025053022023363438288_halamandepanbukutabungan-maf_Applicant.jpeg
bpkbdepan-maf;2025052922022677589934_bpkbdepan-maf_Applicant.jpeg
nasabahttdcmo-maf;2025053022021298126016_nasabahttdcmo-maf_Applicant.jpeg
unitdepankiri-maf;2025052922022677589934_unitdepankiri-maf_Applicant.jpeg
rangkanomesin-maf;2025052922022677589934_rangkanomesin-maf_Applicant.jpeg
tempatusahadepan-maf;2025053022023363438288_tempatusahadepan-maf_Applicant.jpeg
bpkbdepan-maf;2025053022023363438288_bpkbdepan-maf_Applicant.jpeg
bpkbbelakang-maf;2025053022023363438288_bpkbbelakang-maf_Applicant.jpeg
stnkpajak-maf;2025053022023363438288_stnkpajak-maf_Applicant.jpeg
unitdepankanan-maf;2025053022023363438288_unitdepankanan-maf_Applicant.jpeg
unitdepankiri-maf;2025053022023363438288_unitdepankiri-maf_Applicant.jpeg
pasanganttdcmo-maf;2025052922022677589934_pasanganttdcmo-maf_Applicant.jpeg
rangkanomesin-maf;2025053022023363438288_rangkanomesin-maf_Applicant.jpeg
pasanganttdcmo-maf;2025053022023363438288_pasanganttdcmo-maf_Applicant.jpeg
nasabahttdcmo-maf;2025053022023363438288_nasabahttdcmo-maf_Applicant.jpeg
bpkbdepan-maf;2025053022024381875512_bpkbdepan-maf_Applicant.jpeg
bpkbbelakang-maf;2025053022024381875512_bpkbbelakang-maf_Applicant.jpeg
stnkpajak-maf;2025053022024381875512_stnkpajak-maf_Applicant.jpeg
unitdepankanan-maf;2025053022024381875512_unitdepankanan-maf_Applicant.jpeg
unitdepankiri-maf;2025053022024381875512_unitdepankiri-maf_Applicant.jpeg
rangkanomesin-maf;2025053022024381875512_rangkanomesin-maf_Applicant.jpeg
pasanganttdcmo-maf;2025053022024381875512_pasanganttdcmo-maf_Applicant.jpeg
nasabahttdcmo-maf;2025053022024381875512_nasabahttdcmo-maf_Applicant.jpeg
pbbrekening-maf;2025053022021056440051_pbbrekening-maf_Applicant.jpeg
kksuratnikah-maf;2025053022021056440051_kksuratnikah-maf_Applicant.jpeg
salaryslip-maf;2025053022021056440051_salaryslip-maf_Applicant.jpeg
allobank-maf;2025053022021056440051_allobank-maf_Applicant.jpeg
halamandepanbukutabungan-maf;2025053022021056440051_halamandepanbukutabungan-maf_Applicant.jpeg
fpkdepan-maf;2025053022021056440051_fpkdepan-maf_Applicant.jpeg
fpkbelakang-maf;2025053022021056440051_fpkbelakang-maf_Applicant.jpeg
nomorrumah-maf;2025053022021056440051_nomorrumah-maf_Applicant.jpeg
rumahjalan-maf;2025053022021056440051_rumahjalan-maf_Applicant.jpeg
dalamrumah-maf;2025053022021056440051_dalamrumah-maf_Applicant.jpeg
tempatusahadepan-maf;2025053022021056440051_tempatusahadepan-maf_Applicant.jpeg
bpkbdepan-maf;2025053022021056440051_bpkbdepan-maf_Applicant.jpeg
bpkbbelakang-maf;2025053022021056440051_bpkbbelakang-maf_Applicant.jpeg
stnkpajak-maf;2025053022021056440051_stnkpajak-maf_Applicant.jpeg
unitdepankanan-maf;2025053022021056440051_unitdepankanan-maf_Applicant.jpeg
unitdepankiri-maf;2025053022021056440051_unitdepankiri-maf_Applicant.jpeg
rangkanomesin-maf;2025053022021056440051_rangkanomesin-maf_Applicant.jpeg
pasanganttdcmo-maf;2025053022021056440051_pasanganttdcmo-maf_Applicant.jpeg
nasabahttdcmo-maf;2025053022021056440051_nasabahttdcmo-maf_Applicant.jpeg
unitdepankiri-maf;2025053022023070452065_unitdepankiri-maf_Applicant.jpeg
rangkanomesin-maf;2025053022023070452065_rangkanomesin-maf_Applicant.jpeg
pasanganttdcmo-maf;2025053022023070452065_pasanganttdcmo-maf_Applicant.jpeg
pbbrekening-maf;2025053022024381875512_pbbrekening-maf_Applicant.jpeg
nasabahttdcmo-maf;2025053022023070452065_nasabahttdcmo-maf_Applicant.jpeg
salaryslip-maf;2025053022024381875512_salaryslip-maf_Applicant.jpeg
allobank-maf;2025053022024381875512_allobank-maf_Applicant.jpeg
halamandepanbukutabungan-maf;2025053022024381875512_halamandepanbukutabungan-maf_Applicant.jpeg
kksuratnikah-maf;2025053022024381875512_kksuratnikah-maf_Applicant.jpeg
fpkdepan-maf;2025053022024381875512_fpkdepan-maf_Applicant.jpeg
nomorrumah-maf;2025053022024381875512_nomorrumah-maf_Applicant.jpeg
rumahjalan-maf;2025053022024381875512_rumahjalan-maf_Applicant.jpeg
fpkbelakang-maf;2025053022024381875512_fpkbelakang-maf_Applicant.jpeg
dalamrumah-maf;2025053022024381875512_dalamrumah-maf_Applicant.jpeg
tempatusahadepan-maf;2025053022024381875512_tempatusahadepan-maf_Applicant.jpeg
pbbrekening-maf;2025053022024338434984_pbbrekening-maf_Applicant.jpeg
kksuratnikah-maf;2025053022024338434984_kksuratnikah-maf_Applicant.jpeg
salaryslip-maf;2025053022024338434984_salaryslip-maf_Applicant.jpeg
allobank-maf;2025053022024338434984_allobank-maf_Applicant.jpeg
halamandepanbukutabungan-maf;2025053022024338434984_halamandepanbukutabungan-maf_Applicant.jpeg
fpkbelakang-maf;2025053022024338434984_fpkbelakang-maf_Applicant.jpeg
fpkdepan-maf;2025053022024338434984_fpkdepan-maf_Applicant.jpeg
nomorrumah-maf;2025053022024338434984_nomorrumah-maf_Applicant.jpeg
rumahjalan-maf;2025053022024338434984_rumahjalan-maf_Applicant.jpeg
dalamrumah-maf;2025053022024338434984_dalamrumah-maf_Applicant.jpeg
tempatusahadepan-maf;2025053022024338434984_tempatusahadepan-maf_Applicant.jpeg
bpkbdepan-maf;2025053022024338434984_bpkbdepan-maf_Applicant.jpeg
bpkbbelakang-maf;2025053022024338434984_bpkbbelakang-maf_Applicant.jpeg
stnkpajak-maf;2025053022024338434984_stnkpajak-maf_Applicant.jpeg
unitdepankanan-maf;2025053022024338434984_unitdepankanan-maf_Applicant.jpeg
unitdepankiri-maf;2025053022024338434984_unitdepankiri-maf_Applicant.jpeg
rangkanomesin-maf;2025053022024338434984_rangkanomesin-maf_Applicant.jpeg
pasanganttdcmo-maf;2025053022024338434984_pasanganttdcmo-maf_Applicant.jpeg
nasabahttdcmo-maf;2025053022024338434984_nasabahttdcmo-maf_Applicant.jpeg
pbbrekening-maf;2025053022021349933595_pbbrekening-maf_Applicant.jpeg
kksuratnikah-maf;2025053022021349933595_kksuratnikah-maf_Applicant.jpeg
salaryslip-maf;2025053022021349933595_salaryslip-maf_Applicant.jpeg
allobank-maf;2025053022021349933595_allobank-maf_Applicant.jpeg
halamandepanbukutabungan-maf;2025053022021349933595_halamandepanbukutabungan-maf_Applicant.jpeg
pbbrekening-maf;2025053022022677598113_pbbrekening-maf_Applicant.jpeg
kksuratnikah-maf;2025053022022677598113_kksuratnikah-maf_Applicant.jpeg
salaryslip-maf;2025053022022677598113_salaryslip-maf_Applicant.jpeg
allobank-maf;2025053022022677598113_allobank-maf_Applicant.jpeg
halamandepanbukutabungan-maf;2025053022022677598113_halamandepanbukutabungan-maf_Applicant.jpeg
fpkdepan-maf;2025053022022677598113_fpkdepan-maf_Applicant.jpeg
fpkbelakang-maf;2025053022022677598113_fpkbelakang-maf_Applicant.jpeg
nomorrumah-maf;2025053022022677598113_nomorrumah-maf_Applicant.jpeg
rumahjalan-maf;2025053022022677598113_rumahjalan-maf_Applicant.jpeg
dalamrumah-maf;2025053022022677598113_dalamrumah-maf_Applicant.jpeg
tempatusahadepan-maf;2025053022022677598113_tempatusahadepan-maf_Applicant.jpeg
bpkbdepan-maf;2025053022022677598113_bpkbdepan-maf_Applicant.jpeg
bpkbbelakang-maf;2025053022022677598113_bpkbbelakang-maf_Applicant.jpeg
stnkpajak-maf;2025053022022677598113_stnkpajak-maf_Applicant.jpeg
unitdepankanan-maf;2025053022022677598113_unitdepankanan-maf_Applicant.jpeg
unitdepankiri-maf;2025053022022677598113_unitdepankiri-maf_Applicant.jpeg
rangkanomesin-maf;2025053022022677598113_rangkanomesin-maf_Applicant.jpeg
pasanganttdcmo-maf;2025053022022677598113_pasanganttdcmo-maf_Applicant.jpeg
nasabahttdcmo-maf;2025053022022677598113_nasabahttdcmo-maf_Applicant.jpeg
pbbrekening-maf;2025053022023419394668_pbbrekening-maf_Applicant.jpeg
kksuratnikah-maf;2025053022023419394668_kksuratnikah-maf_Applicant.jpeg
salaryslip-maf;2025053022023419394668_salaryslip-maf_Applicant.jpeg
allobank-maf;2025053022023419394668_allobank-maf_Applicant.jpeg
halamandepanbukutabungan-maf;2025053022023419394668_halamandepanbukutabungan-maf_Applicant.jpeg
fpkdepan-maf;2025053022023419394668_fpkdepan-maf_Applicant.jpeg
fpkbelakang-maf;2025053022023419394668_fpkbelakang-maf_Applicant.jpeg
dalamrumah-maf;2025053022023419394668_dalamrumah-maf_Applicant.jpeg
nomorrumah-maf;2025053022023419394668_nomorrumah-maf_Applicant.jpeg
rumahjalan-maf;2025053022023419394668_rumahjalan-maf_Applicant.jpeg
tempatusahadepan-maf;2025053022023419394668_tempatusahadepan-maf_Applicant.jpeg
bpkbdepan-maf;2025053022023419394668_bpkbdepan-maf_Applicant.jpeg
stnkpajak-maf;2025053022023419394668_stnkpajak-maf_Applicant.jpeg
bpkbbelakang-maf;2025053022023419394668_bpkbbelakang-maf_Applicant.jpeg
unitdepankanan-maf;2025053022023419394668_unitdepankanan-maf_Applicant.jpeg
unitdepankiri-maf;2025053022023419394668_unitdepankiri-maf_Applicant.jpeg
rangkanomesin-maf;2025053022023419394668_rangkanomesin-maf_Applicant.jpeg
nasabahttdcmo-maf;2025053022023419394668_nasabahttdcmo-maf_Applicant.jpeg
pasanganttdcmo-maf;2025053022023419394668_pasanganttdcmo-maf_Applicant.jpeg
buktikepemilikanusaha-maf;2025053022022482710490_buktikepemilikanusaha-maf_Applicant.jpeg
perizinanusaha-maf;2025053022022482710490_perizinanusaha-maf_Applicant.jpeg
buktipenghasilanusaha-maf;2025053022022482710490_buktipenghasilanusaha-maf_Applicant.jpeg
nasabahttdcmo-maf;2025053022022482710490_nasabahttdcmo-maf_Applicant.jpeg
pasanganttdcmo-maf;2025053022022482710490_pasanganttdcmo-maf_Applicant.jpeg
rangkanomesin-maf;2025053022022482710490_rangkanomesin-maf_Applicant.jpeg
unitdepankiri-maf;2025053022022482710490_unitdepankiri-maf_Applicant.jpeg
unitdepankanan-maf;2025053022022482710490_unitdepankanan-maf_Applicant.jpeg
stnkpajak-maf;2025053022022482710490_stnkpajak-maf_Applicant.jpeg
bpkbbelakang-maf;2025053022022482710490_bpkbbelakang-maf_Applicant.jpeg
bpkbdepan-maf;2025053022022482710490_bpkbdepan-maf_Applicant.jpeg
tempatusahadepan-maf;2025053022022482710490_tempatusahadepan-maf_Applicant.jpeg
dalamrumah-maf;2025053022022482710490_dalamrumah-maf_Applicant.jpeg
nomorrumah-maf;2025053022022482710490_nomorrumah-maf_Applicant.jpeg
rumahjalan-maf;2025053022022482710490_rumahjalan-maf_Applicant.jpeg
fpkbelakang-maf;2025053022022482710490_fpkbelakang-maf_Applicant.jpeg
fpkdepan-maf;2025053022022482710490_fpkdepan-maf_Applicant.jpeg
halamandepanbukutabungan-maf;2025053022022482710490_halamandepanbukutabungan-maf_Applicant.jpeg
allobank-maf;2025053022022482710490_allobank-maf_Applicant.jpeg
kksuratnikah-maf;2025053022022482710490_kksuratnikah-maf_Applicant.jpeg
perizinanusaha-maf;2025053022025096097149_perizinanusaha-maf_Applicant.jpeg
buktipenghasilanusaha-maf;2025053022025096097149_buktipenghasilanusaha-maf_Applicant.jpeg
buktikepemilikanusaha-maf;2025053022025096097149_buktikepemilikanusaha-maf_Applicant.jpeg
kksuratnikah-maf;2025053022025096097149_kksuratnikah-maf_Applicant.jpeg
fpkdepan-maf;2025053022025096097149_fpkdepan-maf_Applicant.jpeg
fpkbelakang-maf;2025053022025096097149_fpkbelakang-maf_Applicant.jpeg
allobank-maf;2025053022025096097149_allobank-maf_Applicant.jpeg
rangkanomesin-maf;2025053022024338479298_rangkanomesin-maf_Applicant.jpeg
pasanganttdcmo-maf;2025053022024338479298_pasanganttdcmo-maf_Applicant.jpeg
nasabahttdcmo-maf;2025053022024338479298_nasabahttdcmo-maf_Applicant.jpeg
pbbrekening-maf;2025053022022482716699_pbbrekening-maf_Applicant.jpeg
kksuratnikah-maf;2025053022022482716699_kksuratnikah-maf_Applicant.jpeg
salaryslip-maf;2025053022022482716699_salaryslip-maf_Applicant.jpeg
allobank-maf;2025053022022482716699_allobank-maf_Applicant.jpeg
halamandepanbukutabungan-maf;2025053022022482716699_halamandepanbukutabungan-maf_Applicant.jpeg
fpkdepan-maf;2025053022022482716699_fpkdepan-maf_Applicant.jpeg
fpkbelakang-maf;2025053022022482716699_fpkbelakang-maf_Applicant.jpeg
nomorrumah-maf;2025053022022482716699_nomorrumah-maf_Applicant.jpeg
fpkbelakang-maf;2025053022021349933595_fpkbelakang-maf_Applicant.jpeg
buktikepemilikanusaha-maf;2025053022020696833010_buktikepemilikanusaha-maf_Applicant.jpeg
rumahjalan-maf;2025053022022482716699_rumahjalan-maf_Applicant.jpeg
kksuratnikah-maf;2025053022020696833010_kksuratnikah-maf_Applicant.jpeg
fpkdepan-maf;2025053022021349933595_fpkdepan-maf_Applicant.jpeg
halamandepanbukutabungan-maf;2025053022025096097149_halamandepanbukutabungan-maf_Applicant.jpeg
pbbrekening-maf;2025053022024338479298_pbbrekening-maf_Applicant.jpeg
kksuratnikah-maf;2025053022024338479298_kksuratnikah-maf_Applicant.jpeg
salaryslip-maf;2025053022024338479298_salaryslip-maf_Applicant.jpeg
allobank-maf;2025053022024338479298_allobank-maf_Applicant.jpeg
halamandepanbukutabungan-maf;2025053022024338479298_halamandepanbukutabungan-maf_Applicant.jpeg
fpkdepan-maf;2025053022024338479298_fpkdepan-maf_Applicant.jpeg
fpkbelakang-maf;2025053022024338479298_fpkbelakang-maf_Applicant.jpeg
nomorrumah-maf;2025053022024338479298_nomorrumah-maf_Applicant.jpeg
rumahjalan-maf;2025053022024338479298_rumahjalan-maf_Applicant.jpeg
dalamrumah-maf;2025053022024338479298_dalamrumah-maf_Applicant.jpeg
tempatusahadepan-maf;2025053022024338479298_tempatusahadepan-maf_Applicant.jpeg
bpkbdepan-maf;2025053022024338479298_bpkbdepan-maf_Applicant.jpeg
bpkbbelakang-maf;2025053022024338479298_bpkbbelakang-maf_Applicant.jpeg
stnkpajak-maf;2025053022024338479298_stnkpajak-maf_Applicant.jpeg
unitdepankanan-maf;2025053022024338479298_unitdepankanan-maf_Applicant.jpeg
unitdepankiri-maf;2025053022024338479298_unitdepankiri-maf_Applicant.jpeg
fpkbelakang-maf;2025053022020696833010_fpkbelakang-maf_Applicant.jpeg
rumahjalan-maf;2025053022025096097149_rumahjalan-maf_Applicant.jpeg
nomorrumah-maf;2025053022020696833010_nomorrumah-maf_Applicant.jpeg
rumahjalan-maf;2025053022020696833010_rumahjalan-maf_Applicant.jpeg
tempatusahadepan-maf;2025053022025096097149_tempatusahadepan-maf_Applicant.jpeg
dalamrumah-maf;2025053022020696833010_dalamrumah-maf_Applicant.jpeg
dalamrumah-maf;2025053022025096097149_dalamrumah-maf_Applicant.jpeg
bpkbdepan-maf;2025053022025096097149_bpkbdepan-maf_Applicant.jpeg
bpkbbelakang-maf;2025053022025096097149_bpkbbelakang-maf_Applicant.jpeg
tempatusahadepan-maf;2025053022020696833010_tempatusahadepan-maf_Applicant.jpeg
stnkpajak-maf;2025053022025096097149_stnkpajak-maf_Applicant.jpeg
bpkbdepan-maf;2025053022020696833010_bpkbdepan-maf_Applicant.jpeg
unitdepankanan-maf;2025053022025096097149_unitdepankanan-maf_Applicant.jpeg
bpkbbelakang-maf;2025053022020696833010_bpkbbelakang-maf_Applicant.jpeg
nasabahttdcmo-maf;2025053022020696833010_nasabahttdcmo-maf_Applicant.jpeg
tempatusahadepan-maf;2025053022021349933595_tempatusahadepan-maf_Applicant.jpeg
perizinanusaha-maf;2025053022020696833010_perizinanusaha-maf_Applicant.jpeg
bpkbdepan-maf;2025053022021349933595_bpkbdepan-maf_Applicant.jpeg
bpkbbelakang-maf;2025053022021349933595_bpkbbelakang-maf_Applicant.jpeg
stnkpajak-maf;2025053022021349933595_stnkpajak-maf_Applicant.jpeg
unitdepankanan-maf;2025053022021349933595_unitdepankanan-maf_Applicant.jpeg
unitdepankiri-maf;2025053022021349933595_unitdepankiri-maf_Applicant.jpeg
rangkanomesin-maf;2025053022021349933595_rangkanomesin-maf_Applicant.jpeg
pasanganttdcmo-maf;2025053022021349933595_pasanganttdcmo-maf_Applicant.jpeg
nasabahttdcmo-maf;2025053022021349933595_nasabahttdcmo-maf_Applicant.jpeg
buktikepemilikanusaha-maf;2025053022022195851495_buktikepemilikanusaha-maf_Applicant.jpeg
kksuratnikah-maf;2025053022022195851495_kksuratnikah-maf_Applicant.jpeg
dalamrumah-maf;2025053022022482716699_dalamrumah-maf_Applicant.jpeg
tempatusahadepan-maf;2025053022022482716699_tempatusahadepan-maf_Applicant.jpeg
buktipenghasilanusaha-maf;2025053022020696833010_buktipenghasilanusaha-maf_Applicant.jpeg
bpkbdepan-maf;2025053022022482716699_bpkbdepan-maf_Applicant.jpeg
bpkbbelakang-maf;2025053022022482716699_bpkbbelakang-maf_Applicant.jpeg
allobank-maf;2025053022020696833010_allobank-maf_Applicant.jpeg
stnkpajak-maf;2025053022022482716699_stnkpajak-maf_Applicant.jpeg
halamandepanbukutabungan-maf;2025053022020696833010_halamandepanbukutabungan-maf_Applicant.jpeg
unitdepankanan-maf;2025053022022482716699_unitdepankanan-maf_Applicant.jpeg
unitdepankiri-maf;2025053022022482716699_unitdepankiri-maf_Applicant.jpeg
rangkanomesin-maf;2025053022022482716699_rangkanomesin-maf_Applicant.jpeg
pasanganttdcmo-maf;2025053022022482716699_pasanganttdcmo-maf_Applicant.jpeg
nasabahttdcmo-maf;2025053022022482716699_nasabahttdcmo-maf_Applicant.jpeg
fpkdepan-maf;2025053022020696833010_fpkdepan-maf_Applicant.jpeg
nomorrumah-maf;2025053022025096097149_nomorrumah-maf_Applicant.jpeg
unitdepankiri-maf;2025053022025096097149_unitdepankiri-maf_Applicant.jpeg
stnkpajak-maf;2025053022020696833010_stnkpajak-maf_Applicant.jpeg
nomorrumah-maf;2025053022021349933595_nomorrumah-maf_Applicant.jpeg
rangkanomesin-maf;2025053022025096097149_rangkanomesin-maf_Applicant.jpeg
rumahjalan-maf;2025053022021349933595_rumahjalan-maf_Applicant.jpeg
unitdepankanan-maf;2025053022020696833010_unitdepankanan-maf_Applicant.jpeg
pasanganttdcmo-maf;2025053022025096097149_pasanganttdcmo-maf_Applicant.jpeg
unitdepankiri-maf;2025053022020696833010_unitdepankiri-maf_Applicant.jpeg
nasabahttdcmo-maf;2025053022025096097149_nasabahttdcmo-maf_Applicant.jpeg
dalamrumah-maf;2025053022021349933595_dalamrumah-maf_Applicant.jpeg
rangkanomesin-maf;2025053022020696833010_rangkanomesin-maf_Applicant.jpeg
pasanganttdcmo-maf;2025053022020696833010_pasanganttdcmo-maf_Applicant.jpeg
pasanganttdcmo-maf;2025053022022195851495_pasanganttdcmo-maf_Applicant.jpeg
nasabahttdcmo-maf;2025053022022195851495_nasabahttdcmo-maf_Applicant.jpeg
perizinanusaha-maf;2025053022022195851495_perizinanusaha-maf_Applicant.jpeg
pbbrekening-maf;2025053022022677589565_pbbrekening-maf_Applicant.jpeg
kksuratnikah-maf;2025053022022677589565_kksuratnikah-maf_Applicant.jpeg
salaryslip-maf;2025053022022677589565_salaryslip-maf_Applicant.jpeg
allobank-maf;2025053022022677589565_allobank-maf_Applicant.jpeg
halamandepanbukutabungan-maf;2025053022022677589565_halamandepanbukutabungan-maf_Applicant.jpeg
fpkdepan-maf;2025053022022677589565_fpkdepan-maf_Applicant.jpeg
fpkbelakang-maf;2025053022022677589565_fpkbelakang-maf_Applicant.jpeg
nomorrumah-maf;2025053022022677589565_nomorrumah-maf_Applicant.jpeg
rumahjalan-maf;2025053022022677589565_rumahjalan-maf_Applicant.jpeg
dalamrumah-maf;2025053022022677589565_dalamrumah-maf_Applicant.jpeg
tempatusahadepan-maf;2025053022022677589565_tempatusahadepan-maf_Applicant.jpeg
bpkbdepan-maf;2025053022022677589565_bpkbdepan-maf_Applicant.jpeg
bpkbbelakang-maf;2025053022022677589565_bpkbbelakang-maf_Applicant.jpeg
buktipenghasilanusaha-maf;2025053022022195851495_buktipenghasilanusaha-maf_Applicant.jpeg
halamandepanbukutabungan-maf;2025053022022195851495_halamandepanbukutabungan-maf_Applicant.jpeg
nomorrumah-maf;2025053022022195851495_nomorrumah-maf_Applicant.jpeg
fpkbelakang-maf;2025053022022195851495_fpkbelakang-maf_Applicant.jpeg
allobank-maf;2025053022022195851495_allobank-maf_Applicant.jpeg
rumahjalan-maf;2025053022022195851495_rumahjalan-maf_Applicant.jpeg
fpkdepan-maf;2025053022022195851495_fpkdepan-maf_Applicant.jpeg
dalamrumah-maf;2025053022022195851495_dalamrumah-maf_Applicant.jpeg
tempatusahadepan-maf;2025053022022195851495_tempatusahadepan-maf_Applicant.jpeg
bpkbdepan-maf;2025053022022195851495_bpkbdepan-maf_Applicant.jpeg
bpkbbelakang-maf;2025053022022195851495_bpkbbelakang-maf_Applicant.jpeg
stnkpajak-maf;2025053022022195851495_stnkpajak-maf_Applicant.jpeg
unitdepankanan-maf;2025053022022195851495_unitdepankanan-maf_Applicant.jpeg
unitdepankiri-maf;2025053022022195851495_unitdepankiri-maf_Applicant.jpeg
rangkanomesin-maf;2025053022022195851495_rangkanomesin-maf_Applicant.jpeg
unitdepankanan-maf;2025053022023061062284_unitdepankanan-maf_Applicant.jpeg
stnkpajak-maf;2025053022023061062284_stnkpajak-maf_Applicant.jpeg
bpkbbelakang-maf;2025053022023061062284_bpkbbelakang-maf_Applicant.jpeg
bpkbdepan-maf;2025053022023061062284_bpkbdepan-maf_Applicant.jpeg
dalamrumah-maf;2025053022023061062284_dalamrumah-maf_Applicant.jpeg
tempatusahadepan-maf;2025053022023061062284_tempatusahadepan-maf_Applicant.jpeg
nomorrumah-maf;2025053022023061062284_nomorrumah-maf_Applicant.jpeg
rumahjalan-maf;2025053022023061062284_rumahjalan-maf_Applicant.jpeg
fpkbelakang-maf;2025053022023061062284_fpkbelakang-maf_Applicant.jpeg
fpkdepan-maf;2025053022023061062284_fpkdepan-maf_Applicant.jpeg
halamandepanbukutabungan-maf;2025053022023061062284_halamandepanbukutabungan-maf_Applicant.jpeg
allobank-maf;2025053022023061062284_allobank-maf_Applicant.jpeg
salaryslip-maf;2025053022023061062284_salaryslip-maf_Applicant.jpeg
kksuratnikah-maf;2025053022023061062284_kksuratnikah-maf_Applicant.jpeg
pbbrekening-maf;2025053022023061062284_pbbrekening-maf_Applicant.jpeg
stnkpajak-maf;2025053022022677589565_stnkpajak-maf_Applicant.jpeg
unitdepankanan-maf;2025053022022677589565_unitdepankanan-maf_Applicant.jpeg
unitdepankiri-maf;2025053022022677589565_unitdepankiri-maf_Applicant.jpeg
rangkanomesin-maf;2025053022022677589565_rangkanomesin-maf_Applicant.jpeg
pasanganttdcmo-maf;2025053022022677589565_pasanganttdcmo-maf_Applicant.jpeg
nasabahttdcmo-maf;2025053022022677589565_nasabahttdcmo-maf_Applicant.jpeg
pasanganttdcmo-maf;2025053022023061062284_pasanganttdcmo-maf_Applicant.jpeg
nasabahttdcmo-maf;2025053022023061062284_nasabahttdcmo-maf_Applicant.jpeg
rangkanomesin-maf;2025053022023061062284_rangkanomesin-maf_Applicant.jpeg
unitdepankiri-maf;2025053022023061062284_unitdepankiri-maf_Applicant.jpeg
pasanganttdcmo-maf;2025053022024386069523_pasanganttdcmo-maf_Applicant.jpeg
nasabahttdcmo-maf;2025053022024386069523_nasabahttdcmo-maf_Applicant.jpeg
buktikepemilikanusaha-maf;2025053022024422660065_buktikepemilikanusaha-maf_Applicant.jpeg
kksuratnikah-maf;2025053022024422660065_kksuratnikah-maf_Applicant.jpeg
buktipenghasilanusaha-maf;2025053022024422660065_buktipenghasilanusaha-maf_Applicant.jpeg
allobank-maf;2025053022024422660065_allobank-maf_Applicant.jpeg
halamandepanbukutabungan-maf;2025053022024422660065_halamandepanbukutabungan-maf_Applicant.jpeg
fpkdepan-maf;2025053022024422660065_fpkdepan-maf_Applicant.jpeg
fpkbelakang-maf;2025053022024422660065_fpkbelakang-maf_Applicant.jpeg
nomorrumah-maf;2025053022024422660065_nomorrumah-maf_Applicant.jpeg
rumahjalan-maf;2025053022024422660065_rumahjalan-maf_Applicant.jpeg
dalamrumah-maf;2025053022024422660065_dalamrumah-maf_Applicant.jpeg
tempatusahadepan-maf;2025053022024422660065_tempatusahadepan-maf_Applicant.jpeg
bpkbdepan-maf;2025053022024422660065_bpkbdepan-maf_Applicant.jpeg
kksuratnikah-maf;2025053022024386069523_kksuratnikah-maf_Applicant.jpeg
allobank-maf;2025053022024386069523_allobank-maf_Applicant.jpeg
halamandepanbukutabungan-maf;2025053022024386069523_halamandepanbukutabungan-maf_Applicant.jpeg
fpkdepan-maf;2025053022024386069523_fpkdepan-maf_Applicant.jpeg
fpkbelakang-maf;2025053022024386069523_fpkbelakang-maf_Applicant.jpeg
nomorrumah-maf;2025053022024386069523_nomorrumah-maf_Applicant.jpeg
rumahjalan-maf;2025053022024386069523_rumahjalan-maf_Applicant.jpeg
dalamrumah-maf;2025053022024386069523_dalamrumah-maf_Applicant.jpeg
tempatusahadepan-maf;2025053022024386069523_tempatusahadepan-maf_Applicant.jpeg
bpkbdepan-maf;2025053022024386069523_bpkbdepan-maf_Applicant.jpeg
bpkbbelakang-maf;2025053022024386069523_bpkbbelakang-maf_Applicant.jpeg
stnkpajak-maf;2025053022024386069523_stnkpajak-maf_Applicant.jpeg
unitdepankanan-maf;2025053022024386069523_unitdepankanan-maf_Applicant.jpeg
unitdepankiri-maf;2025053022024386069523_unitdepankiri-maf_Applicant.jpeg
rangkanomesin-maf;2025053022024386069523_rangkanomesin-maf_Applicant.jpeg
bpkbbelakang-maf;2025053022024422660065_bpkbbelakang-maf_Applicant.jpeg
stnkpajak-maf;2025053022024422660065_stnkpajak-maf_Applicant.jpeg
unitdepankanan-maf;2025053022024422660065_unitdepankanan-maf_Applicant.jpeg
unitdepankiri-maf;2025053022024422660065_unitdepankiri-maf_Applicant.jpeg
rangkanomesin-maf;2025053022024422660065_rangkanomesin-maf_Applicant.jpeg
pasanganttdcmo-maf;2025053022024422660065_pasanganttdcmo-maf_Applicant.jpeg
nasabahttdcmo-maf;2025053022024422660065_nasabahttdcmo-maf_Applicant.jpeg
perizinanusaha-maf;2025053022024422660065_perizinanusaha-maf_Applicant.jpeg
